case_id,ok,error,ttfb_ms,max_gap_ms,total_ms,audio_s,rtf,bytes_total,sample_rate,emit_every_frames,decode_window_frames,first_chunk_emit_every,first_chunk_decode_window,first_chunk_frames,max_new_tokens,max_frames,overlap_samples,use_optimized_decode,do_sample,temperature,top_p,top_k
mf24_e4_d32_f1_16_16_opt1,True,,1445.6030000001192,1168.9702000003308,8103.433700001915,2.075375,3.90456360898725,99618,24000,4,32,1,16,16,96,24,0,True,False,0.8,0.9,50
mf24_e6_d32_f1_16_16_opt1,True,,2043.6652000062168,1679.625799995847,9135.56970001082,2.55425,3.576615327399753,122604,24000,6,32,1,16,16,96,24,0,True,False,0.8,0.9,50
mf32_e4_d32_f1_16_16_opt1,True,,1450.363899988588,1171.776699993643,9292.008499993244,2.557125,3.6337717162802927,122742,24000,4,32,1,16,16,96,32,0,True,False,0.8,0.9,50
mf32_e6_d48_f1_24_24_opt1,True,,2065.4778000025544,1608.1171999976505,9235.0257000071,2.5557083333333335,3.6134896848585742,122674,24000,6,48,1,24,24,96,32,0,True,False,0.8,0.9,50
mf40_e4_d48_f1_24_24_opt1,True,,1515.9200000052806,1140.974499998265,6679.6821000025375,1.677,3.983113953489885,80496,24000,4,48,1,24,24,112,40,0,True,False,0.8,0.9,50
mf40_e6_d48_f2_24_24_opt1,True,,2005.4564999882132,1632.7617000060854,11317.881900002249,3.1948333333333334,3.5425578486104383,153352,24000,6,48,2,24,24,112,40,0,True,False,0.8,0.9,50
mf48_e4_d48_f1_24_24_opt1,True,,1470.3078999882564,1231.4203999994788,7178.126699989662,1.756,4.087771469242404,84288,24000,4,48,1,24,24,112,48,0,True,False,0.8,0.9,50
mf48_e6_d48_f1_24_24_opt1,True,,2015.1167000003625,1627.097300006426,7084.773000009591,1.917125,3.6955195931457734,92022,24000,6,48,1,24,24,112,48,0,True,False,0.8,0.9,50
