case_id,ok,error,ttfb_ms,max_gap_ms,total_ms,audio_s,rtf,bytes_total,sample_rate,emit_every_frames,decode_window_frames,first_chunk_emit_every,first_chunk_decode_window,first_chunk_frames,max_new_tokens,max_frames,overlap_samples,use_optimized_decode,do_sample,temperature,top_p,top_k
baseline_e4_d48_f1_24_24,True,,1570.2726500021527,1523.5358499994618,16616.21914999705,3.8371250000000003,4.33036860472596,184182,24000,4,48,1,24,24,112,80,0,True,False,0.8,0.9,50
e6_d64_f2_32_32,True,,2368.9053499983856,2228.944149996096,25511.94514999952,6.156229166666667,4.145297781250465,295499,24000,6,64,2,32,32,112,80,0,True,False,0.8,0.9,50
e8_d80_f2_48_48,True,,3201.7569499948877,2622.8610500038485,19259.236249999958,4.556895833333333,4.22649328068401,218731,24000,8,80,2,48,48,112,80,0,True,False,0.8,0.9,50
e4_d64_f2_32_32,True,,1880.2816500028712,1497.1189000061713,20042.568200005917,4.638583333333333,4.329708083176541,222652,24000,4,64,2,32,32,112,80,0,True,False,0.8,0.9,50
e6_d80_f3_48_48,True,,2475.0838999971165,1998.9806000012322,16410.790899994026,3.917333333333333,4.200392330973308,188032,24000,6,80,3,48,48,112,80,0,True,False,0.8,0.9,50
