case_id,ok,error,ttfb_ms,max_gap_ms,total_ms,audio_s,rtf,bytes_total,sample_rate,emit_every_frames,decode_window_frames,first_chunk_emit_every,first_chunk_decode_window,first_chunk_frames,max_new_tokens,max_frames,overlap_samples,use_optimized_decode,do_sample,temperature,top_p,top_k
baseline_e4_d48_f1_24_24,True,,3259.1839500091737,3566.7067500035046,45522.129950004455,5.434749999999999,8.377671974642713,260868,24000,4,48,1,24,24,112,80,0,True,False,0.8,0.9,50
e6_d64_f2_32_32,True,,4253.560450008081,4722.695000004023,39895.25500000309,5.117479166666667,7.734682827491791,245639,24000,6,64,2,32,32,112,80,0,True,False,0.8,0.9,50
e8_d80_f2_48_48,True,,5424.613100003626,5861.966999997094,29953.643550004927,3.512479166666667,8.530540853235209,168599,24000,8,80,2,48,48,112,80,0,True,False,0.8,0.9,50
e4_d64_f2_32_32,True,,3579.8099000021466,3153.458450004109,47509.63165000576,5.795458333333333,8.18872802559629,278182,24000,4,64,2,32,32,112,80,0,True,False,0.8,0.9,50
e6_d80_f3_48_48,True,,3634.582499995304,3573.7102499988396,23604.80319999624,3.7940416666666668,6.251848883218158,182114,24000,6,80,3,48,48,112,80,0,True,False,0.8,0.9,50
