case_id,ok,error,ttfb_ms,max_gap_ms,total_ms,audio_s,rtf,bytes_total,sample_rate,emit_every_frames,decode_window_frames,first_chunk_emit_every,first_chunk_decode_window,first_chunk_frames,max_new_tokens,max_frames,overlap_samples,use_optimized_decode,do_sample,temperature,top_p,top_k
mf24_e4_d32_f1_16_16_opt1,True,,1409.6955999993952,1249.4348000036553,9636.82919999701,2.557125,3.7686187417498203,122742,24000,4,32,1,16,16,96,24,0,True,False,0.8,0.9,50
mf32_e4_d32_f1_16_16_opt1,True,,1371.9144000060624,1117.1101000072667,8837.12050000031,2.557125,3.4558813120204563,122742,24000,4,32,1,16,16,96,32,0,True,False,0.8,0.9,50
mf40_e4_d48_f1_24_24_opt1,True,,1493.2521000009729,1101.7865000030724,11258.190299995476,3.1980833333333334,3.5202929775632725,153508,24000,4,48,1,24,24,112,40,0,True,False,0.8,0.9,50
mf48_e4_d48_f1_24_24_opt1,True,,1487.5046999950428,1130.479400002514,13430.005399990478,3.8380833333333335,3.499143774016669,184228,24000,4,48,1,24,24,112,48,0,True,False,0.8,0.9,50
