[2026-03-05 17:05:35,056] [INFO ] [jaison.py::110 start]: Starting JAIson application layer.
[2026-03-05 17:05:35,065] [INFO ] [manager.py::293 load_operations_from_config]: Active STT from config: sherpa_ru
[2026-03-05 17:05:36,846] [INFO ] [operation.py::32 start]: Starting STT operation sherpa_ru
[2026-03-05 17:05:36,846] [INFO ] [manager.py::26 load]: Loading process by type sherpa_stt
[2026-03-05 17:05:36,851] [WARNI] [base.py::46 unload]: Attempted to unload process sherpa_stt when it is already unloaded
[2026-03-05 17:05:36,853] [INFO ] [sherpa_server.py::85 _prepare_hotwords_file]: Sherpa STT hotwords validated: 3 entries
[2026-03-05 17:05:36,853] [INFO ] [sherpa_server.py::295 reload]: Sherpa STT config: port=6106 model_dir=C:\Nirmita\models\vosk-model-small-streaming-ru, model_variant=fp32, decoding_method=modified_beam_search, num_active_paths=6, use_endpoint=0, bpe_vocab=C:\Nirmita\models\vosk-model-small-streaming-ru\lang\unigram_500.vocab, hotwords_file=C:\Nirmita\models\hotwords.txt, hotwords_score=3.5
[2026-03-05 17:05:36,854] [INFO ] [sherpa_server.py::307 reload]: Starting Sherpa STT Server with command: C:\Nirmita\.conda312\python.exe C:\Nirmita\apps\stt-sherpa-server\start_server.py --encoder C:\Nirmita\models\vosk-model-small-streaming-ru\am-onnx\encoder.onnx --decoder C:\Nirmita\models\vosk-model-small-streaming-ru\am-onnx\decoder.onnx --joiner C:\Nirmita\models\vosk-model-small-streaming-ru\am-onnx\joiner.onnx --tokens C:\Nirmita\models\vosk-model-small-streaming-ru\lang\tokens.txt --modeling-unit bpe --decoding-method modified_beam_search --num-active-paths 6 --use-endpoint 0 --port 6106 --provider cpu --doc-root C:\Nirmita\apps\stt-sherpa-server --bpe-vocab C:\Nirmita\models\vosk-model-small-streaming-ru\lang\unigram_500.vocab --hotwords-file C:\Nirmita\logs\sherpa_hotwords.resolved.txt --hotwords-score 3.5
[2026-03-05 17:05:40,872] [ERROR] [sherpa_server.py::328 reload]: Failed to start Sherpa STT Server process (Exit code: 1).
[2026-03-05 17:05:40,872] [WARNI] [base.py::46 unload]: Attempted to unload process sherpa_stt when it is already unloaded
[2026-03-05 17:05:40,873] [INFO ] [sherpa_server.py::85 _prepare_hotwords_file]: Sherpa STT hotwords validated: 3 entries
[2026-03-05 17:05:40,873] [INFO ] [sherpa_server.py::295 reload]: Sherpa STT config: port=6106 model_dir=C:\Nirmita\models\vosk-model-small-streaming-ru, model_variant=fp32, decoding_method=modified_beam_search, num_active_paths=6, use_endpoint=0, bpe_vocab=C:\Nirmita\models\vosk-model-small-streaming-ru\lang\unigram_500.vocab, hotwords_file=C:\Nirmita\models\hotwords.txt, hotwords_score=3.5
[2026-03-05 17:05:40,874] [INFO ] [sherpa_server.py::307 reload]: Starting Sherpa STT Server with command: C:\Nirmita\.conda312\python.exe C:\Nirmita\apps\stt-sherpa-server\start_server.py --encoder C:\Nirmita\models\vosk-model-small-streaming-ru\am-onnx\encoder.onnx --decoder C:\Nirmita\models\vosk-model-small-streaming-ru\am-onnx\decoder.onnx --joiner C:\Nirmita\models\vosk-model-small-streaming-ru\am-onnx\joiner.onnx --tokens C:\Nirmita\models\vosk-model-small-streaming-ru\lang\tokens.txt --modeling-unit bpe --decoding-method modified_beam_search --num-active-paths 6 --use-endpoint 0 --port 6106 --provider cpu --doc-root C:\Nirmita\apps\stt-sherpa-server --bpe-vocab C:\Nirmita\models\vosk-model-small-streaming-ru\lang\unigram_500.vocab --hotwords-file C:\Nirmita\logs\sherpa_hotwords.resolved.txt --hotwords-score 3.5
[2026-03-05 17:05:44,886] [ERROR] [sherpa_server.py::328 reload]: Failed to start Sherpa STT Server process (Exit code: 1).
[2026-03-05 17:05:45,801] [WARNI] [base.py::34 unload]: Unloading process that still has the 1 links
[2026-03-05 17:05:45,801] [WARNI] [base.py::35 unload]: Links: {'stt_sherpa_ru'}
[2026-03-05 17:05:45,801] [WARNI] [base.py::46 unload]: Attempted to unload process sherpa_stt when it is already unloaded
[2026-03-05 17:05:45,802] [INFO ] [sherpa_server.py::85 _prepare_hotwords_file]: Sherpa STT hotwords validated: 3 entries
[2026-03-05 17:05:45,802] [INFO ] [sherpa_server.py::295 reload]: Sherpa STT config: port=6106 model_dir=C:\Nirmita\models\vosk-model-small-streaming-ru, model_variant=fp32, decoding_method=modified_beam_search, num_active_paths=6, use_endpoint=0, bpe_vocab=C:\Nirmita\models\vosk-model-small-streaming-ru\lang\unigram_500.vocab, hotwords_file=C:\Nirmita\models\hotwords.txt, hotwords_score=3.5
[2026-03-05 17:05:45,803] [INFO ] [sherpa_server.py::307 reload]: Starting Sherpa STT Server with command: C:\Nirmita\.conda312\python.exe C:\Nirmita\apps\stt-sherpa-server\start_server.py --encoder C:\Nirmita\models\vosk-model-small-streaming-ru\am-onnx\encoder.onnx --decoder C:\Nirmita\models\vosk-model-small-streaming-ru\am-onnx\decoder.onnx --joiner C:\Nirmita\models\vosk-model-small-streaming-ru\am-onnx\joiner.onnx --tokens C:\Nirmita\models\vosk-model-small-streaming-ru\lang\tokens.txt --modeling-unit bpe --decoding-method modified_beam_search --num-active-paths 6 --use-endpoint 0 --port 6106 --provider cpu --doc-root C:\Nirmita\apps\stt-sherpa-server --bpe-vocab C:\Nirmita\models\vosk-model-small-streaming-ru\lang\unigram_500.vocab --hotwords-file C:\Nirmita\logs\sherpa_hotwords.resolved.txt --hotwords-score 3.5
[2026-03-05 17:05:49,822] [ERROR] [sherpa_server.py::328 reload]: Failed to start Sherpa STT Server process (Exit code: 1).
[2026-03-05 17:05:49,822] [WARNI] [stt_runner.py::79 ensure_healthy]: STTProcessRunner ensure_healthy attempt 2/3 failed: Link ID stt_sherpa_ru already linked to process sherpa_stt
[2026-03-05 17:05:51,035] [WARNI] [base.py::34 unload]: Unloading process that still has the 1 links
[2026-03-05 17:05:51,035] [WARNI] [base.py::35 unload]: Links: {'stt_sherpa_ru'}
[2026-03-05 17:05:51,035] [WARNI] [base.py::46 unload]: Attempted to unload process sherpa_stt when it is already unloaded
[2026-03-05 17:05:51,037] [INFO ] [sherpa_server.py::85 _prepare_hotwords_file]: Sherpa STT hotwords validated: 3 entries
[2026-03-05 17:05:51,037] [INFO ] [sherpa_server.py::295 reload]: Sherpa STT config: port=6106 model_dir=C:\Nirmita\models\vosk-model-small-streaming-ru, model_variant=fp32, decoding_method=modified_beam_search, num_active_paths=6, use_endpoint=0, bpe_vocab=C:\Nirmita\models\vosk-model-small-streaming-ru\lang\unigram_500.vocab, hotwords_file=C:\Nirmita\models\hotwords.txt, hotwords_score=3.5
[2026-03-05 17:05:51,037] [INFO ] [sherpa_server.py::307 reload]: Starting Sherpa STT Server with command: C:\Nirmita\.conda312\python.exe C:\Nirmita\apps\stt-sherpa-server\start_server.py --encoder C:\Nirmita\models\vosk-model-small-streaming-ru\am-onnx\encoder.onnx --decoder C:\Nirmita\models\vosk-model-small-streaming-ru\am-onnx\decoder.onnx --joiner C:\Nirmita\models\vosk-model-small-streaming-ru\am-onnx\joiner.onnx --tokens C:\Nirmita\models\vosk-model-small-streaming-ru\lang\tokens.txt --modeling-unit bpe --decoding-method modified_beam_search --num-active-paths 6 --use-endpoint 0 --port 6106 --provider cpu --doc-root C:\Nirmita\apps\stt-sherpa-server --bpe-vocab C:\Nirmita\models\vosk-model-small-streaming-ru\lang\unigram_500.vocab --hotwords-file C:\Nirmita\logs\sherpa_hotwords.resolved.txt --hotwords-score 3.5
[2026-03-05 17:05:55,053] [ERROR] [sherpa_server.py::328 reload]: Failed to start Sherpa STT Server process (Exit code: 1).
[2026-03-05 17:05:55,053] [WARNI] [stt_runner.py::79 ensure_healthy]: STTProcessRunner ensure_healthy attempt 3/3 failed: Link ID stt_sherpa_ru already linked to process sherpa_stt
[2026-03-05 17:05:55,053] [ERROR] [app_server.py::356 start_web_server]: Stopping server due to exception
Traceback (most recent call last):
  File "C:\Nirmita\src\utils\server\app_server.py", line 352, in start_web_server
    await JAIson().start()
  File "C:\Nirmita\src\utils\jaison.py", line 127, in start
    await self.op_manager.load_operations_from_config()
  File "C:\Nirmita\src\utils\operations\manager.py", line 298, in load_operations_from_config
    await self.load_operation(op_role, op_id, op_details)
  File "C:\Nirmita\src\utils\operations\manager.py", line 222, in load_operation
    await new_op.start()
  File "C:\Nirmita\src\utils\operations\stt\sherpa.py", line 72, in start
    await self._runner.ensure_healthy()
  File "C:\Nirmita\src\utils\processes\stt_runner.py", line 91, in ensure_healthy
    raise last_exc
  File "C:\Nirmita\src\utils\processes\stt_runner.py", line 75, in ensure_healthy
    await self.ensure_running()
  File "C:\Nirmita\src\utils\processes\stt_runner.py", line 35, in ensure_running
    await ProcessManager().link(self.link_id, self.process_type, process_config=self.process_config)
  File "C:\Nirmita\src\utils\processes\manager.py", line 77, in link
    await self.loaded_processes[process_type].link(link_id, process_config=process_config)
  File "C:\Nirmita\src\utils\processes\base.py", line 51, in link
    raise DuplicateLink(link_id, self.id)
utils.processes.error.DuplicateLink: Link ID stt_sherpa_ru already linked to process sherpa_stt
[2026-03-05 17:05:55,055] [INFO ] [jaison.py::141 stop]: Shutting down JAIson application layer
[2026-03-05 17:05:55,055] [INFO ] [jaison.py::150 stop]: JAIson application layer has been shut down
[2026-03-05 17:08:26,035] [INFO ] [jaison.py::110 start]: Starting JAIson application layer.
[2026-03-05 17:08:26,043] [INFO ] [manager.py::293 load_operations_from_config]: Active STT from config: sherpa_ru
[2026-03-05 17:08:27,703] [INFO ] [operation.py::32 start]: Starting STT operation sherpa_ru
[2026-03-05 17:08:27,703] [INFO ] [manager.py::26 load]: Loading process by type sherpa_stt
[2026-03-05 17:08:27,704] [WARNI] [base.py::46 unload]: Attempted to unload process sherpa_stt when it is already unloaded
[2026-03-05 17:08:27,706] [INFO ] [sherpa_server.py::85 _prepare_hotwords_file]: Sherpa STT hotwords validated: 3 entries
[2026-03-05 17:08:27,706] [INFO ] [sherpa_server.py::295 reload]: Sherpa STT config: port=6106 model_dir=C:\Nirmita\models\vosk-model-small-streaming-ru, model_variant=fp32, decoding_method=modified_beam_search, num_active_paths=6, use_endpoint=0, bpe_vocab=C:\Nirmita\models\vosk-model-small-streaming-ru\lang\unigram_500.vocab, hotwords_file=C:\Nirmita\models\hotwords.txt, hotwords_score=3.5
[2026-03-05 17:08:27,706] [INFO ] [sherpa_server.py::307 reload]: Starting Sherpa STT Server with command: C:\Nirmita\.conda312\python.exe C:\Nirmita\apps\stt-sherpa-server\start_server.py --encoder C:\Nirmita\models\vosk-model-small-streaming-ru\am-onnx\encoder.onnx --decoder C:\Nirmita\models\vosk-model-small-streaming-ru\am-onnx\decoder.onnx --joiner C:\Nirmita\models\vosk-model-small-streaming-ru\am-onnx\joiner.onnx --tokens C:\Nirmita\models\vosk-model-small-streaming-ru\lang\tokens.txt --modeling-unit bpe --decoding-method modified_beam_search --num-active-paths 6 --use-endpoint 0 --port 6106 --provider cpu --doc-root C:\Nirmita\apps\stt-sherpa-server --bpe-vocab C:\Nirmita\models\vosk-model-small-streaming-ru\lang\unigram_500.vocab --hotwords-file C:\Nirmita\logs\sherpa_hotwords.resolved.txt --hotwords-score 3.5
[2026-03-05 17:08:32,032] [INFO ] [operation.py::32 start]: Starting T2T operation llamacpp
[2026-03-05 17:08:32,032] [INFO ] [manager.py::26 load]: Loading process by type llamacpp
[2026-03-05 17:08:32,043] [INFO ] [llamacpp.py::81 reload]: Opened Llama.cpp server (PID: 24736) on port 7484 (GPU: 0)
[2026-03-05 17:08:32,043] [INFO ] [llamacpp.py::89 reload]: Waiting for llama-server to be ready at http://127.0.0.1:7484/health ...
[2026-03-05 17:08:37,828] [INFO ] [llamacpp.py::101 reload]: llama-server is ready! (attempt 11, port 7484)
[2026-03-05 17:08:37,835] [INFO ] [operation.py::32 start]: Starting FILTER_TEXT operation filter_clean
[2026-03-05 17:08:38,429] [INFO ] [operation.py::32 start]: Starting FILTER_TEXT operation chunker_sentence
[2026-03-05 17:08:39,024] [INFO ] [manager.py::26 load]: Loading process by type hw_mic
[2026-03-05 17:08:39,027] [WARNI] [base.py::46 unload]: Attempted to unload process hw_mic when it is already unloaded
[2026-03-05 17:08:39,037] [INFO ] [jaison.py::138 start]: JAIson application layer has started.
[2026-03-05 17:08:39,038] [INFO ] [logging.py::106 info]: Running on http://127.0.0.1:7272 (CTRL + C to quit)
[2026-03-05 17:08:40,929] [INFO ] [app_server.py::77 ws]: Opened new websocket connection
[2026-03-05 17:10:26,501] [INFO ] [jaison.py::110 start]: Starting JAIson application layer.
[2026-03-05 17:10:26,511] [INFO ] [manager.py::293 load_operations_from_config]: Active STT from config: sherpa_ru
[2026-03-05 17:10:28,108] [INFO ] [operation.py::32 start]: Starting STT operation sherpa_ru
[2026-03-05 17:10:28,108] [INFO ] [manager.py::26 load]: Loading process by type sherpa_stt
[2026-03-05 17:10:28,109] [WARNI] [base.py::46 unload]: Attempted to unload process sherpa_stt when it is already unloaded
[2026-03-05 17:10:28,110] [INFO ] [sherpa_server.py::85 _prepare_hotwords_file]: Sherpa STT hotwords validated: 3 entries
[2026-03-05 17:10:28,110] [INFO ] [sherpa_server.py::295 reload]: Sherpa STT config: port=6106 model_dir=C:\Nirmita\models\vosk-model-small-streaming-ru, model_variant=fp32, decoding_method=modified_beam_search, num_active_paths=6, use_endpoint=0, bpe_vocab=C:\Nirmita\models\vosk-model-small-streaming-ru\lang\unigram_500.vocab, hotwords_file=C:\Nirmita\models\hotwords.txt, hotwords_score=3.5
[2026-03-05 17:10:28,110] [INFO ] [sherpa_server.py::307 reload]: Starting Sherpa STT Server with command: C:\Nirmita\.conda312\python.exe C:\Nirmita\apps\stt-sherpa-server\start_server.py --encoder C:\Nirmita\models\vosk-model-small-streaming-ru\am-onnx\encoder.onnx --decoder C:\Nirmita\models\vosk-model-small-streaming-ru\am-onnx\decoder.onnx --joiner C:\Nirmita\models\vosk-model-small-streaming-ru\am-onnx\joiner.onnx --tokens C:\Nirmita\models\vosk-model-small-streaming-ru\lang\tokens.txt --modeling-unit bpe --decoding-method modified_beam_search --num-active-paths 6 --use-endpoint 0 --port 6106 --provider cpu --doc-root C:\Nirmita\apps\stt-sherpa-server --bpe-vocab C:\Nirmita\models\vosk-model-small-streaming-ru\lang\unigram_500.vocab --hotwords-file C:\Nirmita\logs\sherpa_hotwords.resolved.txt --hotwords-score 3.5
[2026-03-05 17:10:32,126] [ERROR] [sherpa_server.py::328 reload]: Failed to start Sherpa STT Server process (Exit code: 1).
[2026-03-05 17:10:32,126] [WARNI] [base.py::46 unload]: Attempted to unload process sherpa_stt when it is already unloaded
[2026-03-05 17:10:32,128] [INFO ] [sherpa_server.py::85 _prepare_hotwords_file]: Sherpa STT hotwords validated: 3 entries
[2026-03-05 17:10:32,128] [INFO ] [sherpa_server.py::295 reload]: Sherpa STT config: port=6106 model_dir=C:\Nirmita\models\vosk-model-small-streaming-ru, model_variant=fp32, decoding_method=modified_beam_search, num_active_paths=6, use_endpoint=0, bpe_vocab=C:\Nirmita\models\vosk-model-small-streaming-ru\lang\unigram_500.vocab, hotwords_file=C:\Nirmita\models\hotwords.txt, hotwords_score=3.5
[2026-03-05 17:10:32,128] [INFO ] [sherpa_server.py::307 reload]: Starting Sherpa STT Server with command: C:\Nirmita\.conda312\python.exe C:\Nirmita\apps\stt-sherpa-server\start_server.py --encoder C:\Nirmita\models\vosk-model-small-streaming-ru\am-onnx\encoder.onnx --decoder C:\Nirmita\models\vosk-model-small-streaming-ru\am-onnx\decoder.onnx --joiner C:\Nirmita\models\vosk-model-small-streaming-ru\am-onnx\joiner.onnx --tokens C:\Nirmita\models\vosk-model-small-streaming-ru\lang\tokens.txt --modeling-unit bpe --decoding-method modified_beam_search --num-active-paths 6 --use-endpoint 0 --port 6106 --provider cpu --doc-root C:\Nirmita\apps\stt-sherpa-server --bpe-vocab C:\Nirmita\models\vosk-model-small-streaming-ru\lang\unigram_500.vocab --hotwords-file C:\Nirmita\logs\sherpa_hotwords.resolved.txt --hotwords-score 3.5
[2026-03-05 17:10:36,144] [ERROR] [sherpa_server.py::328 reload]: Failed to start Sherpa STT Server process (Exit code: 1).
[2026-03-05 17:10:37,061] [WARNI] [base.py::34 unload]: Unloading process that still has the 1 links
[2026-03-05 17:10:37,061] [WARNI] [base.py::35 unload]: Links: {'stt_sherpa_ru'}
[2026-03-05 17:10:37,061] [WARNI] [base.py::46 unload]: Attempted to unload process sherpa_stt when it is already unloaded
[2026-03-05 17:10:37,062] [INFO ] [sherpa_server.py::85 _prepare_hotwords_file]: Sherpa STT hotwords validated: 3 entries
[2026-03-05 17:10:37,062] [INFO ] [sherpa_server.py::295 reload]: Sherpa STT config: port=6106 model_dir=C:\Nirmita\models\vosk-model-small-streaming-ru, model_variant=fp32, decoding_method=modified_beam_search, num_active_paths=6, use_endpoint=0, bpe_vocab=C:\Nirmita\models\vosk-model-small-streaming-ru\lang\unigram_500.vocab, hotwords_file=C:\Nirmita\models\hotwords.txt, hotwords_score=3.5
[2026-03-05 17:10:37,063] [INFO ] [sherpa_server.py::307 reload]: Starting Sherpa STT Server with command: C:\Nirmita\.conda312\python.exe C:\Nirmita\apps\stt-sherpa-server\start_server.py --encoder C:\Nirmita\models\vosk-model-small-streaming-ru\am-onnx\encoder.onnx --decoder C:\Nirmita\models\vosk-model-small-streaming-ru\am-onnx\decoder.onnx --joiner C:\Nirmita\models\vosk-model-small-streaming-ru\am-onnx\joiner.onnx --tokens C:\Nirmita\models\vosk-model-small-streaming-ru\lang\tokens.txt --modeling-unit bpe --decoding-method modified_beam_search --num-active-paths 6 --use-endpoint 0 --port 6106 --provider cpu --doc-root C:\Nirmita\apps\stt-sherpa-server --bpe-vocab C:\Nirmita\models\vosk-model-small-streaming-ru\lang\unigram_500.vocab --hotwords-file C:\Nirmita\logs\sherpa_hotwords.resolved.txt --hotwords-score 3.5
[2026-03-05 17:10:41,078] [ERROR] [sherpa_server.py::328 reload]: Failed to start Sherpa STT Server process (Exit code: 1).
[2026-03-05 17:10:41,079] [WARNI] [stt_runner.py::79 ensure_healthy]: STTProcessRunner ensure_healthy attempt 2/3 failed: Link ID stt_sherpa_ru already linked to process sherpa_stt
[2026-03-05 17:10:42,291] [WARNI] [base.py::34 unload]: Unloading process that still has the 1 links
[2026-03-05 17:10:42,291] [WARNI] [base.py::35 unload]: Links: {'stt_sherpa_ru'}
[2026-03-05 17:10:42,292] [WARNI] [base.py::46 unload]: Attempted to unload process sherpa_stt when it is already unloaded
[2026-03-05 17:10:42,293] [INFO ] [sherpa_server.py::85 _prepare_hotwords_file]: Sherpa STT hotwords validated: 3 entries
[2026-03-05 17:10:42,293] [INFO ] [sherpa_server.py::295 reload]: Sherpa STT config: port=6106 model_dir=C:\Nirmita\models\vosk-model-small-streaming-ru, model_variant=fp32, decoding_method=modified_beam_search, num_active_paths=6, use_endpoint=0, bpe_vocab=C:\Nirmita\models\vosk-model-small-streaming-ru\lang\unigram_500.vocab, hotwords_file=C:\Nirmita\models\hotwords.txt, hotwords_score=3.5
[2026-03-05 17:10:42,294] [INFO ] [sherpa_server.py::307 reload]: Starting Sherpa STT Server with command: C:\Nirmita\.conda312\python.exe C:\Nirmita\apps\stt-sherpa-server\start_server.py --encoder C:\Nirmita\models\vosk-model-small-streaming-ru\am-onnx\encoder.onnx --decoder C:\Nirmita\models\vosk-model-small-streaming-ru\am-onnx\decoder.onnx --joiner C:\Nirmita\models\vosk-model-small-streaming-ru\am-onnx\joiner.onnx --tokens C:\Nirmita\models\vosk-model-small-streaming-ru\lang\tokens.txt --modeling-unit bpe --decoding-method modified_beam_search --num-active-paths 6 --use-endpoint 0 --port 6106 --provider cpu --doc-root C:\Nirmita\apps\stt-sherpa-server --bpe-vocab C:\Nirmita\models\vosk-model-small-streaming-ru\lang\unigram_500.vocab --hotwords-file C:\Nirmita\logs\sherpa_hotwords.resolved.txt --hotwords-score 3.5
[2026-03-05 17:10:46,304] [ERROR] [sherpa_server.py::328 reload]: Failed to start Sherpa STT Server process (Exit code: 1).
[2026-03-05 17:10:46,304] [WARNI] [stt_runner.py::79 ensure_healthy]: STTProcessRunner ensure_healthy attempt 3/3 failed: Link ID stt_sherpa_ru already linked to process sherpa_stt
[2026-03-05 17:10:46,304] [ERROR] [app_server.py::356 start_web_server]: Stopping server due to exception
Traceback (most recent call last):
  File "C:\Nirmita\src\utils\server\app_server.py", line 352, in start_web_server
    await JAIson().start()
  File "C:\Nirmita\src\utils\jaison.py", line 127, in start
    await self.op_manager.load_operations_from_config()
  File "C:\Nirmita\src\utils\operations\manager.py", line 298, in load_operations_from_config
    await self.load_operation(op_role, op_id, op_details)
  File "C:\Nirmita\src\utils\operations\manager.py", line 222, in load_operation
    await new_op.start()
  File "C:\Nirmita\src\utils\operations\stt\sherpa.py", line 72, in start
    await self._runner.ensure_healthy()
  File "C:\Nirmita\src\utils\processes\stt_runner.py", line 91, in ensure_healthy
    raise last_exc
  File "C:\Nirmita\src\utils\processes\stt_runner.py", line 75, in ensure_healthy
    await self.ensure_running()
  File "C:\Nirmita\src\utils\processes\stt_runner.py", line 35, in ensure_running
    await ProcessManager().link(self.link_id, self.process_type, process_config=self.process_config)
  File "C:\Nirmita\src\utils\processes\manager.py", line 77, in link
    await self.loaded_processes[process_type].link(link_id, process_config=process_config)
  File "C:\Nirmita\src\utils\processes\base.py", line 51, in link
    raise DuplicateLink(link_id, self.id)
utils.processes.error.DuplicateLink: Link ID stt_sherpa_ru already linked to process sherpa_stt
[2026-03-05 17:10:46,306] [INFO ] [jaison.py::141 stop]: Shutting down JAIson application layer
[2026-03-05 17:10:46,306] [INFO ] [jaison.py::150 stop]: JAIson application layer has been shut down
[2026-03-05 17:18:16,964] [INFO ] [jaison.py::110 start]: Starting JAIson application layer.
[2026-03-05 17:18:16,976] [INFO ] [manager.py::293 load_operations_from_config]: Active STT from config: sherpa_ru
[2026-03-05 17:18:18,679] [INFO ] [operation.py::32 start]: Starting STT operation sherpa_ru
[2026-03-05 17:18:18,679] [INFO ] [manager.py::26 load]: Loading process by type sherpa_stt
[2026-03-05 17:18:18,679] [WARNI] [base.py::46 unload]: Attempted to unload process sherpa_stt when it is already unloaded
[2026-03-05 17:18:18,681] [INFO ] [sherpa_server.py::85 _prepare_hotwords_file]: Sherpa STT hotwords validated: 3 entries
[2026-03-05 17:18:18,681] [INFO ] [sherpa_server.py::295 reload]: Sherpa STT config: port=6106 model_dir=C:\Nirmita\models\vosk-model-small-streaming-ru, model_variant=fp32, decoding_method=modified_beam_search, num_active_paths=6, use_endpoint=0, bpe_vocab=C:\Nirmita\models\vosk-model-small-streaming-ru\lang\unigram_500.vocab, hotwords_file=C:\Nirmita\models\hotwords.txt, hotwords_score=3.5
[2026-03-05 17:18:18,681] [INFO ] [sherpa_server.py::307 reload]: Starting Sherpa STT Server with command: C:\Nirmita\.conda312\python.exe C:\Nirmita\apps\stt-sherpa-server\start_server.py --encoder C:\Nirmita\models\vosk-model-small-streaming-ru\am-onnx\encoder.onnx --decoder C:\Nirmita\models\vosk-model-small-streaming-ru\am-onnx\decoder.onnx --joiner C:\Nirmita\models\vosk-model-small-streaming-ru\am-onnx\joiner.onnx --tokens C:\Nirmita\models\vosk-model-small-streaming-ru\lang\tokens.txt --modeling-unit bpe --decoding-method modified_beam_search --num-active-paths 6 --use-endpoint 0 --port 6106 --provider cpu --doc-root C:\Nirmita\apps\stt-sherpa-server --bpe-vocab C:\Nirmita\models\vosk-model-small-streaming-ru\lang\unigram_500.vocab --hotwords-file C:\Nirmita\logs\sherpa_hotwords.resolved.txt --hotwords-score 3.5
[2026-03-05 17:18:23,007] [INFO ] [operation.py::32 start]: Starting T2T operation llamacpp
[2026-03-05 17:18:23,007] [INFO ] [manager.py::26 load]: Loading process by type llamacpp
[2026-03-05 17:18:23,014] [INFO ] [llamacpp.py::81 reload]: Opened Llama.cpp server (PID: 36084) on port 9639 (GPU: 0)
[2026-03-05 17:18:23,014] [INFO ] [llamacpp.py::89 reload]: Waiting for llama-server to be ready at http://127.0.0.1:9639/health ...
[2026-03-05 17:18:27,224] [INFO ] [llamacpp.py::101 reload]: llama-server is ready! (attempt 8, port 9639)
[2026-03-05 17:18:27,226] [INFO ] [operation.py::32 start]: Starting FILTER_TEXT operation filter_clean
[2026-03-05 17:18:27,847] [INFO ] [operation.py::32 start]: Starting FILTER_TEXT operation chunker_sentence
[2026-03-05 17:18:28,466] [INFO ] [manager.py::26 load]: Loading process by type hw_mic
[2026-03-05 17:18:28,466] [WARNI] [base.py::46 unload]: Attempted to unload process hw_mic when it is already unloaded
[2026-03-05 17:18:28,473] [INFO ] [jaison.py::138 start]: JAIson application layer has started.
[2026-03-05 17:18:28,474] [INFO ] [logging.py::106 info]: Running on http://127.0.0.1:7272 (CTRL + C to quit)
[2026-03-05 17:18:31,307] [INFO ] [app_server.py::77 ws]: Opened new websocket connection
[2026-03-05 17:19:33,852] [INFO ] [jaison.py::110 start]: Starting JAIson application layer.
[2026-03-05 17:19:33,861] [INFO ] [manager.py::293 load_operations_from_config]: Active STT from config: sherpa_ru
[2026-03-05 17:19:35,576] [INFO ] [operation.py::32 start]: Starting STT operation sherpa_ru
[2026-03-05 17:19:35,576] [INFO ] [manager.py::26 load]: Loading process by type sherpa_stt
[2026-03-05 17:19:35,577] [WARNI] [base.py::46 unload]: Attempted to unload process sherpa_stt when it is already unloaded
[2026-03-05 17:19:35,579] [INFO ] [sherpa_server.py::85 _prepare_hotwords_file]: Sherpa STT hotwords validated: 3 entries
[2026-03-05 17:19:35,579] [INFO ] [sherpa_server.py::295 reload]: Sherpa STT config: port=6106 model_dir=C:\Nirmita\models\vosk-model-small-streaming-ru, model_variant=fp32, decoding_method=modified_beam_search, num_active_paths=6, use_endpoint=0, bpe_vocab=C:\Nirmita\models\vosk-model-small-streaming-ru\lang\unigram_500.vocab, hotwords_file=C:\Nirmita\models\hotwords.txt, hotwords_score=3.5
[2026-03-05 17:19:35,579] [INFO ] [sherpa_server.py::307 reload]: Starting Sherpa STT Server with command: C:\Nirmita\.conda312\python.exe C:\Nirmita\apps\stt-sherpa-server\start_server.py --encoder C:\Nirmita\models\vosk-model-small-streaming-ru\am-onnx\encoder.onnx --decoder C:\Nirmita\models\vosk-model-small-streaming-ru\am-onnx\decoder.onnx --joiner C:\Nirmita\models\vosk-model-small-streaming-ru\am-onnx\joiner.onnx --tokens C:\Nirmita\models\vosk-model-small-streaming-ru\lang\tokens.txt --modeling-unit bpe --decoding-method modified_beam_search --num-active-paths 6 --use-endpoint 0 --port 6106 --provider cpu --doc-root C:\Nirmita\apps\stt-sherpa-server --bpe-vocab C:\Nirmita\models\vosk-model-small-streaming-ru\lang\unigram_500.vocab --hotwords-file C:\Nirmita\logs\sherpa_hotwords.resolved.txt --hotwords-score 3.5
[2026-03-05 17:19:39,901] [INFO ] [operation.py::32 start]: Starting T2T operation llamacpp
[2026-03-05 17:19:39,901] [INFO ] [manager.py::26 load]: Loading process by type llamacpp
[2026-03-05 17:19:39,908] [INFO ] [llamacpp.py::81 reload]: Opened Llama.cpp server (PID: 32396) on port 1146 (GPU: 0)
[2026-03-05 17:19:39,908] [INFO ] [llamacpp.py::89 reload]: Waiting for llama-server to be ready at http://127.0.0.1:1146/health ...
[2026-03-05 17:19:44,079] [INFO ] [llamacpp.py::101 reload]: llama-server is ready! (attempt 8, port 1146)
[2026-03-05 17:19:44,080] [INFO ] [operation.py::32 start]: Starting FILTER_TEXT operation filter_clean
[2026-03-05 17:19:44,640] [INFO ] [operation.py::32 start]: Starting FILTER_TEXT operation chunker_sentence
[2026-03-05 17:19:45,143] [INFO ] [manager.py::26 load]: Loading process by type hw_mic
[2026-03-05 17:19:45,143] [WARNI] [base.py::46 unload]: Attempted to unload process hw_mic when it is already unloaded
[2026-03-05 17:19:45,149] [INFO ] [jaison.py::138 start]: JAIson application layer has started.
[2026-03-05 17:19:45,150] [INFO ] [logging.py::106 info]: Running on http://127.0.0.1:7272 (CTRL + C to quit)
[2026-03-05 17:19:45,371] [INFO ] [app_server.py::77 ws]: Opened new websocket connection
[2026-03-05 17:20:15,490] [INFO ] [app_server.py::86 ws]: Closed websocket connection
[2026-03-05 17:20:16,269] [INFO ] [app_server.py::77 ws]: Opened new websocket connection
[2026-03-05 17:20:17,742] [INFO ] [jaison.py::430 create_job]: Queued new context_conversation_add_text job 2b63c95b-a4fe-4fa9-b3ff-7d2372c05dc0
[2026-03-05 17:20:17,748] [INFO ] [jaison.py::430 create_job]: Queued new response job ce071090-960a-4aa1-9062-5357cab8dccc
[2026-03-05 17:20:18,046] [INFO ] [operation.py::25 __call__]: T2T operation llamacpp completed in 296.842400013702 ms
[2026-03-05 17:20:18,056] [INFO ] [operation.py::25 __call__]: FILTER_TEXT operation chunker_sentence completed in 9.235400008037686 ms
[2026-03-05 17:20:18,056] [INFO ] [operation.py::25 __call__]: FILTER_TEXT operation filter_clean completed in 9.413399995537475 ms
[2026-03-05 17:20:18,056] [INFO ] [jaison.py::952 response_pipeline]: Response job ce071090-960a-4aa1-9062-5357cab8dccc completed. Content: 'Привет! Как дела?...'
[2026-03-05 17:20:20,690] [INFO ] [jaison.py::430 create_job]: Queued new context_conversation_add_text job 86666a11-d281-4585-936e-bb3e2bcf3050
[2026-03-05 17:20:20,697] [INFO ] [jaison.py::430 create_job]: Queued new response job 7a6d931e-0a2a-4b85-a922-04749e5893fb
[2026-03-05 17:20:20,973] [INFO ] [operation.py::25 __call__]: T2T operation llamacpp completed in 274.50020000105724 ms
[2026-03-05 17:20:20,980] [INFO ] [operation.py::25 __call__]: FILTER_TEXT operation chunker_sentence completed in 7.167699979618192 ms
[2026-03-05 17:20:20,980] [INFO ] [operation.py::25 __call__]: FILTER_TEXT operation filter_clean completed in 7.342500000959262 ms
[2026-03-05 17:20:20,980] [INFO ] [jaison.py::952 response_pipeline]: Response job 7a6d931e-0a2a-4b85-a922-04749e5893fb completed. Content: 'Привет, как дела?...'
[2026-03-05 17:20:23,862] [INFO ] [jaison.py::430 create_job]: Queued new context_conversation_add_text job 1daf05b6-e996-4f80-955c-2b2f36bb2eea
[2026-03-05 17:20:23,869] [INFO ] [jaison.py::430 create_job]: Queued new response job 5dfa194f-e358-47d8-a50d-c52dbb4f7225
[2026-03-05 17:20:24,535] [INFO ] [operation.py::25 __call__]: T2T operation llamacpp completed in 665.2328000054695 ms
[2026-03-05 17:20:24,544] [INFO ] [operation.py::25 __call__]: FILTER_TEXT operation chunker_sentence completed in 9.447100019315258 ms
[2026-03-05 17:20:24,545] [INFO ] [operation.py::25 __call__]: FILTER_TEXT operation filter_clean completed in 9.60970000596717 ms
[2026-03-05 17:20:24,545] [INFO ] [jaison.py::952 response_pipeline]: Response job 5dfa194f-e358-47d8-a50d-c52dbb4f7225 completed. Content: 'Привет! Я Нира, цифровая девушка, созданная Зефиром. Как я могу тебе помочь?...'
[2026-03-05 17:25:48,395] [INFO ] [jaison.py::110 start]: Starting JAIson application layer.
[2026-03-05 17:25:48,406] [INFO ] [manager.py::293 load_operations_from_config]: Active STT from config: sherpa_ru
[2026-03-05 17:25:49,953] [INFO ] [operation.py::32 start]: Starting STT operation sherpa_ru
[2026-03-05 17:25:49,953] [INFO ] [manager.py::26 load]: Loading process by type sherpa_stt
[2026-03-05 17:25:49,955] [WARNI] [base.py::46 unload]: Attempted to unload process sherpa_stt when it is already unloaded
[2026-03-05 17:25:49,956] [INFO ] [sherpa_server.py::85 _prepare_hotwords_file]: Sherpa STT hotwords validated: 3 entries
[2026-03-05 17:25:49,956] [INFO ] [sherpa_server.py::295 reload]: Sherpa STT config: port=6106 model_dir=C:\Nirmita\models\vosk-model-small-streaming-ru, model_variant=fp32, decoding_method=modified_beam_search, num_active_paths=6, use_endpoint=0, bpe_vocab=C:\Nirmita\models\vosk-model-small-streaming-ru\lang\unigram_500.vocab, hotwords_file=C:\Nirmita\models\hotwords.txt, hotwords_score=3.5
[2026-03-05 17:25:49,956] [INFO ] [sherpa_server.py::307 reload]: Starting Sherpa STT Server with command: C:\Nirmita\.conda312\python.exe C:\Nirmita\apps\stt-sherpa-server\start_server.py --encoder C:\Nirmita\models\vosk-model-small-streaming-ru\am-onnx\encoder.onnx --decoder C:\Nirmita\models\vosk-model-small-streaming-ru\am-onnx\decoder.onnx --joiner C:\Nirmita\models\vosk-model-small-streaming-ru\am-onnx\joiner.onnx --tokens C:\Nirmita\models\vosk-model-small-streaming-ru\lang\tokens.txt --modeling-unit bpe --decoding-method modified_beam_search --num-active-paths 6 --use-endpoint 0 --port 6106 --provider cpu --doc-root C:\Nirmita\apps\stt-sherpa-server --bpe-vocab C:\Nirmita\models\vosk-model-small-streaming-ru\lang\unigram_500.vocab --hotwords-file C:\Nirmita\logs\sherpa_hotwords.resolved.txt --hotwords-score 3.5
[2026-03-05 17:25:53,974] [ERROR] [sherpa_server.py::328 reload]: Failed to start Sherpa STT Server process (Exit code: 1).
[2026-03-05 17:25:53,974] [WARNI] [base.py::46 unload]: Attempted to unload process sherpa_stt when it is already unloaded
[2026-03-05 17:25:53,975] [INFO ] [sherpa_server.py::85 _prepare_hotwords_file]: Sherpa STT hotwords validated: 3 entries
[2026-03-05 17:25:53,975] [INFO ] [sherpa_server.py::295 reload]: Sherpa STT config: port=6106 model_dir=C:\Nirmita\models\vosk-model-small-streaming-ru, model_variant=fp32, decoding_method=modified_beam_search, num_active_paths=6, use_endpoint=0, bpe_vocab=C:\Nirmita\models\vosk-model-small-streaming-ru\lang\unigram_500.vocab, hotwords_file=C:\Nirmita\models\hotwords.txt, hotwords_score=3.5
[2026-03-05 17:25:53,976] [INFO ] [sherpa_server.py::307 reload]: Starting Sherpa STT Server with command: C:\Nirmita\.conda312\python.exe C:\Nirmita\apps\stt-sherpa-server\start_server.py --encoder C:\Nirmita\models\vosk-model-small-streaming-ru\am-onnx\encoder.onnx --decoder C:\Nirmita\models\vosk-model-small-streaming-ru\am-onnx\decoder.onnx --joiner C:\Nirmita\models\vosk-model-small-streaming-ru\am-onnx\joiner.onnx --tokens C:\Nirmita\models\vosk-model-small-streaming-ru\lang\tokens.txt --modeling-unit bpe --decoding-method modified_beam_search --num-active-paths 6 --use-endpoint 0 --port 6106 --provider cpu --doc-root C:\Nirmita\apps\stt-sherpa-server --bpe-vocab C:\Nirmita\models\vosk-model-small-streaming-ru\lang\unigram_500.vocab --hotwords-file C:\Nirmita\logs\sherpa_hotwords.resolved.txt --hotwords-score 3.5
[2026-03-05 17:25:57,982] [ERROR] [sherpa_server.py::328 reload]: Failed to start Sherpa STT Server process (Exit code: 1).
[2026-03-05 17:25:58,900] [WARNI] [base.py::34 unload]: Unloading process that still has the 1 links
[2026-03-05 17:25:58,900] [WARNI] [base.py::35 unload]: Links: {'stt_sherpa_ru'}
[2026-03-05 17:25:58,900] [WARNI] [base.py::46 unload]: Attempted to unload process sherpa_stt when it is already unloaded
[2026-03-05 17:25:58,901] [INFO ] [sherpa_server.py::85 _prepare_hotwords_file]: Sherpa STT hotwords validated: 3 entries
[2026-03-05 17:25:58,901] [INFO ] [sherpa_server.py::295 reload]: Sherpa STT config: port=6106 model_dir=C:\Nirmita\models\vosk-model-small-streaming-ru, model_variant=fp32, decoding_method=modified_beam_search, num_active_paths=6, use_endpoint=0, bpe_vocab=C:\Nirmita\models\vosk-model-small-streaming-ru\lang\unigram_500.vocab, hotwords_file=C:\Nirmita\models\hotwords.txt, hotwords_score=3.5
[2026-03-05 17:25:58,901] [INFO ] [sherpa_server.py::307 reload]: Starting Sherpa STT Server with command: C:\Nirmita\.conda312\python.exe C:\Nirmita\apps\stt-sherpa-server\start_server.py --encoder C:\Nirmita\models\vosk-model-small-streaming-ru\am-onnx\encoder.onnx --decoder C:\Nirmita\models\vosk-model-small-streaming-ru\am-onnx\decoder.onnx --joiner C:\Nirmita\models\vosk-model-small-streaming-ru\am-onnx\joiner.onnx --tokens C:\Nirmita\models\vosk-model-small-streaming-ru\lang\tokens.txt --modeling-unit bpe --decoding-method modified_beam_search --num-active-paths 6 --use-endpoint 0 --port 6106 --provider cpu --doc-root C:\Nirmita\apps\stt-sherpa-server --bpe-vocab C:\Nirmita\models\vosk-model-small-streaming-ru\lang\unigram_500.vocab --hotwords-file C:\Nirmita\logs\sherpa_hotwords.resolved.txt --hotwords-score 3.5
[2026-03-05 17:26:02,901] [ERROR] [sherpa_server.py::328 reload]: Failed to start Sherpa STT Server process (Exit code: 1).
[2026-03-05 17:26:02,902] [WARNI] [stt_runner.py::79 ensure_healthy]: STTProcessRunner ensure_healthy attempt 2/3 failed: Link ID stt_sherpa_ru already linked to process sherpa_stt
[2026-03-05 17:26:04,112] [WARNI] [base.py::34 unload]: Unloading process that still has the 1 links
[2026-03-05 17:26:04,112] [WARNI] [base.py::35 unload]: Links: {'stt_sherpa_ru'}
[2026-03-05 17:26:04,112] [WARNI] [base.py::46 unload]: Attempted to unload process sherpa_stt when it is already unloaded
[2026-03-05 17:26:04,113] [INFO ] [sherpa_server.py::85 _prepare_hotwords_file]: Sherpa STT hotwords validated: 3 entries
[2026-03-05 17:26:04,113] [INFO ] [sherpa_server.py::295 reload]: Sherpa STT config: port=6106 model_dir=C:\Nirmita\models\vosk-model-small-streaming-ru, model_variant=fp32, decoding_method=modified_beam_search, num_active_paths=6, use_endpoint=0, bpe_vocab=C:\Nirmita\models\vosk-model-small-streaming-ru\lang\unigram_500.vocab, hotwords_file=C:\Nirmita\models\hotwords.txt, hotwords_score=3.5
[2026-03-05 17:26:04,113] [INFO ] [sherpa_server.py::307 reload]: Starting Sherpa STT Server with command: C:\Nirmita\.conda312\python.exe C:\Nirmita\apps\stt-sherpa-server\start_server.py --encoder C:\Nirmita\models\vosk-model-small-streaming-ru\am-onnx\encoder.onnx --decoder C:\Nirmita\models\vosk-model-small-streaming-ru\am-onnx\decoder.onnx --joiner C:\Nirmita\models\vosk-model-small-streaming-ru\am-onnx\joiner.onnx --tokens C:\Nirmita\models\vosk-model-small-streaming-ru\lang\tokens.txt --modeling-unit bpe --decoding-method modified_beam_search --num-active-paths 6 --use-endpoint 0 --port 6106 --provider cpu --doc-root C:\Nirmita\apps\stt-sherpa-server --bpe-vocab C:\Nirmita\models\vosk-model-small-streaming-ru\lang\unigram_500.vocab --hotwords-file C:\Nirmita\logs\sherpa_hotwords.resolved.txt --hotwords-score 3.5
[2026-03-05 17:26:08,133] [ERROR] [sherpa_server.py::328 reload]: Failed to start Sherpa STT Server process (Exit code: 1).
[2026-03-05 17:26:08,133] [WARNI] [stt_runner.py::79 ensure_healthy]: STTProcessRunner ensure_healthy attempt 3/3 failed: Link ID stt_sherpa_ru already linked to process sherpa_stt
[2026-03-05 17:26:08,133] [ERROR] [app_server.py::356 start_web_server]: Stopping server due to exception
Traceback (most recent call last):
  File "C:\Nirmita\src\utils\server\app_server.py", line 352, in start_web_server
    await JAIson().start()
  File "C:\Nirmita\src\utils\jaison.py", line 127, in start
    await self.op_manager.load_operations_from_config()
  File "C:\Nirmita\src\utils\operations\manager.py", line 298, in load_operations_from_config
    await self.load_operation(op_role, op_id, op_details)
  File "C:\Nirmita\src\utils\operations\manager.py", line 222, in load_operation
    await new_op.start()
  File "C:\Nirmita\src\utils\operations\stt\sherpa.py", line 72, in start
    await self._runner.ensure_healthy()
  File "C:\Nirmita\src\utils\processes\stt_runner.py", line 91, in ensure_healthy
    raise last_exc
  File "C:\Nirmita\src\utils\processes\stt_runner.py", line 75, in ensure_healthy
    await self.ensure_running()
  File "C:\Nirmita\src\utils\processes\stt_runner.py", line 35, in ensure_running
    await ProcessManager().link(self.link_id, self.process_type, process_config=self.process_config)
  File "C:\Nirmita\src\utils\processes\manager.py", line 77, in link
    await self.loaded_processes[process_type].link(link_id, process_config=process_config)
  File "C:\Nirmita\src\utils\processes\base.py", line 51, in link
    raise DuplicateLink(link_id, self.id)
utils.processes.error.DuplicateLink: Link ID stt_sherpa_ru already linked to process sherpa_stt
[2026-03-05 17:26:08,135] [INFO ] [jaison.py::141 stop]: Shutting down JAIson application layer
[2026-03-05 17:26:08,135] [INFO ] [jaison.py::150 stop]: JAIson application layer has been shut down
[2026-03-05 17:27:34,939] [INFO ] [app_server.py::86 ws]: Closed websocket connection
[2026-03-05 17:27:35,687] [INFO ] [app_server.py::77 ws]: Opened new websocket connection
[2026-03-05 17:28:47,632] [INFO ] [jaison.py::110 start]: Starting JAIson application layer.
[2026-03-05 17:28:47,642] [INFO ] [manager.py::293 load_operations_from_config]: Active STT from config: sherpa_ru
[2026-03-05 17:28:49,257] [INFO ] [operation.py::32 start]: Starting STT operation sherpa_ru
[2026-03-05 17:28:49,257] [INFO ] [manager.py::26 load]: Loading process by type sherpa_stt
[2026-03-05 17:28:49,259] [WARNI] [base.py::46 unload]: Attempted to unload process sherpa_stt when it is already unloaded
[2026-03-05 17:28:49,260] [INFO ] [sherpa_server.py::85 _prepare_hotwords_file]: Sherpa STT hotwords validated: 3 entries
[2026-03-05 17:28:49,260] [INFO ] [sherpa_server.py::295 reload]: Sherpa STT config: port=6106 model_dir=C:\Nirmita\models\vosk-model-small-streaming-ru, model_variant=fp32, decoding_method=modified_beam_search, num_active_paths=6, use_endpoint=0, bpe_vocab=C:\Nirmita\models\vosk-model-small-streaming-ru\lang\unigram_500.vocab, hotwords_file=C:\Nirmita\models\hotwords.txt, hotwords_score=3.5
[2026-03-05 17:28:49,260] [INFO ] [sherpa_server.py::307 reload]: Starting Sherpa STT Server with command: C:\Nirmita\.conda312\python.exe C:\Nirmita\apps\stt-sherpa-server\start_server.py --encoder C:\Nirmita\models\vosk-model-small-streaming-ru\am-onnx\encoder.onnx --decoder C:\Nirmita\models\vosk-model-small-streaming-ru\am-onnx\decoder.onnx --joiner C:\Nirmita\models\vosk-model-small-streaming-ru\am-onnx\joiner.onnx --tokens C:\Nirmita\models\vosk-model-small-streaming-ru\lang\tokens.txt --modeling-unit bpe --decoding-method modified_beam_search --num-active-paths 6 --use-endpoint 0 --port 6106 --provider cpu --doc-root C:\Nirmita\apps\stt-sherpa-server --bpe-vocab C:\Nirmita\models\vosk-model-small-streaming-ru\lang\unigram_500.vocab --hotwords-file C:\Nirmita\logs\sherpa_hotwords.resolved.txt --hotwords-score 3.5
[2026-03-05 17:28:53,579] [INFO ] [operation.py::32 start]: Starting T2T operation llamacpp
[2026-03-05 17:28:53,579] [INFO ] [manager.py::26 load]: Loading process by type llamacpp
[2026-03-05 17:28:53,585] [INFO ] [llamacpp.py::81 reload]: Opened Llama.cpp server (PID: 19884) on port 6039 (GPU: 0)
[2026-03-05 17:28:53,586] [INFO ] [llamacpp.py::89 reload]: Waiting for llama-server to be ready at http://127.0.0.1:6039/health ...
[2026-03-05 17:28:57,741] [INFO ] [llamacpp.py::101 reload]: llama-server is ready! (attempt 8, port 6039)
[2026-03-05 17:28:57,743] [INFO ] [operation.py::32 start]: Starting FILTER_TEXT operation filter_clean
[2026-03-05 17:28:58,310] [INFO ] [operation.py::32 start]: Starting FILTER_TEXT operation chunker_sentence
[2026-03-05 17:28:58,834] [INFO ] [manager.py::26 load]: Loading process by type hw_mic
[2026-03-05 17:28:58,835] [WARNI] [base.py::46 unload]: Attempted to unload process hw_mic when it is already unloaded
[2026-03-05 17:28:58,842] [INFO ] [jaison.py::138 start]: JAIson application layer has started.
[2026-03-05 17:28:58,843] [INFO ] [logging.py::106 info]: Running on http://127.0.0.1:7272 (CTRL + C to quit)
[2026-03-05 17:29:02,312] [INFO ] [app_server.py::77 ws]: Opened new websocket connection
[2026-03-05 17:29:04,113] [INFO ] [app_server.py::86 ws]: Closed websocket connection
[2026-03-05 17:29:04,872] [INFO ] [app_server.py::77 ws]: Opened new websocket connection
[2026-03-05 17:29:05,486] [INFO ] [sherpa.py::320 _generate]: Sherpa STT final: len=0 latency_ms=82 source=mic turn=05fbc356-6e98-4224-82bb-f9b8e7eb2fce utterance=927542f5-d615-4ca1-a8ac-9248bee61eaa
[2026-03-05 17:29:06,346] [INFO ] [sherpa.py::320 _generate]: Sherpa STT final: len=0 latency_ms=37 source=mic turn=599cab81-79f0-4751-9d7f-8e529560c167 utterance=27f817fa-3b2f-49cb-8c99-2a9d05cc4286
[2026-03-05 17:29:08,061] [INFO ] [sherpa.py::320 _generate]: Sherpa STT final: len=0 latency_ms=69 source=mic turn=f861a2c9-2ec7-4cbd-bd93-904e560fa3e7 utterance=f369d88a-7485-4b79-9838-e8833db15baf
[2026-03-05 17:29:13,214] [INFO ] [sherpa.py::320 _generate]: Sherpa STT final: len=1 latency_ms=101 source=mic turn=e09e5938-0086-4924-b426-4d1b9ad6dcb5 utterance=9038ede4-ba78-4cf3-a529-1f2885f58d72
[2026-03-05 17:29:13,480] [INFO ] [jaison.py::430 create_job]: Queued new context_conversation_add_text job e48e3301-27ce-428c-815c-d6f1cea0e028
[2026-03-05 17:29:13,480] [INFO ] [jaison.py::568 _commit_pending_voice_turn]: Voice turn committed as context-only (no RESPONSE job).
[2026-03-05 17:29:22,176] [INFO ] [sherpa.py::320 _generate]: Sherpa STT final: len=0 latency_ms=202 source=mic turn=819354c5-8631-4afc-b78e-214923791248 utterance=9d33cbf2-c5de-4a45-b8dd-72d0bfdda192
[2026-03-05 17:29:25,511] [INFO ] [sherpa.py::320 _generate]: Sherpa STT final: len=0 latency_ms=139 source=mic turn=819354c5-8631-4afc-b78e-214923791248 utterance=c8e54f99-e09d-4786-bdad-47cd6d7550aa
[2026-03-05 17:29:43,994] [INFO ] [sherpa.py::320 _generate]: Sherpa STT final: len=0 latency_ms=35 source=mic turn=5ca00e1e-49e4-494b-a29f-9c4dc1e7f2c8 utterance=145d73d0-fea5-4206-8bab-abfa412274df
[2026-03-05 17:29:52,528] [INFO ] [sherpa.py::320 _generate]: Sherpa STT final: len=0 latency_ms=66 source=mic turn=ca0c70a8-6761-448b-8ac7-103b4c08e90e utterance=65cc6fb7-fd8a-46ec-b937-bf8064d9b477
[2026-03-05 17:30:26,226] [INFO ] [sherpa.py::320 _generate]: Sherpa STT final: len=0 latency_ms=40 source=mic turn=a774df89-b5e7-483c-8c39-90bc35c961da utterance=3ee6e3e6-eeac-4dd9-9bb8-bbcf4c254ba8
[2026-03-05 17:30:41,801] [INFO ] [sherpa.py::320 _generate]: Sherpa STT final: len=0 latency_ms=36 source=mic turn=892222ad-d069-4e23-be84-7acbc06ffe2d utterance=c8b0bb37-cdac-45cd-bc7e-1302b704360d
[2026-03-05 17:31:05,075] [INFO ] [sherpa.py::320 _generate]: Sherpa STT final: len=0 latency_ms=59 source=mic turn=d8a5a980-9625-4da5-9e42-edad5f61674d utterance=3aa3bbc5-f987-4ab0-8e27-49fac046f139
[2026-03-05 17:31:05,150] [INFO ] [sherpa.py::320 _generate]: Sherpa STT final: len=0 latency_ms=149 source=mic turn=b7a1e61e-ef57-4018-90a7-e4b8153712f5 utterance=7ac34a3f-2e14-417f-8695-79eed6019c4e
[2026-03-05 17:31:40,156] [INFO ] [sherpa.py::320 _generate]: Sherpa STT final: len=0 latency_ms=56 source=mic turn=11032485-ca5c-4ea2-981a-681bf40e893a utterance=535f9ea8-8814-4ee5-bee3-7867a43e3435
[2026-03-05 17:31:54,550] [INFO ] [sherpa.py::320 _generate]: Sherpa STT final: len=0 latency_ms=29 source=mic turn=58fa0963-8e05-4b0b-9ff8-f4faf4de70d9 utterance=5e8eb593-0542-4070-9e3d-a67cd71dea21
[2026-03-05 17:31:55,892] [INFO ] [sherpa.py::320 _generate]: Sherpa STT final: len=0 latency_ms=52 source=mic turn=58fa0963-8e05-4b0b-9ff8-f4faf4de70d9 utterance=2ed703f7-3591-4daa-bb38-fea95d30271c
[2026-03-05 17:32:30,264] [INFO ] [jaison.py::110 start]: Starting JAIson application layer.
[2026-03-05 17:32:30,273] [INFO ] [manager.py::293 load_operations_from_config]: Active STT from config: sherpa_ru
[2026-03-05 17:32:31,852] [INFO ] [operation.py::32 start]: Starting STT operation sherpa_ru
[2026-03-05 17:32:31,853] [INFO ] [manager.py::26 load]: Loading process by type sherpa_stt
[2026-03-05 17:32:31,854] [WARNI] [base.py::46 unload]: Attempted to unload process sherpa_stt when it is already unloaded
[2026-03-05 17:32:31,854] [INFO ] [sherpa_server.py::85 _prepare_hotwords_file]: Sherpa STT hotwords validated: 3 entries
[2026-03-05 17:32:31,855] [INFO ] [sherpa_server.py::295 reload]: Sherpa STT config: port=6106 model_dir=C:\Nirmita\models\vosk-model-small-streaming-ru, model_variant=fp32, decoding_method=modified_beam_search, num_active_paths=6, use_endpoint=0, bpe_vocab=C:\Nirmita\models\vosk-model-small-streaming-ru\lang\unigram_500.vocab, hotwords_file=C:\Nirmita\models\hotwords.txt, hotwords_score=3.5
[2026-03-05 17:32:31,855] [INFO ] [sherpa_server.py::307 reload]: Starting Sherpa STT Server with command: C:\Nirmita\.conda312\python.exe C:\Nirmita\apps\stt-sherpa-server\start_server.py --encoder C:\Nirmita\models\vosk-model-small-streaming-ru\am-onnx\encoder.onnx --decoder C:\Nirmita\models\vosk-model-small-streaming-ru\am-onnx\decoder.onnx --joiner C:\Nirmita\models\vosk-model-small-streaming-ru\am-onnx\joiner.onnx --tokens C:\Nirmita\models\vosk-model-small-streaming-ru\lang\tokens.txt --modeling-unit bpe --decoding-method modified_beam_search --num-active-paths 6 --use-endpoint 0 --port 6106 --provider cpu --doc-root C:\Nirmita\apps\stt-sherpa-server --bpe-vocab C:\Nirmita\models\vosk-model-small-streaming-ru\lang\unigram_500.vocab --hotwords-file C:\Nirmita\logs\sherpa_hotwords.resolved.txt --hotwords-score 3.5
[2026-03-05 17:32:35,869] [ERROR] [sherpa_server.py::328 reload]: Failed to start Sherpa STT Server process (Exit code: 1).
[2026-03-05 17:32:35,869] [WARNI] [base.py::46 unload]: Attempted to unload process sherpa_stt when it is already unloaded
[2026-03-05 17:32:35,870] [INFO ] [sherpa_server.py::85 _prepare_hotwords_file]: Sherpa STT hotwords validated: 3 entries
[2026-03-05 17:32:35,870] [INFO ] [sherpa_server.py::295 reload]: Sherpa STT config: port=6106 model_dir=C:\Nirmita\models\vosk-model-small-streaming-ru, model_variant=fp32, decoding_method=modified_beam_search, num_active_paths=6, use_endpoint=0, bpe_vocab=C:\Nirmita\models\vosk-model-small-streaming-ru\lang\unigram_500.vocab, hotwords_file=C:\Nirmita\models\hotwords.txt, hotwords_score=3.5
[2026-03-05 17:32:35,870] [INFO ] [sherpa_server.py::307 reload]: Starting Sherpa STT Server with command: C:\Nirmita\.conda312\python.exe C:\Nirmita\apps\stt-sherpa-server\start_server.py --encoder C:\Nirmita\models\vosk-model-small-streaming-ru\am-onnx\encoder.onnx --decoder C:\Nirmita\models\vosk-model-small-streaming-ru\am-onnx\decoder.onnx --joiner C:\Nirmita\models\vosk-model-small-streaming-ru\am-onnx\joiner.onnx --tokens C:\Nirmita\models\vosk-model-small-streaming-ru\lang\tokens.txt --modeling-unit bpe --decoding-method modified_beam_search --num-active-paths 6 --use-endpoint 0 --port 6106 --provider cpu --doc-root C:\Nirmita\apps\stt-sherpa-server --bpe-vocab C:\Nirmita\models\vosk-model-small-streaming-ru\lang\unigram_500.vocab --hotwords-file C:\Nirmita\logs\sherpa_hotwords.resolved.txt --hotwords-score 3.5
[2026-03-05 17:32:39,884] [ERROR] [sherpa_server.py::328 reload]: Failed to start Sherpa STT Server process (Exit code: 1).
[2026-03-05 17:32:40,799] [WARNI] [base.py::34 unload]: Unloading process that still has the 1 links
[2026-03-05 17:32:40,799] [WARNI] [base.py::35 unload]: Links: {'stt_sherpa_ru'}
[2026-03-05 17:32:40,799] [WARNI] [base.py::46 unload]: Attempted to unload process sherpa_stt when it is already unloaded
[2026-03-05 17:32:40,800] [INFO ] [sherpa_server.py::85 _prepare_hotwords_file]: Sherpa STT hotwords validated: 3 entries
[2026-03-05 17:32:40,800] [INFO ] [sherpa_server.py::295 reload]: Sherpa STT config: port=6106 model_dir=C:\Nirmita\models\vosk-model-small-streaming-ru, model_variant=fp32, decoding_method=modified_beam_search, num_active_paths=6, use_endpoint=0, bpe_vocab=C:\Nirmita\models\vosk-model-small-streaming-ru\lang\unigram_500.vocab, hotwords_file=C:\Nirmita\models\hotwords.txt, hotwords_score=3.5
[2026-03-05 17:32:40,800] [INFO ] [sherpa_server.py::307 reload]: Starting Sherpa STT Server with command: C:\Nirmita\.conda312\python.exe C:\Nirmita\apps\stt-sherpa-server\start_server.py --encoder C:\Nirmita\models\vosk-model-small-streaming-ru\am-onnx\encoder.onnx --decoder C:\Nirmita\models\vosk-model-small-streaming-ru\am-onnx\decoder.onnx --joiner C:\Nirmita\models\vosk-model-small-streaming-ru\am-onnx\joiner.onnx --tokens C:\Nirmita\models\vosk-model-small-streaming-ru\lang\tokens.txt --modeling-unit bpe --decoding-method modified_beam_search --num-active-paths 6 --use-endpoint 0 --port 6106 --provider cpu --doc-root C:\Nirmita\apps\stt-sherpa-server --bpe-vocab C:\Nirmita\models\vosk-model-small-streaming-ru\lang\unigram_500.vocab --hotwords-file C:\Nirmita\logs\sherpa_hotwords.resolved.txt --hotwords-score 3.5
[2026-03-05 17:32:44,814] [ERROR] [sherpa_server.py::328 reload]: Failed to start Sherpa STT Server process (Exit code: 1).
[2026-03-05 17:32:44,814] [WARNI] [stt_runner.py::79 ensure_healthy]: STTProcessRunner ensure_healthy attempt 2/3 failed: Link ID stt_sherpa_ru already linked to process sherpa_stt
[2026-03-05 17:32:46,026] [WARNI] [base.py::34 unload]: Unloading process that still has the 1 links
[2026-03-05 17:32:46,026] [WARNI] [base.py::35 unload]: Links: {'stt_sherpa_ru'}
[2026-03-05 17:32:46,026] [WARNI] [base.py::46 unload]: Attempted to unload process sherpa_stt when it is already unloaded
[2026-03-05 17:32:46,028] [INFO ] [sherpa_server.py::85 _prepare_hotwords_file]: Sherpa STT hotwords validated: 3 entries
[2026-03-05 17:32:46,028] [INFO ] [sherpa_server.py::295 reload]: Sherpa STT config: port=6106 model_dir=C:\Nirmita\models\vosk-model-small-streaming-ru, model_variant=fp32, decoding_method=modified_beam_search, num_active_paths=6, use_endpoint=0, bpe_vocab=C:\Nirmita\models\vosk-model-small-streaming-ru\lang\unigram_500.vocab, hotwords_file=C:\Nirmita\models\hotwords.txt, hotwords_score=3.5
[2026-03-05 17:32:46,028] [INFO ] [sherpa_server.py::307 reload]: Starting Sherpa STT Server with command: C:\Nirmita\.conda312\python.exe C:\Nirmita\apps\stt-sherpa-server\start_server.py --encoder C:\Nirmita\models\vosk-model-small-streaming-ru\am-onnx\encoder.onnx --decoder C:\Nirmita\models\vosk-model-small-streaming-ru\am-onnx\decoder.onnx --joiner C:\Nirmita\models\vosk-model-small-streaming-ru\am-onnx\joiner.onnx --tokens C:\Nirmita\models\vosk-model-small-streaming-ru\lang\tokens.txt --modeling-unit bpe --decoding-method modified_beam_search --num-active-paths 6 --use-endpoint 0 --port 6106 --provider cpu --doc-root C:\Nirmita\apps\stt-sherpa-server --bpe-vocab C:\Nirmita\models\vosk-model-small-streaming-ru\lang\unigram_500.vocab --hotwords-file C:\Nirmita\logs\sherpa_hotwords.resolved.txt --hotwords-score 3.5
[2026-03-05 17:32:50,034] [ERROR] [sherpa_server.py::328 reload]: Failed to start Sherpa STT Server process (Exit code: 1).
[2026-03-05 17:32:50,034] [WARNI] [stt_runner.py::79 ensure_healthy]: STTProcessRunner ensure_healthy attempt 3/3 failed: Link ID stt_sherpa_ru already linked to process sherpa_stt
[2026-03-05 17:32:50,035] [ERROR] [app_server.py::356 start_web_server]: Stopping server due to exception
Traceback (most recent call last):
  File "C:\Nirmita\src\utils\server\app_server.py", line 352, in start_web_server
    await JAIson().start()
  File "C:\Nirmita\src\utils\jaison.py", line 127, in start
    await self.op_manager.load_operations_from_config()
  File "C:\Nirmita\src\utils\operations\manager.py", line 298, in load_operations_from_config
    await self.load_operation(op_role, op_id, op_details)
  File "C:\Nirmita\src\utils\operations\manager.py", line 222, in load_operation
    await new_op.start()
  File "C:\Nirmita\src\utils\operations\stt\sherpa.py", line 72, in start
    await self._runner.ensure_healthy()
  File "C:\Nirmita\src\utils\processes\stt_runner.py", line 91, in ensure_healthy
    raise last_exc
  File "C:\Nirmita\src\utils\processes\stt_runner.py", line 75, in ensure_healthy
    await self.ensure_running()
  File "C:\Nirmita\src\utils\processes\stt_runner.py", line 35, in ensure_running
    await ProcessManager().link(self.link_id, self.process_type, process_config=self.process_config)
  File "C:\Nirmita\src\utils\processes\manager.py", line 77, in link
    await self.loaded_processes[process_type].link(link_id, process_config=process_config)
  File "C:\Nirmita\src\utils\processes\base.py", line 51, in link
    raise DuplicateLink(link_id, self.id)
utils.processes.error.DuplicateLink: Link ID stt_sherpa_ru already linked to process sherpa_stt
[2026-03-05 17:32:50,036] [INFO ] [jaison.py::141 stop]: Shutting down JAIson application layer
[2026-03-05 17:32:50,036] [INFO ] [jaison.py::150 stop]: JAIson application layer has been shut down
[2026-03-05 17:33:15,325] [INFO ] [sherpa.py::320 _generate]: Sherpa STT final: len=0 latency_ms=62 source=mic turn=c798f5cb-a919-437f-8ffc-4c8d8592145f utterance=86a47cf8-eadb-430d-a716-15a17f0b2b82
[2026-03-05 17:33:17,014] [INFO ] [sherpa.py::320 _generate]: Sherpa STT final: len=0 latency_ms=35 source=mic turn=7ca729d8-0dca-435b-a2a5-c8f9f1b8ef86 utterance=5b99c8d5-5189-4ff8-8cb0-2039ddcb7c34
[2026-03-05 17:33:29,933] [INFO ] [sherpa.py::320 _generate]: Sherpa STT final: len=21 latency_ms=154 source=mic turn=0c91b393-f375-4aa6-b891-00cce5a0fb43 utterance=2b15a75b-5428-43ce-b750-c0937a1efd2b
[2026-03-05 17:33:29,934] [INFO ] [jaison.py::469 _interrupt_jobs]: Smart Barge-in: Interrupting and clearing queue due to: user_speaking_significant
[2026-03-05 17:33:30,192] [INFO ] [jaison.py::430 create_job]: Queued new context_conversation_add_text job 8b6290b5-105d-4e50-8f94-b1a79c20d68c
[2026-03-05 17:33:30,192] [INFO ] [jaison.py::430 create_job]: Queued new response job 9b80380e-66e6-4e5b-a9a0-d3719cebc92a
[2026-03-05 17:33:32,249] [ERROR] [jaison.py::749 _process_job_loop]: Job 9b80380e-66e6-4e5b-a9a0-d3719cebc92a failed with error: All connection attempts failed
Traceback (most recent call last):
  File "C:\Nirmita\.conda312\Lib\site-packages\httpx\_transports\default.py", line 101, in map_httpcore_exceptions
    yield
  File "C:\Nirmita\.conda312\Lib\site-packages\httpx\_transports\default.py", line 394, in handle_async_request
    resp = await self._pool.handle_async_request(req)
           ^^^^^^^^^^^^^^^^^^^^^^^^^^^^^^^^^^^^^^^^^^
  File "C:\Nirmita\.conda312\Lib\site-packages\httpcore\_async\connection_pool.py", line 256, in handle_async_request
    raise exc from None
  File "C:\Nirmita\.conda312\Lib\site-packages\httpcore\_async\connection_pool.py", line 236, in handle_async_request
    response = await connection.handle_async_request(
               ^^^^^^^^^^^^^^^^^^^^^^^^^^^^^^^^^^^^^^
  File "C:\Nirmita\.conda312\Lib\site-packages\httpcore\_async\connection.py", line 101, in handle_async_request
    raise exc
  File "C:\Nirmita\.conda312\Lib\site-packages\httpcore\_async\connection.py", line 78, in handle_async_request
    stream = await self._connect(request)
             ^^^^^^^^^^^^^^^^^^^^^^^^^^^^
  File "C:\Nirmita\.conda312\Lib\site-packages\httpcore\_async\connection.py", line 124, in _connect
    stream = await self._network_backend.connect_tcp(**kwargs)
             ^^^^^^^^^^^^^^^^^^^^^^^^^^^^^^^^^^^^^^^^^^^^^^^^^
  File "C:\Nirmita\.conda312\Lib\site-packages\httpcore\_backends\auto.py", line 31, in connect_tcp
    return await self._backend.connect_tcp(
           ^^^^^^^^^^^^^^^^^^^^^^^^^^^^^^^^
  File "C:\Nirmita\.conda312\Lib\site-packages\httpcore\_backends\anyio.py", line 113, in connect_tcp
    with map_exceptions(exc_map):
         ^^^^^^^^^^^^^^^^^^^^^^^
  File "C:\Nirmita\.conda312\Lib\contextlib.py", line 158, in __exit__
    self.gen.throw(value)
  File "C:\Nirmita\.conda312\Lib\site-packages\httpcore\_exceptions.py", line 14, in map_exceptions
    raise to_exc(exc) from exc
httpcore.ConnectError: All connection attempts failed

The above exception was the direct cause of the following exception:

Traceback (most recent call last):
  File "C:\Nirmita\src\utils\jaison.py", line 731, in _process_job_loop
    await self.job_current
  File "C:\Nirmita\src\utils\jaison.py", line 852, in response_pipeline
    async for chunk_out in self.op_manager.use_operation(OpRoles.T2T, {"instruction_prompt": instruction_prompt, "messages": history}):
  File "C:\Nirmita\src\utils\operations\base\operation.py", line 21, in __call__
    async for chunk_out in self._generate(**kwargs):
  File "C:\Nirmita\src\utils\operations\t2t\llamacpp.py", line 103, in _generate
    async with client.stream("POST", f"{uri}/v1/chat/completions", json=payload) as response:
               ^^^^^^^^^^^^^^^^^^^^^^^^^^^^^^^^^^^^^^^^^^^^^^^^^^^^^^^^^^^^^^^^^
  File "C:\Nirmita\.conda312\Lib\contextlib.py", line 210, in __aenter__
    return await anext(self.gen)
           ^^^^^^^^^^^^^^^^^^^^^
  File "C:\Nirmita\.conda312\Lib\site-packages\httpx\_client.py", line 1583, in stream
    response = await self.send(
               ^^^^^^^^^^^^^^^^
  File "C:\Nirmita\.conda312\Lib\site-packages\httpx\_client.py", line 1629, in send
    response = await self._send_handling_auth(
               ^^^^^^^^^^^^^^^^^^^^^^^^^^^^^^^
  File "C:\Nirmita\.conda312\Lib\site-packages\httpx\_client.py", line 1657, in _send_handling_auth
    response = await self._send_handling_redirects(
               ^^^^^^^^^^^^^^^^^^^^^^^^^^^^^^^^^^^^
  File "C:\Nirmita\.conda312\Lib\site-packages\httpx\_client.py", line 1694, in _send_handling_redirects
    response = await self._send_single_request(request)
               ^^^^^^^^^^^^^^^^^^^^^^^^^^^^^^^^^^^^^^^^
  File "C:\Nirmita\.conda312\Lib\site-packages\httpx\_client.py", line 1730, in _send_single_request
    response = await transport.handle_async_request(request)
               ^^^^^^^^^^^^^^^^^^^^^^^^^^^^^^^^^^^^^^^^^^^^^
  File "C:\Nirmita\.conda312\Lib\site-packages\httpx\_transports\default.py", line 393, in handle_async_request
    with map_httpcore_exceptions():
         ^^^^^^^^^^^^^^^^^^^^^^^^^
  File "C:\Nirmita\.conda312\Lib\contextlib.py", line 158, in __exit__
    self.gen.throw(value)
  File "C:\Nirmita\.conda312\Lib\site-packages\httpx\_transports\default.py", line 118, in map_httpcore_exceptions
    raise mapped_exc(message) from exc
httpx.ConnectError: All connection attempts failed
[2026-03-05 17:33:33,014] [INFO ] [sherpa.py::320 _generate]: Sherpa STT final: len=0 latency_ms=36 source=mic turn=8fc36122-018c-491a-aa94-a590502517e3 utterance=a88719e7-509a-484a-aa17-3d1226b41819
[2026-03-05 17:33:38,342] [INFO ] [sherpa.py::320 _generate]: Sherpa STT final: len=75 latency_ms=195 source=mic turn=8fc36122-018c-491a-aa94-a590502517e3 utterance=75a5904f-e096-4386-ba11-0eba0b6bad2d
[2026-03-05 17:33:38,342] [INFO ] [jaison.py::469 _interrupt_jobs]: Smart Barge-in: Interrupting and clearing queue due to: user_speaking_significant
[2026-03-05 17:33:38,343] [INFO ] [jaison.py::255 _record_stt_metrics]: STT metrics(window=20): avg_latency_ms=81 empty_rate=0.850 stop_cmd_recall=0.000
[2026-03-05 17:33:38,597] [INFO ] [jaison.py::430 create_job]: Queued new context_conversation_add_text job 4d2784b8-5aa1-49e7-9a01-20f2bc39baf9
[2026-03-05 17:33:38,597] [INFO ] [jaison.py::430 create_job]: Queued new response job 812b6e28-aa82-4bc1-a35c-f14555cdb872
[2026-03-05 17:33:40,652] [ERROR] [jaison.py::749 _process_job_loop]: Job 812b6e28-aa82-4bc1-a35c-f14555cdb872 failed with error: All connection attempts failed
Traceback (most recent call last):
  File "C:\Nirmita\.conda312\Lib\site-packages\httpx\_transports\default.py", line 101, in map_httpcore_exceptions
    yield
  File "C:\Nirmita\.conda312\Lib\site-packages\httpx\_transports\default.py", line 394, in handle_async_request
    resp = await self._pool.handle_async_request(req)
           ^^^^^^^^^^^^^^^^^^^^^^^^^^^^^^^^^^^^^^^^^^
  File "C:\Nirmita\.conda312\Lib\site-packages\httpcore\_async\connection_pool.py", line 256, in handle_async_request
    raise exc from None
  File "C:\Nirmita\.conda312\Lib\site-packages\httpcore\_async\connection_pool.py", line 236, in handle_async_request
    response = await connection.handle_async_request(
               ^^^^^^^^^^^^^^^^^^^^^^^^^^^^^^^^^^^^^^
  File "C:\Nirmita\.conda312\Lib\site-packages\httpcore\_async\connection.py", line 101, in handle_async_request
    raise exc
  File "C:\Nirmita\.conda312\Lib\site-packages\httpcore\_async\connection.py", line 78, in handle_async_request
    stream = await self._connect(request)
             ^^^^^^^^^^^^^^^^^^^^^^^^^^^^
  File "C:\Nirmita\.conda312\Lib\site-packages\httpcore\_async\connection.py", line 124, in _connect
    stream = await self._network_backend.connect_tcp(**kwargs)
             ^^^^^^^^^^^^^^^^^^^^^^^^^^^^^^^^^^^^^^^^^^^^^^^^^
  File "C:\Nirmita\.conda312\Lib\site-packages\httpcore\_backends\auto.py", line 31, in connect_tcp
    return await self._backend.connect_tcp(
           ^^^^^^^^^^^^^^^^^^^^^^^^^^^^^^^^
  File "C:\Nirmita\.conda312\Lib\site-packages\httpcore\_backends\anyio.py", line 113, in connect_tcp
    with map_exceptions(exc_map):
         ^^^^^^^^^^^^^^^^^^^^^^^
  File "C:\Nirmita\.conda312\Lib\contextlib.py", line 158, in __exit__
    self.gen.throw(value)
  File "C:\Nirmita\.conda312\Lib\site-packages\httpcore\_exceptions.py", line 14, in map_exceptions
    raise to_exc(exc) from exc
httpcore.ConnectError: All connection attempts failed

The above exception was the direct cause of the following exception:

Traceback (most recent call last):
  File "C:\Nirmita\src\utils\jaison.py", line 731, in _process_job_loop
    await self.job_current
  File "C:\Nirmita\src\utils\jaison.py", line 852, in response_pipeline
    async for chunk_out in self.op_manager.use_operation(OpRoles.T2T, {"instruction_prompt": instruction_prompt, "messages": history}):
  File "C:\Nirmita\src\utils\operations\base\operation.py", line 21, in __call__
    async for chunk_out in self._generate(**kwargs):
  File "C:\Nirmita\src\utils\operations\t2t\llamacpp.py", line 103, in _generate
    async with client.stream("POST", f"{uri}/v1/chat/completions", json=payload) as response:
               ^^^^^^^^^^^^^^^^^^^^^^^^^^^^^^^^^^^^^^^^^^^^^^^^^^^^^^^^^^^^^^^^^
  File "C:\Nirmita\.conda312\Lib\contextlib.py", line 210, in __aenter__
    return await anext(self.gen)
           ^^^^^^^^^^^^^^^^^^^^^
  File "C:\Nirmita\.conda312\Lib\site-packages\httpx\_client.py", line 1583, in stream
    response = await self.send(
               ^^^^^^^^^^^^^^^^
  File "C:\Nirmita\.conda312\Lib\site-packages\httpx\_client.py", line 1629, in send
    response = await self._send_handling_auth(
               ^^^^^^^^^^^^^^^^^^^^^^^^^^^^^^^
  File "C:\Nirmita\.conda312\Lib\site-packages\httpx\_client.py", line 1657, in _send_handling_auth
    response = await self._send_handling_redirects(
               ^^^^^^^^^^^^^^^^^^^^^^^^^^^^^^^^^^^^
  File "C:\Nirmita\.conda312\Lib\site-packages\httpx\_client.py", line 1694, in _send_handling_redirects
    response = await self._send_single_request(request)
               ^^^^^^^^^^^^^^^^^^^^^^^^^^^^^^^^^^^^^^^^
  File "C:\Nirmita\.conda312\Lib\site-packages\httpx\_client.py", line 1730, in _send_single_request
    response = await transport.handle_async_request(request)
               ^^^^^^^^^^^^^^^^^^^^^^^^^^^^^^^^^^^^^^^^^^^^^
  File "C:\Nirmita\.conda312\Lib\site-packages\httpx\_transports\default.py", line 393, in handle_async_request
    with map_httpcore_exceptions():
         ^^^^^^^^^^^^^^^^^^^^^^^^^
  File "C:\Nirmita\.conda312\Lib\contextlib.py", line 158, in __exit__
    self.gen.throw(value)
  File "C:\Nirmita\.conda312\Lib\site-packages\httpx\_transports\default.py", line 118, in map_httpcore_exceptions
    raise mapped_exc(message) from exc
httpx.ConnectError: All connection attempts failed
[2026-03-05 17:33:42,342] [INFO ] [sherpa.py::320 _generate]: Sherpa STT final: len=13 latency_ms=113 source=mic turn=8fc36122-018c-491a-aa94-a590502517e3 utterance=036a4dcf-3dd5-4805-ab06-a9972a38f332
[2026-03-05 17:33:42,342] [INFO ] [jaison.py::469 _interrupt_jobs]: Smart Barge-in: Interrupting and clearing queue due to: user_speaking_significant
[2026-03-05 17:33:42,598] [INFO ] [jaison.py::430 create_job]: Queued new context_conversation_add_text job 8acaa14c-1e43-4de5-aceb-6cfb3efdf720
[2026-03-05 17:33:42,598] [INFO ] [jaison.py::430 create_job]: Queued new response job 78c84c19-cbd6-40d0-ba4f-44d93089347b
[2026-03-05 17:33:44,649] [ERROR] [jaison.py::749 _process_job_loop]: Job 78c84c19-cbd6-40d0-ba4f-44d93089347b failed with error: All connection attempts failed
Traceback (most recent call last):
  File "C:\Nirmita\.conda312\Lib\site-packages\httpx\_transports\default.py", line 101, in map_httpcore_exceptions
    yield
  File "C:\Nirmita\.conda312\Lib\site-packages\httpx\_transports\default.py", line 394, in handle_async_request
    resp = await self._pool.handle_async_request(req)
           ^^^^^^^^^^^^^^^^^^^^^^^^^^^^^^^^^^^^^^^^^^
  File "C:\Nirmita\.conda312\Lib\site-packages\httpcore\_async\connection_pool.py", line 256, in handle_async_request
    raise exc from None
  File "C:\Nirmita\.conda312\Lib\site-packages\httpcore\_async\connection_pool.py", line 236, in handle_async_request
    response = await connection.handle_async_request(
               ^^^^^^^^^^^^^^^^^^^^^^^^^^^^^^^^^^^^^^
  File "C:\Nirmita\.conda312\Lib\site-packages\httpcore\_async\connection.py", line 101, in handle_async_request
    raise exc
  File "C:\Nirmita\.conda312\Lib\site-packages\httpcore\_async\connection.py", line 78, in handle_async_request
    stream = await self._connect(request)
             ^^^^^^^^^^^^^^^^^^^^^^^^^^^^
  File "C:\Nirmita\.conda312\Lib\site-packages\httpcore\_async\connection.py", line 124, in _connect
    stream = await self._network_backend.connect_tcp(**kwargs)
             ^^^^^^^^^^^^^^^^^^^^^^^^^^^^^^^^^^^^^^^^^^^^^^^^^
  File "C:\Nirmita\.conda312\Lib\site-packages\httpcore\_backends\auto.py", line 31, in connect_tcp
    return await self._backend.connect_tcp(
           ^^^^^^^^^^^^^^^^^^^^^^^^^^^^^^^^
  File "C:\Nirmita\.conda312\Lib\site-packages\httpcore\_backends\anyio.py", line 113, in connect_tcp
    with map_exceptions(exc_map):
         ^^^^^^^^^^^^^^^^^^^^^^^
  File "C:\Nirmita\.conda312\Lib\contextlib.py", line 158, in __exit__
    self.gen.throw(value)
  File "C:\Nirmita\.conda312\Lib\site-packages\httpcore\_exceptions.py", line 14, in map_exceptions
    raise to_exc(exc) from exc
httpcore.ConnectError: All connection attempts failed

The above exception was the direct cause of the following exception:

Traceback (most recent call last):
  File "C:\Nirmita\src\utils\jaison.py", line 731, in _process_job_loop
    await self.job_current
  File "C:\Nirmita\src\utils\jaison.py", line 852, in response_pipeline
    async for chunk_out in self.op_manager.use_operation(OpRoles.T2T, {"instruction_prompt": instruction_prompt, "messages": history}):
  File "C:\Nirmita\src\utils\operations\base\operation.py", line 21, in __call__
    async for chunk_out in self._generate(**kwargs):
  File "C:\Nirmita\src\utils\operations\t2t\llamacpp.py", line 103, in _generate
    async with client.stream("POST", f"{uri}/v1/chat/completions", json=payload) as response:
               ^^^^^^^^^^^^^^^^^^^^^^^^^^^^^^^^^^^^^^^^^^^^^^^^^^^^^^^^^^^^^^^^^
  File "C:\Nirmita\.conda312\Lib\contextlib.py", line 210, in __aenter__
    return await anext(self.gen)
           ^^^^^^^^^^^^^^^^^^^^^
  File "C:\Nirmita\.conda312\Lib\site-packages\httpx\_client.py", line 1583, in stream
    response = await self.send(
               ^^^^^^^^^^^^^^^^
  File "C:\Nirmita\.conda312\Lib\site-packages\httpx\_client.py", line 1629, in send
    response = await self._send_handling_auth(
               ^^^^^^^^^^^^^^^^^^^^^^^^^^^^^^^
  File "C:\Nirmita\.conda312\Lib\site-packages\httpx\_client.py", line 1657, in _send_handling_auth
    response = await self._send_handling_redirects(
               ^^^^^^^^^^^^^^^^^^^^^^^^^^^^^^^^^^^^
  File "C:\Nirmita\.conda312\Lib\site-packages\httpx\_client.py", line 1694, in _send_handling_redirects
    response = await self._send_single_request(request)
               ^^^^^^^^^^^^^^^^^^^^^^^^^^^^^^^^^^^^^^^^
  File "C:\Nirmita\.conda312\Lib\site-packages\httpx\_client.py", line 1730, in _send_single_request
    response = await transport.handle_async_request(request)
               ^^^^^^^^^^^^^^^^^^^^^^^^^^^^^^^^^^^^^^^^^^^^^
  File "C:\Nirmita\.conda312\Lib\site-packages\httpx\_transports\default.py", line 393, in handle_async_request
    with map_httpcore_exceptions():
         ^^^^^^^^^^^^^^^^^^^^^^^^^
  File "C:\Nirmita\.conda312\Lib\contextlib.py", line 158, in __exit__
    self.gen.throw(value)
  File "C:\Nirmita\.conda312\Lib\site-packages\httpx\_transports\default.py", line 118, in map_httpcore_exceptions
    raise mapped_exc(message) from exc
httpx.ConnectError: All connection attempts failed
[2026-03-05 17:33:46,807] [INFO ] [sherpa.py::320 _generate]: Sherpa STT final: len=2 latency_ms=29 source=mic turn=09a5dac4-2666-47c5-b7ea-e831ddeb1e85 utterance=7721fa8c-ae51-4dbd-a335-4f4e0d2f6a4f
[2026-03-05 17:33:47,064] [INFO ] [jaison.py::430 create_job]: Queued new context_conversation_add_text job 6420db35-f37d-455b-8534-a961339f0436
[2026-03-05 17:33:47,064] [INFO ] [jaison.py::568 _commit_pending_voice_turn]: Voice turn committed as context-only (no RESPONSE job).
[2026-03-05 17:33:48,271] [INFO ] [sherpa.py::320 _generate]: Sherpa STT final: len=0 latency_ms=54 source=mic turn=09a5dac4-2666-47c5-b7ea-e831ddeb1e85 utterance=e4d089f5-64fb-4578-94a1-dad4fc812daa
[2026-03-05 17:33:50,222] [INFO ] [sherpa.py::320 _generate]: Sherpa STT final: len=8 latency_ms=54 source=mic turn=09a5dac4-2666-47c5-b7ea-e831ddeb1e85 utterance=e7707fa1-ec05-4522-b12e-14fc5dafde92
[2026-03-05 17:33:50,486] [INFO ] [jaison.py::430 create_job]: Queued new context_conversation_add_text job 1fc30540-389e-49dc-8c88-e9f103661ab9
[2026-03-05 17:33:50,486] [INFO ] [jaison.py::568 _commit_pending_voice_turn]: Voice turn committed as context-only (no RESPONSE job).
[2026-03-05 17:34:02,408] [INFO ] [sherpa.py::320 _generate]: Sherpa STT final: len=0 latency_ms=50 source=mic turn=8ffb4e89-9db4-4a71-b788-ace701ee5d35 utterance=609b1b18-2644-4d49-8a70-1109713e4b5f
[2026-03-05 17:34:03,087] [INFO ] [sherpa.py::320 _generate]: Sherpa STT final: len=0 latency_ms=29 source=mic turn=8ffb4e89-9db4-4a71-b788-ace701ee5d35 utterance=2fe63b18-a5d9-4000-97f4-989335d68735
[2026-03-05 17:34:06,220] [INFO ] [sherpa.py::320 _generate]: Sherpa STT final: len=0 latency_ms=52 source=mic turn=8ffb4e89-9db4-4a71-b788-ace701ee5d35 utterance=8e831fad-1f53-49ff-aa3a-aa6fe1cdbfc1
[2026-03-05 17:34:08,006] [INFO ] [sherpa.py::320 _generate]: Sherpa STT final: len=0 latency_ms=49 source=mic turn=8ffb4e89-9db4-4a71-b788-ace701ee5d35 utterance=837bc196-dcac-4cbc-af4b-a2c527823fa8
[2026-03-05 17:34:08,625] [INFO ] [sherpa.py::320 _generate]: Sherpa STT final: len=0 latency_ms=28 source=mic turn=8ffb4e89-9db4-4a71-b788-ace701ee5d35 utterance=2ea22729-987a-4374-bb8a-3cf5c7f03320
[2026-03-05 17:34:11,309] [INFO ] [sherpa.py::320 _generate]: Sherpa STT final: len=13 latency_ms=91 source=mic turn=8ffb4e89-9db4-4a71-b788-ace701ee5d35 utterance=ac8a9867-d7d8-4b71-9390-635af8796415
[2026-03-05 17:34:11,309] [INFO ] [jaison.py::469 _interrupt_jobs]: Smart Barge-in: Interrupting and clearing queue due to: user_speaking_significant
[2026-03-05 17:34:11,567] [INFO ] [jaison.py::430 create_job]: Queued new context_conversation_add_text job 01f06ab1-2c8d-4597-b4fb-91dd47a3af05
[2026-03-05 17:34:11,567] [INFO ] [jaison.py::430 create_job]: Queued new response job 549f26ef-a3eb-4cf7-bda6-43b07423d3ab
[2026-03-05 17:34:13,621] [ERROR] [jaison.py::749 _process_job_loop]: Job 549f26ef-a3eb-4cf7-bda6-43b07423d3ab failed with error: All connection attempts failed
Traceback (most recent call last):
  File "C:\Nirmita\.conda312\Lib\site-packages\httpx\_transports\default.py", line 101, in map_httpcore_exceptions
    yield
  File "C:\Nirmita\.conda312\Lib\site-packages\httpx\_transports\default.py", line 394, in handle_async_request
    resp = await self._pool.handle_async_request(req)
           ^^^^^^^^^^^^^^^^^^^^^^^^^^^^^^^^^^^^^^^^^^
  File "C:\Nirmita\.conda312\Lib\site-packages\httpcore\_async\connection_pool.py", line 256, in handle_async_request
    raise exc from None
  File "C:\Nirmita\.conda312\Lib\site-packages\httpcore\_async\connection_pool.py", line 236, in handle_async_request
    response = await connection.handle_async_request(
               ^^^^^^^^^^^^^^^^^^^^^^^^^^^^^^^^^^^^^^
  File "C:\Nirmita\.conda312\Lib\site-packages\httpcore\_async\connection.py", line 101, in handle_async_request
    raise exc
  File "C:\Nirmita\.conda312\Lib\site-packages\httpcore\_async\connection.py", line 78, in handle_async_request
    stream = await self._connect(request)
             ^^^^^^^^^^^^^^^^^^^^^^^^^^^^
  File "C:\Nirmita\.conda312\Lib\site-packages\httpcore\_async\connection.py", line 124, in _connect
    stream = await self._network_backend.connect_tcp(**kwargs)
             ^^^^^^^^^^^^^^^^^^^^^^^^^^^^^^^^^^^^^^^^^^^^^^^^^
  File "C:\Nirmita\.conda312\Lib\site-packages\httpcore\_backends\auto.py", line 31, in connect_tcp
    return await self._backend.connect_tcp(
           ^^^^^^^^^^^^^^^^^^^^^^^^^^^^^^^^
  File "C:\Nirmita\.conda312\Lib\site-packages\httpcore\_backends\anyio.py", line 113, in connect_tcp
    with map_exceptions(exc_map):
         ^^^^^^^^^^^^^^^^^^^^^^^
  File "C:\Nirmita\.conda312\Lib\contextlib.py", line 158, in __exit__
    self.gen.throw(value)
  File "C:\Nirmita\.conda312\Lib\site-packages\httpcore\_exceptions.py", line 14, in map_exceptions
    raise to_exc(exc) from exc
httpcore.ConnectError: All connection attempts failed

The above exception was the direct cause of the following exception:

Traceback (most recent call last):
  File "C:\Nirmita\src\utils\jaison.py", line 731, in _process_job_loop
    await self.job_current
  File "C:\Nirmita\src\utils\jaison.py", line 852, in response_pipeline
    async for chunk_out in self.op_manager.use_operation(OpRoles.T2T, {"instruction_prompt": instruction_prompt, "messages": history}):
  File "C:\Nirmita\src\utils\operations\base\operation.py", line 21, in __call__
    async for chunk_out in self._generate(**kwargs):
  File "C:\Nirmita\src\utils\operations\t2t\llamacpp.py", line 103, in _generate
    async with client.stream("POST", f"{uri}/v1/chat/completions", json=payload) as response:
               ^^^^^^^^^^^^^^^^^^^^^^^^^^^^^^^^^^^^^^^^^^^^^^^^^^^^^^^^^^^^^^^^^
  File "C:\Nirmita\.conda312\Lib\contextlib.py", line 210, in __aenter__
    return await anext(self.gen)
           ^^^^^^^^^^^^^^^^^^^^^
  File "C:\Nirmita\.conda312\Lib\site-packages\httpx\_client.py", line 1583, in stream
    response = await self.send(
               ^^^^^^^^^^^^^^^^
  File "C:\Nirmita\.conda312\Lib\site-packages\httpx\_client.py", line 1629, in send
    response = await self._send_handling_auth(
               ^^^^^^^^^^^^^^^^^^^^^^^^^^^^^^^
  File "C:\Nirmita\.conda312\Lib\site-packages\httpx\_client.py", line 1657, in _send_handling_auth
    response = await self._send_handling_redirects(
               ^^^^^^^^^^^^^^^^^^^^^^^^^^^^^^^^^^^^
  File "C:\Nirmita\.conda312\Lib\site-packages\httpx\_client.py", line 1694, in _send_handling_redirects
    response = await self._send_single_request(request)
               ^^^^^^^^^^^^^^^^^^^^^^^^^^^^^^^^^^^^^^^^
  File "C:\Nirmita\.conda312\Lib\site-packages\httpx\_client.py", line 1730, in _send_single_request
    response = await transport.handle_async_request(request)
               ^^^^^^^^^^^^^^^^^^^^^^^^^^^^^^^^^^^^^^^^^^^^^
  File "C:\Nirmita\.conda312\Lib\site-packages\httpx\_transports\default.py", line 393, in handle_async_request
    with map_httpcore_exceptions():
         ^^^^^^^^^^^^^^^^^^^^^^^^^
  File "C:\Nirmita\.conda312\Lib\contextlib.py", line 158, in __exit__
    self.gen.throw(value)
  File "C:\Nirmita\.conda312\Lib\site-packages\httpx\_transports\default.py", line 118, in map_httpcore_exceptions
    raise mapped_exc(message) from exc
httpx.ConnectError: All connection attempts failed
[2026-03-05 17:34:19,815] [INFO ] [sherpa.py::320 _generate]: Sherpa STT final: len=0 latency_ms=185 source=mic turn=8ffb4e89-9db4-4a71-b788-ace701ee5d35 utterance=fe6f469f-3641-4136-bad8-180b193574ff
[2026-03-05 17:34:20,614] [INFO ] [sherpa.py::320 _generate]: Sherpa STT final: len=0 latency_ms=28 source=mic turn=9aeb20ea-fe6c-40ba-8746-1e8b7dba4e0e utterance=7d105feb-af8f-4553-a93c-7c038116d867
[2026-03-05 17:34:21,576] [INFO ] [sherpa.py::320 _generate]: Sherpa STT final: len=0 latency_ms=50 source=mic turn=7dcca6c7-9b11-4370-8114-29c12ece1970 utterance=9652b951-8992-4fd7-835a-151d19ddaf2b
[2026-03-05 17:34:24,535] [INFO ] [sherpa.py::320 _generate]: Sherpa STT final: len=0 latency_ms=68 source=mic turn=7dcca6c7-9b11-4370-8114-29c12ece1970 utterance=46b5afcb-d222-4ef6-817d-43eae90e6637
[2026-03-05 17:34:25,365] [INFO ] [sherpa.py::320 _generate]: Sherpa STT final: len=0 latency_ms=27 source=mic turn=7dcca6c7-9b11-4370-8114-29c12ece1970 utterance=10d80500-7d20-4e86-99d1-3bbc13b528a7
[2026-03-05 17:34:26,886] [INFO ] [sherpa.py::320 _generate]: Sherpa STT final: len=0 latency_ms=50 source=mic turn=7dcca6c7-9b11-4370-8114-29c12ece1970 utterance=4a6816d1-616f-474d-a998-233add5d39e7
[2026-03-05 17:34:42,952] [INFO ] [jaison.py::110 start]: Starting JAIson application layer.
[2026-03-05 17:34:42,967] [INFO ] [manager.py::293 load_operations_from_config]: Active STT from config: sherpa_ru
[2026-03-05 17:34:44,594] [INFO ] [operation.py::32 start]: Starting STT operation sherpa_ru
[2026-03-05 17:34:44,594] [INFO ] [manager.py::26 load]: Loading process by type sherpa_stt
[2026-03-05 17:34:44,596] [WARNI] [base.py::46 unload]: Attempted to unload process sherpa_stt when it is already unloaded
[2026-03-05 17:34:44,597] [INFO ] [sherpa_server.py::85 _prepare_hotwords_file]: Sherpa STT hotwords validated: 3 entries
[2026-03-05 17:34:44,598] [INFO ] [sherpa_server.py::295 reload]: Sherpa STT config: port=6106 model_dir=C:\Nirmita\models\vosk-model-small-streaming-ru, model_variant=fp32, decoding_method=modified_beam_search, num_active_paths=6, use_endpoint=0, bpe_vocab=C:\Nirmita\models\vosk-model-small-streaming-ru\lang\unigram_500.vocab, hotwords_file=C:\Nirmita\models\hotwords.txt, hotwords_score=3.5
[2026-03-05 17:34:44,598] [INFO ] [sherpa_server.py::307 reload]: Starting Sherpa STT Server with command: C:\Nirmita\.conda312\python.exe C:\Nirmita\apps\stt-sherpa-server\start_server.py --encoder C:\Nirmita\models\vosk-model-small-streaming-ru\am-onnx\encoder.onnx --decoder C:\Nirmita\models\vosk-model-small-streaming-ru\am-onnx\decoder.onnx --joiner C:\Nirmita\models\vosk-model-small-streaming-ru\am-onnx\joiner.onnx --tokens C:\Nirmita\models\vosk-model-small-streaming-ru\lang\tokens.txt --modeling-unit bpe --decoding-method modified_beam_search --num-active-paths 6 --use-endpoint 0 --port 6106 --provider cpu --doc-root C:\Nirmita\apps\stt-sherpa-server --bpe-vocab C:\Nirmita\models\vosk-model-small-streaming-ru\lang\unigram_500.vocab --hotwords-file C:\Nirmita\logs\sherpa_hotwords.resolved.txt --hotwords-score 3.5
[2026-03-05 17:34:48,929] [INFO ] [operation.py::32 start]: Starting T2T operation llamacpp
[2026-03-05 17:34:48,930] [INFO ] [manager.py::26 load]: Loading process by type llamacpp
[2026-03-05 17:34:48,935] [INFO ] [llamacpp.py::81 reload]: Opened Llama.cpp server (PID: 23572) on port 12819 (GPU: 0)
[2026-03-05 17:34:48,935] [INFO ] [llamacpp.py::89 reload]: Waiting for llama-server to be ready at http://127.0.0.1:12819/health ...
[2026-03-05 17:34:53,112] [INFO ] [llamacpp.py::101 reload]: llama-server is ready! (attempt 8, port 12819)
[2026-03-05 17:34:53,114] [INFO ] [operation.py::32 start]: Starting FILTER_TEXT operation filter_clean
[2026-03-05 17:34:53,713] [INFO ] [operation.py::32 start]: Starting FILTER_TEXT operation chunker_sentence
[2026-03-05 17:34:54,233] [INFO ] [manager.py::26 load]: Loading process by type hw_mic
[2026-03-05 17:34:54,233] [WARNI] [base.py::46 unload]: Attempted to unload process hw_mic when it is already unloaded
[2026-03-05 17:34:54,240] [INFO ] [jaison.py::138 start]: JAIson application layer has started.
[2026-03-05 17:34:54,240] [INFO ] [logging.py::106 info]: Running on http://127.0.0.1:7272 (CTRL + C to quit)
[2026-03-05 17:34:57,315] [INFO ] [app_server.py::77 ws]: Opened new websocket connection
[2026-03-05 17:35:28,824] [INFO ] [sherpa.py::320 _generate]: Sherpa STT final: len=0 latency_ms=67 source=mic turn=53e245c6-80cc-4217-83e3-4554210f95e8 utterance=263e26cc-f05f-45ce-b052-1a2972c0be2a
[2026-03-05 17:35:29,246] [INFO ] [sherpa.py::320 _generate]: Sherpa STT final: len=0 latency_ms=50 source=mic turn=f15f0f0b-0541-4ca2-9f93-c5d87dd011aa utterance=149f34e3-2ee0-4030-b2f6-6b352c912e38
[2026-03-05 17:35:37,237] [INFO ] [sherpa.py::320 _generate]: Sherpa STT final: len=36 latency_ms=160 source=mic turn=d8920b88-8f52-40ed-9de7-cfaf4b45f097 utterance=5002a927-8c70-4b9a-8324-e21c5017adfb
[2026-03-05 17:35:37,238] [INFO ] [jaison.py::469 _interrupt_jobs]: Smart Barge-in: Interrupting and clearing queue due to: user_speaking_significant
[2026-03-05 17:35:37,510] [INFO ] [jaison.py::430 create_job]: Queued new context_conversation_add_text job 2624cd36-2e9d-42e8-bad3-ae3ef04ae704
[2026-03-05 17:35:37,510] [INFO ] [jaison.py::430 create_job]: Queued new response job b9a6d608-7686-4096-847f-d278f69007be
[2026-03-05 17:35:38,046] [INFO ] [operation.py::25 __call__]: T2T operation llamacpp completed in 534.8578999983147 ms
[2026-03-05 17:35:38,058] [INFO ] [operation.py::25 __call__]: FILTER_TEXT operation chunker_sentence completed in 11.694200016791001 ms
[2026-03-05 17:35:38,058] [INFO ] [operation.py::25 __call__]: FILTER_TEXT operation filter_clean completed in 11.865000007674098 ms
[2026-03-05 17:35:38,059] [INFO ] [jaison.py::952 response_pipeline]: Response job b9a6d608-7686-4096-847f-d278f69007be completed. Content: 'Ой, привет! Да, я уже онлайн. Как дела?...'
[2026-03-05 17:35:41,997] [INFO ] [sherpa.py::320 _generate]: Sherpa STT final: len=0 latency_ms=60 source=mic turn=cf0c2113-3e97-4a30-85f2-ee70a67e6a7c utterance=0735b563-f1fe-4b37-b18d-e43047559cc1
[2026-03-05 17:35:43,971] [INFO ] [sherpa.py::320 _generate]: Sherpa STT final: len=11 latency_ms=84 source=mic turn=cf0c2113-3e97-4a30-85f2-ee70a67e6a7c utterance=cb53666a-c97b-41ea-b385-36668e06241f
[2026-03-05 17:35:43,971] [INFO ] [jaison.py::469 _interrupt_jobs]: Smart Barge-in: Interrupting and clearing queue due to: user_speaking_significant
[2026-03-05 17:35:44,205] [INFO ] [jaison.py::430 create_job]: Queued new context_conversation_add_text job 310633a5-a903-49f2-ae76-87023972b6ea
[2026-03-05 17:35:44,205] [INFO ] [jaison.py::430 create_job]: Queued new response job b1e0b70b-a581-4ff0-a817-c719e7a6f4d6
[2026-03-05 17:35:44,491] [INFO ] [operation.py::25 __call__]: T2T operation llamacpp completed in 283.4850000217557 ms
[2026-03-05 17:35:44,499] [INFO ] [operation.py::25 __call__]: FILTER_TEXT operation chunker_sentence completed in 8.364699984667823 ms
[2026-03-05 17:35:44,500] [INFO ] [operation.py::25 __call__]: FILTER_TEXT operation filter_clean completed in 8.547700010240078 ms
[2026-03-05 17:35:44,501] [INFO ] [jaison.py::952 response_pipeline]: Response job b1e0b70b-a581-4ff0-a817-c719e7a6f4d6 completed. Content: 'Привет! Как дела?...'
[2026-03-05 17:35:46,972] [INFO ] [sherpa.py::320 _generate]: Sherpa STT final: len=39 latency_ms=134 source=mic turn=cf0c2113-3e97-4a30-85f2-ee70a67e6a7c utterance=c0c0b9b5-0cbe-4d33-aaa2-ae37d1ac412f
[2026-03-05 17:35:46,972] [INFO ] [jaison.py::469 _interrupt_jobs]: Smart Barge-in: Interrupting and clearing queue due to: user_speaking_significant
[2026-03-05 17:35:47,228] [INFO ] [jaison.py::430 create_job]: Queued new context_conversation_add_text job 0c9b5071-217b-4666-bede-3c6450408c7a
[2026-03-05 17:35:47,228] [INFO ] [jaison.py::430 create_job]: Queued new response job d4beae30-1882-405e-98d0-90ad71f0c250
[2026-03-05 17:35:47,610] [INFO ] [operation.py::25 __call__]: T2T operation llamacpp completed in 381.28069997765124 ms
[2026-03-05 17:35:47,618] [INFO ] [operation.py::25 __call__]: FILTER_TEXT operation chunker_sentence completed in 8.053400000790134 ms
[2026-03-05 17:35:47,619] [INFO ] [operation.py::25 __call__]: FILTER_TEXT operation filter_clean completed in 8.2125999906566 ms
[2026-03-05 17:35:47,619] [INFO ] [jaison.py::952 response_pipeline]: Response job d4beae30-1882-405e-98d0-90ad71f0c250 completed. Content: 'Ну, привет! Как дела-то?...'
[2026-03-05 17:36:10,026] [INFO ] [sherpa.py::320 _generate]: Sherpa STT final: len=11 latency_ms=90 source=mic turn=398860af-a3db-426a-a1c3-66a8a1335ea6 utterance=de4dca4d-4acd-4361-9901-4403bbe19fb5
[2026-03-05 17:36:10,026] [INFO ] [jaison.py::469 _interrupt_jobs]: Smart Barge-in: Interrupting and clearing queue due to: user_speaking_significant
[2026-03-05 17:36:10,283] [INFO ] [jaison.py::430 create_job]: Queued new context_conversation_add_text job 248f4c47-5e34-4fa5-9f9d-adc01385fd06
[2026-03-05 17:36:10,283] [INFO ] [jaison.py::430 create_job]: Queued new response job 58f85c9c-5de0-4206-ab34-e5e34bd8520f
[2026-03-05 17:36:10,607] [INFO ] [operation.py::25 __call__]: T2T operation llamacpp completed in 322.65929999994114 ms
[2026-03-05 17:36:10,618] [INFO ] [operation.py::25 __call__]: FILTER_TEXT operation chunker_sentence completed in 10.456999996677041 ms
[2026-03-05 17:36:10,618] [INFO ] [operation.py::25 __call__]: FILTER_TEXT operation filter_clean completed in 10.625700000673532 ms
[2026-03-05 17:36:10,618] [INFO ] [jaison.py::952 response_pipeline]: Response job 58f85c9c-5de0-4206-ab34-e5e34bd8520f completed. Content: 'Привет! Как дела-то?...'
[2026-03-05 17:36:12,777] [INFO ] [sherpa.py::320 _generate]: Sherpa STT final: len=20 latency_ms=93 source=mic turn=398860af-a3db-426a-a1c3-66a8a1335ea6 utterance=2261b022-ee3e-4eaf-86d3-284dae62f7b7
[2026-03-05 17:36:12,778] [INFO ] [jaison.py::469 _interrupt_jobs]: Smart Barge-in: Interrupting and clearing queue due to: user_speaking_significant
[2026-03-05 17:36:13,030] [INFO ] [jaison.py::430 create_job]: Queued new context_conversation_add_text job 3e9c5f80-07d5-46f2-a458-85177541dbe3
[2026-03-05 17:36:13,030] [INFO ] [jaison.py::430 create_job]: Queued new response job a339deee-9f03-467d-ad7b-cb4e4bc7c371
[2026-03-05 17:36:13,414] [INFO ] [operation.py::25 __call__]: T2T operation llamacpp completed in 383.13420000486076 ms
[2026-03-05 17:36:13,425] [INFO ] [operation.py::25 __call__]: FILTER_TEXT operation chunker_sentence completed in 10.11940001626499 ms
[2026-03-05 17:36:13,425] [INFO ] [operation.py::25 __call__]: FILTER_TEXT operation filter_clean completed in 10.29580002068542 ms
[2026-03-05 17:36:13,426] [INFO ] [jaison.py::952 response_pipeline]: Response job a339deee-9f03-467d-ad7b-cb4e4bc7c371 completed. Content: 'Привет! Как дела-то, милый человек?...'
[2026-03-05 17:36:24,373] [INFO ] [sherpa.py::320 _generate]: Sherpa STT final: len=0 latency_ms=59 source=mic turn=68b5815e-8f0c-4a92-b7a1-4bad767ded9a utterance=3739ba4f-f10b-4a36-8c6c-b1939e4813f8
[2026-03-05 17:36:26,162] [INFO ] [sherpa.py::320 _generate]: Sherpa STT final: len=15 latency_ms=122 source=mic turn=f343f9d7-2364-4366-8e97-16887dc911b6 utterance=2a8bc6bc-539c-45d4-a2d8-d67b7e1b0341
[2026-03-05 17:36:26,162] [INFO ] [jaison.py::469 _interrupt_jobs]: Smart Barge-in: Interrupting and clearing queue due to: user_speaking_significant
[2026-03-05 17:36:26,421] [INFO ] [jaison.py::430 create_job]: Queued new context_conversation_add_text job 81f5083d-c63b-4a1d-bda0-5e09bcba6ae5
[2026-03-05 17:36:26,422] [INFO ] [jaison.py::430 create_job]: Queued new response job 571ab6a3-1163-43cf-a0a2-0a268938a0d7
[2026-03-05 17:36:26,812] [INFO ] [operation.py::25 __call__]: T2T operation llamacpp completed in 389.79340001242235 ms
[2026-03-05 17:36:26,822] [INFO ] [operation.py::25 __call__]: FILTER_TEXT operation chunker_sentence completed in 9.35340000432916 ms
[2026-03-05 17:36:26,822] [INFO ] [operation.py::25 __call__]: FILTER_TEXT operation filter_clean completed in 9.548600006382912 ms
[2026-03-05 17:36:26,822] [INFO ] [jaison.py::952 response_pipeline]: Response job 571ab6a3-1163-43cf-a0a2-0a268938a0d7 completed. Content: 'Привет, Крис! Как дела?...'
[2026-03-05 17:36:29,305] [INFO ] [sherpa.py::320 _generate]: Sherpa STT final: len=0 latency_ms=40 source=mic turn=2597547e-ac73-46db-9296-6dfae9a3b382 utterance=9bf5a635-4daa-4262-948c-224137fd4a4f
[2026-03-05 17:36:33,284] [INFO ] [sherpa.py::320 _generate]: Sherpa STT final: len=44 latency_ms=118 source=mic turn=2597547e-ac73-46db-9296-6dfae9a3b382 utterance=68fd3693-8790-4c06-8183-7c4e7b1b57d7
[2026-03-05 17:36:33,284] [INFO ] [jaison.py::469 _interrupt_jobs]: Smart Barge-in: Interrupting and clearing queue due to: user_speaking_significant
[2026-03-05 17:36:33,540] [INFO ] [jaison.py::430 create_job]: Queued new context_conversation_add_text job d96c6d8e-1688-4a80-9030-5eaa8d983034
[2026-03-05 17:36:33,540] [INFO ] [jaison.py::430 create_job]: Queued new response job 29362127-b5ef-46fc-9473-6c2949fae0d4
[2026-03-05 17:36:33,999] [INFO ] [operation.py::25 __call__]: T2T operation llamacpp completed in 457.42610000888817 ms
[2026-03-05 17:36:34,011] [INFO ] [operation.py::25 __call__]: FILTER_TEXT operation chunker_sentence completed in 11.844299995573238 ms
[2026-03-05 17:36:34,011] [INFO ] [operation.py::25 __call__]: FILTER_TEXT operation filter_clean completed in 12.033999984851107 ms
[2026-03-05 17:36:34,012] [INFO ] [jaison.py::952 response_pipeline]: Response job 29362127-b5ef-46fc-9473-6c2949fae0d4 completed. Content: 'Привет! Как дела-то, дружище?...'
[2026-03-05 17:36:43,795] [INFO ] [sherpa.py::320 _generate]: Sherpa STT final: len=0 latency_ms=33 source=mic turn=f9806974-7efb-4730-a909-10d048a33a64 utterance=ccd22587-5109-466c-95c2-f1226052bf24
[2026-03-05 17:36:44,978] [INFO ] [sherpa.py::320 _generate]: Sherpa STT final: len=3 latency_ms=33 source=mic turn=e2ced219-20c4-403f-823a-eda8e246951c utterance=59e2e688-f708-4b86-bcdf-d926d17580af
[2026-03-05 17:36:45,245] [INFO ] [jaison.py::430 create_job]: Queued new context_conversation_add_text job 9eed4225-028a-452b-998b-51dac1607bfb
[2026-03-05 17:36:45,245] [INFO ] [jaison.py::568 _commit_pending_voice_turn]: Voice turn committed as context-only (no RESPONSE job).
[2026-03-05 17:36:45,839] [INFO ] [sherpa.py::320 _generate]: Sherpa STT final: len=3 latency_ms=34 source=mic turn=e2ced219-20c4-403f-823a-eda8e246951c utterance=85aa873b-6bed-4b39-9d4f-0f2c172b8d4a
[2026-03-05 17:36:46,098] [INFO ] [jaison.py::430 create_job]: Queued new context_conversation_add_text job 26d971fd-62cc-47e9-a4b1-3194b5c1c994
[2026-03-05 17:36:46,098] [INFO ] [jaison.py::568 _commit_pending_voice_turn]: Voice turn committed as context-only (no RESPONSE job).
[2026-03-05 17:36:48,621] [INFO ] [sherpa.py::320 _generate]: Sherpa STT final: len=16 latency_ms=106 source=mic turn=e2ced219-20c4-403f-823a-eda8e246951c utterance=586ad3f7-529b-4401-a7ec-b780dd4c3d9c
[2026-03-05 17:36:48,621] [INFO ] [jaison.py::469 _interrupt_jobs]: Smart Barge-in: Interrupting and clearing queue due to: user_speaking_significant
[2026-03-05 17:36:48,886] [INFO ] [jaison.py::430 create_job]: Queued new context_conversation_add_text job a1cd9c10-bcce-43d9-924f-81b2775e4489
[2026-03-05 17:36:48,886] [INFO ] [jaison.py::430 create_job]: Queued new response job bfda9a81-afdf-4d4e-9f51-5b2ec1ccdc73
[2026-03-05 17:36:49,334] [INFO ] [operation.py::25 __call__]: T2T operation llamacpp completed in 448.27650001388974 ms
[2026-03-05 17:36:49,344] [INFO ] [operation.py::25 __call__]: FILTER_TEXT operation chunker_sentence completed in 8.814600005280226 ms
[2026-03-05 17:36:49,344] [INFO ] [operation.py::25 __call__]: FILTER_TEXT operation filter_clean completed in 8.965699991676956 ms
[2026-03-05 17:36:49,345] [INFO ] [jaison.py::952 response_pipeline]: Response job bfda9a81-afdf-4d4e-9f51-5b2ec1ccdc73 completed. Content: 'Привет, Гера! Как жизнь, дружище?...'
[2026-03-05 17:36:51,697] [INFO ] [sherpa.py::320 _generate]: Sherpa STT final: len=6 latency_ms=70 source=mic turn=e2ced219-20c4-403f-823a-eda8e246951c utterance=898efe79-0281-49d5-816e-9004d726eb4d
[2026-03-05 17:36:51,950] [INFO ] [jaison.py::430 create_job]: Queued new context_conversation_add_text job 6ada0258-10e3-4c67-801e-451db1a91521
[2026-03-05 17:36:51,950] [INFO ] [jaison.py::568 _commit_pending_voice_turn]: Voice turn committed as context-only (no RESPONSE job).
[2026-03-05 17:36:52,943] [INFO ] [sherpa.py::320 _generate]: Sherpa STT final: len=0 latency_ms=37 source=mic turn=e2ced219-20c4-403f-823a-eda8e246951c utterance=b184017d-66d9-4319-9ecc-8d693b9375b4
[2026-03-05 17:36:54,874] [INFO ] [sherpa.py::320 _generate]: Sherpa STT final: len=6 latency_ms=89 source=mic turn=e2ced219-20c4-403f-823a-eda8e246951c utterance=aefe95df-b518-4445-80c3-686836a68474
[2026-03-05 17:36:55,132] [INFO ] [jaison.py::430 create_job]: Queued new context_conversation_add_text job d923a546-3ffd-4a0f-92a7-e9d0a8c7c32d
[2026-03-05 17:36:55,132] [INFO ] [jaison.py::568 _commit_pending_voice_turn]: Voice turn committed as context-only (no RESPONSE job).
[2026-03-05 17:36:59,372] [INFO ] [sherpa.py::320 _generate]: Sherpa STT final: len=0 latency_ms=138 source=mic turn=e2ced219-20c4-403f-823a-eda8e246951c utterance=0aa330fd-d22c-4426-94b5-648c74501b56
[2026-03-05 17:36:59,373] [INFO ] [jaison.py::255 _record_stt_metrics]: STT metrics(window=20): avg_latency_ms=80 empty_rate=0.400 stop_cmd_recall=0.000
[2026-03-05 17:37:07,300] [INFO ] [sherpa.py::320 _generate]: Sherpa STT final: len=0 latency_ms=36 source=mic turn=9d7f80b0-48b3-45d8-a523-046d24f7709f utterance=f04bae35-b4f4-46b0-9f4b-08cac4baa7fb
[2026-03-05 17:37:07,578] [INFO ] [sherpa.py::320 _generate]: Sherpa STT final: len=0 latency_ms=36 source=mic turn=65db1744-6fd9-475d-b573-367a06938bbb utterance=b6badcf8-ddd5-47a3-85ef-0c79f1876763
[2026-03-05 17:37:11,437] [INFO ] [sherpa.py::320 _generate]: Sherpa STT final: len=0 latency_ms=43 source=mic turn=8c887159-7e8f-478c-b3c1-0cec22d7db2c utterance=98e2e0d1-2f06-4362-b5e0-01dce1c6c6d9
[2026-03-05 17:37:13,137] [INFO ] [sherpa.py::320 _generate]: Sherpa STT final: len=0 latency_ms=71 source=mic turn=8c887159-7e8f-478c-b3c1-0cec22d7db2c utterance=845a3b55-cc67-46c7-bd86-7c58d2537159
[2026-03-05 17:37:17,441] [INFO ] [sherpa.py::320 _generate]: Sherpa STT final: len=0 latency_ms=95 source=mic turn=1a85c320-d6a4-457c-8cdf-7aee2296fbe6 utterance=256e641e-73d8-417b-9b34-6262fd8d732f
[2026-03-05 17:37:18,529] [INFO ] [sherpa.py::320 _generate]: Sherpa STT final: len=0 latency_ms=65 source=mic turn=1a85c320-d6a4-457c-8cdf-7aee2296fbe6 utterance=ba5d2746-55b2-4cbd-b2f5-34ae076f3056
[2026-03-05 17:37:31,283] [INFO ] [sherpa.py::320 _generate]: Sherpa STT final: len=67 latency_ms=236 source=mic turn=402022b3-ad2c-4fbe-9f10-8819c051270c utterance=b3d65260-a1c8-4020-9aad-d7dd74fa7c55
[2026-03-05 17:37:31,283] [INFO ] [jaison.py::469 _interrupt_jobs]: Smart Barge-in: Interrupting and clearing queue due to: user_speaking_significant
[2026-03-05 17:37:31,541] [INFO ] [jaison.py::430 create_job]: Queued new context_conversation_add_text job 7ba65b86-6cd0-4b6b-ad6c-6323f94de863
[2026-03-05 17:37:31,541] [INFO ] [jaison.py::430 create_job]: Queued new response job ce0d335e-49b7-41c6-9886-98d1cbbb0f46
[2026-03-05 17:37:32,092] [INFO ] [operation.py::25 __call__]: T2T operation llamacpp completed in 550.1092000049539 ms
[2026-03-05 17:37:32,103] [INFO ] [operation.py::25 __call__]: FILTER_TEXT operation chunker_sentence completed in 10.983400017721578 ms
[2026-03-05 17:37:32,103] [INFO ] [operation.py::25 __call__]: FILTER_TEXT operation filter_clean completed in 11.178999993717298 ms
[2026-03-05 17:37:32,104] [INFO ] [jaison.py::952 response_pipeline]: Response job ce0d335e-49b7-41c6-9886-98d1cbbb0f46 completed. Content: 'Привет, солнышко! Какой у нас план на утро?...'
[2026-03-05 17:37:33,082] [INFO ] [sherpa.py::320 _generate]: Sherpa STT final: len=19 latency_ms=86 source=mic turn=402022b3-ad2c-4fbe-9f10-8819c051270c utterance=6a5ff170-991a-438a-b9f0-fdb8e9df2003
[2026-03-05 17:37:33,082] [INFO ] [jaison.py::469 _interrupt_jobs]: Smart Barge-in: Interrupting and clearing queue due to: user_speaking_significant
[2026-03-05 17:37:33,337] [INFO ] [jaison.py::430 create_job]: Queued new context_conversation_add_text job e34cb150-c366-471e-b0bb-7ad2580725af
[2026-03-05 17:37:33,337] [INFO ] [jaison.py::430 create_job]: Queued new response job 21af3a12-1508-4ad3-af6b-a27a0d2be636
[2026-03-05 17:37:34,028] [INFO ] [operation.py::25 __call__]: T2T operation llamacpp completed in 689.6997999865562 ms
[2026-03-05 17:37:34,039] [INFO ] [operation.py::25 __call__]: FILTER_TEXT operation chunker_sentence completed in 10.546400008024648 ms
[2026-03-05 17:37:34,039] [INFO ] [operation.py::25 __call__]: FILTER_TEXT operation filter_clean completed in 10.709700000006706 ms
[2026-03-05 17:37:34,040] [INFO ] [jaison.py::952 response_pipeline]: Response job 21af3a12-1508-4ad3-af6b-a27a0d2be636 completed. Content: 'Ой, привет! Я тут, рассказывай, что у вас там интересного произошло?...'
[2026-03-05 17:37:34,946] [INFO ] [sherpa.py::320 _generate]: Sherpa STT final: len=0 latency_ms=62 source=mic turn=402022b3-ad2c-4fbe-9f10-8819c051270c utterance=22b6b82f-be2e-47e6-bee6-d3aa2ac36cfd
[2026-03-05 17:37:39,649] [INFO ] [sherpa.py::320 _generate]: Sherpa STT final: len=69 latency_ms=184 source=mic turn=402022b3-ad2c-4fbe-9f10-8819c051270c utterance=4d2c7160-d0fe-4b24-b3fe-17924ae6a032
[2026-03-05 17:37:39,650] [INFO ] [jaison.py::469 _interrupt_jobs]: Smart Barge-in: Interrupting and clearing queue due to: user_speaking_significant
[2026-03-05 17:37:39,887] [INFO ] [jaison.py::430 create_job]: Queued new context_conversation_add_text job 0284ff99-d561-4021-b692-cd5768678c00
[2026-03-05 17:37:39,887] [INFO ] [jaison.py::430 create_job]: Queued new response job 0b7cee43-309c-4e78-8fd1-30c9a9e5a218
[2026-03-05 17:37:40,281] [INFO ] [operation.py::25 __call__]: T2T operation llamacpp completed in 391.9746000028681 ms
[2026-03-05 17:37:40,289] [INFO ] [operation.py::25 __call__]: FILTER_TEXT operation chunker_sentence completed in 7.958700007293373 ms
[2026-03-05 17:37:40,289] [INFO ] [operation.py::25 __call__]: FILTER_TEXT operation filter_clean completed in 8.155099989380687 ms
[2026-03-05 17:37:40,289] [INFO ] [jaison.py::952 response_pipeline]: Response job 0b7cee43-309c-4e78-8fd1-30c9a9e5a218 completed. Content: 'Ой, привет! Как дела-то?...'
[2026-03-05 17:37:41,027] [INFO ] [sherpa.py::320 _generate]: Sherpa STT final: len=0 latency_ms=34 source=mic turn=402022b3-ad2c-4fbe-9f10-8819c051270c utterance=bb801bd8-6385-4e6c-b378-f1899a7ba10f
[2026-03-05 17:37:44,967] [INFO ] [sherpa.py::320 _generate]: Sherpa STT final: len=46 latency_ms=162 source=mic turn=402022b3-ad2c-4fbe-9f10-8819c051270c utterance=73f7aec0-d6a0-45e5-a71f-fba8aac1f02b
[2026-03-05 17:37:44,968] [INFO ] [jaison.py::469 _interrupt_jobs]: Smart Barge-in: Interrupting and clearing queue due to: user_speaking_significant
[2026-03-05 17:37:45,230] [INFO ] [jaison.py::430 create_job]: Queued new context_conversation_add_text job cea8747a-6a9a-4af8-8333-ab316e761222
[2026-03-05 17:37:45,230] [INFO ] [jaison.py::430 create_job]: Queued new response job fe062ea6-26ee-4b6c-b309-507ca90735b9
[2026-03-05 17:37:45,899] [INFO ] [operation.py::25 __call__]: T2T operation llamacpp completed in 667.8096000105143 ms
[2026-03-05 17:37:45,908] [INFO ] [operation.py::25 __call__]: FILTER_TEXT operation chunker_sentence completed in 8.873700018739328 ms
[2026-03-05 17:37:45,908] [INFO ] [operation.py::25 __call__]: FILTER_TEXT operation filter_clean completed in 9.023299993714318 ms
[2026-03-05 17:37:45,908] [INFO ] [jaison.py::952 response_pipeline]: Response job fe062ea6-26ee-4b6c-b309-507ca90735b9 completed. Content: 'Ой, привет! Я тут, рассказывай, что у вас там интересного произошло?...'
[2026-03-05 17:37:48,807] [INFO ] [sherpa.py::320 _generate]: Sherpa STT final: len=0 latency_ms=62 source=mic turn=d6da573f-ad66-404b-974a-55ffe647be5b utterance=7cfae0e9-4316-4b95-a99c-236269d6b8e1
[2026-03-05 17:37:53,126] [INFO ] [sherpa.py::320 _generate]: Sherpa STT final: len=0 latency_ms=130 source=mic turn=d6da573f-ad66-404b-974a-55ffe647be5b utterance=969de4de-c26a-4707-8f3b-597a58458c08
[2026-03-05 17:38:03,942] [INFO ] [sherpa.py::320 _generate]: Sherpa STT final: len=0 latency_ms=128 source=mic turn=e485fbf8-42d8-4dd3-808c-fa50fb09b9ef utterance=9ac4e6e3-47e7-47dc-af78-5bbbda260a15
[2026-03-05 17:38:04,011] [INFO ] [sherpa.py::320 _generate]: Sherpa STT final: len=55 latency_ms=377 source=mic turn=d6da573f-ad66-404b-974a-55ffe647be5b utterance=fbc7ef35-7661-45c2-8adb-45d7135f92d2
[2026-03-05 17:38:04,011] [INFO ] [jaison.py::469 _interrupt_jobs]: Smart Barge-in: Interrupting and clearing queue due to: user_speaking_significant
[2026-03-05 17:38:04,270] [INFO ] [jaison.py::430 create_job]: Queued new context_conversation_add_text job f2827eef-6680-47d3-b8da-673becfbd1b1
[2026-03-05 17:38:04,270] [INFO ] [jaison.py::430 create_job]: Queued new response job 1adebc20-9d53-42a5-a616-2f3e3f1d8b19
[2026-03-05 17:38:05,162] [INFO ] [operation.py::25 __call__]: T2T operation llamacpp completed in 890.0649000133853 ms
[2026-03-05 17:38:05,174] [INFO ] [operation.py::25 __call__]: FILTER_TEXT operation chunker_sentence completed in 12.23660001414828 ms
[2026-03-05 17:38:05,174] [INFO ] [operation.py::25 __call__]: FILTER_TEXT operation filter_clean completed in 12.400899984641 ms
[2026-03-05 17:38:05,175] [INFO ] [jaison.py::952 response_pipeline]: Response job 1adebc20-9d53-42a5-a616-2f3e3f1d8b19 completed. Content: 'Ии, привет! Только-только проснулась, а вы уже тут, с новостями. Рассказывайте, чего интересного при...'
[2026-03-05 17:38:07,346] [INFO ] [sherpa.py::320 _generate]: Sherpa STT final: len=18 latency_ms=111 source=mic turn=e485fbf8-42d8-4dd3-808c-fa50fb09b9ef utterance=c0ec8e03-70a7-4674-bcc0-aedcb48853fb
[2026-03-05 17:38:07,614] [INFO ] [jaison.py::430 create_job]: Queued new context_conversation_add_text job d1155416-68be-43bc-a4ab-742157d603f4
[2026-03-05 17:38:07,614] [INFO ] [jaison.py::568 _commit_pending_voice_turn]: Voice turn committed as context-only (no RESPONSE job).
[2026-03-05 17:38:17,092] [INFO ] [sherpa.py::320 _generate]: Sherpa STT final: len=50 latency_ms=216 source=mic turn=e485fbf8-42d8-4dd3-808c-fa50fb09b9ef utterance=023b6d93-1ca5-4b50-9e93-36b1d4b23ef3
[2026-03-05 17:38:17,093] [INFO ] [jaison.py::469 _interrupt_jobs]: Smart Barge-in: Interrupting and clearing queue due to: user_speaking_significant
[2026-03-05 17:38:17,356] [INFO ] [jaison.py::430 create_job]: Queued new context_conversation_add_text job 1dc34454-f49e-4a57-bd96-259e999649ac
[2026-03-05 17:38:17,356] [INFO ] [jaison.py::430 create_job]: Queued new response job db1673bf-0ef2-4aaf-8ad6-47e50fb36b65
[2026-03-05 17:38:17,716] [INFO ] [sherpa.py::320 _generate]: Sherpa STT final: len=11 latency_ms=141 source=mic turn=b0c0e83c-98c0-44e3-a73c-4ec43437dd25 utterance=a7efb5c9-90fc-41ef-a8e6-47fd1d5401c9
[2026-03-05 17:38:17,716] [INFO ] [jaison.py::469 _interrupt_jobs]: Smart Barge-in: Interrupting and clearing queue due to: user_speaking_significant
[2026-03-05 17:38:17,717] [INFO ] [jaison.py::463 _clear_current_job]: Job db1673bf-0ef2-4aaf-8ad6-47e50fb36b65 (response) is being cancelled due to: user_speaking_significant
[2026-03-05 17:38:17,717] [INFO ] [jaison.py::743 _process_job_loop]: Job db1673bf-0ef2-4aaf-8ad6-47e50fb36b65 (response) was cancelled.
[2026-03-05 17:38:17,980] [INFO ] [jaison.py::430 create_job]: Queued new context_conversation_add_text job 1849c981-8499-470c-b5e3-db68bb15b9a1
[2026-03-05 17:38:17,980] [INFO ] [jaison.py::430 create_job]: Queued new response job c98224d5-eb09-4f5f-8c35-474cabbb7af0
[2026-03-05 17:38:18,334] [INFO ] [operation.py::25 __call__]: T2T operation llamacpp completed in 352.713300002506 ms
[2026-03-05 17:38:18,343] [INFO ] [operation.py::25 __call__]: FILTER_TEXT operation chunker_sentence completed in 9.924000012688339 ms
[2026-03-05 17:38:18,343] [INFO ] [operation.py::25 __call__]: FILTER_TEXT operation filter_clean completed in 10.070299991639331 ms
[2026-03-05 17:38:18,344] [INFO ] [jaison.py::952 response_pipeline]: Response job c98224d5-eb09-4f5f-8c35-474cabbb7af0 completed. Content: 'Привет, я Нира! Как дела, дорогой друг?...'
[2026-03-05 17:38:25,699] [INFO ] [sherpa.py::320 _generate]: Sherpa STT final: len=0 latency_ms=95 source=mic turn=df56ef02-a287-46f2-acb3-123f0522a263 utterance=2c0be695-2f93-489c-8c25-5ca9ed1dd826
[2026-03-05 17:38:25,699] [INFO ] [jaison.py::255 _record_stt_metrics]: STT metrics(window=40): avg_latency_ms=99 empty_rate=0.500 stop_cmd_recall=0.000
[2026-03-05 17:38:28,055] [INFO ] [sherpa.py::320 _generate]: Sherpa STT final: len=0 latency_ms=51 source=mic turn=df56ef02-a287-46f2-acb3-123f0522a263 utterance=cf7b767f-006a-4267-bee9-937e0b28d5ba
[2026-03-05 17:38:29,576] [INFO ] [sherpa.py::320 _generate]: Sherpa STT final: len=0 latency_ms=31 source=mic turn=df56ef02-a287-46f2-acb3-123f0522a263 utterance=0b867044-1373-4c96-9ccf-d676aa3b010b
[2026-03-05 17:38:40,558] [INFO ] [sherpa.py::320 _generate]: Sherpa STT final: len=0 latency_ms=73 source=mic turn=23f30b61-fa01-42ce-9a18-c5e36e8efb40 utterance=1705b1c5-078d-466c-8237-8fa32be14ee5
[2026-03-05 17:38:40,915] [INFO ] [sherpa.py::320 _generate]: Sherpa STT final: len=0 latency_ms=312 source=mic turn=df56ef02-a287-46f2-acb3-123f0522a263 utterance=81c7f999-8a17-4ee3-94af-89d91d7ec422
[2026-03-05 17:38:44,423] [INFO ] [sherpa.py::320 _generate]: Sherpa STT final: len=3 latency_ms=49 source=mic turn=8e246b24-7b4f-4198-89dc-3b8cd446d0c6 utterance=128b2772-62ee-4b12-99c8-9d2619531ed1
[2026-03-05 17:38:44,682] [INFO ] [jaison.py::430 create_job]: Queued new context_conversation_add_text job 9b5c5118-ca1e-415e-a643-d531c0315036
[2026-03-05 17:38:44,682] [INFO ] [jaison.py::568 _commit_pending_voice_turn]: Voice turn committed as context-only (no RESPONSE job).
[2026-03-05 17:38:52,117] [INFO ] [sherpa.py::320 _generate]: Sherpa STT final: len=38 latency_ms=94 source=mic turn=3d77090c-d9ed-4fb6-a1c8-f089d70e5950 utterance=8c58bb94-38e0-4a8d-a589-3bc32f7bf56a
[2026-03-05 17:38:52,117] [INFO ] [jaison.py::469 _interrupt_jobs]: Smart Barge-in: Interrupting and clearing queue due to: user_speaking_significant
[2026-03-05 17:38:52,374] [INFO ] [jaison.py::430 create_job]: Queued new context_conversation_add_text job 7d062c99-b781-48c0-891e-04b3f5a5e275
[2026-03-05 17:38:52,374] [INFO ] [jaison.py::430 create_job]: Queued new response job 5153730e-80b8-4cc3-8619-802181425108
[2026-03-05 17:38:53,174] [INFO ] [operation.py::25 __call__]: T2T operation llamacpp completed in 799.1187000006903 ms
[2026-03-05 17:38:53,185] [INFO ] [operation.py::25 __call__]: FILTER_TEXT operation chunker_sentence completed in 11.003000021446496 ms
[2026-03-05 17:38:53,185] [INFO ] [operation.py::25 __call__]: FILTER_TEXT operation filter_clean completed in 11.158600013004616 ms
[2026-03-05 17:38:53,186] [INFO ] [jaison.py::952 response_pipeline]: Response job 5153730e-80b8-4cc3-8619-802181425108 completed. Content: 'Что, не поняла твое предложение? Давай попробуем еще раз, только более понятно объясни, что ты имееш...'
[2026-03-05 17:38:55,263] [INFO ] [sherpa.py::320 _generate]: Sherpa STT final: len=0 latency_ms=69 source=mic turn=3d77090c-d9ed-4fb6-a1c8-f089d70e5950 utterance=91b456d0-048b-4b22-bab2-4f031d562bc1
[2026-03-05 17:38:56,372] [INFO ] [sherpa.py::320 _generate]: Sherpa STT final: len=0 latency_ms=30 source=mic turn=3d77090c-d9ed-4fb6-a1c8-f089d70e5950 utterance=44092b99-2da7-4915-a50a-e3cb37217ddb
[2026-03-05 17:39:04,001] [INFO ] [sherpa.py::320 _generate]: Sherpa STT final: len=0 latency_ms=37 source=mic turn=dea29c7b-bd31-4770-83c0-64275f92ada1 utterance=cb265688-b258-411b-af99-2d436984902c
[2026-03-05 17:39:04,640] [INFO ] [sherpa.py::320 _generate]: Sherpa STT final: len=0 latency_ms=61 source=mic turn=93e48857-9f9e-4650-b3f0-5347963084d7 utterance=d1913946-83a2-42a9-91fd-df18791f0874
[2026-03-05 17:39:04,988] [INFO ] [sherpa.py::320 _generate]: Sherpa STT final: len=0 latency_ms=35 source=mic turn=dea29c7b-bd31-4770-83c0-64275f92ada1 utterance=33b07adc-e485-40b1-a11d-50fb100c2473
[2026-03-05 17:39:08,265] [INFO ] [jaison.py::110 start]: Starting JAIson application layer.
[2026-03-05 17:39:08,274] [INFO ] [manager.py::293 load_operations_from_config]: Active STT from config: sherpa_ru
[2026-03-05 17:39:09,888] [INFO ] [operation.py::32 start]: Starting STT operation sherpa_ru
[2026-03-05 17:39:09,888] [INFO ] [manager.py::26 load]: Loading process by type sherpa_stt
[2026-03-05 17:39:09,889] [WARNI] [base.py::46 unload]: Attempted to unload process sherpa_stt when it is already unloaded
[2026-03-05 17:39:09,890] [INFO ] [sherpa_server.py::85 _prepare_hotwords_file]: Sherpa STT hotwords validated: 3 entries
[2026-03-05 17:39:09,891] [INFO ] [sherpa_server.py::295 reload]: Sherpa STT config: port=6106 model_dir=C:\Nirmita\models\vosk-model-small-streaming-ru, model_variant=fp32, decoding_method=modified_beam_search, num_active_paths=6, use_endpoint=0, bpe_vocab=C:\Nirmita\models\vosk-model-small-streaming-ru\lang\unigram_500.vocab, hotwords_file=C:\Nirmita\models\hotwords.txt, hotwords_score=3.5
[2026-03-05 17:39:09,891] [INFO ] [sherpa_server.py::307 reload]: Starting Sherpa STT Server with command: C:\Nirmita\.conda312\python.exe C:\Nirmita\apps\stt-sherpa-server\start_server.py --encoder C:\Nirmita\models\vosk-model-small-streaming-ru\am-onnx\encoder.onnx --decoder C:\Nirmita\models\vosk-model-small-streaming-ru\am-onnx\decoder.onnx --joiner C:\Nirmita\models\vosk-model-small-streaming-ru\am-onnx\joiner.onnx --tokens C:\Nirmita\models\vosk-model-small-streaming-ru\lang\tokens.txt --modeling-unit bpe --decoding-method modified_beam_search --num-active-paths 6 --use-endpoint 0 --port 6106 --provider cpu --doc-root C:\Nirmita\apps\stt-sherpa-server --bpe-vocab C:\Nirmita\models\vosk-model-small-streaming-ru\lang\unigram_500.vocab --hotwords-file C:\Nirmita\logs\sherpa_hotwords.resolved.txt --hotwords-score 3.5
[2026-03-05 17:39:14,218] [INFO ] [operation.py::32 start]: Starting T2T operation llamacpp
[2026-03-05 17:39:14,219] [INFO ] [manager.py::26 load]: Loading process by type llamacpp
[2026-03-05 17:39:14,223] [INFO ] [llamacpp.py::81 reload]: Opened Llama.cpp server (PID: 23440) on port 1619 (GPU: 0)
[2026-03-05 17:39:14,223] [INFO ] [llamacpp.py::89 reload]: Waiting for llama-server to be ready at http://127.0.0.1:1619/health ...
[2026-03-05 17:39:18,376] [INFO ] [llamacpp.py::101 reload]: llama-server is ready! (attempt 8, port 1619)
[2026-03-05 17:39:18,378] [INFO ] [operation.py::32 start]: Starting FILTER_TEXT operation filter_clean
[2026-03-05 17:39:18,921] [INFO ] [operation.py::32 start]: Starting FILTER_TEXT operation chunker_sentence
[2026-03-05 17:39:19,426] [INFO ] [manager.py::26 load]: Loading process by type hw_mic
[2026-03-05 17:39:19,426] [WARNI] [base.py::46 unload]: Attempted to unload process hw_mic when it is already unloaded
[2026-03-05 17:39:19,431] [INFO ] [jaison.py::138 start]: JAIson application layer has started.
[2026-03-05 17:39:19,432] [INFO ] [logging.py::106 info]: Running on http://127.0.0.1:7272 (CTRL + C to quit)
[2026-03-05 17:39:22,319] [INFO ] [app_server.py::77 ws]: Opened new websocket connection
[2026-03-05 17:39:23,743] [INFO ] [sherpa.py::320 _generate]: Sherpa STT final: len=0 latency_ms=44 source=mic turn=05fe1eb6-af3e-4a53-9378-89fee5ec35c1 utterance=102d87b7-bfd8-4327-b816-145491c880ca
[2026-03-05 17:39:24,516] [INFO ] [sherpa.py::320 _generate]: Sherpa STT final: len=0 latency_ms=54 source=mic turn=99f60971-e59a-46f5-9627-c51631d0d53d utterance=92686464-cdfd-46da-ae3e-48915992b729
[2026-03-05 17:39:27,014] [INFO ] [app_server.py::86 ws]: Closed websocket connection
[2026-03-05 17:39:27,784] [INFO ] [app_server.py::77 ws]: Opened new websocket connection
[2026-03-05 17:39:28,946] [INFO ] [sherpa.py::320 _generate]: Sherpa STT final: len=0 latency_ms=91 source=mic turn=99f60971-e59a-46f5-9627-c51631d0d53d utterance=9b4675ea-0c7c-4932-b7f9-46d3468fe9c1
[2026-03-05 17:39:38,435] [INFO ] [sherpa.py::320 _generate]: Sherpa STT final: len=0 latency_ms=53 source=mic turn=9e66ae99-a9e1-47f0-8d8c-a28bf90aff23 utterance=e7b16c24-42d9-4cab-9c33-81860a805ae4
[2026-03-05 17:39:38,828] [INFO ] [sherpa.py::320 _generate]: Sherpa STT final: len=46 latency_ms=191 source=mic turn=aa706dcb-4e81-49b2-a313-a3d6886d1ac7 utterance=8b29c3e6-be23-4f6b-b0b4-e59558f47fea
[2026-03-05 17:39:38,829] [INFO ] [jaison.py::469 _interrupt_jobs]: Smart Barge-in: Interrupting and clearing queue due to: user_speaking_significant
[2026-03-05 17:39:39,092] [INFO ] [jaison.py::430 create_job]: Queued new context_conversation_add_text job 47ec1106-b029-4760-80e6-61d78fba4839
[2026-03-05 17:39:39,092] [INFO ] [jaison.py::430 create_job]: Queued new response job 5e76f73f-67a6-4d23-8012-4e60406b7074
[2026-03-05 17:39:39,607] [INFO ] [operation.py::25 __call__]: T2T operation llamacpp completed in 513.332000002265 ms
[2026-03-05 17:39:39,618] [INFO ] [operation.py::25 __call__]: FILTER_TEXT operation chunker_sentence completed in 10.525599995162338 ms
[2026-03-05 17:39:39,618] [INFO ] [operation.py::25 __call__]: FILTER_TEXT operation filter_clean completed in 10.708500019973144 ms
[2026-03-05 17:39:39,618] [INFO ] [jaison.py::952 response_pipeline]: Response job 5e76f73f-67a6-4d23-8012-4e60406b7074 completed. Content: 'Понятно, а чем же ты хочешь заниматься тогда?...'
[2026-03-05 17:39:39,619] [INFO ] [sherpa.py::320 _generate]: Sherpa STT final: len=0 latency_ms=45 source=mic turn=99d3866f-dcc1-4e89-8a5a-bedfbe0cbb62 utterance=f6742572-0b1d-4151-9133-8d4c7e1af578
[2026-03-05 17:39:43,917] [INFO ] [sherpa.py::320 _generate]: Sherpa STT final: len=0 latency_ms=53 source=mic turn=6f77b06b-7aed-410c-9619-63e8bfd9c290 utterance=935d8301-13c1-4993-a34a-9ea60db25cb5
[2026-03-05 17:39:44,590] [INFO ] [sherpa.py::320 _generate]: Sherpa STT final: len=0 latency_ms=28 source=mic turn=6f77b06b-7aed-410c-9619-63e8bfd9c290 utterance=e06f5e32-843a-41e8-af1b-199f3bcb3663
[2026-03-05 17:39:46,403] [INFO ] [sherpa.py::320 _generate]: Sherpa STT final: len=11 latency_ms=50 source=mic turn=6f77b06b-7aed-410c-9619-63e8bfd9c290 utterance=b7f23000-c7ee-40c3-88db-43cc379b5396
[2026-03-05 17:39:46,403] [INFO ] [jaison.py::469 _interrupt_jobs]: Smart Barge-in: Interrupting and clearing queue due to: user_speaking_significant
[2026-03-05 17:39:46,659] [INFO ] [jaison.py::430 create_job]: Queued new context_conversation_add_text job 22feb8a3-fcf8-410e-b70d-e2f36b5244cb
[2026-03-05 17:39:46,659] [INFO ] [jaison.py::430 create_job]: Queued new response job e3c2dca7-0c5f-4f3c-a8af-83f651a0c0fe
[2026-03-05 17:39:46,942] [INFO ] [operation.py::25 __call__]: T2T operation llamacpp completed in 281.57029999420047 ms
[2026-03-05 17:39:46,951] [INFO ] [operation.py::25 __call__]: FILTER_TEXT operation chunker_sentence completed in 9.36209998326376 ms
[2026-03-05 17:39:46,951] [INFO ] [operation.py::25 __call__]: FILTER_TEXT operation filter_clean completed in 9.518200007732958 ms
[2026-03-05 17:39:46,952] [INFO ] [jaison.py::952 response_pipeline]: Response job e3c2dca7-0c5f-4f3c-a8af-83f651a0c0fe completed. Content: 'Привет! Как дела?...'
[2026-03-05 17:39:53,150] [INFO ] [sherpa.py::320 _generate]: Sherpa STT final: len=0 latency_ms=77 source=mic turn=ed1ddb07-7655-4adf-907f-5762749c25e2 utterance=f81f74c9-adc4-4cd7-b65a-8e4df83c40da
[2026-03-05 17:39:59,705] [INFO ] [sherpa.py::320 _generate]: Sherpa STT final: len=7 latency_ms=114 source=mic turn=e28f1e64-8abb-4b90-9c48-941b05f0a646 utterance=f7ce400d-13bf-47ad-9901-890af39e4e99
[2026-03-05 17:39:59,706] [INFO ] [jaison.py::469 _interrupt_jobs]: Smart Barge-in: Interrupting and clearing queue due to: user_speaking_significant
[2026-03-05 17:39:59,963] [INFO ] [jaison.py::430 create_job]: Queued new context_conversation_add_text job ffccb927-be57-458c-b0ed-420c8933be3d
[2026-03-05 17:39:59,963] [INFO ] [jaison.py::430 create_job]: Queued new response job 82f4c115-b76c-443f-abd1-efba38cae8d0
[2026-03-05 17:40:00,626] [INFO ] [operation.py::25 __call__]: T2T operation llamacpp completed in 662.8232999937609 ms
[2026-03-05 17:40:00,636] [INFO ] [operation.py::25 __call__]: FILTER_TEXT operation chunker_sentence completed in 9.28659999044612 ms
[2026-03-05 17:40:00,636] [INFO ] [operation.py::25 __call__]: FILTER_TEXT operation filter_clean completed in 9.44069999968633 ms
[2026-03-05 17:40:00,636] [INFO ] [jaison.py::952 response_pipeline]: Response job 82f4c115-b76c-443f-abd1-efba38cae8d0 completed. Content: 'Отлично! Давай поговорим о компьютерных играх. Какая твоя любимая игра?...'
[2026-03-05 17:40:02,134] [INFO ] [sherpa.py::320 _generate]: Sherpa STT final: len=5 latency_ms=81 source=mic turn=e28f1e64-8abb-4b90-9c48-941b05f0a646 utterance=b7340a73-584e-48f8-9e5f-d677b0cb664d
[2026-03-05 17:40:02,391] [INFO ] [jaison.py::430 create_job]: Queued new context_conversation_add_text job c4328df1-e7db-4e1e-ac2d-aa15c5d27354
[2026-03-05 17:40:02,391] [INFO ] [jaison.py::568 _commit_pending_voice_turn]: Voice turn committed as context-only (no RESPONSE job).
