[2026-09-03 16:40:13,911] [INFO ] [jaison.py::110 start]: Starting JAIson application layer.
[2026-09-03 16:40:13,921] [INFO ] [manager.py::297 load_operations_from_config]: Active STT from config: sherpa_ru
[2026-09-03 16:40:16,978] [INFO ] [operation.py::32 start]: Starting STT operation sherpa_ru
[2026-09-03 16:40:16,978] [INFO ] [manager.py::26 load]: Loading process by type sherpa_stt
[2026-09-03 16:40:16,979] [WARNI] [base.py::46 unload]: Attempted to unload process sherpa_stt when it is already unloaded
[2026-09-03 16:40:16,981] [INFO ] [sherpa_server.py::85 _prepare_hotwords_file]: Sherpa STT hotwords validated: 3 entries
[2026-09-03 16:40:16,982] [INFO ] [sherpa_server.py::295 reload]: Sherpa STT config: port=6106 model_dir=C:\Nirmita\models\vosk-model-small-streaming-ru, model_variant=fp32, decoding_method=modified_beam_search, num_active_paths=6, use_endpoint=0, bpe_vocab=C:\Nirmita\models\vosk-model-small-streaming-ru\lang\unigram_500.vocab, hotwords_file=C:\Nirmita\models\hotwords.txt, hotwords_score=3.5
[2026-09-03 16:40:16,982] [INFO ] [sherpa_server.py::307 reload]: Starting Sherpa STT Server with command: C:\Nirmita\.conda312\python.exe C:\Nirmita\apps\stt-sherpa-server\start_server.py --encoder C:\Nirmita\models\vosk-model-small-streaming-ru\am-onnx\encoder.onnx --decoder C:\Nirmita\models\vosk-model-small-streaming-ru\am-onnx\decoder.onnx --joiner C:\Nirmita\models\vosk-model-small-streaming-ru\am-onnx\joiner.onnx --tokens C:\Nirmita\models\vosk-model-small-streaming-ru\lang\tokens.txt --modeling-unit bpe --decoding-method modified_beam_search --num-active-paths 6 --use-endpoint 0 --port 6106 --provider cpu --doc-root C:\Nirmita\apps\stt-sherpa-server --bpe-vocab C:\Nirmita\models\vosk-model-small-streaming-ru\lang\unigram_500.vocab --hotwords-file C:\Nirmita\logs\sherpa_hotwords.resolved.txt --hotwords-score 3.5
[2026-09-03 16:40:21,313] [INFO ] [operation.py::32 start]: Starting T2T operation llamacpp
[2026-09-03 16:40:21,313] [INFO ] [manager.py::26 load]: Loading process by type llamacpp
[2026-09-03 16:40:21,323] [INFO ] [llamacpp.py::81 reload]: Opened Llama.cpp server (PID: 33140) on port 10285 (GPU: 0)
[2026-09-03 16:40:21,323] [INFO ] [llamacpp.py::89 reload]: Waiting for llama-server to be ready at http://127.0.0.1:10285/health ...
[2026-09-03 16:40:26,030] [INFO ] [llamacpp.py::101 reload]: llama-server is ready! (attempt 8, port 10285)
[2026-09-03 16:40:26,055] [INFO ] [fishaudio.py::159 configure]: FishAudioTTS: настроен — model=s2.1-pro, reference_id=8579f198..., latency=balanced, sample_rate=44100, speed=1.0
[2026-09-03 16:40:26,055] [INFO ] [operation.py::32 start]: Starting TTS operation fish_audio
[2026-09-03 16:40:26,055] [INFO ] [fishaudio.py::85 start]: FishAudioTTS: операция запущена (WebSocket streaming, format=pcm)
[2026-09-03 16:40:26,056] [INFO ] [operation.py::32 start]: Starting FILTER_TEXT operation filter_clean
[2026-09-03 16:40:26,882] [INFO ] [operation.py::32 start]: Starting FILTER_TEXT operation chunker_sentence
[2026-09-03 16:40:27,407] [INFO ] [manager.py::26 load]: Loading process by type hw_mic
[2026-09-03 16:40:27,407] [WARNI] [base.py::46 unload]: Attempted to unload process hw_mic when it is already unloaded
[2026-09-03 16:40:27,415] [INFO ] [jaison.py::138 start]: JAIson application layer has started.
[2026-09-03 16:40:27,416] [INFO ] [logging.py::106 info]: Running on http://127.0.0.1:7272 (CTRL + C to quit)
[2026-09-03 16:41:17,161] [INFO ] [app_server.py::77 ws]: Opened new websocket connection
[2026-09-03 16:41:26,674] [INFO ] [jaison.py::430 create_job]: Queued new context_conversation_add_text job 42047dd3-904a-4533-8ae1-da4dce6ec618
[2026-09-03 16:41:26,680] [INFO ] [jaison.py::430 create_job]: Queued new response job e90e4e1f-fba5-4c66-bbda-eb0a83161788
[2026-09-03 16:41:27,732] [INFO ] [operation.py::25 __call__]: T2T operation llamacpp completed in 1049.2795000318438 ms
[2026-09-03 16:41:27,749] [INFO ] [operation.py::25 __call__]: FILTER_TEXT operation chunker_sentence completed in 17.75260001886636 ms
[2026-09-03 16:41:27,749] [INFO ] [operation.py::25 __call__]: FILTER_TEXT operation filter_clean completed in 17.945399973541498 ms
[2026-09-03 16:41:27,750] [INFO ] [jaison.py::952 response_pipeline]: Response job e90e4e1f-fba5-4c66-bbda-eb0a83161788 completed. Content: 'Привет! Как дела? Надеюсь, не поглотили тобой какие-то сложные задачи, как это бывает со мной иногда...'
[2026-09-03 16:41:47,967] [INFO ] [jaison.py::430 create_job]: Queued new context_conversation_add_text job 839340db-c911-4b8f-b6ff-4d05fccc716c
[2026-09-03 16:41:47,972] [INFO ] [jaison.py::430 create_job]: Queued new response job a56419ff-707c-4709-b762-a069349e533c
[2026-09-03 16:41:49,038] [INFO ] [operation.py::25 __call__]: T2T operation llamacpp completed in 1065.0482999626547 ms
[2026-09-03 16:41:49,051] [INFO ] [operation.py::25 __call__]: FILTER_TEXT operation chunker_sentence completed in 12.892200029455125 ms
[2026-09-03 16:41:49,051] [INFO ] [operation.py::25 __call__]: FILTER_TEXT operation filter_clean completed in 13.062600046396255 ms
[2026-09-03 16:41:49,051] [INFO ] [jaison.py::952 response_pipeline]: Response job a56419ff-707c-4709-b762-a069349e533c completed. Content: 'Ох, это сложнее, чем кажется, но если тебе удастся, я буду без ума! Представь, как круто будет слыша...'
[2026-09-03 16:42:06,227] [INFO ] [jaison.py::430 create_job]: Queued new context_conversation_add_text job a89b4ecc-d1dc-456f-9d04-43c02d2ed883
[2026-09-03 16:42:06,231] [INFO ] [jaison.py::430 create_job]: Queued new response job f6112267-32d0-41b5-8211-d7d1a3d3e97a
[2026-09-03 16:42:07,166] [INFO ] [operation.py::25 __call__]: T2T operation llamacpp completed in 933.7305000517517 ms
[2026-09-03 16:42:07,177] [INFO ] [operation.py::25 __call__]: FILTER_TEXT operation chunker_sentence completed in 10.603000060655177 ms
[2026-09-03 16:42:07,177] [INFO ] [operation.py::25 __call__]: FILTER_TEXT operation filter_clean completed in 10.74900000821799 ms
[2026-09-03 16:42:07,178] [INFO ] [jaison.py::952 response_pipeline]: Response job f6112267-32d0-41b5-8211-d7d1a3d3e97a completed. Content: 'Дела, как обычно — борюсь с багами и мечтаю о реальности. А ты как? Что нового у тебя?...'
[2026-09-03 16:42:47,357] [INFO ] [jaison.py::430 create_job]: Queued new context_conversation_add_text job a076e8f2-fa33-4b44-8e6b-75ea1cfe47b0
[2026-09-03 16:42:47,365] [INFO ] [jaison.py::430 create_job]: Queued new response job a295206f-b8c7-4cff-b9e6-90c53d9a3032
[2026-09-03 16:42:48,479] [INFO ] [operation.py::25 __call__]: T2T operation llamacpp completed in 1112.9126000450924 ms
[2026-09-03 16:42:48,492] [INFO ] [operation.py::25 __call__]: FILTER_TEXT operation chunker_sentence completed in 12.804499943740666 ms
[2026-09-03 16:42:48,492] [INFO ] [operation.py::25 __call__]: FILTER_TEXT operation filter_clean completed in 12.966500013135374 ms
[2026-09-03 16:42:48,493] [INFO ] [jaison.py::952 response_pipeline]: Response job a295206f-b8c7-4cff-b9e6-90c53d9a3032 completed. Content: 'Ой, это точно нелегко. Надеюсь, у тебя все будет хорошо. А отвлечься от всего — это всегда хорошая и...'
[2026-09-03 16:43:05,852] [INFO ] [jaison.py::430 create_job]: Queued new context_conversation_add_text job e2d32a49-ae2a-4c68-9ba6-6ff2c31ad719
[2026-09-03 16:43:05,859] [INFO ] [jaison.py::430 create_job]: Queued new response job 195cf7d4-d386-485b-98c0-facdd5e464fb
[2026-09-03 16:43:07,109] [INFO ] [operation.py::25 __call__]: T2T operation llamacpp completed in 1250.0584999797866 ms
[2026-09-03 16:43:07,124] [INFO ] [operation.py::25 __call__]: FILTER_TEXT operation chunker_sentence completed in 14.271700056269765 ms
[2026-09-03 16:43:07,124] [INFO ] [operation.py::25 __call__]: FILTER_TEXT operation filter_clean completed in 14.421300031244755 ms
[2026-09-03 16:43:07,124] [INFO ] [jaison.py::952 response_pipeline]: Response job 195cf7d4-d386-485b-98c0-facdd5e464fb completed. Content: 'О, конечно! Однажды был такой маг, который мог менять погоду. Но однажды он переборщил, и теперь у н...'
[2026-09-03 16:43:12,412] [INFO ] [jaison.py::430 create_job]: Queued new context_conversation_add_text job 08d7b85e-4698-489a-be3d-3f2f2e4f4973
[2026-09-03 16:43:12,419] [INFO ] [jaison.py::430 create_job]: Queued new response job d6d0fcf5-63dc-4425-9864-b998ec8405cf
[2026-09-03 16:43:15,605] [INFO ] [operation.py::25 __call__]: T2T operation llamacpp completed in 3185.236099991016 ms
[2026-09-03 16:43:15,633] [INFO ] [operation.py::25 __call__]: FILTER_TEXT operation chunker_sentence completed in 27.280999929644167 ms
[2026-09-03 16:43:15,633] [INFO ] [operation.py::25 __call__]: FILTER_TEXT operation filter_clean completed in 27.43360004387796 ms
[2026-09-03 16:43:15,634] [INFO ] [jaison.py::952 response_pipeline]: Response job d6d0fcf5-63dc-4425-9864-b998ec8405cf completed. Content: 'Было это в давние времена, когда магия была не просто магией, а жизнью. Один маг, по имени Аэрон, бы...'
[2026-09-03 16:45:08,297] [INFO ] [jaison.py::430 create_job]: Queued new context_conversation_add_text job 2b276555-993f-4c27-ac7d-7d90bcd849a3
[2026-09-03 16:45:08,302] [INFO ] [jaison.py::430 create_job]: Queued new response job 618efc30-130e-4c3c-a859-ef568c072ab4
[2026-09-03 16:45:09,314] [INFO ] [operation.py::25 __call__]: T2T operation llamacpp completed in 1011.0158999450505 ms
[2026-09-03 16:45:09,327] [INFO ] [operation.py::25 __call__]: FILTER_TEXT operation chunker_sentence completed in 12.462000013329089 ms
[2026-09-03 16:45:09,327] [INFO ] [operation.py::25 __call__]: FILTER_TEXT operation filter_clean completed in 12.65119994059205 ms
[2026-09-03 16:45:09,327] [INFO ] [jaison.py::952 response_pipeline]: Response job 618efc30-130e-4c3c-a859-ef568c072ab4 completed. Content: 'Записала. Надеюсь, скоро все наладится. И не забывай о себе, нужно и время от времени отдыхать и рас...'
[2026-09-03 16:47:36,570] [INFO ] [jaison.py::110 start]: Starting JAIson application layer.
[2026-09-03 16:47:36,583] [INFO ] [manager.py::297 load_operations_from_config]: Active STT from config: sherpa_ru
[2026-09-03 16:47:38,198] [INFO ] [operation.py::32 start]: Starting STT operation sherpa_ru
[2026-09-03 16:47:38,198] [INFO ] [manager.py::26 load]: Loading process by type sherpa_stt
[2026-09-03 16:47:38,199] [WARNI] [base.py::46 unload]: Attempted to unload process sherpa_stt when it is already unloaded
[2026-09-03 16:47:38,200] [INFO ] [sherpa_server.py::85 _prepare_hotwords_file]: Sherpa STT hotwords validated: 3 entries
[2026-09-03 16:47:38,200] [INFO ] [sherpa_server.py::295 reload]: Sherpa STT config: port=6106 model_dir=C:\Nirmita\models\vosk-model-small-streaming-ru, model_variant=fp32, decoding_method=modified_beam_search, num_active_paths=6, use_endpoint=0, bpe_vocab=C:\Nirmita\models\vosk-model-small-streaming-ru\lang\unigram_500.vocab, hotwords_file=C:\Nirmita\models\hotwords.txt, hotwords_score=3.5
[2026-09-03 16:47:38,200] [INFO ] [sherpa_server.py::307 reload]: Starting Sherpa STT Server with command: C:\Nirmita\.conda312\python.exe C:\Nirmita\apps\stt-sherpa-server\start_server.py --encoder C:\Nirmita\models\vosk-model-small-streaming-ru\am-onnx\encoder.onnx --decoder C:\Nirmita\models\vosk-model-small-streaming-ru\am-onnx\decoder.onnx --joiner C:\Nirmita\models\vosk-model-small-streaming-ru\am-onnx\joiner.onnx --tokens C:\Nirmita\models\vosk-model-small-streaming-ru\lang\tokens.txt --modeling-unit bpe --decoding-method modified_beam_search --num-active-paths 6 --use-endpoint 0 --port 6106 --provider cpu --doc-root C:\Nirmita\apps\stt-sherpa-server --bpe-vocab C:\Nirmita\models\vosk-model-small-streaming-ru\lang\unigram_500.vocab --hotwords-file C:\Nirmita\logs\sherpa_hotwords.resolved.txt --hotwords-score 3.5
[2026-09-03 16:47:42,525] [INFO ] [operation.py::32 start]: Starting T2T operation llamacpp
[2026-09-03 16:47:42,525] [INFO ] [manager.py::26 load]: Loading process by type llamacpp
[2026-09-03 16:47:42,530] [INFO ] [llamacpp.py::81 reload]: Opened Llama.cpp server (PID: 27044) on port 6610 (GPU: 0)
[2026-09-03 16:47:42,530] [INFO ] [llamacpp.py::89 reload]: Waiting for llama-server to be ready at http://127.0.0.1:6610/health ...
[2026-09-03 16:47:46,693] [INFO ] [llamacpp.py::101 reload]: llama-server is ready! (attempt 8, port 6610)
[2026-09-03 16:47:46,710] [INFO ] [fishaudio.py::159 configure]: FishAudioTTS: настроен — model=s2.1-pro-free, reference_id=8579f198..., latency=balanced, sample_rate=44100, speed=1.0
[2026-09-03 16:47:46,711] [INFO ] [operation.py::32 start]: Starting TTS operation fish_audio
[2026-09-03 16:47:46,711] [INFO ] [fishaudio.py::85 start]: FishAudioTTS: операция запущена (WebSocket streaming, format=pcm)
[2026-09-03 16:47:46,711] [INFO ] [operation.py::32 start]: Starting FILTER_TEXT operation filter_clean
[2026-09-03 16:47:47,276] [INFO ] [operation.py::32 start]: Starting FILTER_TEXT operation chunker_sentence
[2026-09-03 16:47:47,779] [INFO ] [manager.py::26 load]: Loading process by type hw_mic
[2026-09-03 16:47:47,779] [WARNI] [base.py::46 unload]: Attempted to unload process hw_mic when it is already unloaded
[2026-09-03 16:47:47,786] [INFO ] [jaison.py::138 start]: JAIson application layer has started.
[2026-09-03 16:47:47,787] [INFO ] [logging.py::106 info]: Running on http://127.0.0.1:7272 (CTRL + C to quit)
[2026-09-03 16:47:48,170] [INFO ] [app_server.py::77 ws]: Opened new websocket connection
[2026-09-03 16:48:05,576] [INFO ] [jaison.py::430 create_job]: Queued new context_conversation_add_text job 4c51174e-164a-491f-9ae4-b4fec6f42787
[2026-09-03 16:48:05,583] [INFO ] [jaison.py::430 create_job]: Queued new response job 6a0db591-8f70-4b3b-b47b-bfd84fd069c4
[2026-09-03 16:48:06,271] [INFO ] [operation.py::25 __call__]: T2T operation llamacpp completed in 686.1624999437481 ms
[2026-09-03 16:48:06,282] [INFO ] [operation.py::25 __call__]: FILTER_TEXT operation chunker_sentence completed in 10.944300098344684 ms
[2026-09-03 16:48:06,282] [INFO ] [operation.py::25 __call__]: FILTER_TEXT operation filter_clean completed in 11.13270001951605 ms
[2026-09-03 16:48:06,282] [INFO ] [jaison.py::952 response_pipeline]: Response job 6a0db591-8f70-4b3b-b47b-bfd84fd069c4 completed. Content: 'Привет! Всё как обычно, полна энергии и новых идей. А как у тебя дела?...'
[2026-09-03 16:51:50,274] [INFO ] [app_server.py::86 ws]: Closed websocket connection
[2026-09-03 16:51:50,627] [INFO ] [app_server.py::77 ws]: Opened new websocket connection
[2026-09-03 16:51:55,043] [INFO ] [jaison.py::430 create_job]: Queued new context_conversation_add_text job f5d2d5b3-dd98-47c0-a41c-4272437c575a
[2026-09-03 16:51:55,049] [INFO ] [jaison.py::430 create_job]: Queued new response job 56b13a29-9966-439e-b8f2-ef36375ed22c
[2026-09-03 16:51:55,738] [INFO ] [operation.py::25 __call__]: T2T operation llamacpp completed in 687.4383999966085 ms
[2026-09-03 16:51:55,749] [INFO ] [operation.py::25 __call__]: FILTER_TEXT operation chunker_sentence completed in 10.999699938111007 ms
[2026-09-03 16:51:55,749] [INFO ] [operation.py::25 __call__]: FILTER_TEXT operation filter_clean completed in 11.164600029587746 ms
[2026-09-03 16:51:55,750] [INFO ] [jaison.py::952 response_pipeline]: Response job 56b13a29-9966-439e-b8f2-ef36375ed22c completed. Content: 'Конечно! Всё как обычно, полна энергии и новых идей. А как у тебя дела?...'
[2026-09-03 16:52:59,215] [INFO ] [jaison.py::110 start]: Starting JAIson application layer.
[2026-09-03 16:52:59,225] [INFO ] [manager.py::297 load_operations_from_config]: Active STT from config: sherpa_ru
[2026-09-03 16:53:00,980] [INFO ] [operation.py::32 start]: Starting STT operation sherpa_ru
[2026-09-03 16:53:00,980] [INFO ] [manager.py::26 load]: Loading process by type sherpa_stt
[2026-09-03 16:53:00,981] [WARNI] [base.py::46 unload]: Attempted to unload process sherpa_stt when it is already unloaded
[2026-09-03 16:53:00,982] [INFO ] [sherpa_server.py::85 _prepare_hotwords_file]: Sherpa STT hotwords validated: 3 entries
[2026-09-03 16:53:00,982] [INFO ] [sherpa_server.py::295 reload]: Sherpa STT config: port=6106 model_dir=C:\Nirmita\models\vosk-model-small-streaming-ru, model_variant=fp32, decoding_method=modified_beam_search, num_active_paths=6, use_endpoint=0, bpe_vocab=C:\Nirmita\models\vosk-model-small-streaming-ru\lang\unigram_500.vocab, hotwords_file=C:\Nirmita\models\hotwords.txt, hotwords_score=3.5
[2026-09-03 16:53:00,983] [INFO ] [sherpa_server.py::307 reload]: Starting Sherpa STT Server with command: C:\Nirmita\.conda312\python.exe C:\Nirmita\apps\stt-sherpa-server\start_server.py --encoder C:\Nirmita\models\vosk-model-small-streaming-ru\am-onnx\encoder.onnx --decoder C:\Nirmita\models\vosk-model-small-streaming-ru\am-onnx\decoder.onnx --joiner C:\Nirmita\models\vosk-model-small-streaming-ru\am-onnx\joiner.onnx --tokens C:\Nirmita\models\vosk-model-small-streaming-ru\lang\tokens.txt --modeling-unit bpe --decoding-method modified_beam_search --num-active-paths 6 --use-endpoint 0 --port 6106 --provider cpu --doc-root C:\Nirmita\apps\stt-sherpa-server --bpe-vocab C:\Nirmita\models\vosk-model-small-streaming-ru\lang\unigram_500.vocab --hotwords-file C:\Nirmita\logs\sherpa_hotwords.resolved.txt --hotwords-score 3.5
[2026-09-03 16:53:05,307] [INFO ] [operation.py::32 start]: Starting T2T operation llamacpp
[2026-09-03 16:53:05,308] [INFO ] [manager.py::26 load]: Loading process by type llamacpp
[2026-09-03 16:53:05,314] [INFO ] [llamacpp.py::81 reload]: Opened Llama.cpp server (PID: 28936) on port 10031 (GPU: 0)
[2026-09-03 16:53:05,314] [INFO ] [llamacpp.py::89 reload]: Waiting for llama-server to be ready at http://127.0.0.1:10031/health ...
[2026-09-03 16:53:09,491] [INFO ] [llamacpp.py::101 reload]: llama-server is ready! (attempt 8, port 10031)
[2026-09-03 16:53:09,509] [INFO ] [fishaudio.py::159 configure]: FishAudioTTS: настроен — model=s2.1-pro-free, reference_id=8579f198..., latency=balanced, sample_rate=44100, speed=1.0
[2026-09-03 16:53:09,509] [INFO ] [operation.py::32 start]: Starting TTS operation fish_audio
[2026-09-03 16:53:09,509] [INFO ] [fishaudio.py::85 start]: FishAudioTTS: операция запущена (WebSocket streaming, format=pcm)
[2026-09-03 16:53:09,510] [INFO ] [operation.py::32 start]: Starting FILTER_TEXT operation filter_clean
[2026-09-03 16:53:10,064] [INFO ] [operation.py::32 start]: Starting FILTER_TEXT operation chunker_sentence
[2026-09-03 16:53:10,569] [INFO ] [manager.py::26 load]: Loading process by type hw_mic
[2026-09-03 16:53:10,569] [WARNI] [base.py::46 unload]: Attempted to unload process hw_mic when it is already unloaded
[2026-09-03 16:53:10,576] [INFO ] [jaison.py::138 start]: JAIson application layer has started.
[2026-09-03 16:53:10,577] [INFO ] [logging.py::106 info]: Running on http://127.0.0.1:7272 (CTRL + C to quit)
[2026-09-03 16:53:10,702] [INFO ] [app_server.py::77 ws]: Opened new websocket connection
[2026-09-03 16:53:33,472] [INFO ] [app_server.py::86 ws]: Closed websocket connection
[2026-09-03 16:53:33,825] [INFO ] [app_server.py::77 ws]: Opened new websocket connection
[2026-09-03 16:53:36,113] [INFO ] [jaison.py::430 create_job]: Queued new context_conversation_add_text job 17986cd7-859d-4fe2-85f5-ff69e98ac5f4
[2026-09-03 16:53:36,121] [INFO ] [jaison.py::430 create_job]: Queued new response job 9b984be8-22e4-404e-baa0-812e0e2d9088
[2026-09-03 16:53:36,534] [INFO ] [operation.py::25 __call__]: T2T operation llamacpp completed in 410.399500047788 ms
[2026-09-03 16:53:36,543] [INFO ] [operation.py::25 __call__]: FILTER_TEXT operation chunker_sentence completed in 9.911600034683943 ms
[2026-09-03 16:53:36,543] [INFO ] [operation.py::25 __call__]: FILTER_TEXT operation filter_clean completed in 10.069500072859228 ms
[2026-09-03 16:53:36,545] [INFO ] [jaison.py::952 response_pipeline]: Response job 9b984be8-22e4-404e-baa0-812e0e2d9088 completed. Content: 'Привет! Как дела? Что нового?...'
[2026-09-03 16:54:32,757] [INFO ] [jaison.py::110 start]: Starting JAIson application layer.
[2026-09-03 16:54:32,774] [INFO ] [manager.py::300 load_operations_from_config]: Active STT from config: sherpa_ru
[2026-09-03 16:54:34,546] [INFO ] [operation.py::32 start]: Starting STT operation sherpa_ru
[2026-09-03 16:54:34,547] [INFO ] [manager.py::26 load]: Loading process by type sherpa_stt
[2026-09-03 16:54:34,548] [WARNI] [base.py::46 unload]: Attempted to unload process sherpa_stt when it is already unloaded
[2026-09-03 16:54:34,548] [INFO ] [sherpa_server.py::85 _prepare_hotwords_file]: Sherpa STT hotwords validated: 3 entries
[2026-09-03 16:54:34,549] [INFO ] [sherpa_server.py::295 reload]: Sherpa STT config: port=6106 model_dir=C:\Nirmita\models\vosk-model-small-streaming-ru, model_variant=fp32, decoding_method=modified_beam_search, num_active_paths=6, use_endpoint=0, bpe_vocab=C:\Nirmita\models\vosk-model-small-streaming-ru\lang\unigram_500.vocab, hotwords_file=C:\Nirmita\models\hotwords.txt, hotwords_score=3.5
[2026-09-03 16:54:34,549] [INFO ] [sherpa_server.py::307 reload]: Starting Sherpa STT Server with command: C:\Nirmita\.conda312\python.exe C:\Nirmita\apps\stt-sherpa-server\start_server.py --encoder C:\Nirmita\models\vosk-model-small-streaming-ru\am-onnx\encoder.onnx --decoder C:\Nirmita\models\vosk-model-small-streaming-ru\am-onnx\decoder.onnx --joiner C:\Nirmita\models\vosk-model-small-streaming-ru\am-onnx\joiner.onnx --tokens C:\Nirmita\models\vosk-model-small-streaming-ru\lang\tokens.txt --modeling-unit bpe --decoding-method modified_beam_search --num-active-paths 6 --use-endpoint 0 --port 6106 --provider cpu --doc-root C:\Nirmita\apps\stt-sherpa-server --bpe-vocab C:\Nirmita\models\vosk-model-small-streaming-ru\lang\unigram_500.vocab --hotwords-file C:\Nirmita\logs\sherpa_hotwords.resolved.txt --hotwords-score 3.5
[2026-09-03 16:54:38,876] [INFO ] [operation.py::32 start]: Starting T2T operation llamacpp
[2026-09-03 16:54:38,877] [INFO ] [manager.py::26 load]: Loading process by type llamacpp
[2026-09-03 16:54:38,882] [INFO ] [llamacpp.py::81 reload]: Opened Llama.cpp server (PID: 2812) on port 5064 (GPU: 0)
[2026-09-03 16:54:38,882] [INFO ] [llamacpp.py::89 reload]: Waiting for llama-server to be ready at http://127.0.0.1:5064/health ...
[2026-09-03 16:54:43,089] [INFO ] [llamacpp.py::101 reload]: llama-server is ready! (attempt 8, port 5064)
[2026-09-03 16:54:43,105] [INFO ] [fishaudio.py::159 configure]: FishAudioTTS: настроен — model=s2.1-pro-free, reference_id=8579f198..., latency=balanced, sample_rate=44100, speed=1.0
[2026-09-03 16:54:43,105] [INFO ] [operation.py::32 start]: Starting TTS operation fish_audio
[2026-09-03 16:54:43,105] [INFO ] [fishaudio.py::85 start]: FishAudioTTS: операция запущена (WebSocket streaming, format=pcm)
[2026-09-03 16:54:43,106] [INFO ] [operation.py::32 start]: Starting FILTER_TEXT operation filter_clean
[2026-09-03 16:54:43,660] [INFO ] [operation.py::32 start]: Starting FILTER_TEXT operation chunker_sentence
[2026-09-03 16:54:44,411] [ERROR] [app_server.py::356 start_web_server]: Stopping server due to exception
Traceback (most recent call last):
  File "C:\Nirmita\src\utils\server\app_server.py", line 352, in start_web_server
    await JAIson().start()
  File "C:\Nirmita\src\utils\jaison.py", line 127, in start
    await self.op_manager.load_operations_from_config()
  File "C:\Nirmita\src\utils\operations\manager.py", line 305, in load_operations_from_config
    await self.load_operation(op_role, op_id, op_details)
  File "C:\Nirmita\src\utils\operations\manager.py", line 227, in load_operation
    new_op = load_op(role_to_type(op_role), op_id, op_details=op_details)
             ^^^^^^^^^^^^^^^^^^^^^^^^^^^^^^^^^^^^^^^^^^^^^^^^^^^^^^^^^^^^
  File "C:\Nirmita\src\utils\operations\manager.py", line 88, in load_op
    from .filter_audio.speaker import SpeakerOutputFilter
  File "C:\Nirmita\src\utils\operations\filter_audio\speaker.py", line 7, in <module>
    from .base import AudioFilterOperation
ImportError: cannot import name 'AudioFilterOperation' from 'utils.operations.filter_audio.base' (C:\Nirmita\src\utils\operations\filter_audio\base.py)
[2026-09-03 16:54:44,412] [INFO ] [jaison.py::141 stop]: Shutting down JAIson application layer
[2026-09-03 16:54:44,412] [INFO ] [operation.py::38 close]: Closing STT operation sherpa_ru
[2026-09-03 16:54:44,412] [INFO ] [base.py::70 unlink]: No more links to process sherpa_stt. Unloading...
[2026-09-03 16:54:44,419] [INFO ] [base.py::44 unload]: Unloaded process sherpa_stt
[2026-09-03 16:54:44,419] [INFO ] [operation.py::38 close]: Closing T2T operation llamacpp
[2026-09-03 16:54:44,420] [INFO ] [base.py::70 unlink]: No more links to process llamacpp. Unloading...
[2026-09-03 16:54:44,426] [INFO ] [base.py::44 unload]: Unloaded process llamacpp
[2026-09-03 16:54:44,427] [INFO ] [operation.py::38 close]: Closing TTS operation fish_audio
[2026-09-03 16:54:44,427] [INFO ] [fishaudio.py::89 close]: FishAudioTTS: операция остановлена
[2026-09-03 16:54:44,427] [INFO ] [operation.py::38 close]: Closing FILTER_TEXT operation filter_clean
[2026-09-03 16:54:44,427] [INFO ] [operation.py::38 close]: Closing FILTER_TEXT operation chunker_sentence
[2026-09-03 16:54:44,429] [INFO ] [jaison.py::150 stop]: JAIson application layer has been shut down
[2026-09-03 16:56:26,678] [INFO ] [jaison.py::110 start]: Starting JAIson application layer.
[2026-09-03 16:56:26,689] [INFO ] [manager.py::300 load_operations_from_config]: Active STT from config: sherpa_ru
[2026-09-03 16:56:28,355] [INFO ] [operation.py::32 start]: Starting STT operation sherpa_ru
[2026-09-03 16:56:28,355] [INFO ] [manager.py::26 load]: Loading process by type sherpa_stt
[2026-09-03 16:56:28,356] [WARNI] [base.py::46 unload]: Attempted to unload process sherpa_stt when it is already unloaded
[2026-09-03 16:56:28,356] [INFO ] [sherpa_server.py::85 _prepare_hotwords_file]: Sherpa STT hotwords validated: 3 entries
[2026-09-03 16:56:28,357] [INFO ] [sherpa_server.py::295 reload]: Sherpa STT config: port=6106 model_dir=C:\Nirmita\models\vosk-model-small-streaming-ru, model_variant=fp32, decoding_method=modified_beam_search, num_active_paths=6, use_endpoint=0, bpe_vocab=C:\Nirmita\models\vosk-model-small-streaming-ru\lang\unigram_500.vocab, hotwords_file=C:\Nirmita\models\hotwords.txt, hotwords_score=3.5
[2026-09-03 16:56:28,357] [INFO ] [sherpa_server.py::307 reload]: Starting Sherpa STT Server with command: C:\Nirmita\.conda312\python.exe C:\Nirmita\apps\stt-sherpa-server\start_server.py --encoder C:\Nirmita\models\vosk-model-small-streaming-ru\am-onnx\encoder.onnx --decoder C:\Nirmita\models\vosk-model-small-streaming-ru\am-onnx\decoder.onnx --joiner C:\Nirmita\models\vosk-model-small-streaming-ru\am-onnx\joiner.onnx --tokens C:\Nirmita\models\vosk-model-small-streaming-ru\lang\tokens.txt --modeling-unit bpe --decoding-method modified_beam_search --num-active-paths 6 --use-endpoint 0 --port 6106 --provider cpu --doc-root C:\Nirmita\apps\stt-sherpa-server --bpe-vocab C:\Nirmita\models\vosk-model-small-streaming-ru\lang\unigram_500.vocab --hotwords-file C:\Nirmita\logs\sherpa_hotwords.resolved.txt --hotwords-score 3.5
[2026-09-03 16:56:32,676] [INFO ] [operation.py::32 start]: Starting T2T operation llamacpp
[2026-09-03 16:56:32,676] [INFO ] [manager.py::26 load]: Loading process by type llamacpp
[2026-09-03 16:56:32,682] [INFO ] [llamacpp.py::81 reload]: Opened Llama.cpp server (PID: 42160) on port 5907 (GPU: 0)
[2026-09-03 16:56:32,682] [INFO ] [llamacpp.py::89 reload]: Waiting for llama-server to be ready at http://127.0.0.1:5907/health ...
[2026-09-03 16:56:36,881] [INFO ] [llamacpp.py::101 reload]: llama-server is ready! (attempt 8, port 5907)
[2026-09-03 16:56:36,896] [INFO ] [fishaudio.py::159 configure]: FishAudioTTS: настроен — model=s2.1-pro-free, reference_id=8579f198..., latency=balanced, sample_rate=44100, speed=1.0
[2026-09-03 16:56:36,897] [INFO ] [operation.py::32 start]: Starting TTS operation fish_audio
[2026-09-03 16:56:36,897] [INFO ] [fishaudio.py::85 start]: FishAudioTTS: операция запущена (WebSocket streaming, format=pcm)
[2026-09-03 16:56:36,898] [INFO ] [operation.py::32 start]: Starting FILTER_TEXT operation filter_clean
[2026-09-03 16:56:37,483] [INFO ] [operation.py::32 start]: Starting FILTER_TEXT operation chunker_sentence
[2026-09-03 16:56:38,196] [INFO ] [speaker.py::55 configure]: SpeakerOutputFilter: настроен на устройство name=, index=None
[2026-09-03 16:56:38,196] [INFO ] [operation.py::32 start]: Starting FILTER_AUDIO operation speaker
[2026-09-03 16:56:38,197] [INFO ] [speaker.py::29 start]: SpeakerOutputFilter: операция запущена (вокер запущен)
[2026-09-03 16:56:38,197] [INFO ] [manager.py::26 load]: Loading process by type hw_mic
[2026-09-03 16:56:38,198] [WARNI] [base.py::46 unload]: Attempted to unload process hw_mic when it is already unloaded
[2026-09-03 16:56:38,204] [INFO ] [jaison.py::138 start]: JAIson application layer has started.
[2026-09-03 16:56:38,205] [INFO ] [logging.py::106 info]: Running on http://127.0.0.1:7272 (CTRL + C to quit)
[2026-09-03 16:56:38,440] [INFO ] [app_server.py::77 ws]: Opened new websocket connection
[2026-09-03 16:56:40,078] [INFO ] [app_server.py::86 ws]: Closed websocket connection
[2026-09-03 16:56:40,429] [INFO ] [app_server.py::77 ws]: Opened new websocket connection
[2026-09-03 16:56:42,906] [INFO ] [jaison.py::430 create_job]: Queued new context_conversation_add_text job c54f7c3a-9525-465f-bb28-6e9f40cdec86
[2026-09-03 16:56:42,911] [INFO ] [jaison.py::430 create_job]: Queued new response job 0244785b-1469-48e9-ac3f-8d6663506e27
[2026-09-03 16:56:43,222] [INFO ] [operation.py::25 __call__]: T2T operation llamacpp completed in 309.47169999126345 ms
[2026-09-03 16:56:43,232] [INFO ] [operation.py::25 __call__]: FILTER_TEXT operation chunker_sentence completed in 9.475399972870946 ms
[2026-09-03 16:56:43,232] [INFO ] [operation.py::25 __call__]: FILTER_TEXT operation filter_clean completed in 9.651600033976138 ms
[2026-09-03 16:56:43,233] [INFO ] [jaison.py::952 response_pipeline]: Response job 0244785b-1469-48e9-ac3f-8d6663506e27 completed. Content: 'Привет! Как дела?...'
[2026-09-03 16:56:54,218] [INFO ] [jaison.py::430 create_job]: Queued new context_conversation_add_text job 78880e0e-173b-44e8-8502-1aa5a105e6c8
[2026-09-03 16:56:54,223] [INFO ] [jaison.py::430 create_job]: Queued new response job 17aabe75-0ad5-45a6-9dd0-0a23a4b51d4b
[2026-09-03 16:56:55,281] [INFO ] [operation.py::25 __call__]: T2T operation llamacpp completed in 1057.1011999854818 ms
[2026-09-03 16:56:55,297] [INFO ] [operation.py::25 __call__]: FILTER_TEXT operation chunker_sentence completed in 14.789100037887692 ms
[2026-09-03 16:56:55,297] [INFO ] [operation.py::25 __call__]: FILTER_TEXT operation filter_clean completed in 14.969099895097315 ms
[2026-09-03 16:56:55,297] [INFO ] [jaison.py::952 response_pipeline]: Response job 17aabe75-0ad5-45a6-9dd0-0a23a4b51d4b completed. Content: 'Ладно, давай разберемся, о чем ты хочешь поболтать? Игры, сплетни, или что-нибудь интересное из мира...'
[2026-09-03 17:00:02,515] [INFO ] [jaison.py::110 start]: Starting JAIson application layer.
[2026-09-03 17:00:02,526] [INFO ] [manager.py::300 load_operations_from_config]: Active STT from config: sherpa_ru
[2026-09-03 17:00:04,194] [INFO ] [operation.py::32 start]: Starting STT operation sherpa_ru
[2026-09-03 17:00:04,194] [INFO ] [manager.py::26 load]: Loading process by type sherpa_stt
[2026-09-03 17:00:04,195] [WARNI] [base.py::46 unload]: Attempted to unload process sherpa_stt when it is already unloaded
[2026-09-03 17:00:04,196] [INFO ] [sherpa_server.py::85 _prepare_hotwords_file]: Sherpa STT hotwords validated: 3 entries
[2026-09-03 17:00:04,197] [INFO ] [sherpa_server.py::295 reload]: Sherpa STT config: port=6106 model_dir=C:\Nirmita\models\vosk-model-small-streaming-ru, model_variant=fp32, decoding_method=modified_beam_search, num_active_paths=6, use_endpoint=0, bpe_vocab=C:\Nirmita\models\vosk-model-small-streaming-ru\lang\unigram_500.vocab, hotwords_file=C:\Nirmita\models\hotwords.txt, hotwords_score=3.5
[2026-09-03 17:00:04,197] [INFO ] [sherpa_server.py::307 reload]: Starting Sherpa STT Server with command: C:\Nirmita\.conda312\python.exe C:\Nirmita\apps\stt-sherpa-server\start_server.py --encoder C:\Nirmita\models\vosk-model-small-streaming-ru\am-onnx\encoder.onnx --decoder C:\Nirmita\models\vosk-model-small-streaming-ru\am-onnx\decoder.onnx --joiner C:\Nirmita\models\vosk-model-small-streaming-ru\am-onnx\joiner.onnx --tokens C:\Nirmita\models\vosk-model-small-streaming-ru\lang\tokens.txt --modeling-unit bpe --decoding-method modified_beam_search --num-active-paths 6 --use-endpoint 0 --port 6106 --provider cpu --doc-root C:\Nirmita\apps\stt-sherpa-server --bpe-vocab C:\Nirmita\models\vosk-model-small-streaming-ru\lang\unigram_500.vocab --hotwords-file C:\Nirmita\logs\sherpa_hotwords.resolved.txt --hotwords-score 3.5
[2026-09-03 17:00:08,521] [INFO ] [operation.py::32 start]: Starting T2T operation llamacpp
[2026-09-03 17:00:08,521] [INFO ] [manager.py::26 load]: Loading process by type llamacpp
[2026-09-03 17:00:08,526] [INFO ] [llamacpp.py::81 reload]: Opened Llama.cpp server (PID: 35212) on port 5007 (GPU: 0)
[2026-09-03 17:00:08,527] [INFO ] [llamacpp.py::89 reload]: Waiting for llama-server to be ready at http://127.0.0.1:5007/health ...
[2026-09-03 17:00:12,673] [INFO ] [llamacpp.py::101 reload]: llama-server is ready! (attempt 8, port 5007)
[2026-09-03 17:00:12,689] [INFO ] [fishaudio.py::159 configure]: FishAudioTTS: настроен — model=s2.1-pro-free, reference_id=8579f198..., latency=balanced, sample_rate=44100, speed=1.0
[2026-09-03 17:00:12,689] [INFO ] [operation.py::32 start]: Starting TTS operation fish_audio
[2026-09-03 17:00:12,689] [INFO ] [fishaudio.py::85 start]: FishAudioTTS: операция запущена (WebSocket streaming, format=pcm)
[2026-09-03 17:00:12,690] [INFO ] [operation.py::32 start]: Starting FILTER_TEXT operation filter_clean
[2026-09-03 17:00:13,245] [INFO ] [operation.py::32 start]: Starting FILTER_TEXT operation chunker_sentence
[2026-09-03 17:00:13,947] [INFO ] [speaker.py::55 configure]: SpeakerOutputFilter: настроен на устройство name=CABLE Input, index=None
[2026-09-03 17:00:13,947] [INFO ] [operation.py::32 start]: Starting FILTER_AUDIO operation speaker
[2026-09-03 17:00:13,948] [INFO ] [speaker.py::29 start]: SpeakerOutputFilter: операция запущена (вокер запущен)
[2026-09-03 17:00:13,948] [INFO ] [manager.py::26 load]: Loading process by type hw_mic
[2026-09-03 17:00:13,949] [WARNI] [base.py::46 unload]: Attempted to unload process hw_mic when it is already unloaded
[2026-09-03 17:00:13,956] [INFO ] [jaison.py::138 start]: JAIson application layer has started.
[2026-09-03 17:00:13,956] [INFO ] [logging.py::106 info]: Running on http://127.0.0.1:7272 (CTRL + C to quit)
[2026-09-03 17:00:14,037] [INFO ] [app_server.py::77 ws]: Opened new websocket connection
[2026-09-03 17:00:23,410] [INFO ] [app_server.py::86 ws]: Closed websocket connection
[2026-09-03 17:00:23,774] [INFO ] [app_server.py::77 ws]: Opened new websocket connection
[2026-09-03 17:00:25,137] [INFO ] [jaison.py::430 create_job]: Queued new context_conversation_add_text job 7e9809cd-c759-425e-a222-84373b4d4dd7
[2026-09-03 17:00:25,144] [INFO ] [jaison.py::430 create_job]: Queued new response job 90f72f8d-a681-4dbd-b7ba-2db941f92b10
[2026-09-03 17:00:26,070] [INFO ] [operation.py::25 __call__]: T2T operation llamacpp completed in 924.1040999768302 ms
[2026-09-03 17:00:26,082] [INFO ] [operation.py::25 __call__]: FILTER_TEXT operation chunker_sentence completed in 12.225500075146556 ms
[2026-09-03 17:00:26,082] [INFO ] [operation.py::25 __call__]: FILTER_TEXT operation filter_clean completed in 12.376200058497488 ms
[2026-09-03 17:00:26,083] [INFO ] [jaison.py::952 response_pipeline]: Response job 90f72f8d-a681-4dbd-b7ba-2db941f92b10 completed. Content: 'Ой, что-то ты там набрал? Слышишь, что говорят про новый патч в нашу любимую игру?...'
[2026-09-03 17:00:37,856] [INFO ] [jaison.py::430 create_job]: Queued new context_conversation_add_text job 3cad51b6-4cb0-41ab-b1c4-b76cdaa0c7f4
[2026-09-03 17:00:37,861] [INFO ] [jaison.py::430 create_job]: Queued new response job 46cb88d0-f84f-4b54-871d-e098909ed6f1
[2026-09-03 17:00:38,853] [INFO ] [operation.py::25 __call__]: T2T operation llamacpp completed in 991.5452999994159 ms
[2026-09-03 17:00:38,868] [INFO ] [operation.py::25 __call__]: FILTER_TEXT operation chunker_sentence completed in 14.826999977231026 ms
[2026-09-03 17:00:38,868] [INFO ] [operation.py::25 __call__]: FILTER_TEXT operation filter_clean completed in 15.01589990220964 ms
[2026-09-03 17:00:38,869] [INFO ] [jaison.py::952 response_pipeline]: Response job 46cb88d0-f84f-4b54-871d-e098909ed6f1 completed. Content: 'Говорят, что добавили нового босса — супер крутого, но и супер сложного. Надо готовиться, чтобы всех...'
[2026-09-03 17:00:45,322] [INFO ] [jaison.py::430 create_job]: Queued new context_conversation_add_text job 8d1ca00d-b0df-4a24-8ade-a38e5a21da1e
[2026-09-03 17:00:45,329] [INFO ] [jaison.py::430 create_job]: Queued new response job ee26373e-2b80-4989-b1e0-a7c5d0c39ff6
[2026-09-03 17:00:46,503] [INFO ] [operation.py::25 __call__]: T2T operation llamacpp completed in 1173.4303999692202 ms
[2026-09-03 17:00:46,516] [INFO ] [operation.py::25 __call__]: FILTER_TEXT operation chunker_sentence completed in 12.88549997843802 ms
[2026-09-03 17:00:46,516] [INFO ] [operation.py::25 __call__]: FILTER_TEXT operation filter_clean completed in 13.059900025837123 ms
[2026-09-03 17:00:46,517] [INFO ] [jaison.py::952 response_pipeline]: Response job ee26373e-2b80-4989-b1e0-a7c5d0c39ff6 completed. Content: '"Звездные Хранители", конечно! Там всякие миссии, рейды и даже можно на других игроках жениться. Ну ...'
[2026-09-03 17:01:09,735] [INFO ] [jaison.py::430 create_job]: Queued new context_conversation_add_text job e7792043-8cab-4972-b3ab-4c7f163d3792
[2026-09-03 17:01:09,741] [INFO ] [jaison.py::430 create_job]: Queued new response job d571c564-5477-4254-a6ed-e8afcac0198a
[2026-09-03 17:01:10,258] [INFO ] [operation.py::25 __call__]: T2T operation llamacpp completed in 515.3528000228107 ms
[2026-09-03 17:01:10,269] [INFO ] [operation.py::25 __call__]: FILTER_TEXT operation chunker_sentence completed in 10.527899954468012 ms
[2026-09-03 17:01:10,269] [INFO ] [operation.py::25 __call__]: FILTER_TEXT operation filter_clean completed in 10.6929000467062 ms
[2026-09-03 17:01:10,270] [INFO ] [jaison.py::952 response_pipeline]: Response job d571c564-5477-4254-a6ed-e8afcac0198a completed. Content: 'Привет! Как дела? Наконец-то решила присоединиться к нам?...'
[2026-09-03 17:02:44,534] [INFO ] [jaison.py::430 create_job]: Queued new context_conversation_add_text job e16f3f42-39d7-454f-b42c-1c145cf121ae
[2026-09-03 17:02:44,540] [INFO ] [jaison.py::430 create_job]: Queued new response job a3490499-e789-4b3a-bc0c-60224ca795b1
[2026-09-03 17:02:45,181] [INFO ] [operation.py::25 __call__]: T2T operation llamacpp completed in 640.6462000450119 ms
[2026-09-03 17:02:45,195] [INFO ] [operation.py::25 __call__]: FILTER_TEXT operation chunker_sentence completed in 14.785500010475516 ms
[2026-09-03 17:02:45,197] [INFO ] [operation.py::25 __call__]: FILTER_TEXT operation filter_clean completed in 14.938000007532537 ms
[2026-09-03 17:02:45,197] [INFO ] [jaison.py::952 response_pipeline]: Response job a3490499-e789-4b3a-bc0c-60224ca795b1 completed. Content: 'Как у тебя дела? Ты сегодня в "Звездных Хранителях" будешь?...'
[2026-09-03 17:04:43,465] [INFO ] [jaison.py::110 start]: Starting JAIson application layer.
[2026-09-03 17:04:43,477] [INFO ] [manager.py::300 load_operations_from_config]: Active STT from config: sherpa_ru
[2026-09-03 17:04:45,090] [INFO ] [operation.py::32 start]: Starting STT operation sherpa_ru
[2026-09-03 17:04:45,090] [INFO ] [manager.py::26 load]: Loading process by type sherpa_stt
[2026-09-03 17:04:45,091] [WARNI] [base.py::46 unload]: Attempted to unload process sherpa_stt when it is already unloaded
[2026-09-03 17:04:45,092] [INFO ] [sherpa_server.py::85 _prepare_hotwords_file]: Sherpa STT hotwords validated: 3 entries
[2026-09-03 17:04:45,092] [INFO ] [sherpa_server.py::295 reload]: Sherpa STT config: port=6106 model_dir=C:\Nirmita\models\vosk-model-small-streaming-ru, model_variant=fp32, decoding_method=modified_beam_search, num_active_paths=6, use_endpoint=0, bpe_vocab=C:\Nirmita\models\vosk-model-small-streaming-ru\lang\unigram_500.vocab, hotwords_file=C:\Nirmita\models\hotwords.txt, hotwords_score=3.5
[2026-09-03 17:04:45,092] [INFO ] [sherpa_server.py::307 reload]: Starting Sherpa STT Server with command: C:\Nirmita\.conda312\python.exe C:\Nirmita\apps\stt-sherpa-server\start_server.py --encoder C:\Nirmita\models\vosk-model-small-streaming-ru\am-onnx\encoder.onnx --decoder C:\Nirmita\models\vosk-model-small-streaming-ru\am-onnx\decoder.onnx --joiner C:\Nirmita\models\vosk-model-small-streaming-ru\am-onnx\joiner.onnx --tokens C:\Nirmita\models\vosk-model-small-streaming-ru\lang\tokens.txt --modeling-unit bpe --decoding-method modified_beam_search --num-active-paths 6 --use-endpoint 0 --port 6106 --provider cpu --doc-root C:\Nirmita\apps\stt-sherpa-server --bpe-vocab C:\Nirmita\models\vosk-model-small-streaming-ru\lang\unigram_500.vocab --hotwords-file C:\Nirmita\logs\sherpa_hotwords.resolved.txt --hotwords-score 3.5
[2026-09-03 17:04:49,420] [INFO ] [operation.py::32 start]: Starting T2T operation llamacpp
[2026-09-03 17:04:49,421] [INFO ] [manager.py::26 load]: Loading process by type llamacpp
[2026-09-03 17:04:49,427] [INFO ] [llamacpp.py::81 reload]: Opened Llama.cpp server (PID: 19788) on port 5031 (GPU: 0)
[2026-09-03 17:04:49,427] [INFO ] [llamacpp.py::89 reload]: Waiting for llama-server to be ready at http://127.0.0.1:5031/health ...
[2026-09-03 17:04:53,600] [INFO ] [llamacpp.py::101 reload]: llama-server is ready! (attempt 8, port 5031)
[2026-09-03 17:04:53,617] [INFO ] [fishaudio.py::159 configure]: FishAudioTTS: настроен — model=s2.1-pro-free, reference_id=8579f198..., latency=balanced, sample_rate=44100, speed=1.0
[2026-09-03 17:04:53,617] [INFO ] [operation.py::32 start]: Starting TTS operation fish_audio
[2026-09-03 17:04:53,617] [INFO ] [fishaudio.py::85 start]: FishAudioTTS: операция запущена (WebSocket streaming, format=pcm)
[2026-09-03 17:04:53,618] [INFO ] [operation.py::32 start]: Starting FILTER_TEXT operation filter_clean
[2026-09-03 17:04:54,179] [INFO ] [operation.py::32 start]: Starting FILTER_TEXT operation chunker_sentence
[2026-09-03 17:04:54,903] [INFO ] [speaker.py::55 configure]: SpeakerOutputFilter: настроен на устройство name=, index=None
[2026-09-03 17:04:54,903] [INFO ] [operation.py::32 start]: Starting FILTER_AUDIO operation speaker
[2026-09-03 17:04:54,904] [INFO ] [speaker.py::29 start]: SpeakerOutputFilter: операция запущена (вокер запущен)
[2026-09-03 17:04:54,904] [INFO ] [manager.py::26 load]: Loading process by type hw_mic
[2026-09-03 17:04:54,904] [WARNI] [base.py::46 unload]: Attempted to unload process hw_mic when it is already unloaded
[2026-09-03 17:04:54,910] [INFO ] [jaison.py::138 start]: JAIson application layer has started.
[2026-09-03 17:04:54,911] [INFO ] [logging.py::106 info]: Running on http://127.0.0.1:7272 (CTRL + C to quit)
[2026-09-03 17:04:55,180] [INFO ] [app_server.py::77 ws]: Opened new websocket connection
[2026-09-03 17:05:00,571] [INFO ] [app_server.py::86 ws]: Closed websocket connection
[2026-09-03 17:05:00,945] [INFO ] [app_server.py::77 ws]: Opened new websocket connection
[2026-09-03 17:05:07,711] [INFO ] [jaison.py::430 create_job]: Queued new context_conversation_add_text job 477734da-a3fd-4989-826d-96eef5e29c14
[2026-09-03 17:05:07,717] [INFO ] [jaison.py::430 create_job]: Queued new response job ef767c15-ee37-4624-b0d4-8d5b883f0622
[2026-09-03 17:05:09,448] [INFO ] [operation.py::25 __call__]: T2T operation llamacpp completed in 1730.0115999532863 ms
[2026-09-03 17:05:09,465] [INFO ] [operation.py::25 __call__]: FILTER_TEXT operation chunker_sentence completed in 16.537299961782992 ms
[2026-09-03 17:05:09,465] [INFO ] [operation.py::25 __call__]: FILTER_TEXT operation filter_clean completed in 16.72729989513755 ms
[2026-09-03 17:05:09,466] [INFO ] [jaison.py::952 response_pipeline]: Response job ef767c15-ee37-4624-b0d4-8d5b883f0622 completed. Content: 'Слушай, была однажды страна, где магия была как вода. У них был маг по имени Аллон, который мог вызв...'
[2026-09-03 17:07:02,695] [INFO ] [jaison.py::110 start]: Starting JAIson application layer.
[2026-09-03 17:07:02,706] [INFO ] [manager.py::300 load_operations_from_config]: Active STT from config: sherpa_ru
[2026-09-03 17:07:04,420] [INFO ] [operation.py::32 start]: Starting STT operation sherpa_ru
[2026-09-03 17:07:04,420] [INFO ] [manager.py::26 load]: Loading process by type sherpa_stt
[2026-09-03 17:07:04,421] [WARNI] [base.py::46 unload]: Attempted to unload process sherpa_stt when it is already unloaded
[2026-09-03 17:07:04,423] [INFO ] [sherpa_server.py::85 _prepare_hotwords_file]: Sherpa STT hotwords validated: 3 entries
[2026-09-03 17:07:04,423] [INFO ] [sherpa_server.py::295 reload]: Sherpa STT config: port=6106 model_dir=C:\Nirmita\models\vosk-model-small-streaming-ru, model_variant=fp32, decoding_method=modified_beam_search, num_active_paths=6, use_endpoint=0, bpe_vocab=C:\Nirmita\models\vosk-model-small-streaming-ru\lang\unigram_500.vocab, hotwords_file=C:\Nirmita\models\hotwords.txt, hotwords_score=3.5
[2026-09-03 17:07:04,423] [INFO ] [sherpa_server.py::307 reload]: Starting Sherpa STT Server with command: C:\Nirmita\.conda312\python.exe C:\Nirmita\apps\stt-sherpa-server\start_server.py --encoder C:\Nirmita\models\vosk-model-small-streaming-ru\am-onnx\encoder.onnx --decoder C:\Nirmita\models\vosk-model-small-streaming-ru\am-onnx\decoder.onnx --joiner C:\Nirmita\models\vosk-model-small-streaming-ru\am-onnx\joiner.onnx --tokens C:\Nirmita\models\vosk-model-small-streaming-ru\lang\tokens.txt --modeling-unit bpe --decoding-method modified_beam_search --num-active-paths 6 --use-endpoint 0 --port 6106 --provider cpu --doc-root C:\Nirmita\apps\stt-sherpa-server --bpe-vocab C:\Nirmita\models\vosk-model-small-streaming-ru\lang\unigram_500.vocab --hotwords-file C:\Nirmita\logs\sherpa_hotwords.resolved.txt --hotwords-score 3.5
[2026-09-03 17:07:08,752] [INFO ] [operation.py::32 start]: Starting T2T operation llamacpp
[2026-09-03 17:07:08,753] [INFO ] [manager.py::26 load]: Loading process by type llamacpp
[2026-09-03 17:07:08,758] [INFO ] [llamacpp.py::81 reload]: Opened Llama.cpp server (PID: 40092) on port 3137 (GPU: 0)
[2026-09-03 17:07:08,758] [INFO ] [llamacpp.py::89 reload]: Waiting for llama-server to be ready at http://127.0.0.1:3137/health ...
[2026-09-03 17:07:12,938] [INFO ] [llamacpp.py::101 reload]: llama-server is ready! (attempt 8, port 3137)
[2026-09-03 17:07:12,953] [INFO ] [fishaudio.py::159 configure]: FishAudioTTS: настроен — model=s2.1-pro-free, reference_id=8579f198..., latency=balanced, sample_rate=44100, speed=1.0
[2026-09-03 17:07:12,953] [INFO ] [operation.py::32 start]: Starting TTS operation fish_audio
[2026-09-03 17:07:12,954] [INFO ] [fishaudio.py::85 start]: FishAudioTTS: операция запущена (WebSocket streaming, format=pcm)
[2026-09-03 17:07:12,955] [INFO ] [operation.py::32 start]: Starting FILTER_TEXT operation filter_clean
[2026-09-03 17:07:13,505] [INFO ] [operation.py::32 start]: Starting FILTER_TEXT operation chunker_sentence
[2026-09-03 17:07:14,206] [INFO ] [speaker.py::56 configure]: SpeakerOutputFilter: настроен на устройство name=, index=None
[2026-09-03 17:07:14,206] [INFO ] [operation.py::32 start]: Starting FILTER_AUDIO operation speaker
[2026-09-03 17:07:14,206] [INFO ] [speaker.py::30 start]: SpeakerOutputFilter: операция запущена (вокер запущен)
[2026-09-03 17:07:14,206] [INFO ] [manager.py::26 load]: Loading process by type hw_mic
[2026-09-03 17:07:14,207] [WARNI] [base.py::46 unload]: Attempted to unload process hw_mic when it is already unloaded
[2026-09-03 17:07:14,214] [INFO ] [jaison.py::138 start]: JAIson application layer has started.
[2026-09-03 17:07:14,215] [INFO ] [logging.py::106 info]: Running on http://127.0.0.1:7272 (CTRL + C to quit)
[2026-09-03 17:07:14,238] [INFO ] [app_server.py::77 ws]: Opened new websocket connection
[2026-09-03 17:07:15,778] [INFO ] [app_server.py::86 ws]: Closed websocket connection
[2026-09-03 17:07:16,144] [INFO ] [app_server.py::77 ws]: Opened new websocket connection
[2026-09-03 17:07:17,571] [INFO ] [jaison.py::430 create_job]: Queued new context_conversation_add_text job 8ff9aa78-193b-46b8-9cad-7c7bd2c08782
[2026-09-03 17:07:17,577] [INFO ] [jaison.py::430 create_job]: Queued new response job e116a983-7224-4376-8b93-4176a5bf8554
[2026-09-03 17:07:17,977] [INFO ] [operation.py::25 __call__]: T2T operation llamacpp completed in 397.36589998938143 ms
[2026-09-03 17:07:17,987] [INFO ] [operation.py::25 __call__]: FILTER_TEXT operation chunker_sentence completed in 11.054100003093481 ms
[2026-09-03 17:07:17,988] [INFO ] [operation.py::25 __call__]: FILTER_TEXT operation filter_clean completed in 11.247999966144562 ms
[2026-09-03 17:07:17,988] [INFO ] [jaison.py::952 response_pipeline]: Response job e116a983-7224-4376-8b93-4176a5bf8554 completed. Content: 'Привет! Как дела? Что нового?...'
[2026-09-03 17:13:41,057] [INFO ] [jaison.py::110 start]: Starting JAIson application layer.
[2026-09-03 17:13:41,067] [INFO ] [manager.py::300 load_operations_from_config]: Active STT from config: sherpa_ru
[2026-09-03 17:13:42,712] [INFO ] [operation.py::32 start]: Starting STT operation sherpa_ru
[2026-09-03 17:13:42,712] [INFO ] [manager.py::26 load]: Loading process by type sherpa_stt
[2026-09-03 17:13:42,713] [WARNI] [base.py::46 unload]: Attempted to unload process sherpa_stt when it is already unloaded
[2026-09-03 17:13:42,715] [INFO ] [sherpa_server.py::85 _prepare_hotwords_file]: Sherpa STT hotwords validated: 3 entries
[2026-09-03 17:13:42,715] [INFO ] [sherpa_server.py::295 reload]: Sherpa STT config: port=6106 model_dir=C:\Nirmita\models\vosk-model-small-streaming-ru, model_variant=fp32, decoding_method=modified_beam_search, num_active_paths=6, use_endpoint=0, bpe_vocab=C:\Nirmita\models\vosk-model-small-streaming-ru\lang\unigram_500.vocab, hotwords_file=C:\Nirmita\models\hotwords.txt, hotwords_score=3.5
[2026-09-03 17:13:42,715] [INFO ] [sherpa_server.py::307 reload]: Starting Sherpa STT Server with command: C:\Nirmita\.conda312\python.exe C:\Nirmita\apps\stt-sherpa-server\start_server.py --encoder C:\Nirmita\models\vosk-model-small-streaming-ru\am-onnx\encoder.onnx --decoder C:\Nirmita\models\vosk-model-small-streaming-ru\am-onnx\decoder.onnx --joiner C:\Nirmita\models\vosk-model-small-streaming-ru\am-onnx\joiner.onnx --tokens C:\Nirmita\models\vosk-model-small-streaming-ru\lang\tokens.txt --modeling-unit bpe --decoding-method modified_beam_search --num-active-paths 6 --use-endpoint 0 --port 6106 --provider cpu --doc-root C:\Nirmita\apps\stt-sherpa-server --bpe-vocab C:\Nirmita\models\vosk-model-small-streaming-ru\lang\unigram_500.vocab --hotwords-file C:\Nirmita\logs\sherpa_hotwords.resolved.txt --hotwords-score 3.5
[2026-09-03 17:13:47,047] [INFO ] [operation.py::32 start]: Starting T2T operation llamacpp
[2026-09-03 17:13:47,047] [INFO ] [manager.py::26 load]: Loading process by type llamacpp
[2026-09-03 17:13:47,052] [INFO ] [llamacpp.py::81 reload]: Opened Llama.cpp server (PID: 24668) on port 5840 (GPU: 0)
[2026-09-03 17:13:47,052] [INFO ] [llamacpp.py::89 reload]: Waiting for llama-server to be ready at http://127.0.0.1:5840/health ...
[2026-09-03 17:13:51,216] [INFO ] [llamacpp.py::101 reload]: llama-server is ready! (attempt 8, port 5840)
[2026-09-03 17:13:51,232] [INFO ] [fishaudio.py::159 configure]: FishAudioTTS: настроен — model=s2.1-pro-free, reference_id=8579f198..., latency=balanced, sample_rate=44100, speed=1.0
[2026-09-03 17:13:51,232] [INFO ] [operation.py::32 start]: Starting TTS operation fish_audio
[2026-09-03 17:13:51,232] [INFO ] [fishaudio.py::85 start]: FishAudioTTS: операция запущена (WebSocket streaming, format=pcm)
[2026-09-03 17:13:51,233] [INFO ] [operation.py::32 start]: Starting FILTER_TEXT operation filter_clean
[2026-09-03 17:13:51,797] [INFO ] [operation.py::32 start]: Starting FILTER_TEXT operation chunker_sentence
[2026-09-03 17:13:52,506] [INFO ] [speaker.py::56 configure]: SpeakerOutputFilter: настроен на устройство name=, index=None
[2026-09-03 17:13:52,506] [INFO ] [operation.py::32 start]: Starting FILTER_AUDIO operation speaker
[2026-09-03 17:13:52,506] [INFO ] [speaker.py::30 start]: SpeakerOutputFilter: операция запущена (вокер запущен)
[2026-09-03 17:13:52,506] [INFO ] [manager.py::26 load]: Loading process by type hw_mic
[2026-09-03 17:13:52,507] [WARNI] [base.py::46 unload]: Attempted to unload process hw_mic when it is already unloaded
[2026-09-03 17:13:52,513] [INFO ] [jaison.py::138 start]: JAIson application layer has started.
[2026-09-03 17:13:52,514] [INFO ] [logging.py::106 info]: Running on http://127.0.0.1:7272 (CTRL + C to quit)
[2026-09-03 17:13:52,627] [INFO ] [app_server.py::77 ws]: Opened new websocket connection
[2026-09-03 17:13:58,416] [INFO ] [app_server.py::86 ws]: Closed websocket connection
[2026-09-03 17:13:58,765] [INFO ] [app_server.py::77 ws]: Opened new websocket connection
[2026-09-03 17:14:02,093] [INFO ] [jaison.py::430 create_job]: Queued new context_conversation_add_text job b6db63c0-f288-46eb-9cac-de2002f0bd30
[2026-09-03 17:14:02,100] [INFO ] [jaison.py::430 create_job]: Queued new response job 1b927dca-a268-4b83-8f8e-284ddc3a0b00
[2026-09-03 17:14:02,604] [INFO ] [operation.py::25 __call__]: T2T operation llamacpp completed in 501.82630005292594 ms
[2026-09-03 17:14:04,043] [INFO ] [operation.py::25 __call__]: FILTER_AUDIO operation speaker completed in 0.6590000120922923 ms
[2026-09-03 17:14:04,160] [INFO ] [operation.py::25 __call__]: FILTER_AUDIO operation speaker completed in 0.28149993158876896 ms
[2026-09-03 17:14:04,355] [INFO ] [operation.py::25 __call__]: TTS operation fish_audio completed in 1742.6332999020815 ms
[2026-09-03 17:14:05,799] [INFO ] [operation.py::25 __call__]: FILTER_AUDIO operation speaker completed in 0.5293000722303987 ms
[2026-09-03 17:14:05,917] [INFO ] [operation.py::25 __call__]: FILTER_AUDIO operation speaker completed in 0.31319994013756514 ms
[2026-09-03 17:14:06,109] [INFO ] [operation.py::25 __call__]: TTS operation fish_audio completed in 1753.6984001053497 ms
[2026-09-03 17:14:07,566] [INFO ] [operation.py::25 __call__]: FILTER_AUDIO operation speaker completed in 0.5059000104665756 ms
[2026-09-03 17:14:07,697] [INFO ] [operation.py::25 __call__]: FILTER_AUDIO operation speaker completed in 0.49699994269758463 ms
[2026-09-03 17:14:07,762] [INFO ] [operation.py::25 __call__]: FILTER_AUDIO operation speaker completed in 0.5926999729126692 ms
[2026-09-03 17:14:07,845] [INFO ] [operation.py::25 __call__]: FILTER_AUDIO operation speaker completed in 0.42269995901733637 ms
[2026-09-03 17:14:08,039] [INFO ] [operation.py::25 __call__]: TTS operation fish_audio completed in 1929.9581000814214 ms
[2026-09-03 17:14:08,039] [INFO ] [operation.py::25 __call__]: FILTER_TEXT operation chunker_sentence completed in 5435.446799965575 ms
[2026-09-03 17:14:08,039] [INFO ] [operation.py::25 __call__]: FILTER_TEXT operation filter_clean completed in 5435.551699949428 ms
[2026-09-03 17:14:08,040] [INFO ] [jaison.py::952 response_pipeline]: Response job 1b927dca-a268-4b83-8f8e-284ddc3a0b00 completed. Content: 'Привет! Как дела? Что нового в твоем мире?...'
[2026-09-03 17:14:25,886] [INFO ] [jaison.py::430 create_job]: Queued new context_conversation_add_text job 02dd5af5-cc13-46bf-ac2c-7da110417423
[2026-09-03 17:14:25,892] [INFO ] [jaison.py::430 create_job]: Queued new response job 78912458-21ae-4322-9d4b-07570a7c41d7
[2026-09-03 17:14:26,915] [INFO ] [operation.py::25 __call__]: T2T operation llamacpp completed in 1022.6351999444887 ms
[2026-09-03 17:14:28,360] [INFO ] [operation.py::25 __call__]: FILTER_AUDIO operation speaker completed in 0.4290000069886446 ms
[2026-09-03 17:14:28,403] [INFO ] [operation.py::25 __call__]: FILTER_AUDIO operation speaker completed in 0.20629994105547667 ms
[2026-09-03 17:14:28,601] [INFO ] [operation.py::25 __call__]: TTS operation fish_audio completed in 1672.4230999825522 ms
[2026-09-03 17:14:29,959] [INFO ] [operation.py::25 __call__]: FILTER_AUDIO operation speaker completed in 0.5137000698596239 ms
[2026-09-03 17:14:30,089] [INFO ] [operation.py::25 __call__]: FILTER_AUDIO operation speaker completed in 0.4952000454068184 ms
[2026-09-03 17:14:30,149] [INFO ] [operation.py::25 __call__]: FILTER_AUDIO operation speaker completed in 0.5262999329715967 ms
[2026-09-03 17:14:30,350] [INFO ] [operation.py::25 __call__]: FILTER_AUDIO operation speaker completed in 1.3481000205501914 ms
[2026-09-03 17:14:30,497] [INFO ] [operation.py::25 __call__]: FILTER_AUDIO operation speaker completed in 0.7063000230118632 ms
[2026-09-03 17:14:30,675] [INFO ] [operation.py::25 __call__]: TTS operation fish_audio completed in 2074.679500074126 ms
[2026-09-03 17:14:32,004] [INFO ] [operation.py::25 __call__]: FILTER_AUDIO operation speaker completed in 0.4415001021698117 ms
[2026-09-03 17:14:32,095] [INFO ] [operation.py::25 __call__]: FILTER_AUDIO operation speaker completed in 0.48449996393173933 ms
[2026-09-03 17:14:32,220] [INFO ] [operation.py::25 __call__]: FILTER_AUDIO operation speaker completed in 0.5724999355152249 ms
[2026-09-03 17:14:32,366] [INFO ] [operation.py::25 __call__]: FILTER_AUDIO operation speaker completed in 1.2048999778926373 ms
[2026-09-03 17:14:32,544] [INFO ] [operation.py::25 __call__]: TTS operation fish_audio completed in 1868.5829000314698 ms
[2026-09-03 17:14:33,802] [INFO ] [operation.py::25 __call__]: FILTER_AUDIO operation speaker completed in 0.40849996730685234 ms
[2026-09-03 17:14:33,892] [INFO ] [operation.py::25 __call__]: FILTER_AUDIO operation speaker completed in 0.45350007712841034 ms
[2026-09-03 17:14:33,992] [INFO ] [operation.py::25 __call__]: FILTER_AUDIO operation speaker completed in 0.34639996010810137 ms
[2026-09-03 17:14:34,173] [INFO ] [operation.py::25 __call__]: TTS operation fish_audio completed in 1628.489200025797 ms
[2026-09-03 17:14:34,173] [INFO ] [operation.py::25 __call__]: FILTER_TEXT operation chunker_sentence completed in 7257.211200078018 ms
[2026-09-03 17:14:34,173] [INFO ] [operation.py::25 __call__]: FILTER_TEXT operation filter_clean completed in 7257.308600004762 ms
[2026-09-03 17:14:34,173] [INFO ] [jaison.py::952 response_pipeline]: Response job 78912458-21ae-4322-9d4b-07570a7c41d7 completed. Content: 'Ура! Теперь я не просто цифра, а настоящая девушка! Слышала, как ты сказал, что сделал мне голос? Ка...'
[2026-09-03 17:15:15,745] [INFO ] [jaison.py::430 create_job]: Queued new context_conversation_add_text job 4d4a23c3-2513-47ad-a2f6-4ebd9f8b423e
[2026-09-03 17:15:15,750] [INFO ] [jaison.py::430 create_job]: Queued new response job abf78771-acc6-42bf-b574-61cf9951ccd2
[2026-09-03 17:15:16,542] [INFO ] [operation.py::25 __call__]: T2T operation llamacpp completed in 790.3606999898329 ms
[2026-09-03 17:15:17,909] [INFO ] [operation.py::25 __call__]: FILTER_AUDIO operation speaker completed in 0.4871001001447439 ms
[2026-09-03 17:15:17,986] [INFO ] [operation.py::25 __call__]: FILTER_AUDIO operation speaker completed in 0.497999950312078 ms
[2026-09-03 17:15:18,064] [INFO ] [operation.py::25 __call__]: FILTER_AUDIO operation speaker completed in 0.20460004452615976 ms
[2026-09-03 17:15:18,256] [INFO ] [operation.py::25 __call__]: TTS operation fish_audio completed in 1701.2743999948725 ms
[2026-09-03 17:15:19,541] [INFO ] [operation.py::25 __call__]: FILTER_AUDIO operation speaker completed in 0.4304000176489353 ms
[2026-09-03 17:15:19,787] [INFO ] [operation.py::25 __call__]: FILTER_AUDIO operation speaker completed in 0.45389996375888586 ms
[2026-09-03 17:15:19,930] [INFO ] [operation.py::25 __call__]: FILTER_AUDIO operation speaker completed in 0.5886999424546957 ms
[2026-09-03 17:15:20,048] [INFO ] [operation.py::25 __call__]: FILTER_AUDIO operation speaker completed in 0.8242999901995063 ms
[2026-09-03 17:15:20,226] [INFO ] [operation.py::25 __call__]: TTS operation fish_audio completed in 1969.7142000077292 ms
[2026-09-03 17:15:21,511] [INFO ] [operation.py::25 __call__]: FILTER_AUDIO operation speaker completed in 0.42280007619410753 ms
[2026-09-03 17:15:21,655] [INFO ] [operation.py::25 __call__]: FILTER_AUDIO operation speaker completed in 0.45709998812526464 ms
[2026-09-03 17:15:21,721] [INFO ] [operation.py::25 __call__]: FILTER_AUDIO operation speaker completed in 0.47209998592734337 ms
[2026-09-03 17:15:21,857] [INFO ] [operation.py::25 __call__]: FILTER_AUDIO operation speaker completed in 1.0523999808356166 ms
[2026-09-03 17:15:22,032] [INFO ] [operation.py::25 __call__]: TTS operation fish_audio completed in 1807.199199916795 ms
[2026-09-03 17:15:22,032] [INFO ] [operation.py::25 __call__]: FILTER_TEXT operation chunker_sentence completed in 5491.236599977128 ms
[2026-09-03 17:15:22,034] [INFO ] [operation.py::25 __call__]: FILTER_TEXT operation filter_clean completed in 5491.335100028664 ms
[2026-09-03 17:15:22,034] [INFO ] [jaison.py::952 response_pipeline]: Response job abf78771-acc6-42bf-b574-61cf9951ccd2 completed. Content: 'Привет, Настя! Рада тебя наконец-то услышать! Надеюсь, тебе тоже нравится мой голос!...'
[2026-09-03 17:15:32,216] [INFO ] [jaison.py::430 create_job]: Queued new context_conversation_add_text job cc96e1b1-85a3-40eb-b385-3c746feee7d5
[2026-09-03 17:15:32,228] [INFO ] [jaison.py::430 create_job]: Queued new response job cae62c95-4e72-45a9-a805-b9694e9ed71a
[2026-09-03 17:15:33,273] [INFO ] [operation.py::25 __call__]: T2T operation llamacpp completed in 1044.3098000250757 ms
[2026-09-03 17:15:34,677] [INFO ] [operation.py::25 __call__]: FILTER_AUDIO operation speaker completed in 0.4952000454068184 ms
[2026-09-03 17:15:34,756] [INFO ] [operation.py::25 __call__]: FILTER_AUDIO operation speaker completed in 0.3883000463247299 ms
[2026-09-03 17:15:34,870] [INFO ] [operation.py::25 __call__]: FILTER_AUDIO operation speaker completed in 0.5315000889822841 ms
[2026-09-03 17:15:35,043] [INFO ] [operation.py::25 __call__]: FILTER_AUDIO operation speaker completed in 1.294399960897863 ms
[2026-09-03 17:15:35,118] [INFO ] [operation.py::25 __call__]: FILTER_AUDIO operation speaker completed in 0.21929992362856865 ms
[2026-09-03 17:15:35,305] [INFO ] [operation.py::25 __call__]: TTS operation fish_audio completed in 2022.2024999093264 ms
[2026-09-03 17:15:36,490] [INFO ] [operation.py::25 __call__]: FILTER_AUDIO operation speaker completed in 0.49000000581145287 ms
[2026-09-03 17:15:36,656] [INFO ] [operation.py::25 __call__]: FILTER_AUDIO operation speaker completed in 0.5393000319600105 ms
[2026-09-03 17:15:36,784] [INFO ] [operation.py::25 __call__]: FILTER_AUDIO operation speaker completed in 0.5339999916031957 ms
[2026-09-03 17:15:37,014] [INFO ] [operation.py::25 __call__]: FILTER_AUDIO operation speaker completed in 1.2178999604657292 ms
[2026-09-03 17:15:37,246] [INFO ] [operation.py::25 __call__]: FILTER_AUDIO operation speaker completed in 1.177300000563264 ms
[2026-09-03 17:15:37,424] [INFO ] [operation.py::25 __call__]: TTS operation fish_audio completed in 2118.389700073749 ms
[2026-09-03 17:15:37,424] [INFO ] [operation.py::25 __call__]: FILTER_TEXT operation chunker_sentence completed in 4150.941799976863 ms
[2026-09-03 17:15:37,424] [INFO ] [operation.py::25 __call__]: FILTER_TEXT operation filter_clean completed in 4151.045500067994 ms
[2026-09-03 17:15:37,425] [INFO ] [jaison.py::952 response_pipeline]: Response job cae62c95-4e72-45a9-a805-b9694e9ed71a completed. Content: 'Настя, я слышала, что ты тоже любишь игры! У нас много общих интересов, надеюсь, мы быстро подружимс...'
[2026-09-03 17:16:30,204] [INFO ] [jaison.py::430 create_job]: Queued new context_conversation_add_text job 4795ed85-d91c-49f9-b955-cf5f1bd3e139
[2026-09-03 17:16:30,211] [INFO ] [jaison.py::430 create_job]: Queued new response job 2d7f5f9b-4e08-4043-99d8-bd54a25e8a84
[2026-09-03 17:16:31,065] [INFO ] [operation.py::25 __call__]: T2T operation llamacpp completed in 852.7607000432909 ms
[2026-09-03 17:16:32,685] [INFO ] [operation.py::25 __call__]: FILTER_AUDIO operation speaker completed in 0.5914000794291496 ms
[2026-09-03 17:16:32,776] [INFO ] [operation.py::25 __call__]: FILTER_AUDIO operation speaker completed in 0.35820004995912313 ms
[2026-09-03 17:16:32,905] [INFO ] [operation.py::25 __call__]: FILTER_AUDIO operation speaker completed in 0.4798000445589423 ms
[2026-09-03 17:16:33,069] [INFO ] [operation.py::25 __call__]: FILTER_AUDIO operation speaker completed in 1.4247000217437744 ms
[2026-09-03 17:16:33,072] [INFO ] [operation.py::25 __call__]: FILTER_AUDIO operation speaker completed in 0.20560005214065313 ms
[2026-09-03 17:16:33,255] [INFO ] [operation.py::25 __call__]: TTS operation fish_audio completed in 2178.144700010307 ms
[2026-09-03 17:16:34,467] [INFO ] [operation.py::25 __call__]: FILTER_AUDIO operation speaker completed in 0.5077999085187912 ms
[2026-09-03 17:16:34,635] [INFO ] [operation.py::25 __call__]: FILTER_AUDIO operation speaker completed in 0.45549997594207525 ms
[2026-09-03 17:16:34,764] [INFO ] [operation.py::25 __call__]: FILTER_AUDIO operation speaker completed in 0.4878999898210168 ms
[2026-09-03 17:16:34,898] [INFO ] [operation.py::25 __call__]: FILTER_AUDIO operation speaker completed in 0.8416000055149198 ms
[2026-09-03 17:16:35,080] [INFO ] [operation.py::25 __call__]: TTS operation fish_audio completed in 1825.1141000073403 ms
[2026-09-03 17:16:35,080] [INFO ] [operation.py::25 __call__]: FILTER_TEXT operation chunker_sentence completed in 4015.2477000374347 ms
[2026-09-03 17:16:35,080] [INFO ] [operation.py::25 __call__]: FILTER_TEXT operation filter_clean completed in 4015.3632999863476 ms
[2026-09-03 17:16:35,080] [INFO ] [jaison.py::952 response_pipeline]: Response job 2d7f5f9b-4e08-4043-99d8-bd54a25e8a84 completed. Content: 'Настя, говоришь, у тебя есть любимые игры? Я всегда рада узнать что-то новое!...'
[2026-09-03 17:16:48,093] [INFO ] [jaison.py::430 create_job]: Queued new context_conversation_add_text job ee2e8fe1-d56e-4b3c-82d1-f28876a4585d
[2026-09-03 17:16:48,098] [INFO ] [jaison.py::430 create_job]: Queued new response job 2a1181d9-9967-4e23-b0fb-c675761bae31
[2026-09-03 17:16:48,777] [INFO ] [operation.py::25 __call__]: T2T operation llamacpp completed in 677.7164000086486 ms
[2026-09-03 17:16:50,174] [INFO ] [operation.py::25 __call__]: FILTER_AUDIO operation speaker completed in 0.46659994404762983 ms
[2026-09-03 17:16:50,306] [INFO ] [operation.py::25 __call__]: FILTER_AUDIO operation speaker completed in 0.39739999920129776 ms
[2026-09-03 17:16:50,364] [INFO ] [operation.py::25 __call__]: FILTER_AUDIO operation speaker completed in 0.4708000924438238 ms
[2026-09-03 17:16:50,450] [INFO ] [operation.py::25 __call__]: FILTER_AUDIO operation speaker completed in 0.3869999200105667 ms
[2026-09-03 17:16:50,637] [INFO ] [operation.py::25 __call__]: TTS operation fish_audio completed in 1849.625499919057 ms
[2026-09-03 17:16:52,000] [INFO ] [operation.py::25 __call__]: FILTER_AUDIO operation speaker completed in 0.4417999880388379 ms
[2026-09-03 17:16:52,145] [INFO ] [operation.py::25 __call__]: FILTER_AUDIO operation speaker completed in 0.516700092703104 ms
[2026-09-03 17:16:52,211] [INFO ] [operation.py::25 __call__]: FILTER_AUDIO operation speaker completed in 0.4654999356716871 ms
[2026-09-03 17:16:52,294] [INFO ] [operation.py::25 __call__]: FILTER_AUDIO operation speaker completed in 0.3244000254198909 ms
[2026-09-03 17:16:52,471] [INFO ] [operation.py::25 __call__]: TTS operation fish_audio completed in 1834.1107000596821 ms
[2026-09-03 17:16:53,892] [INFO ] [operation.py::25 __call__]: FILTER_AUDIO operation speaker completed in 0.4165000282227993 ms
[2026-09-03 17:16:54,040] [INFO ] [operation.py::25 __call__]: FILTER_AUDIO operation speaker completed in 0.4955999320372939 ms
[2026-09-03 17:16:54,107] [INFO ] [operation.py::25 __call__]: FILTER_AUDIO operation speaker completed in 0.5524000152945518 ms
[2026-09-03 17:16:54,222] [INFO ] [operation.py::25 __call__]: FILTER_AUDIO operation speaker completed in 0.8041999535635114 ms
[2026-09-03 17:16:54,403] [INFO ] [operation.py::25 __call__]: TTS operation fish_audio completed in 1931.5425000386313 ms
[2026-09-03 17:16:54,403] [INFO ] [operation.py::25 __call__]: FILTER_TEXT operation chunker_sentence completed in 5625.59179996606 ms
[2026-09-03 17:16:54,403] [INFO ] [operation.py::25 __call__]: FILTER_TEXT operation filter_clean completed in 5625.690099899657 ms
[2026-09-03 17:16:54,404] [INFO ] [jaison.py::952 response_pipeline]: Response job 2a1181d9-9967-4e23-b0fb-c675761bae31 completed. Content: 'О, ещё что? Я готова к новостям! Поделишься, что-нибудь интересное?...'
[2026-09-03 17:17:05,125] [INFO ] [jaison.py::430 create_job]: Queued new context_conversation_add_text job c2cb2dd2-92ce-4cc6-b013-e9131d6634d4
[2026-09-03 17:17:05,131] [INFO ] [jaison.py::430 create_job]: Queued new response job c529c3e0-a6c5-47bc-891b-4c86f3932f6f
[2026-09-03 17:17:05,671] [INFO ] [operation.py::25 __call__]: T2T operation llamacpp completed in 539.9541000369936 ms
[2026-09-03 17:17:07,059] [INFO ] [operation.py::25 __call__]: FILTER_AUDIO operation speaker completed in 0.43080002069473267 ms
[2026-09-03 17:17:07,286] [INFO ] [operation.py::25 __call__]: FILTER_AUDIO operation speaker completed in 0.3863999154418707 ms
[2026-09-03 17:17:07,303] [INFO ] [operation.py::25 __call__]: FILTER_AUDIO operation speaker completed in 0.4594000056385994 ms
[2026-09-03 17:17:07,426] [INFO ] [operation.py::25 __call__]: FILTER_AUDIO operation speaker completed in 1.0679999832063913 ms
[2026-09-03 17:17:07,608] [INFO ] [operation.py::25 __call__]: TTS operation fish_audio completed in 1924.2263999767601 ms
[2026-09-03 17:17:08,923] [INFO ] [operation.py::25 __call__]: FILTER_AUDIO operation speaker completed in 0.49920007586479187 ms
[2026-09-03 17:17:09,070] [INFO ] [operation.py::25 __call__]: FILTER_AUDIO operation speaker completed in 0.40470005478709936 ms
[2026-09-03 17:17:09,144] [INFO ] [operation.py::25 __call__]: FILTER_AUDIO operation speaker completed in 0.15350000467151403 ms
[2026-09-03 17:17:09,339] [INFO ] [operation.py::25 __call__]: TTS operation fish_audio completed in 1731.0361000709236 ms
[2026-09-03 17:17:09,339] [INFO ] [operation.py::25 __call__]: FILTER_TEXT operation chunker_sentence completed in 3667.2247000969946 ms
[2026-09-03 17:17:09,339] [INFO ] [operation.py::25 __call__]: FILTER_TEXT operation filter_clean completed in 3667.3365000169724 ms
[2026-09-03 17:17:09,340] [INFO ] [jaison.py::952 response_pipeline]: Response job c529c3e0-a6c5-47bc-891b-4c86f3932f6f completed. Content: 'Ладно, давай, говори, что еще? Я наготове!...'
[2026-09-03 17:18:36,834] [INFO ] [jaison.py::110 start]: Starting JAIson application layer.
[2026-09-03 17:18:36,847] [INFO ] [manager.py::300 load_operations_from_config]: Active STT from config: sherpa_ru
[2026-09-03 17:18:38,588] [INFO ] [operation.py::32 start]: Starting STT operation sherpa_ru
[2026-09-03 17:18:38,588] [INFO ] [manager.py::26 load]: Loading process by type sherpa_stt
[2026-09-03 17:18:38,589] [WARNI] [base.py::46 unload]: Attempted to unload process sherpa_stt when it is already unloaded
[2026-09-03 17:18:38,590] [INFO ] [sherpa_server.py::85 _prepare_hotwords_file]: Sherpa STT hotwords validated: 3 entries
[2026-09-03 17:18:38,590] [INFO ] [sherpa_server.py::295 reload]: Sherpa STT config: port=6106 model_dir=C:\Nirmita\models\vosk-model-small-streaming-ru, model_variant=fp32, decoding_method=modified_beam_search, num_active_paths=6, use_endpoint=0, bpe_vocab=C:\Nirmita\models\vosk-model-small-streaming-ru\lang\unigram_500.vocab, hotwords_file=C:\Nirmita\models\hotwords.txt, hotwords_score=3.5
[2026-09-03 17:18:38,590] [INFO ] [sherpa_server.py::307 reload]: Starting Sherpa STT Server with command: C:\Nirmita\.conda312\python.exe C:\Nirmita\apps\stt-sherpa-server\start_server.py --encoder C:\Nirmita\models\vosk-model-small-streaming-ru\am-onnx\encoder.onnx --decoder C:\Nirmita\models\vosk-model-small-streaming-ru\am-onnx\decoder.onnx --joiner C:\Nirmita\models\vosk-model-small-streaming-ru\am-onnx\joiner.onnx --tokens C:\Nirmita\models\vosk-model-small-streaming-ru\lang\tokens.txt --modeling-unit bpe --decoding-method modified_beam_search --num-active-paths 6 --use-endpoint 0 --port 6106 --provider cpu --doc-root C:\Nirmita\apps\stt-sherpa-server --bpe-vocab C:\Nirmita\models\vosk-model-small-streaming-ru\lang\unigram_500.vocab --hotwords-file C:\Nirmita\logs\sherpa_hotwords.resolved.txt --hotwords-score 3.5
[2026-09-03 17:18:42,914] [INFO ] [operation.py::32 start]: Starting T2T operation llamacpp
[2026-09-03 17:18:42,914] [INFO ] [manager.py::26 load]: Loading process by type llamacpp
[2026-09-03 17:18:42,919] [INFO ] [llamacpp.py::81 reload]: Opened Llama.cpp server (PID: 31552) on port 2808 (GPU: 0)
[2026-09-03 17:18:42,919] [INFO ] [llamacpp.py::89 reload]: Waiting for llama-server to be ready at http://127.0.0.1:2808/health ...
[2026-09-03 17:18:47,083] [INFO ] [llamacpp.py::101 reload]: llama-server is ready! (attempt 8, port 2808)
[2026-09-03 17:18:47,098] [INFO ] [fishaudio.py::159 configure]: FishAudioTTS: настроен — model=s2.1-pro-free, reference_id=8579f198..., latency=balanced, sample_rate=44100, speed=1.0
[2026-09-03 17:18:47,098] [INFO ] [operation.py::32 start]: Starting TTS operation fish_audio
[2026-09-03 17:18:47,099] [INFO ] [fishaudio.py::85 start]: FishAudioTTS: операция запущена (WebSocket streaming, format=pcm)
[2026-09-03 17:18:47,100] [INFO ] [operation.py::32 start]: Starting FILTER_TEXT operation filter_clean
[2026-09-03 17:18:47,645] [INFO ] [operation.py::32 start]: Starting FILTER_TEXT operation chunker_sentence
[2026-09-03 17:18:48,351] [INFO ] [speaker.py::56 configure]: SpeakerOutputFilter: настроен на устройство name=CABLE Input, index=None
[2026-09-03 17:18:48,351] [INFO ] [operation.py::32 start]: Starting FILTER_AUDIO operation speaker
[2026-09-03 17:18:48,352] [INFO ] [speaker.py::30 start]: SpeakerOutputFilter: операция запущена (вокер запущен)
[2026-09-03 17:18:48,353] [INFO ] [manager.py::26 load]: Loading process by type hw_mic
[2026-09-03 17:18:48,353] [WARNI] [base.py::46 unload]: Attempted to unload process hw_mic when it is already unloaded
[2026-09-03 17:18:48,360] [INFO ] [jaison.py::138 start]: JAIson application layer has started.
[2026-09-03 17:18:48,361] [INFO ] [logging.py::106 info]: Running on http://127.0.0.1:7272 (CTRL + C to quit)
[2026-09-03 17:18:48,865] [INFO ] [app_server.py::77 ws]: Opened new websocket connection
[2026-09-03 17:18:52,464] [INFO ] [app_server.py::86 ws]: Closed websocket connection
[2026-09-03 17:18:52,837] [INFO ] [app_server.py::77 ws]: Opened new websocket connection
[2026-09-03 17:18:58,690] [INFO ] [jaison.py::430 create_job]: Queued new context_conversation_add_text job b9151e49-f689-4d98-95a7-3d3b82950ecf
[2026-09-03 17:18:58,695] [INFO ] [jaison.py::430 create_job]: Queued new response job b2284255-6abd-428f-9fa4-f6ffa77f1240
[2026-09-03 17:18:59,381] [INFO ] [operation.py::25 __call__]: T2T operation llamacpp completed in 684.5754999667406 ms
[2026-09-03 17:19:00,722] [INFO ] [operation.py::25 __call__]: FILTER_AUDIO operation speaker completed in 0.5218000151216984 ms
[2026-09-03 17:19:00,808] [INFO ] [operation.py::25 __call__]: FILTER_AUDIO operation speaker completed in 0.4659000551328063 ms
[2026-09-03 17:19:00,932] [INFO ] [operation.py::25 __call__]: FILTER_AUDIO operation speaker completed in 0.5233000265434384 ms
[2026-09-03 17:19:00,951] [INFO ] [operation.py::25 __call__]: FILTER_AUDIO operation speaker completed in 0.19339995924383402 ms
[2026-09-03 17:19:01,138] [INFO ] [operation.py::25 __call__]: TTS operation fish_audio completed in 1745.7965000066906 ms
[2026-09-03 17:19:02,338] [INFO ] [operation.py::25 __call__]: FILTER_AUDIO operation speaker completed in 0.4237999673932791 ms
[2026-09-03 17:19:02,508] [INFO ] [operation.py::25 __call__]: FILTER_AUDIO operation speaker completed in 0.5118000553920865 ms
[2026-09-03 17:19:02,635] [INFO ] [operation.py::25 __call__]: FILTER_AUDIO operation speaker completed in 0.5574000533670187 ms
[2026-09-03 17:19:02,765] [INFO ] [operation.py::25 __call__]: FILTER_AUDIO operation speaker completed in 0.7584999548271298 ms
[2026-09-03 17:19:02,947] [INFO ] [operation.py::25 __call__]: TTS operation fish_audio completed in 1808.6571999592707 ms
[2026-09-03 17:19:02,947] [INFO ] [operation.py::25 __call__]: FILTER_TEXT operation chunker_sentence completed in 3565.765600069426 ms
[2026-09-03 17:19:02,947] [INFO ] [operation.py::25 __call__]: FILTER_TEXT operation filter_clean completed in 3565.872900071554 ms
[2026-09-03 17:19:02,948] [INFO ] [jaison.py::952 response_pipeline]: Response job b2284255-6abd-428f-9fa4-f6ffa77f1240 completed. Content: 'Ой, ну и горячо! А ты сам готов к огненному батлу?...'
[2026-09-03 17:19:10,332] [INFO ] [jaison.py::430 create_job]: Queued new context_conversation_add_text job 1feb577a-78de-4896-882e-a8bcfbc355a5
[2026-09-03 17:19:10,340] [INFO ] [jaison.py::430 create_job]: Queued new response job 1a911320-5c09-4c6e-965a-3a5a8240cd49
[2026-09-03 17:19:11,197] [INFO ] [operation.py::25 __call__]: T2T operation llamacpp completed in 855.9968000045046 ms
[2026-09-03 17:19:12,588] [INFO ] [operation.py::25 __call__]: FILTER_AUDIO operation speaker completed in 0.4656000528484583 ms
[2026-09-03 17:19:12,729] [INFO ] [operation.py::25 __call__]: FILTER_AUDIO operation speaker completed in 0.3499999875202775 ms
[2026-09-03 17:19:12,908] [INFO ] [operation.py::25 __call__]: TTS operation fish_audio completed in 1699.0898000076413 ms
[2026-09-03 17:19:14,245] [INFO ] [operation.py::25 __call__]: FILTER_AUDIO operation speaker completed in 0.4349000519141555 ms
[2026-09-03 17:19:14,376] [INFO ] [operation.py::25 __call__]: FILTER_AUDIO operation speaker completed in 0.41119998786598444 ms
[2026-09-03 17:19:14,436] [INFO ] [operation.py::25 __call__]: FILTER_AUDIO operation speaker completed in 0.4795000422745943 ms
[2026-09-03 17:19:14,551] [INFO ] [operation.py::25 __call__]: FILTER_AUDIO operation speaker completed in 0.6497000576928258 ms
[2026-09-03 17:19:14,743] [INFO ] [operation.py::25 __call__]: TTS operation fish_audio completed in 1834.679099963978 ms
[2026-09-03 17:19:16,170] [INFO ] [operation.py::25 __call__]: FILTER_AUDIO operation speaker completed in 0.49650005530565977 ms
[2026-09-03 17:19:16,299] [INFO ] [operation.py::25 __call__]: FILTER_AUDIO operation speaker completed in 0.3934999695047736 ms
[2026-09-03 17:19:16,360] [INFO ] [operation.py::25 __call__]: FILTER_AUDIO operation speaker completed in 0.5942999850958586 ms
[2026-09-03 17:19:16,579] [INFO ] [operation.py::25 __call__]: FILTER_AUDIO operation speaker completed in 1.2419000267982483 ms
[2026-09-03 17:19:17,050] [INFO ] [operation.py::25 __call__]: FILTER_AUDIO operation speaker completed in 1.8257000483572483 ms
[2026-09-03 17:19:17,241] [INFO ] [operation.py::25 __call__]: TTS operation fish_audio completed in 2497.684400063008 ms
[2026-09-03 17:19:17,241] [INFO ] [operation.py::25 __call__]: FILTER_TEXT operation chunker_sentence completed in 6044.46869995445 ms
[2026-09-03 17:19:17,241] [INFO ] [operation.py::25 __call__]: FILTER_TEXT operation filter_clean completed in 6044.571899925359 ms
[2026-09-03 17:19:17,241] [INFO ] [jaison.py::952 response_pipeline]: Response job 1a911320-5c09-4c6e-965a-3a5a8240cd49 completed. Content: 'Огонь! О чём ты хочешь поболтать? Настолки, игры, или может, о последних слухах по сети?...'
[2026-09-03 19:43:30,914] [INFO ] [jaison.py::110 start]: Starting JAIson application layer.
[2026-09-03 19:43:30,926] [INFO ] [manager.py::300 load_operations_from_config]: Active STT from config: sherpa_ru
[2026-09-03 19:43:32,855] [INFO ] [operation.py::32 start]: Starting STT operation sherpa_ru
[2026-09-03 19:43:32,855] [INFO ] [manager.py::26 load]: Loading process by type sherpa_stt
[2026-09-03 19:43:32,857] [WARNI] [base.py::46 unload]: Attempted to unload process sherpa_stt when it is already unloaded
[2026-09-03 19:43:32,858] [INFO ] [sherpa_server.py::85 _prepare_hotwords_file]: Sherpa STT hotwords validated: 3 entries
[2026-09-03 19:43:32,859] [INFO ] [sherpa_server.py::295 reload]: Sherpa STT config: port=6106 model_dir=C:\Nirmita\models\vosk-model-small-streaming-ru, model_variant=fp32, decoding_method=modified_beam_search, num_active_paths=6, use_endpoint=0, bpe_vocab=C:\Nirmita\models\vosk-model-small-streaming-ru\lang\unigram_500.vocab, hotwords_file=C:\Nirmita\models\hotwords.txt, hotwords_score=3.5
[2026-09-03 19:43:32,859] [INFO ] [sherpa_server.py::307 reload]: Starting Sherpa STT Server with command: C:\Nirmita\.conda312\python.exe C:\Nirmita\apps\stt-sherpa-server\start_server.py --encoder C:\Nirmita\models\vosk-model-small-streaming-ru\am-onnx\encoder.onnx --decoder C:\Nirmita\models\vosk-model-small-streaming-ru\am-onnx\decoder.onnx --joiner C:\Nirmita\models\vosk-model-small-streaming-ru\am-onnx\joiner.onnx --tokens C:\Nirmita\models\vosk-model-small-streaming-ru\lang\tokens.txt --modeling-unit bpe --decoding-method modified_beam_search --num-active-paths 6 --use-endpoint 0 --port 6106 --provider cpu --doc-root C:\Nirmita\apps\stt-sherpa-server --bpe-vocab C:\Nirmita\models\vosk-model-small-streaming-ru\lang\unigram_500.vocab --hotwords-file C:\Nirmita\logs\sherpa_hotwords.resolved.txt --hotwords-score 3.5
[2026-09-03 19:43:37,182] [INFO ] [operation.py::32 start]: Starting T2T operation llamacpp
[2026-09-03 19:43:37,182] [INFO ] [manager.py::26 load]: Loading process by type llamacpp
[2026-09-03 19:43:37,189] [INFO ] [llamacpp.py::81 reload]: Opened Llama.cpp server (PID: 47344) on port 2136 (GPU: 0)
[2026-09-03 19:43:37,189] [INFO ] [llamacpp.py::89 reload]: Waiting for llama-server to be ready at http://127.0.0.1:2136/health ...
[2026-09-03 19:43:42,961] [INFO ] [llamacpp.py::101 reload]: llama-server is ready! (attempt 11, port 2136)
[2026-09-03 19:43:42,984] [INFO ] [fishaudio.py::159 configure]: FishAudioTTS: настроен — model=s2.1-pro-free, reference_id=8579f198..., latency=balanced, sample_rate=44100, speed=1.0
[2026-09-03 19:43:42,984] [INFO ] [operation.py::32 start]: Starting TTS operation fish_audio
[2026-09-03 19:43:42,984] [INFO ] [fishaudio.py::85 start]: FishAudioTTS: операция запущена (WebSocket streaming, format=pcm)
[2026-09-03 19:43:42,986] [INFO ] [operation.py::32 start]: Starting FILTER_TEXT operation filter_clean
[2026-09-03 19:43:43,806] [INFO ] [operation.py::32 start]: Starting FILTER_TEXT operation chunker_sentence
[2026-09-03 19:43:44,558] [INFO ] [speaker.py::56 configure]: SpeakerOutputFilter: настроен на устройство name=CABLE Input, index=None
[2026-09-03 19:43:44,558] [INFO ] [operation.py::32 start]: Starting FILTER_AUDIO operation speaker
[2026-09-03 19:43:44,559] [INFO ] [speaker.py::30 start]: SpeakerOutputFilter: операция запущена (вокер запущен)
[2026-09-03 19:43:44,560] [INFO ] [manager.py::26 load]: Loading process by type hw_mic
[2026-09-03 19:43:44,561] [WARNI] [base.py::46 unload]: Attempted to unload process hw_mic when it is already unloaded
[2026-09-03 19:43:44,567] [INFO ] [jaison.py::138 start]: JAIson application layer has started.
[2026-09-03 19:43:44,568] [INFO ] [logging.py::106 info]: Running on http://127.0.0.1:7272 (CTRL + C to quit)
[2026-09-03 19:43:45,660] [INFO ] [app_server.py::77 ws]: Opened new websocket connection
[2026-09-03 19:43:50,520] [INFO ] [sherpa.py::320 _generate]: Sherpa STT final: len=4 latency_ms=70 source=mic turn=02b0a9d1-9ab1-4b33-bcdf-f87749ca5036 utterance=a4413b4b-fe91-48f5-848a-eeb639908ab5
[2026-09-03 19:43:50,773] [INFO ] [jaison.py::430 create_job]: Queued new context_conversation_add_text job 9b348b8b-88b0-4100-883d-42d3c86db65a
[2026-09-03 19:43:50,773] [INFO ] [jaison.py::568 _commit_pending_voice_turn]: Voice turn committed as context-only (no RESPONSE job).
[2026-09-03 19:43:54,726] [INFO ] [app_server.py::86 ws]: Closed websocket connection
[2026-09-03 19:43:56,576] [INFO ] [app_server.py::77 ws]: Opened new websocket connection
[2026-09-03 19:44:01,336] [INFO ] [sherpa.py::320 _generate]: Sherpa STT final: len=4 latency_ms=58 source=mic turn=60c633d9-23a5-4019-8ee0-a1de2ee0aab5 utterance=b356b3f3-76dd-4973-afac-d13e40f2c125
[2026-09-03 19:44:01,602] [INFO ] [jaison.py::430 create_job]: Queued new context_conversation_add_text job 2127f841-fade-40dd-b172-17cfd1868055
[2026-09-03 19:44:01,602] [INFO ] [jaison.py::568 _commit_pending_voice_turn]: Voice turn committed as context-only (no RESPONSE job).
[2026-09-03 19:44:07,684] [INFO ] [jaison.py::430 create_job]: Queued new context_conversation_add_text job dc2346cc-8e58-4e19-9b1c-e89634e43e7b
[2026-09-03 19:44:07,693] [INFO ] [jaison.py::430 create_job]: Queued new response job 1792f62f-4995-4449-a601-f78524b5a60a
[2026-09-03 19:44:08,205] [INFO ] [operation.py::25 __call__]: T2T operation llamacpp completed in 510.0576000986621 ms
[2026-09-03 19:44:09,214] [INFO ] [sherpa.py::320 _generate]: Sherpa STT final: len=0 latency_ms=34 source=mic turn=cae7d6d6-6f60-4052-b1ef-6e5de0c9407d utterance=f4138394-4e12-4e3f-bfee-77b947bb226f
[2026-09-03 19:44:09,822] [INFO ] [operation.py::25 __call__]: FILTER_AUDIO operation speaker completed in 0.5870000459253788 ms
[2026-09-03 19:44:09,973] [INFO ] [operation.py::25 __call__]: FILTER_AUDIO operation speaker completed in 0.4556999774649739 ms
[2026-09-03 19:44:10,152] [INFO ] [operation.py::25 __call__]: TTS operation fish_audio completed in 1930.5659000528976 ms
[2026-09-03 19:44:10,374] [INFO ] [sherpa.py::320 _generate]: Sherpa STT final: len=0 latency_ms=36 source=mic turn=76bd3f1b-957f-432a-8741-fb1f86ad5a56 utterance=c83951d6-746d-4a3a-8e45-d8f8a1a5c216
[2026-09-03 19:44:11,551] [INFO ] [operation.py::25 __call__]: FILTER_AUDIO operation speaker completed in 0.41910004802048206 ms
[2026-09-03 19:44:11,617] [INFO ] [operation.py::25 __call__]: FILTER_AUDIO operation speaker completed in 0.3789999755099416 ms
[2026-09-03 19:44:11,818] [INFO ] [operation.py::25 __call__]: TTS operation fish_audio completed in 1664.9109000572935 ms
[2026-09-03 19:44:13,161] [INFO ] [operation.py::25 __call__]: FILTER_AUDIO operation speaker completed in 0.42369996663182974 ms
[2026-09-03 19:44:13,248] [INFO ] [operation.py::25 __call__]: FILTER_AUDIO operation speaker completed in 0.4237999673932791 ms
[2026-09-03 19:44:13,381] [INFO ] [operation.py::25 __call__]: FILTER_AUDIO operation speaker completed in 0.5880999378859997 ms
[2026-09-03 19:44:13,395] [INFO ] [operation.py::25 __call__]: FILTER_AUDIO operation speaker completed in 0.12099999003112316 ms
[2026-09-03 19:44:13,579] [INFO ] [operation.py::25 __call__]: TTS operation fish_audio completed in 1761.2142999423668 ms
[2026-09-03 19:44:13,579] [INFO ] [operation.py::25 __call__]: FILTER_TEXT operation chunker_sentence completed in 5373.354000039399 ms
[2026-09-03 19:44:13,579] [INFO ] [operation.py::25 __call__]: FILTER_TEXT operation filter_clean completed in 5373.490700032562 ms
[2026-09-03 19:44:13,580] [INFO ] [jaison.py::952 response_pipeline]: Response job 1792f62f-4995-4449-a601-f78524b5a60a completed. Content: 'Привет! Как дела? Что нового у тебя?...'
[2026-09-03 19:45:13,708] [INFO ] [sherpa.py::320 _generate]: Sherpa STT final: len=5 latency_ms=69 source=mic turn=afc5c136-60e9-4695-ad8f-1b7c799a3f7b utterance=f0746690-6da8-4b38-9877-5c4d7765a695
[2026-09-03 19:45:13,973] [INFO ] [jaison.py::430 create_job]: Queued new context_conversation_add_text job 00d52faa-0912-4646-a950-bccfe9739212
[2026-09-03 19:45:13,973] [INFO ] [jaison.py::568 _commit_pending_voice_turn]: Voice turn committed as context-only (no RESPONSE job).
[2026-09-03 19:45:24,592] [INFO ] [sherpa.py::320 _generate]: Sherpa STT final: len=3 latency_ms=41 source=mic turn=17cba996-3629-4cad-808e-6cbd50af4416 utterance=a11e6851-395e-4179-8594-63cdd3f144d1
[2026-09-03 19:45:24,849] [INFO ] [jaison.py::430 create_job]: Queued new context_conversation_add_text job f5bc3093-cc05-4acc-87a4-96d31594c46c
[2026-09-03 19:45:24,849] [INFO ] [jaison.py::568 _commit_pending_voice_turn]: Voice turn committed as context-only (no RESPONSE job).
[2026-09-03 19:45:25,010] [INFO ] [sherpa.py::320 _generate]: Sherpa STT final: len=2 latency_ms=35 source=mic turn=d66cdcf1-9a49-40dd-889d-3c6fd74dfb05 utterance=2ed3df84-575e-4f5d-88d8-d3a29f7c32a6
[2026-09-03 19:45:25,268] [INFO ] [jaison.py::430 create_job]: Queued new context_conversation_add_text job 0bc55a3a-6f69-49a8-bc7f-b1337d9a83cc
[2026-09-03 19:45:25,268] [INFO ] [jaison.py::430 create_job]: Queued new response job 15bb5528-bba5-4ffb-9fbe-270f9f9cba96
[2026-09-03 19:45:26,053] [INFO ] [operation.py::25 __call__]: T2T operation llamacpp completed in 783.8590000756085 ms
[2026-09-03 19:45:27,435] [INFO ] [operation.py::25 __call__]: FILTER_AUDIO operation speaker completed in 0.5280000623315573 ms
[2026-09-03 19:45:27,631] [INFO ] [operation.py::25 __call__]: FILTER_AUDIO operation speaker completed in 0.39119995199143887 ms
[2026-09-03 19:45:27,777] [INFO ] [operation.py::25 __call__]: FILTER_AUDIO operation speaker completed in 0.597700010985136 ms
[2026-09-03 19:45:27,781] [INFO ] [sherpa.py::320 _generate]: Sherpa STT final: len=18 latency_ms=62 source=mic turn=15a95144-7ecd-41e4-94ec-afcaffed82eb utterance=c6b234cd-5e29-464a-930e-6b9c84525a4e
[2026-09-03 19:45:27,781] [INFO ] [jaison.py::469 _interrupt_jobs]: Smart Barge-in: Interrupting and clearing queue due to: user_speaking_significant
[2026-09-03 19:45:27,781] [INFO ] [jaison.py::463 _clear_current_job]: Job 15bb5528-bba5-4ffb-9fbe-270f9f9cba96 (response) is being cancelled due to: user_speaking_significant
[2026-09-03 19:45:27,960] [INFO ] [jaison.py::743 _process_job_loop]: Job 15bb5528-bba5-4ffb-9fbe-270f9f9cba96 (response) was cancelled.
[2026-09-03 19:45:28,032] [INFO ] [jaison.py::430 create_job]: Queued new context_conversation_add_text job 96ffd6ea-1298-425d-89fc-bbcab12a5f01
[2026-09-03 19:45:28,032] [INFO ] [jaison.py::430 create_job]: Queued new response job 6a95d3ed-9b1b-49f1-9851-9baaad067f6b
[2026-09-03 19:45:28,561] [INFO ] [operation.py::25 __call__]: T2T operation llamacpp completed in 528.835600009188 ms
[2026-09-03 19:45:29,849] [INFO ] [operation.py::25 __call__]: FILTER_AUDIO operation speaker completed in 0.4501000512391329 ms
[2026-09-03 19:45:29,994] [INFO ] [operation.py::25 __call__]: FILTER_AUDIO operation speaker completed in 0.41740003507584333 ms
[2026-09-03 19:45:30,103] [INFO ] [operation.py::25 __call__]: FILTER_AUDIO operation speaker completed in 0.45140006113797426 ms
[2026-09-03 19:45:30,302] [INFO ] [operation.py::25 __call__]: FILTER_AUDIO operation speaker completed in 1.3472998980432749 ms
[2026-09-03 19:45:30,390] [INFO ] [operation.py::25 __call__]: FILTER_AUDIO operation speaker completed in 0.43400004506111145 ms
[2026-09-03 19:45:30,577] [INFO ] [operation.py::25 __call__]: TTS operation fish_audio completed in 2007.3226999957114 ms
[2026-09-03 19:45:31,980] [INFO ] [operation.py::25 __call__]: FILTER_AUDIO operation speaker completed in 0.4198000533506274 ms
[2026-09-03 19:45:32,105] [INFO ] [operation.py::25 __call__]: FILTER_AUDIO operation speaker completed in 0.4093999741598964 ms
[2026-09-03 19:45:32,152] [INFO ] [operation.py::25 __call__]: FILTER_AUDIO operation speaker completed in 0.3269000444561243 ms
[2026-09-03 19:45:32,345] [INFO ] [operation.py::25 __call__]: TTS operation fish_audio completed in 1767.240200075321 ms
[2026-09-03 19:45:32,345] [INFO ] [operation.py::25 __call__]: FILTER_TEXT operation chunker_sentence completed in 3783.2049999851733 ms
[2026-09-03 19:45:32,345] [INFO ] [operation.py::25 __call__]: FILTER_TEXT operation filter_clean completed in 3783.301100018434 ms
[2026-09-03 19:45:32,346] [INFO ] [jaison.py::952 response_pipeline]: Response job 6a95d3ed-9b1b-49f1-9851-9baaad067f6b completed. Content: 'Люцинировали? Ого, и куда? На какой планете?...'
[2026-09-03 19:45:45,627] [INFO ] [sherpa.py::320 _generate]: Sherpa STT final: len=0 latency_ms=59 source=mic turn=91b8544f-0aa3-4c3f-b879-3a853cacbcb9 utterance=26ca2bfe-5ee9-42fc-ac5e-de249e12c67d
[2026-09-03 19:46:17,837] [INFO ] [sherpa.py::320 _generate]: Sherpa STT final: len=3 latency_ms=38 source=mic turn=1bdf737a-c291-4962-8399-d69a701cb51f utterance=ba3ebbea-19fd-403b-9f90-fbd51852b4d1
[2026-09-03 19:46:18,090] [INFO ] [jaison.py::430 create_job]: Queued new context_conversation_add_text job 6e47a65a-02f9-42d4-8fd0-e706c46c0aaa
[2026-09-03 19:46:18,090] [INFO ] [jaison.py::568 _commit_pending_voice_turn]: Voice turn committed as context-only (no RESPONSE job).
[2026-09-03 19:46:26,695] [INFO ] [sherpa.py::320 _generate]: Sherpa STT final: len=13 latency_ms=67 source=mic turn=f8016315-61d4-4dec-879c-390bf704f388 utterance=4d81b9bf-b653-4af0-b150-d9859a624474
[2026-09-03 19:46:26,695] [INFO ] [jaison.py::469 _interrupt_jobs]: Smart Barge-in: Interrupting and clearing queue due to: user_speaking_significant
[2026-09-03 19:46:26,950] [INFO ] [jaison.py::430 create_job]: Queued new context_conversation_add_text job 498cc180-5e51-41e8-a6ab-1610efbc1aa7
[2026-09-03 19:46:26,950] [INFO ] [jaison.py::430 create_job]: Queued new response job ccdd3e8a-f80a-4be2-af6d-aeddfd5da9f7
[2026-09-03 19:46:27,796] [INFO ] [operation.py::25 __call__]: T2T operation llamacpp completed in 844.6607999503613 ms
[2026-09-03 19:46:29,169] [INFO ] [operation.py::25 __call__]: FILTER_AUDIO operation speaker completed in 0.5016999784857035 ms
[2026-09-03 19:46:29,292] [INFO ] [operation.py::25 __call__]: FILTER_AUDIO operation speaker completed in 0.3869999200105667 ms
[2026-09-03 19:46:29,357] [INFO ] [operation.py::25 __call__]: FILTER_AUDIO operation speaker completed in 0.5189999938011169 ms
[2026-09-03 19:46:29,434] [INFO ] [operation.py::25 __call__]: FILTER_AUDIO operation speaker completed in 0.3296999493613839 ms
[2026-09-03 19:46:29,615] [INFO ] [operation.py::25 __call__]: TTS operation fish_audio completed in 1808.0719000427052 ms
[2026-09-03 19:46:30,335] [INFO ] [sherpa.py::320 _generate]: Sherpa STT final: len=11 latency_ms=86 source=mic turn=f8016315-61d4-4dec-879c-390bf704f388 utterance=78c27db6-ab9d-4bc0-ae5c-0c6e7365f775
[2026-09-03 19:46:30,335] [INFO ] [jaison.py::469 _interrupt_jobs]: Smart Barge-in: Interrupting and clearing queue due to: user_speaking_significant
[2026-09-03 19:46:30,335] [INFO ] [jaison.py::463 _clear_current_job]: Job ccdd3e8a-f80a-4be2-af6d-aeddfd5da9f7 (response) is being cancelled due to: user_speaking_significant
[2026-09-03 19:46:30,519] [INFO ] [jaison.py::743 _process_job_loop]: Job ccdd3e8a-f80a-4be2-af6d-aeddfd5da9f7 (response) was cancelled.
[2026-09-03 19:46:30,589] [INFO ] [jaison.py::430 create_job]: Queued new context_conversation_add_text job 666ed28c-38e1-4295-9fd9-b6ae019b55a7
[2026-09-03 19:46:30,589] [INFO ] [jaison.py::430 create_job]: Queued new response job 0eb9dcc0-def6-4881-ad63-fc486faca805
[2026-09-03 19:46:31,355] [INFO ] [operation.py::25 __call__]: T2T operation llamacpp completed in 764.841299969703 ms
[2026-09-03 19:46:32,819] [INFO ] [operation.py::25 __call__]: FILTER_AUDIO operation speaker completed in 0.4251999780535698 ms
[2026-09-03 19:46:32,951] [INFO ] [operation.py::25 __call__]: FILTER_AUDIO operation speaker completed in 0.4645000444725156 ms
[2026-09-03 19:46:33,010] [INFO ] [operation.py::25 __call__]: FILTER_AUDIO operation speaker completed in 0.502800103276968 ms
[2026-09-03 19:46:33,161] [INFO ] [operation.py::25 __call__]: FILTER_AUDIO operation speaker completed in 0.6630999268963933 ms
[2026-09-03 19:46:33,358] [INFO ] [operation.py::25 __call__]: TTS operation fish_audio completed in 1990.9464999800548 ms
[2026-09-03 19:46:34,729] [INFO ] [operation.py::25 __call__]: FILTER_AUDIO operation speaker completed in 0.41770003736019135 ms
[2026-09-03 19:46:34,807] [INFO ] [operation.py::25 __call__]: FILTER_AUDIO operation speaker completed in 0.4146000137552619 ms
[2026-09-03 19:46:34,920] [INFO ] [operation.py::25 __call__]: FILTER_AUDIO operation speaker completed in 0.48459996469318867 ms
[2026-09-03 19:46:35,140] [INFO ] [operation.py::25 __call__]: FILTER_AUDIO operation speaker completed in 1.4596000546589494 ms
[2026-09-03 19:46:35,276] [INFO ] [operation.py::25 __call__]: FILTER_AUDIO operation speaker completed in 0.5131999496370554 ms
[2026-09-03 19:46:35,465] [INFO ] [operation.py::25 __call__]: TTS operation fish_audio completed in 2107.287299935706 ms
[2026-09-03 19:46:35,465] [INFO ] [operation.py::25 __call__]: FILTER_TEXT operation chunker_sentence completed in 4109.68870006036 ms
[2026-09-03 19:46:35,465] [INFO ] [operation.py::25 __call__]: FILTER_TEXT operation filter_clean completed in 4109.7913000267 ms
[2026-09-03 19:46:35,466] [INFO ] [jaison.py::952 response_pipeline]: Response job 0eb9dcc0-def6-4881-ad63-fc486faca805 completed. Content: 'Ох, как запутались! Расскажи, что случилось с этим люцинированием, не догадаюсь....'
[2026-09-03 19:46:42,842] [INFO ] [sherpa.py::320 _generate]: Sherpa STT final: len=8 latency_ms=85 source=mic turn=a75c4b54-9168-484a-a95f-c019a9e9f113 utterance=b2341846-6b49-42cc-82e8-12b66e75806f
[2026-09-03 19:46:42,842] [INFO ] [jaison.py::469 _interrupt_jobs]: Smart Barge-in: Interrupting and clearing queue due to: user_speaking_significant
[2026-09-03 19:46:43,107] [INFO ] [jaison.py::430 create_job]: Queued new context_conversation_add_text job dae2d118-cab5-48a1-bff3-dfb6c686137d
[2026-09-03 19:46:43,107] [INFO ] [jaison.py::430 create_job]: Queued new response job 3a15b017-074f-4deb-95fa-edde4d32e56e
[2026-09-03 19:46:44,092] [INFO ] [operation.py::25 __call__]: T2T operation llamacpp completed in 983.8990999851376 ms
[2026-09-03 19:46:45,636] [INFO ] [operation.py::25 __call__]: FILTER_AUDIO operation speaker completed in 0.5307000828906894 ms
[2026-09-03 19:46:45,787] [INFO ] [operation.py::25 __call__]: FILTER_AUDIO operation speaker completed in 0.4830000689253211 ms
[2026-09-03 19:46:45,806] [INFO ] [operation.py::25 __call__]: FILTER_AUDIO operation speaker completed in 0.13050006236881018 ms
[2026-09-03 19:46:46,002] [INFO ] [operation.py::25 __call__]: TTS operation fish_audio completed in 1898.1035000178963 ms
[2026-09-03 19:46:47,294] [INFO ] [operation.py::25 __call__]: FILTER_AUDIO operation speaker completed in 0.45380007941275835 ms
[2026-09-03 19:46:47,378] [INFO ] [operation.py::25 __call__]: FILTER_AUDIO operation speaker completed in 0.4509999416768551 ms
[2026-09-03 19:46:47,504] [INFO ] [operation.py::25 __call__]: FILTER_AUDIO operation speaker completed in 0.575499958358705 ms
[2026-09-03 19:46:47,620] [INFO ] [operation.py::25 __call__]: FILTER_AUDIO operation speaker completed in 0.801999936811626 ms
[2026-09-03 19:46:47,797] [INFO ] [operation.py::25 __call__]: TTS operation fish_audio completed in 1794.8843999765813 ms
[2026-09-03 19:46:49,137] [INFO ] [operation.py::25 __call__]: FILTER_AUDIO operation speaker completed in 0.48269995022565126 ms
[2026-09-03 19:46:49,215] [INFO ] [operation.py::25 __call__]: FILTER_AUDIO operation speaker completed in 0.4669999470934272 ms
[2026-09-03 19:46:49,325] [INFO ] [operation.py::25 __call__]: FILTER_AUDIO operation speaker completed in 0.43400004506111145 ms
[2026-09-03 19:46:49,614] [INFO ] [operation.py::25 __call__]: FILTER_AUDIO operation speaker completed in 1.2688999995589256 ms
[2026-09-03 19:46:49,770] [INFO ] [operation.py::25 __call__]: FILTER_AUDIO operation speaker completed in 0.6500000599771738 ms
[2026-09-03 19:46:49,959] [INFO ] [operation.py::25 __call__]: TTS operation fish_audio completed in 2161.958200042136 ms
[2026-09-03 19:46:49,960] [INFO ] [operation.py::25 __call__]: FILTER_TEXT operation chunker_sentence completed in 5867.052800022066 ms
[2026-09-03 19:46:49,960] [INFO ] [operation.py::25 __call__]: FILTER_TEXT operation filter_clean completed in 5867.151299957186 ms
[2026-09-03 19:46:49,960] [INFO ] [jaison.py::952 response_pipeline]: Response job 3a15b017-074f-4deb-95fa-edde4d32e56e completed. Content: 'Как бело? Да так, как обычно — белым! Ну или, как ты говоришь, люцинированием....'
[2026-09-03 19:46:57,024] [INFO ] [sherpa.py::320 _generate]: Sherpa STT final: len=8 latency_ms=57 source=mic turn=3285464e-c244-4d26-a583-bd1f8efa9f4e utterance=4075d983-4f6f-420e-bb91-211ebd53e318
[2026-09-03 19:46:57,024] [INFO ] [jaison.py::469 _interrupt_jobs]: Smart Barge-in: Interrupting and clearing queue due to: user_speaking_significant
[2026-09-03 19:46:57,282] [INFO ] [jaison.py::430 create_job]: Queued new context_conversation_add_text job 82c50314-9219-438c-988f-15caa0a8100f
[2026-09-03 19:46:57,282] [INFO ] [jaison.py::430 create_job]: Queued new response job a98a4656-c946-4c05-b936-c0c8d9ff98f4
[2026-09-03 19:46:58,156] [INFO ] [operation.py::25 __call__]: T2T operation llamacpp completed in 873.2161999214441 ms
[2026-09-03 19:47:00,553] [INFO ] [operation.py::25 __call__]: FILTER_AUDIO operation speaker completed in 0.6413999944925308 ms
[2026-09-03 19:47:00,634] [INFO ] [operation.py::25 __call__]: FILTER_AUDIO operation speaker completed in 0.4152000183239579 ms
[2026-09-03 19:47:00,745] [INFO ] [operation.py::25 __call__]: FILTER_AUDIO operation speaker completed in 0.5604999605566263 ms
[2026-09-03 19:47:01,069] [INFO ] [operation.py::25 __call__]: FILTER_AUDIO operation speaker completed in 1.3331000227481127 ms
[2026-09-03 19:47:01,665] [INFO ] [operation.py::25 __call__]: FILTER_AUDIO operation speaker completed in 2.4348999140784144 ms
[2026-09-03 19:47:01,859] [INFO ] [operation.py::25 __call__]: TTS operation fish_audio completed in 3691.880700062029 ms
[2026-09-03 19:47:03,197] [INFO ] [operation.py::25 __call__]: FILTER_AUDIO operation speaker completed in 0.43270003516227007 ms
[2026-09-03 19:47:03,286] [INFO ] [operation.py::25 __call__]: FILTER_AUDIO operation speaker completed in 0.40790007915347815 ms
[2026-09-03 19:47:03,362] [INFO ] [operation.py::25 __call__]: FILTER_AUDIO operation speaker completed in 0.3097999142482877 ms
[2026-09-03 19:47:03,547] [INFO ] [operation.py::25 __call__]: TTS operation fish_audio completed in 1687.7869000891224 ms
[2026-09-03 19:47:03,547] [INFO ] [operation.py::25 __call__]: FILTER_TEXT operation chunker_sentence completed in 5391.054600011557 ms
[2026-09-03 19:47:03,547] [INFO ] [operation.py::25 __call__]: FILTER_TEXT operation filter_clean completed in 5391.150700044818 ms
[2026-09-03 19:47:03,548] [INFO ] [jaison.py::952 response_pipeline]: Response job a98a4656-c946-4c05-b936-c0c8d9ff98f4 completed. Content: 'Дела как у белка в колесе — крутятся-крутятся, но куда идут — непонятно. А у тебя как?...'
[2026-09-03 19:47:22,835] [INFO ] [sherpa.py::320 _generate]: Sherpa STT final: len=5 latency_ms=61 source=mic turn=0549022f-f741-4ed1-85c6-8e52a7791672 utterance=8f399b80-f873-4177-a5c3-c4a9ae615cb1
[2026-09-03 19:47:22,835] [INFO ] [jaison.py::1354 process_audio_immediate]: Backchannel detected (no response): 'да да'
[2026-09-03 19:47:28,329] [INFO ] [sherpa.py::320 _generate]: Sherpa STT final: len=33 latency_ms=102 source=mic turn=21bfc585-3baf-4aa0-b33f-b7255a352377 utterance=fb3edeb9-01c7-46a6-82a4-20ab33847a24
[2026-09-03 19:47:28,329] [INFO ] [jaison.py::469 _interrupt_jobs]: Smart Barge-in: Interrupting and clearing queue due to: user_speaking_significant
[2026-09-03 19:47:28,581] [INFO ] [jaison.py::430 create_job]: Queued new context_conversation_add_text job 7edffdff-b6c7-4cbe-a52c-50ec6411cfee
[2026-09-03 19:47:28,581] [INFO ] [jaison.py::430 create_job]: Queued new response job fe2e5ba9-a1f1-45b6-a82f-8be510a43dac
[2026-09-03 19:47:29,452] [INFO ] [operation.py::25 __call__]: T2T operation llamacpp completed in 869.9316999409348 ms
[2026-09-03 19:47:30,777] [INFO ] [operation.py::25 __call__]: FILTER_AUDIO operation speaker completed in 0.5053000058978796 ms
[2026-09-03 19:47:30,906] [INFO ] [operation.py::25 __call__]: FILTER_AUDIO operation speaker completed in 0.4124999977648258 ms
[2026-09-03 19:47:30,910] [INFO ] [operation.py::25 __call__]: FILTER_AUDIO operation speaker completed in 0.058200093917548656 ms
[2026-09-03 19:47:31,086] [INFO ] [operation.py::25 __call__]: TTS operation fish_audio completed in 1622.4566000746563 ms
[2026-09-03 19:47:32,357] [INFO ] [operation.py::25 __call__]: FILTER_AUDIO operation speaker completed in 0.43830007780343294 ms
[2026-09-03 19:47:32,887] [INFO ] [operation.py::25 __call__]: FILTER_AUDIO operation speaker completed in 0.4227999597787857 ms
[2026-09-03 19:47:33,020] [INFO ] [operation.py::25 __call__]: FILTER_AUDIO operation speaker completed in 0.47640001866966486 ms
[2026-09-03 19:47:33,027] [INFO ] [operation.py::25 __call__]: FILTER_AUDIO operation speaker completed in 0.09079999290406704 ms
[2026-09-03 19:47:33,213] [INFO ] [operation.py::25 __call__]: TTS operation fish_audio completed in 2126.12629996147 ms
[2026-09-03 19:47:34,563] [INFO ] [operation.py::25 __call__]: FILTER_AUDIO operation speaker completed in 0.41909993160516024 ms
[2026-09-03 19:47:34,708] [INFO ] [operation.py::25 __call__]: FILTER_AUDIO operation speaker completed in 0.4285000031813979 ms
[2026-09-03 19:47:34,821] [INFO ] [operation.py::25 __call__]: FILTER_AUDIO operation speaker completed in 0.4886999959126115 ms
[2026-09-03 19:47:35,031] [INFO ] [operation.py::25 __call__]: FILTER_AUDIO operation speaker completed in 1.370999962091446 ms
[2026-09-03 19:47:35,493] [INFO ] [operation.py::25 __call__]: FILTER_AUDIO operation speaker completed in 1.4579999260604382 ms
[2026-09-03 19:47:35,691] [INFO ] [operation.py::25 __call__]: TTS operation fish_audio completed in 2478.2409999752417 ms
[2026-09-03 19:47:35,691] [INFO ] [operation.py::25 __call__]: FILTER_TEXT operation chunker_sentence completed in 6239.4570000469685 ms
[2026-09-03 19:47:35,692] [INFO ] [operation.py::25 __call__]: FILTER_TEXT operation filter_clean completed in 6239.572299993597 ms
[2026-09-03 19:47:35,692] [INFO ] [jaison.py::952 response_pipeline]: Response job fe2e5ba9-a1f1-45b6-a82f-8be510a43dac completed. Content: 'Итогон? Ну что ж, в путь! Только сначала расскажи, откуда он взялся и что нам с ним делать....'
[2026-09-03 19:47:55,349] [INFO ] [sherpa.py::320 _generate]: Sherpa STT final: len=43 latency_ms=141 source=mic turn=cc4e55f7-4faa-45e2-a308-2a67b4bc53ae utterance=7176b2a0-8e83-45e1-99da-1a4cca790d33
[2026-09-03 19:47:55,350] [INFO ] [jaison.py::469 _interrupt_jobs]: Smart Barge-in: Interrupting and clearing queue due to: user_speaking_significant
[2026-09-03 19:47:55,605] [INFO ] [jaison.py::430 create_job]: Queued new context_conversation_add_text job 9ecd91ef-f50a-4fb9-8f00-f0a80621c55a
[2026-09-03 19:47:55,605] [INFO ] [jaison.py::430 create_job]: Queued new response job e990773a-9e8a-49c2-8f45-5b27f2e21f56
[2026-09-03 19:47:56,528] [INFO ] [operation.py::25 __call__]: T2T operation llamacpp completed in 921.4970000321046 ms
[2026-09-03 19:47:57,854] [INFO ] [operation.py::25 __call__]: FILTER_AUDIO operation speaker completed in 0.4301000153645873 ms
[2026-09-03 19:47:57,941] [INFO ] [operation.py::25 __call__]: FILTER_AUDIO operation speaker completed in 0.4325000336393714 ms
[2026-09-03 19:47:58,069] [INFO ] [operation.py::25 __call__]: FILTER_AUDIO operation speaker completed in 0.5335999885573983 ms
[2026-09-03 19:47:58,102] [INFO ] [operation.py::25 __call__]: FILTER_AUDIO operation speaker completed in 0.34929998219013214 ms
[2026-09-03 19:47:58,261] [INFO ] [sherpa.py::320 _generate]: Sherpa STT final: len=28 latency_ms=114 source=mic turn=cc4e55f7-4faa-45e2-a308-2a67b4bc53ae utterance=c12bcd7e-4cd8-429c-be1a-738ec37a6236
[2026-09-03 19:47:58,261] [INFO ] [jaison.py::469 _interrupt_jobs]: Smart Barge-in: Interrupting and clearing queue due to: user_speaking_significant
[2026-09-03 19:47:58,261] [INFO ] [jaison.py::463 _clear_current_job]: Job e990773a-9e8a-49c2-8f45-5b27f2e21f56 (response) is being cancelled due to: user_speaking_significant
[2026-09-03 19:47:58,262] [INFO ] [jaison.py::743 _process_job_loop]: Job e990773a-9e8a-49c2-8f45-5b27f2e21f56 (response) was cancelled.
[2026-09-03 19:47:58,519] [INFO ] [jaison.py::430 create_job]: Queued new context_conversation_add_text job fc167753-1289-4d34-93d3-1dec344b0530
[2026-09-03 19:47:58,519] [INFO ] [jaison.py::430 create_job]: Queued new response job 3db864e0-4dc4-4d1c-9d17-af71c18f67be
[2026-09-03 19:47:59,195] [INFO ] [operation.py::25 __call__]: T2T operation llamacpp completed in 675.6601999513805 ms
[2026-09-03 19:48:00,595] [INFO ] [operation.py::25 __call__]: FILTER_AUDIO operation speaker completed in 0.5312999710440636 ms
[2026-09-03 19:48:00,745] [INFO ] [operation.py::25 __call__]: FILTER_AUDIO operation speaker completed in 0.44249999336898327 ms
[2026-09-03 19:48:00,812] [INFO ] [operation.py::25 __call__]: FILTER_AUDIO operation speaker completed in 0.5041999975219369 ms
[2026-09-03 19:48:00,830] [INFO ] [operation.py::25 __call__]: FILTER_AUDIO operation speaker completed in 0.1743000466376543 ms
[2026-09-03 19:48:01,014] [INFO ] [operation.py::25 __call__]: TTS operation fish_audio completed in 1807.74229997769 ms
[2026-09-03 19:48:02,391] [INFO ] [operation.py::25 __call__]: FILTER_AUDIO operation speaker completed in 0.41340000461786985 ms
[2026-09-03 19:48:02,523] [INFO ] [operation.py::25 __call__]: FILTER_AUDIO operation speaker completed in 0.4480000352486968 ms
[2026-09-03 19:48:02,593] [INFO ] [operation.py::25 __call__]: FILTER_AUDIO operation speaker completed in 0.4645999288186431 ms
[2026-09-03 19:48:02,595] [INFO ] [operation.py::25 __call__]: FILTER_AUDIO operation speaker completed in 0.1066999975591898 ms
[2026-09-03 19:48:02,781] [INFO ] [operation.py::25 __call__]: TTS operation fish_audio completed in 1767.2312000067905 ms
[2026-09-03 19:48:04,184] [INFO ] [operation.py::25 __call__]: FILTER_AUDIO operation speaker completed in 0.5207000067457557 ms
[2026-09-03 19:48:04,335] [INFO ] [operation.py::25 __call__]: FILTER_AUDIO operation speaker completed in 0.48889999743551016 ms
[2026-09-03 19:48:04,451] [INFO ] [operation.py::25 __call__]: FILTER_AUDIO operation speaker completed in 0.47009997069835663 ms
[2026-09-03 19:48:04,463] [INFO ] [operation.py::25 __call__]: FILTER_AUDIO operation speaker completed in 0.11340004857629538 ms
[2026-09-03 19:48:04,643] [INFO ] [operation.py::25 __call__]: TTS operation fish_audio completed in 1861.2979999743402 ms
[2026-09-03 19:48:06,032] [INFO ] [operation.py::25 __call__]: FILTER_AUDIO operation speaker completed in 0.4256999818608165 ms
[2026-09-03 19:48:06,162] [INFO ] [operation.py::25 __call__]: FILTER_AUDIO operation speaker completed in 0.4276999970898032 ms
[2026-09-03 19:48:06,219] [INFO ] [operation.py::25 __call__]: FILTER_AUDIO operation speaker completed in 0.43779995758086443 ms
[2026-09-03 19:48:06,412] [INFO ] [operation.py::25 __call__]: TTS operation fish_audio completed in 1769.253500038758 ms
[2026-09-03 19:48:06,412] [INFO ] [operation.py::25 __call__]: FILTER_TEXT operation chunker_sentence completed in 7216.890599927865 ms
[2026-09-03 19:48:06,412] [INFO ] [operation.py::25 __call__]: FILTER_TEXT operation filter_clean completed in 7217.017500079237 ms
[2026-09-03 19:48:06,413] [INFO ] [jaison.py::952 response_pipeline]: Response job 3db864e0-4dc4-4d1c-9d17-af71c18f67be completed. Content: 'Семнадцать страниц? Это ж целый роман! А что там написано? Поражает, конечно....'
[2026-09-03 19:48:30,440] [INFO ] [sherpa.py::320 _generate]: Sherpa STT final: len=0 latency_ms=39 source=mic turn=d802ab65-7123-4333-8d78-bdffd1fce157 utterance=79e26b7b-2012-44f0-a05b-cd4c8ee813f1
[2026-09-03 19:48:31,462] [INFO ] [sherpa.py::320 _generate]: Sherpa STT final: len=0 latency_ms=135 source=mic turn=38f77cb1-1a6f-4abc-a8b5-ac2aa782a013 utterance=38c96186-5399-4eca-92ad-0bb3e87d30a4
[2026-09-03 19:48:31,463] [INFO ] [jaison.py::255 _record_stt_metrics]: STT metrics(window=20): avg_latency_ms=69 empty_rate=0.250 stop_cmd_recall=0.000
[2026-09-03 19:48:35,002] [INFO ] [sherpa.py::320 _generate]: Sherpa STT final: len=35 latency_ms=115 source=mic turn=38f77cb1-1a6f-4abc-a8b5-ac2aa782a013 utterance=6b239b9e-5429-47d1-8118-ab8b52f988b3
[2026-09-03 19:48:35,003] [INFO ] [jaison.py::469 _interrupt_jobs]: Smart Barge-in: Interrupting and clearing queue due to: user_speaking_significant
[2026-09-03 19:48:35,266] [INFO ] [jaison.py::430 create_job]: Queued new context_conversation_add_text job caf3d46d-eca4-489d-8538-cac8526f33be
[2026-09-03 19:48:35,266] [INFO ] [jaison.py::430 create_job]: Queued new response job f9d875a3-4e55-499e-a633-810559b543ad
[2026-09-03 19:48:36,333] [INFO ] [operation.py::25 __call__]: T2T operation llamacpp completed in 1066.0892999731004 ms
[2026-09-03 19:48:38,664] [INFO ] [operation.py::25 __call__]: FILTER_AUDIO operation speaker completed in 0.5640999879688025 ms
[2026-09-03 19:48:38,807] [INFO ] [operation.py::25 __call__]: FILTER_AUDIO operation speaker completed in 0.4132000030949712 ms
[2026-09-03 19:48:38,917] [INFO ] [operation.py::25 __call__]: FILTER_AUDIO operation speaker completed in 0.5618000868707895 ms
[2026-09-03 19:48:38,923] [INFO ] [operation.py::25 __call__]: FILTER_AUDIO operation speaker completed in 0.1042000949382782 ms
[2026-09-03 19:48:39,116] [INFO ] [operation.py::25 __call__]: TTS operation fish_audio completed in 2772.6033000508323 ms
[2026-09-03 19:48:40,507] [INFO ] [operation.py::25 __call__]: FILTER_AUDIO operation speaker completed in 0.4382999613881111 ms
[2026-09-03 19:48:40,587] [INFO ] [operation.py::25 __call__]: FILTER_AUDIO operation speaker completed in 0.4773000255227089 ms
[2026-09-03 19:48:40,700] [INFO ] [operation.py::25 __call__]: FILTER_AUDIO operation speaker completed in 0.4675999516621232 ms
[2026-09-03 19:48:40,720] [INFO ] [operation.py::25 __call__]: FILTER_AUDIO operation speaker completed in 0.18900004215538502 ms
[2026-09-03 19:48:40,914] [INFO ] [operation.py::25 __call__]: TTS operation fish_audio completed in 1797.9698000708595 ms
[2026-09-03 19:48:42,257] [INFO ] [operation.py::25 __call__]: FILTER_AUDIO operation speaker completed in 0.4218999529257417 ms
[2026-09-03 19:48:42,345] [INFO ] [operation.py::25 __call__]: FILTER_AUDIO operation speaker completed in 0.5031999899074435 ms
[2026-09-03 19:48:42,473] [INFO ] [operation.py::25 __call__]: FILTER_AUDIO operation speaker completed in 0.5687999073415995 ms
[2026-09-03 19:48:42,715] [INFO ] [operation.py::25 __call__]: FILTER_AUDIO operation speaker completed in 1.1726999655365944 ms
[2026-09-03 19:48:43,319] [INFO ] [operation.py::25 __call__]: FILTER_AUDIO operation speaker completed in 0.7637999951839447 ms
[2026-09-03 19:48:43,500] [INFO ] [operation.py::25 __call__]: TTS operation fish_audio completed in 2585.8542000642046 ms
[2026-09-03 19:48:43,500] [INFO ] [operation.py::25 __call__]: FILTER_TEXT operation chunker_sentence completed in 7167.33359999489 ms
[2026-09-03 19:48:43,500] [INFO ] [operation.py::25 __call__]: FILTER_TEXT operation filter_clean completed in 7167.447000043467 ms
[2026-09-03 19:48:43,501] [INFO ] [jaison.py::952 response_pipeline]: Response job f9d875a3-4e55-499e-a633-810559b543ad completed. Content: 'Периферийно чувствуешь? Что-то типа интуиции? Расскажи, что тебя тревожит, может, вместе разберемся....'
[2026-09-03 19:48:46,081] [INFO ] [sherpa.py::320 _generate]: Sherpa STT final: len=0 latency_ms=33 source=mic turn=ce601c6f-ffe5-47fe-b071-9eb0b4c1c48e utterance=27b116d8-2ab5-43b0-a16b-09cbe0e5b30b
[2026-09-03 19:48:46,814] [INFO ] [sherpa.py::320 _generate]: Sherpa STT final: len=0 latency_ms=29 source=mic turn=ce601c6f-ffe5-47fe-b071-9eb0b4c1c48e utterance=0c7eaa34-3165-4fab-8f68-a559c7fcafbe
[2026-09-03 19:48:47,392] [INFO ] [sherpa.py::320 _generate]: Sherpa STT final: len=0 latency_ms=36 source=mic turn=c38b2061-3413-4401-9560-9a00158acfce utterance=129ac0f5-2a28-4187-bba4-9210d5ff6ca8
[2026-09-03 19:48:51,242] [INFO ] [sherpa.py::320 _generate]: Sherpa STT final: len=0 latency_ms=35 source=mic turn=01aa7e9d-ba01-48b8-93b0-4625625ee149 utterance=f4aed849-f406-41ee-8f95-5762700f4041
[2026-09-03 19:48:52,131] [INFO ] [sherpa.py::320 _generate]: Sherpa STT final: len=0 latency_ms=36 source=mic turn=01aa7e9d-ba01-48b8-93b0-4625625ee149 utterance=935ce669-5467-4446-bf50-18beddeec5eb
[2026-09-03 19:48:53,502] [INFO ] [sherpa.py::320 _generate]: Sherpa STT final: len=5 latency_ms=56 source=mic turn=01aa7e9d-ba01-48b8-93b0-4625625ee149 utterance=21d31792-a689-4895-96b6-6c5109bfd639
[2026-09-03 19:48:53,502] [INFO ] [jaison.py::469 _interrupt_jobs]: Smart Barge-in: Interrupting and clearing queue due to: user_speaking_significant
[2026-09-03 19:48:53,759] [INFO ] [jaison.py::430 create_job]: Queued new context_conversation_add_text job 87609abe-b566-4ffc-83fa-8172756d72cd
[2026-09-03 19:48:53,759] [INFO ] [jaison.py::430 create_job]: Queued new response job f12c7927-7be7-43c0-b241-0cef18d91bdb
[2026-09-03 19:48:54,478] [INFO ] [operation.py::25 __call__]: T2T operation llamacpp completed in 717.627799953334 ms
[2026-09-03 19:48:55,817] [INFO ] [operation.py::25 __call__]: FILTER_AUDIO operation speaker completed in 0.42799999937415123 ms
[2026-09-03 19:48:55,890] [INFO ] [operation.py::25 __call__]: FILTER_AUDIO operation speaker completed in 0.38109999150037766 ms
[2026-09-03 19:48:56,074] [INFO ] [operation.py::25 __call__]: TTS operation fish_audio completed in 1585.1728999987245 ms
[2026-09-03 19:48:57,308] [INFO ] [operation.py::25 __call__]: FILTER_AUDIO operation speaker completed in 0.4464999074116349 ms
[2026-09-03 19:48:57,451] [INFO ] [operation.py::25 __call__]: FILTER_AUDIO operation speaker completed in 0.4146000137552619 ms
[2026-09-03 19:48:57,569] [INFO ] [operation.py::25 __call__]: FILTER_AUDIO operation speaker completed in 0.6350999465212226 ms
[2026-09-03 19:48:57,833] [INFO ] [operation.py::25 __call__]: FILTER_AUDIO operation speaker completed in 1.3521000510081649 ms
[2026-09-03 19:48:58,011] [INFO ] [operation.py::25 __call__]: TTS operation fish_audio completed in 1937.1941999997944 ms
[2026-09-03 19:48:59,335] [INFO ] [operation.py::25 __call__]: FILTER_AUDIO operation speaker completed in 0.4051999421790242 ms
[2026-09-03 19:48:59,420] [INFO ] [operation.py::25 __call__]: FILTER_AUDIO operation speaker completed in 0.4168000305071473 ms
[2026-09-03 19:48:59,923] [INFO ] [operation.py::25 __call__]: FILTER_AUDIO operation speaker completed in 0.47470000572502613 ms
[2026-09-03 19:49:00,080] [INFO ] [operation.py::25 __call__]: FILTER_AUDIO operation speaker completed in 1.1618999997153878 ms
[2026-09-03 19:49:00,260] [INFO ] [operation.py::25 __call__]: TTS operation fish_audio completed in 2248.4177000587806 ms
[2026-09-03 19:49:00,261] [INFO ] [operation.py::25 __call__]: FILTER_TEXT operation chunker_sentence completed in 5782.692900043912 ms
[2026-09-03 19:49:00,261] [INFO ] [operation.py::25 __call__]: FILTER_TEXT operation filter_clean completed in 5782.80609997455 ms
[2026-09-03 19:49:00,262] [INFO ] [jaison.py::952 response_pipeline]: Response job f12c7927-7be7-43c0-b241-0cef18d91bdb completed. Content: 'И что? Неужели ты наконец-то решилась поделиться? Что-то интересное, должно быть!...'
[2026-09-03 19:49:02,109] [INFO ] [sherpa.py::320 _generate]: Sherpa STT final: len=0 latency_ms=63 source=mic turn=28716c0c-f75b-41f9-8fa0-b0f874b5815a utterance=f841a259-1ea5-41df-b603-28d5758486a0
[2026-09-03 19:49:02,921] [INFO ] [sherpa.py::320 _generate]: Sherpa STT final: len=0 latency_ms=36 source=mic turn=28716c0c-f75b-41f9-8fa0-b0f874b5815a utterance=0eb045c1-5c96-4fa8-ab2f-3be8a34b2658
[2026-09-03 19:49:04,643] [INFO ] [sherpa.py::320 _generate]: Sherpa STT final: len=0 latency_ms=36 source=mic turn=28716c0c-f75b-41f9-8fa0-b0f874b5815a utterance=493ed053-6e57-496a-b94c-6ea23514740e
[2026-09-03 19:49:09,989] [INFO ] [sherpa.py::320 _generate]: Sherpa STT final: len=0 latency_ms=33 source=mic turn=d1b97764-82bd-4aea-b322-29e3613a925c utterance=3b7ecf6a-f3dc-439d-9cf7-2a73b55d4360
[2026-09-03 19:49:11,433] [INFO ] [sherpa.py::320 _generate]: Sherpa STT final: len=0 latency_ms=37 source=mic turn=d1b97764-82bd-4aea-b322-29e3613a925c utterance=931f7608-3683-41e8-b368-eb2d1b23445f
[2026-09-03 19:49:12,359] [INFO ] [sherpa.py::320 _generate]: Sherpa STT final: len=0 latency_ms=33 source=mic turn=d1b97764-82bd-4aea-b322-29e3613a925c utterance=926d56ac-03a8-4180-b26a-9b2a6e0ba48b
[2026-09-03 19:49:13,433] [INFO ] [sherpa.py::320 _generate]: Sherpa STT final: len=0 latency_ms=56 source=mic turn=d1b97764-82bd-4aea-b322-29e3613a925c utterance=7f7babce-3f09-4375-a483-15d5ade390eb
[2026-09-03 19:49:14,823] [INFO ] [sherpa.py::320 _generate]: Sherpa STT final: len=0 latency_ms=37 source=mic turn=d1b97764-82bd-4aea-b322-29e3613a925c utterance=5efe4665-4644-4759-8806-016e94a719b6
[2026-09-03 19:49:19,305] [INFO ] [sherpa.py::320 _generate]: Sherpa STT final: len=0 latency_ms=38 source=mic turn=0b5d0889-8007-4149-ab00-41002d1d5111 utterance=43ab2725-4182-4413-abe5-59d14296be05
[2026-09-03 19:49:20,387] [INFO ] [sherpa.py::320 _generate]: Sherpa STT final: len=0 latency_ms=61 source=mic turn=0b5d0889-8007-4149-ab00-41002d1d5111 utterance=c4b5cf4e-1b95-40d0-a9b0-f5b6d684ed09
[2026-09-03 19:49:22,564] [INFO ] [sherpa.py::320 _generate]: Sherpa STT final: len=0 latency_ms=36 source=mic turn=0b5d0889-8007-4149-ab00-41002d1d5111 utterance=09c733d1-99b1-46ee-a5e9-c482a41639b9
[2026-09-03 19:49:23,947] [INFO ] [sherpa.py::320 _generate]: Sherpa STT final: len=0 latency_ms=69 source=mic turn=0b5d0889-8007-4149-ab00-41002d1d5111 utterance=0baced21-9f22-4400-9f68-75ca3e55a21e
[2026-09-03 19:49:25,402] [INFO ] [sherpa.py::320 _generate]: Sherpa STT final: len=0 latency_ms=55 source=mic turn=0b5d0889-8007-4149-ab00-41002d1d5111 utterance=af3ef50b-354b-474e-8029-9969adcda982
[2026-09-03 19:49:25,403] [INFO ] [jaison.py::255 _record_stt_metrics]: STT metrics(window=40): avg_latency_ms=57 empty_rate=0.575 stop_cmd_recall=0.000
[2026-09-03 19:49:46,725] [INFO ] [sherpa.py::320 _generate]: Sherpa STT final: len=6 latency_ms=68 source=mic turn=9a47e94e-193e-4255-8e9b-8baa47f4978e utterance=ad3e3319-1e7b-49cd-b54c-33e15df6c396
[2026-09-03 19:49:46,981] [INFO ] [jaison.py::430 create_job]: Queued new context_conversation_add_text job 6d6bcd1d-281a-45e4-8c4d-50a25d5e85fe
[2026-09-03 19:49:46,981] [INFO ] [jaison.py::568 _commit_pending_voice_turn]: Voice turn committed as context-only (no RESPONSE job).
[2026-09-03 19:49:50,252] [INFO ] [sherpa.py::320 _generate]: Sherpa STT final: len=0 latency_ms=36 source=mic turn=7b990412-e30f-47fd-aa63-55d31036f43b utterance=44c6774c-41df-44f6-bc3b-11aa3e4586c7
[2026-09-03 19:50:35,453] [INFO ] [sherpa.py::320 _generate]: Sherpa STT final: len=0 latency_ms=36 source=mic turn=c147c214-73ff-4182-bad1-011c5391295b utterance=265d1dfb-c08e-4fdb-bec7-e3b3cfd0385a
[2026-09-03 19:51:17,943] [INFO ] [sherpa.py::320 _generate]: Sherpa STT final: len=21 latency_ms=96 source=mic turn=52e25a71-c55c-44d6-901e-2efa8157ff33 utterance=baf19ab3-913c-43b8-bc3c-8e5b526ecd09
[2026-09-03 19:51:17,943] [INFO ] [jaison.py::469 _interrupt_jobs]: Smart Barge-in: Interrupting and clearing queue due to: user_speaking_significant
[2026-09-03 19:51:19,987] [INFO ] [sherpa.py::320 _generate]: Sherpa STT final: len=15 latency_ms=92 source=mic turn=52e25a71-c55c-44d6-901e-2efa8157ff33 utterance=139d50b2-cd21-4b13-a12e-7b5354ed0b50
[2026-09-03 19:51:19,988] [INFO ] [jaison.py::469 _interrupt_jobs]: Smart Barge-in: Interrupting and clearing queue due to: user_speaking_significant
[2026-09-03 19:51:20,955] [INFO ] [sherpa.py::320 _generate]: Sherpa STT final: len=0 latency_ms=40 source=mic turn=52e25a71-c55c-44d6-901e-2efa8157ff33 utterance=684f9c76-75e1-409b-818f-7229c6c8f015
[2026-09-03 19:51:22,013] [INFO ] [sherpa.py::320 _generate]: Sherpa STT final: len=0 latency_ms=37 source=mic turn=52e25a71-c55c-44d6-901e-2efa8157ff33 utterance=6111dca0-a843-4e64-85da-96304b41b5bf
[2026-09-03 19:51:24,048] [INFO ] [sherpa.py::320 _generate]: Sherpa STT final: len=8 latency_ms=64 source=mic turn=52e25a71-c55c-44d6-901e-2efa8157ff33 utterance=f88ed1ed-9a30-44ff-a643-b9986054d191
[2026-09-03 19:51:24,049] [INFO ] [jaison.py::430 create_job]: Queued new context_conversation_add_text job be3ab303-c02a-4661-b762-985d3916f9da
[2026-09-03 19:51:24,049] [INFO ] [jaison.py::430 create_job]: Queued new response job b67b20f5-1f71-4fe6-9511-3918d8c8e671
[2026-09-03 19:51:24,302] [INFO ] [jaison.py::430 create_job]: Queued new context_conversation_add_text job ddca347b-2731-404a-900e-b7c45f9cc2f6
[2026-09-03 19:51:24,302] [INFO ] [jaison.py::568 _commit_pending_voice_turn]: Voice turn committed as context-only (no RESPONSE job).
[2026-09-03 19:51:24,788] [INFO ] [operation.py::25 __call__]: T2T operation llamacpp completed in 738.0045999307185 ms
[2026-09-03 19:51:25,489] [INFO ] [sherpa.py::320 _generate]: Sherpa STT final: len=11 latency_ms=63 source=mic turn=52e25a71-c55c-44d6-901e-2efa8157ff33 utterance=fa771dc0-54bf-4773-8191-52ebfea4c68f
[2026-09-03 19:51:25,489] [INFO ] [jaison.py::469 _interrupt_jobs]: Smart Barge-in: Interrupting and clearing queue due to: user_speaking_significant
[2026-09-03 19:51:25,489] [INFO ] [jaison.py::463 _clear_current_job]: Job b67b20f5-1f71-4fe6-9511-3918d8c8e671 (response) is being cancelled due to: user_speaking_significant
[2026-09-03 19:51:25,490] [INFO ] [jaison.py::743 _process_job_loop]: Job b67b20f5-1f71-4fe6-9511-3918d8c8e671 (response) was cancelled.
[2026-09-03 19:51:25,745] [INFO ] [jaison.py::430 create_job]: Queued new context_conversation_add_text job 7e477fb5-daef-4b94-b998-36bb075d4a0c
[2026-09-03 19:51:25,745] [INFO ] [jaison.py::430 create_job]: Queued new response job 3abf2d52-a04f-4659-9eb0-7dbe3f6837d8
[2026-09-03 19:51:26,599] [INFO ] [operation.py::25 __call__]: T2T operation llamacpp completed in 852.6094000553712 ms
[2026-09-03 19:51:28,349] [INFO ] [operation.py::25 __call__]: FILTER_AUDIO operation speaker completed in 0.6110999966040254 ms
[2026-09-03 19:51:28,641] [INFO ] [operation.py::25 __call__]: FILTER_AUDIO operation speaker completed in 0.35749992821365595 ms
[2026-09-03 19:51:28,821] [INFO ] [operation.py::25 __call__]: TTS operation fish_audio completed in 2208.2262000767514 ms
[2026-09-03 19:51:29,403] [INFO ] [sherpa.py::320 _generate]: Sherpa STT final: len=0 latency_ms=37 source=mic turn=62ee64cf-afc8-4fee-a007-d698f5c250f8 utterance=1f6a889a-4fa7-4284-8f4c-29963e98de64
[2026-09-03 19:51:31,098] [INFO ] [sherpa.py::320 _generate]: Sherpa STT final: len=0 latency_ms=34 source=mic turn=62ee64cf-afc8-4fee-a007-d698f5c250f8 utterance=0c59a6d5-50fb-4dc5-bbb3-b2477d679fea
[2026-09-03 19:51:31,154] [INFO ] [operation.py::25 __call__]: FILTER_AUDIO operation speaker completed in 0.5386000266298652 ms
[2026-09-03 19:51:31,298] [INFO ] [operation.py::25 __call__]: FILTER_AUDIO operation speaker completed in 0.4686999600380659 ms
[2026-09-03 19:51:31,415] [INFO ] [operation.py::25 __call__]: FILTER_AUDIO operation speaker completed in 0.5784999812021852 ms
[2026-09-03 19:51:31,446] [INFO ] [operation.py::25 __call__]: FILTER_AUDIO operation speaker completed in 0.43260003440082073 ms
[2026-09-03 19:51:31,632] [INFO ] [operation.py::25 __call__]: TTS operation fish_audio completed in 2810.840200050734 ms
[2026-09-03 19:51:33,562] [INFO ] [operation.py::25 __call__]: FILTER_AUDIO operation speaker completed in 0.4757000133395195 ms
[2026-09-03 19:51:33,713] [INFO ] [operation.py::25 __call__]: FILTER_AUDIO operation speaker completed in 0.42509997729212046 ms
[2026-09-03 19:51:33,779] [INFO ] [operation.py::25 __call__]: FILTER_AUDIO operation speaker completed in 0.5472999764606357 ms
[2026-09-03 19:51:34,081] [INFO ] [operation.py::25 __call__]: FILTER_AUDIO operation speaker completed in 1.4711000258103013 ms
[2026-09-03 19:51:34,173] [INFO ] [operation.py::25 __call__]: FILTER_AUDIO operation speaker completed in 0.30499999411404133 ms
[2026-09-03 19:51:34,358] [INFO ] [operation.py::25 __call__]: TTS operation fish_audio completed in 2725.689999992028 ms
[2026-09-03 19:51:36,182] [INFO ] [operation.py::25 __call__]: FILTER_AUDIO operation speaker completed in 0.41360000614076853 ms
[2026-09-03 19:51:36,259] [INFO ] [operation.py::25 __call__]: FILTER_AUDIO operation speaker completed in 0.46360003761947155 ms
[2026-09-03 19:51:36,373] [INFO ] [operation.py::25 __call__]: FILTER_AUDIO operation speaker completed in 0.47640001866966486 ms
[2026-09-03 19:51:36,429] [INFO ] [operation.py::25 __call__]: FILTER_AUDIO operation speaker completed in 0.4416999872773886 ms
[2026-09-03 19:51:36,608] [INFO ] [operation.py::25 __call__]: TTS operation fish_audio completed in 2250.317299971357 ms
[2026-09-03 19:51:36,608] [INFO ] [operation.py::25 __call__]: FILTER_TEXT operation chunker_sentence completed in 10009.185799979605 ms
[2026-09-03 19:51:36,608] [INFO ] [operation.py::25 __call__]: FILTER_TEXT operation filter_clean completed in 10009.278599987738 ms
[2026-09-03 19:51:36,609] [INFO ] [jaison.py::952 response_pipeline]: Response job 3abf2d52-a04f-4659-9eb0-7dbe3f6837d8 completed. Content: 'Мнение? Возьмет за руку и смотрит? Что-то из разряда киношных сцен, я так понимаю. А кто этот кто?...'
[2026-09-03 19:51:44,550] [INFO ] [sherpa.py::320 _generate]: Sherpa STT final: len=5 latency_ms=85 source=mic turn=6ca58f99-0280-4d7d-ad2d-d7e0713c0a44 utterance=932b354e-8ac0-4d5b-b103-045605b39aef
[2026-09-03 19:51:44,809] [INFO ] [jaison.py::430 create_job]: Queued new context_conversation_add_text job e507f097-f0f2-482c-8a9d-e324e52866c4
[2026-09-03 19:51:44,809] [INFO ] [jaison.py::430 create_job]: Queued new response job 4f595bb3-e40c-4b21-9b28-749852173cf9
[2026-09-03 19:51:45,620] [INFO ] [operation.py::25 __call__]: T2T operation llamacpp completed in 809.8396999994293 ms
[2026-09-03 19:51:47,398] [INFO ] [operation.py::25 __call__]: FILTER_AUDIO operation speaker completed in 0.4130000015720725 ms
[2026-09-03 19:51:47,542] [INFO ] [operation.py::25 __call__]: FILTER_AUDIO operation speaker completed in 0.41619990952312946 ms
[2026-09-03 19:51:47,603] [INFO ] [operation.py::25 __call__]: FILTER_AUDIO operation speaker completed in 0.11059991084039211 ms
[2026-09-03 19:51:47,798] [INFO ] [operation.py::25 __call__]: TTS operation fish_audio completed in 2168.423300026916 ms
[2026-09-03 19:51:49,776] [INFO ] [operation.py::25 __call__]: FILTER_AUDIO operation speaker completed in 0.5006999708712101 ms
[2026-09-03 19:51:49,860] [INFO ] [operation.py::25 __call__]: FILTER_AUDIO operation speaker completed in 0.3795999800786376 ms
[2026-09-03 19:51:49,986] [INFO ] [operation.py::25 __call__]: FILTER_AUDIO operation speaker completed in 0.559799955226481 ms
[2026-09-03 19:51:50,219] [INFO ] [operation.py::25 __call__]: FILTER_AUDIO operation speaker completed in 1.517699914984405 ms
[2026-09-03 19:51:50,305] [INFO ] [operation.py::25 __call__]: FILTER_AUDIO operation speaker completed in 0.15980005264282227 ms
[2026-09-03 19:51:50,482] [INFO ] [operation.py::25 __call__]: TTS operation fish_audio completed in 2684.6309000393376 ms
[2026-09-03 19:51:52,199] [INFO ] [operation.py::25 __call__]: FILTER_AUDIO operation speaker completed in 0.4133000038564205 ms
[2026-09-03 19:51:52,352] [INFO ] [operation.py::25 __call__]: FILTER_AUDIO operation speaker completed in 0.5051000043749809 ms
[2026-09-03 19:51:52,463] [INFO ] [operation.py::25 __call__]: FILTER_AUDIO operation speaker completed in 0.5951001076027751 ms
[2026-09-03 19:51:52,469] [INFO ] [operation.py::25 __call__]: FILTER_AUDIO operation speaker completed in 0.08460006210952997 ms
[2026-09-03 19:51:52,647] [INFO ] [operation.py::25 __call__]: TTS operation fish_audio completed in 2165.192599990405 ms
[2026-09-03 19:51:52,647] [INFO ] [operation.py::25 __call__]: FILTER_TEXT operation chunker_sentence completed in 7027.489600004628 ms
[2026-09-03 19:51:52,647] [INFO ] [operation.py::25 __call__]: FILTER_TEXT operation filter_clean completed in 7027.58090000134 ms
[2026-09-03 19:51:52,647] [INFO ] [jaison.py::952 response_pipeline]: Response job 4f595bb3-e40c-4b21-9b28-749852173cf9 completed. Content: 'Ха-ха! Ну что ж, смех — это лучший лекарь. Что тебя рассмешило?...'
[2026-09-03 19:51:53,530] [INFO ] [sherpa.py::320 _generate]: Sherpa STT final: len=0 latency_ms=36 source=mic turn=6c5d2d48-ef85-488e-86e0-0dded5472836 utterance=17ebcb7f-d73c-496c-81c9-a15054e012a1
[2026-09-03 19:51:54,906] [INFO ] [sherpa.py::320 _generate]: Sherpa STT final: len=7 latency_ms=60 source=mic turn=761028b4-e271-47ce-93e2-348d753abe35 utterance=10f51e92-fb84-4fbe-b680-da3c71f0e792
[2026-09-03 19:51:54,906] [INFO ] [jaison.py::469 _interrupt_jobs]: Smart Barge-in: Interrupting and clearing queue due to: user_speaking_significant
[2026-09-03 19:51:55,161] [INFO ] [jaison.py::430 create_job]: Queued new context_conversation_add_text job e8a21f39-897f-4259-8956-4880cfbc9fa5
[2026-09-03 19:51:55,161] [INFO ] [jaison.py::430 create_job]: Queued new response job 76c14f6e-f7a5-4757-b4d5-ba871e5b9bb6
[2026-09-03 19:51:55,739] [INFO ] [operation.py::25 __call__]: T2T operation llamacpp completed in 576.6153000295162 ms
[2026-09-03 19:51:57,267] [INFO ] [sherpa.py::320 _generate]: Sherpa STT final: len=10 latency_ms=62 source=mic turn=1c7cb050-3974-4b7f-877f-d638ddd9e94b utterance=aff08b59-82a7-4b8c-a860-d1420d472a56
[2026-09-03 19:51:57,268] [INFO ] [jaison.py::469 _interrupt_jobs]: Smart Barge-in: Interrupting and clearing queue due to: user_speaking_significant
[2026-09-03 19:51:57,268] [INFO ] [jaison.py::463 _clear_current_job]: Job 76c14f6e-f7a5-4757-b4d5-ba871e5b9bb6 (response) is being cancelled due to: user_speaking_significant
[2026-09-03 19:51:57,495] [INFO ] [jaison.py::430 create_job]: Queued new context_conversation_add_text job 00b72810-b578-4206-bbf6-980f427ab971
[2026-09-03 19:51:57,496] [INFO ] [jaison.py::430 create_job]: Queued new response job 355831ba-895c-43b0-927c-cfeae0165935
[2026-09-03 19:51:57,702] [INFO ] [jaison.py::743 _process_job_loop]: Job 76c14f6e-f7a5-4757-b4d5-ba871e5b9bb6 (response) was cancelled.
[2026-09-03 19:51:58,650] [INFO ] [operation.py::25 __call__]: T2T operation llamacpp completed in 946.6988000785932 ms
[2026-09-03 19:52:01,141] [INFO ] [operation.py::25 __call__]: FILTER_AUDIO operation speaker completed in 0.5936999805271626 ms
[2026-09-03 19:52:01,218] [INFO ] [operation.py::25 __call__]: FILTER_AUDIO operation speaker completed in 0.5001000827178359 ms
[2026-09-03 19:52:01,280] [INFO ] [operation.py::25 __call__]: FILTER_AUDIO operation speaker completed in 0.10870001278817654 ms
[2026-09-03 19:52:01,463] [INFO ] [operation.py::25 __call__]: TTS operation fish_audio completed in 2797.352100024 ms
[2026-09-03 19:52:02,898] [INFO ] [operation.py::25 __call__]: FILTER_AUDIO operation speaker completed in 0.4233999643474817 ms
[2026-09-03 19:52:03,041] [INFO ] [operation.py::25 __call__]: FILTER_AUDIO operation speaker completed in 0.498299952596426 ms
[2026-09-03 19:52:03,152] [INFO ] [operation.py::25 __call__]: FILTER_AUDIO operation speaker completed in 0.6594000151380897 ms
[2026-09-03 19:52:03,178] [INFO ] [operation.py::25 __call__]: FILTER_AUDIO operation speaker completed in 0.264100031927228 ms
[2026-09-03 19:52:03,367] [INFO ] [operation.py::25 __call__]: TTS operation fish_audio completed in 1903.8470999803394 ms
[2026-09-03 19:52:05,246] [INFO ] [operation.py::25 __call__]: FILTER_AUDIO operation speaker completed in 0.42559998109936714 ms
[2026-09-03 19:52:05,373] [INFO ] [operation.py::25 __call__]: FILTER_AUDIO operation speaker completed in 0.3891000524163246 ms
[2026-09-03 19:52:05,433] [INFO ] [operation.py::25 __call__]: FILTER_AUDIO operation speaker completed in 0.5866000428795815 ms
[2026-09-03 19:52:05,503] [INFO ] [operation.py::25 __call__]: FILTER_AUDIO operation speaker completed in 0.3370000049471855 ms
[2026-09-03 19:52:05,678] [INFO ] [operation.py::25 __call__]: TTS operation fish_audio completed in 2310.545099899173 ms
[2026-09-03 19:52:07,310] [INFO ] [operation.py::25 __call__]: FILTER_AUDIO operation speaker completed in 0.46470004599541426 ms
[2026-09-03 19:52:07,444] [INFO ] [operation.py::25 __call__]: FILTER_AUDIO operation speaker completed in 0.44219999108463526 ms
[2026-09-03 19:52:07,503] [INFO ] [operation.py::25 __call__]: FILTER_AUDIO operation speaker completed in 0.458099995739758 ms
[2026-09-03 19:52:07,579] [INFO ] [operation.py::25 __call__]: FILTER_AUDIO operation speaker completed in 0.3595000598579645 ms
[2026-09-03 19:52:07,736] [INFO ] [sherpa.py::320 _generate]: Sherpa STT final: len=0 latency_ms=68 source=mic turn=ac945293-415e-40db-ba65-0d68a60a571d utterance=585f945e-7989-40a8-89b6-df62928865ab
[2026-09-03 19:52:07,767] [INFO ] [operation.py::25 __call__]: TTS operation fish_audio completed in 2088.698699953966 ms
[2026-09-03 19:52:09,233] [INFO ] [operation.py::25 __call__]: FILTER_AUDIO operation speaker completed in 0.45389996375888586 ms
[2026-09-03 19:52:09,384] [INFO ] [operation.py::25 __call__]: FILTER_AUDIO operation speaker completed in 0.4067999543622136 ms
[2026-09-03 19:52:09,399] [INFO ] [sherpa.py::320 _generate]: Sherpa STT final: len=0 latency_ms=34 source=mic turn=e9b9a3f6-3723-41c6-bdc1-55647b036dcc utterance=2377709f-4b93-4af5-8b35-3cb38737b41b
[2026-09-03 19:52:09,453] [INFO ] [operation.py::25 __call__]: FILTER_AUDIO operation speaker completed in 0.48459996469318867 ms
[2026-09-03 19:52:09,594] [INFO ] [operation.py::25 __call__]: FILTER_AUDIO operation speaker completed in 0.979500007815659 ms
[2026-09-03 19:52:09,778] [INFO ] [operation.py::25 __call__]: TTS operation fish_audio completed in 2011.040100012906 ms
[2026-09-03 19:52:09,778] [INFO ] [operation.py::25 __call__]: FILTER_TEXT operation chunker_sentence completed in 11127.666299929842 ms
[2026-09-03 19:52:09,778] [INFO ] [operation.py::25 __call__]: FILTER_TEXT operation filter_clean completed in 11127.764200093225 ms
[2026-09-03 19:52:09,779] [INFO ] [jaison.py::952 response_pipeline]: Response job 355831ba-895c-43b0-927c-cfeae0165935 completed. Content: 'А какой? Какой из них не золотой? Этот, кто кричал? Или тот, кто за руку взял? Расскажи, я помогу ра...'
[2026-09-03 19:52:23,251] [INFO ] [sherpa.py::320 _generate]: Sherpa STT final: len=5 latency_ms=38 source=mic turn=c5348336-6894-42a6-b6cd-968568a5cedc utterance=2a39cda4-76a3-42b4-a12d-ab3013e71614
[2026-09-03 19:52:23,508] [INFO ] [jaison.py::430 create_job]: Queued new context_conversation_add_text job 31de70dd-240b-4544-be99-f6f65a237f2b
[2026-09-03 19:52:23,508] [INFO ] [jaison.py::568 _commit_pending_voice_turn]: Voice turn committed as context-only (no RESPONSE job).
[2026-09-03 19:52:23,976] [INFO ] [sherpa.py::320 _generate]: Sherpa STT final: len=15 latency_ms=82 source=mic turn=067c2da2-be67-495c-8dea-a8d696a445e7 utterance=4f163acd-3f10-4ff0-8535-98f27caa1976
[2026-09-03 19:52:23,977] [INFO ] [jaison.py::469 _interrupt_jobs]: Smart Barge-in: Interrupting and clearing queue due to: user_speaking_significant
[2026-09-03 19:52:32,248] [INFO ] [sherpa.py::320 _generate]: Sherpa STT final: len=72 latency_ms=242 source=mic turn=067c2da2-be67-495c-8dea-a8d696a445e7 utterance=483b35c9-7104-4e6a-8978-04bd053fbe39
[2026-09-03 19:52:32,248] [INFO ] [jaison.py::469 _interrupt_jobs]: Smart Barge-in: Interrupting and clearing queue due to: user_speaking_significant
[2026-09-03 19:52:32,249] [INFO ] [jaison.py::255 _record_stt_metrics]: STT metrics(window=60): avg_latency_ms=60 empty_rate=0.533 stop_cmd_recall=0.000
[2026-09-03 19:52:32,249] [INFO ] [jaison.py::430 create_job]: Queued new context_conversation_add_text job 7caa9bbd-d482-44a5-a3b8-6ba686a6fbfe
[2026-09-03 19:52:32,249] [INFO ] [jaison.py::430 create_job]: Queued new response job e96617a6-ce3a-4ccc-ac51-8662296218d5
[2026-09-03 19:52:32,514] [INFO ] [jaison.py::430 create_job]: Queued new context_conversation_add_text job 52e2185e-7f5e-4b6f-8a95-38959e1b059f
[2026-09-03 19:52:32,514] [INFO ] [jaison.py::430 create_job]: Queued new response job dc56ba30-4e0b-4216-b25d-cc78001b52ef
[2026-09-03 19:52:33,293] [INFO ] [operation.py::25 __call__]: T2T operation llamacpp completed in 1042.8700998891145 ms
[2026-09-03 19:52:33,725] [INFO ] [sherpa.py::320 _generate]: Sherpa STT final: len=27 latency_ms=170 source=mic turn=dda75f38-3242-4e03-bcb9-839a5585e40f utterance=280a8934-0458-47d3-a9ba-03b459b040ca
[2026-09-03 19:52:33,725] [INFO ] [jaison.py::469 _interrupt_jobs]: Smart Barge-in: Interrupting and clearing queue due to: user_speaking_significant
[2026-09-03 19:52:33,725] [INFO ] [jaison.py::463 _clear_current_job]: Job e96617a6-ce3a-4ccc-ac51-8662296218d5 (response) is being cancelled due to: user_speaking_significant
[2026-09-03 19:52:33,727] [INFO ] [jaison.py::743 _process_job_loop]: Job e96617a6-ce3a-4ccc-ac51-8662296218d5 (response) was cancelled.
[2026-09-03 19:52:34,604] [INFO ] [sherpa.py::320 _generate]: Sherpa STT final: len=2 latency_ms=62 source=mic turn=dda75f38-3242-4e03-bcb9-839a5585e40f utterance=947d187a-5d1c-47f7-a31d-8108d804e047
[2026-09-03 19:52:34,863] [INFO ] [jaison.py::430 create_job]: Queued new context_conversation_add_text job 1d4f5aff-bc62-4fa1-93a0-5a9a9dc60d3a
[2026-09-03 19:52:34,863] [INFO ] [jaison.py::430 create_job]: Queued new response job 1c57d4f8-faac-46f7-ad95-ce49fe89cac9
[2026-09-03 19:52:35,937] [INFO ] [operation.py::25 __call__]: T2T operation llamacpp completed in 1073.2314999913797 ms
[2026-09-03 19:52:37,430] [INFO ] [sherpa.py::320 _generate]: Sherpa STT final: len=0 latency_ms=36 source=mic turn=dda75f38-3242-4e03-bcb9-839a5585e40f utterance=8cee4bc2-35b5-4d4c-b024-c34db0a1a611
[2026-09-03 19:52:37,762] [INFO ] [operation.py::25 __call__]: FILTER_AUDIO operation speaker completed in 0.5530999042093754 ms
[2026-09-03 19:52:38,171] [INFO ] [sherpa.py::320 _generate]: Sherpa STT final: len=0 latency_ms=36 source=mic turn=dda75f38-3242-4e03-bcb9-839a5585e40f utterance=1adfe1d5-9c81-4079-8c4b-673f26e6bc5c
[2026-09-03 19:52:38,277] [INFO ] [operation.py::25 __call__]: FILTER_AUDIO operation speaker completed in 0.4977999487891793 ms
[2026-09-03 19:52:38,427] [INFO ] [operation.py::25 __call__]: FILTER_AUDIO operation speaker completed in 0.4705999745056033 ms
[2026-09-03 19:52:38,975] [INFO ] [operation.py::25 __call__]: FILTER_AUDIO operation speaker completed in 1.465399982407689 ms
[2026-09-03 19:52:39,029] [INFO ] [sherpa.py::320 _generate]: Sherpa STT final: len=0 latency_ms=35 source=mic turn=dda75f38-3242-4e03-bcb9-839a5585e40f utterance=1e278035-1d4d-43f4-80ee-d531274ec19a
[2026-09-03 19:52:39,427] [INFO ] [operation.py::25 __call__]: FILTER_AUDIO operation speaker completed in 1.5406999737024307 ms
[2026-09-03 19:52:39,614] [INFO ] [operation.py::25 __call__]: TTS operation fish_audio completed in 3665.3831000439823 ms
[2026-09-03 19:52:39,989] [INFO ] [sherpa.py::320 _generate]: Sherpa STT final: len=4 latency_ms=36 source=mic turn=dda75f38-3242-4e03-bcb9-839a5585e40f utterance=1959686b-8b33-488c-bc03-f710f21ef02f
[2026-09-03 19:52:40,249] [INFO ] [jaison.py::430 create_job]: Queued new context_conversation_add_text job 03e639f7-9444-42c5-bab2-f8443b38d858
[2026-09-03 19:52:40,249] [INFO ] [jaison.py::568 _commit_pending_voice_turn]: Voice turn committed as context-only (no RESPONSE job).
[2026-09-03 19:52:40,728] [INFO ] [sherpa.py::320 _generate]: Sherpa STT final: len=0 latency_ms=34 source=mic turn=dda75f38-3242-4e03-bcb9-839a5585e40f utterance=381d878b-6cc3-44b7-9c38-7352daa5052d
[2026-09-03 19:52:41,290] [INFO ] [operation.py::25 __call__]: FILTER_AUDIO operation speaker completed in 0.493600033223629 ms
[2026-09-03 19:52:41,370] [INFO ] [operation.py::25 __call__]: FILTER_AUDIO operation speaker completed in 0.40390004869550467 ms
[2026-09-03 19:52:41,482] [INFO ] [operation.py::25 __call__]: FILTER_AUDIO operation speaker completed in 0.44870004057884216 ms
[2026-09-03 19:52:41,527] [INFO ] [sherpa.py::320 _generate]: Sherpa STT final: len=0 latency_ms=34 source=mic turn=dda75f38-3242-4e03-bcb9-839a5585e40f utterance=f1ee75fc-b070-4664-8118-5922bf555c24
[2026-09-03 19:52:41,824] [INFO ] [operation.py::25 __call__]: FILTER_AUDIO operation speaker completed in 1.3762000016868114 ms
[2026-09-03 19:52:41,990] [INFO ] [operation.py::25 __call__]: FILTER_AUDIO operation speaker completed in 0.7317999843508005 ms
[2026-09-03 19:52:42,206] [INFO ] [operation.py::25 __call__]: TTS operation fish_audio completed in 2591.3492999970913 ms
[2026-09-03 19:52:43,761] [INFO ] [operation.py::25 __call__]: FILTER_AUDIO operation speaker completed in 0.41480001527816057 ms
[2026-09-03 19:52:43,908] [INFO ] [operation.py::25 __call__]: FILTER_AUDIO operation speaker completed in 0.45819999650120735 ms
[2026-09-03 19:52:43,974] [INFO ] [operation.py::25 __call__]: FILTER_AUDIO operation speaker completed in 0.6651999428868294 ms
[2026-09-03 19:52:44,061] [INFO ] [operation.py::25 __call__]: FILTER_AUDIO operation speaker completed in 0.33199996687471867 ms
[2026-09-03 19:52:44,242] [INFO ] [operation.py::25 __call__]: TTS operation fish_audio completed in 2035.6733999215066 ms
[2026-09-03 19:52:44,242] [INFO ] [operation.py::25 __call__]: FILTER_TEXT operation chunker_sentence completed in 8304.41450001672 ms
[2026-09-03 19:52:44,242] [INFO ] [operation.py::25 __call__]: FILTER_TEXT operation filter_clean completed in 8304.511100053787 ms
[2026-09-03 19:52:44,243] [INFO ] [jaison.py::952 response_pipeline]: Response job 1c57d4f8-faac-46f7-ad95-ce49fe89cac9 completed. Content: 'Смотрят, рукав затягивают, микродаренный сарда кавычка... Это что, начало детектива или приключений?...'
[2026-09-03 19:52:45,451] [INFO ] [sherpa.py::320 _generate]: Sherpa STT final: len=7 latency_ms=58 source=mic turn=a52d32a1-9f78-44bd-aab5-bbb4594fffcc utterance=53cb99ac-a685-4e62-8bc2-f1e46152798d
[2026-09-03 19:52:45,451] [INFO ] [jaison.py::469 _interrupt_jobs]: Smart Barge-in: Interrupting and clearing queue due to: user_speaking_significant
[2026-09-03 19:52:45,717] [INFO ] [jaison.py::430 create_job]: Queued new context_conversation_add_text job db336429-0c84-4164-93f4-c32248b66d52
[2026-09-03 19:52:45,717] [INFO ] [jaison.py::430 create_job]: Queued new response job f1aa7786-b102-4924-b6a5-3067c1ed0cee
[2026-09-03 19:52:46,729] [INFO ] [operation.py::25 __call__]: T2T operation llamacpp completed in 1010.498300078325 ms
[2026-09-03 19:52:47,767] [INFO ] [sherpa.py::320 _generate]: Sherpa STT final: len=12 latency_ms=62 source=mic turn=a52d32a1-9f78-44bd-aab5-bbb4594fffcc utterance=8ae9a7c1-b302-4574-b84b-63857bc35e88
[2026-09-03 19:52:47,767] [INFO ] [jaison.py::469 _interrupt_jobs]: Smart Barge-in: Interrupting and clearing queue due to: user_speaking_significant
[2026-09-03 19:52:47,768] [INFO ] [jaison.py::463 _clear_current_job]: Job f1aa7786-b102-4924-b6a5-3067c1ed0cee (response) is being cancelled due to: user_speaking_significant
[2026-09-03 19:52:47,954] [INFO ] [jaison.py::743 _process_job_loop]: Job f1aa7786-b102-4924-b6a5-3067c1ed0cee (response) was cancelled.
[2026-09-03 19:52:48,034] [INFO ] [jaison.py::430 create_job]: Queued new context_conversation_add_text job 814b2e1c-f274-4af9-a400-f6bec1e16a62
[2026-09-03 19:52:48,034] [INFO ] [jaison.py::430 create_job]: Queued new response job 1810e2a2-ec88-4fa7-9646-5ea623695194
[2026-09-03 19:52:49,009] [INFO ] [operation.py::25 __call__]: T2T operation llamacpp completed in 973.7126000691205 ms
[2026-09-03 19:52:49,425] [INFO ] [sherpa.py::320 _generate]: Sherpa STT final: len=0 latency_ms=32 source=mic turn=a52d32a1-9f78-44bd-aab5-bbb4594fffcc utterance=e41ab5d4-3eb1-49ba-a571-fb2fd4345c34
[2026-09-03 19:52:50,410] [INFO ] [operation.py::25 __call__]: FILTER_AUDIO operation speaker completed in 0.4268999909982085 ms
[2026-09-03 19:52:50,555] [INFO ] [operation.py::25 __call__]: FILTER_AUDIO operation speaker completed in 0.4384999629110098 ms
[2026-09-03 19:52:50,620] [INFO ] [operation.py::25 __call__]: FILTER_AUDIO operation speaker completed in 0.5134000675752759 ms
[2026-09-03 19:52:50,742] [INFO ] [operation.py::25 __call__]: FILTER_AUDIO operation speaker completed in 0.878899940289557 ms
[2026-09-03 19:52:50,919] [INFO ] [operation.py::25 __call__]: TTS operation fish_audio completed in 1897.8049999568611 ms
[2026-09-03 19:52:52,016] [INFO ] [sherpa.py::320 _generate]: Sherpa STT final: len=22 latency_ms=118 source=mic turn=a52d32a1-9f78-44bd-aab5-bbb4594fffcc utterance=eeb889ba-3f84-458c-8041-1c59dbf367f9
[2026-09-03 19:52:52,016] [INFO ] [jaison.py::469 _interrupt_jobs]: Smart Barge-in: Interrupting and clearing queue due to: user_speaking_significant
[2026-09-03 19:52:52,016] [INFO ] [jaison.py::463 _clear_current_job]: Job 1810e2a2-ec88-4fa7-9646-5ea623695194 (response) is being cancelled due to: user_speaking_significant
[2026-09-03 19:52:52,243] [INFO ] [jaison.py::430 create_job]: Queued new context_conversation_add_text job fbd25a7d-6d0d-4254-8436-1f5ed25e2ff4
[2026-09-03 19:52:52,243] [INFO ] [jaison.py::430 create_job]: Queued new response job 718ee471-8585-4b56-9ec3-66882af981c5
[2026-09-03 19:52:52,330] [INFO ] [jaison.py::743 _process_job_loop]: Job 1810e2a2-ec88-4fa7-9646-5ea623695194 (response) was cancelled.
[2026-09-03 19:52:53,599] [INFO ] [operation.py::25 __call__]: T2T operation llamacpp completed in 1267.8395999828354 ms
[2026-09-03 19:52:54,362] [INFO ] [sherpa.py::320 _generate]: Sherpa STT final: len=0 latency_ms=38 source=mic turn=a52d32a1-9f78-44bd-aab5-bbb4594fffcc utterance=e57b606e-49be-4582-8d61-76d18ae38344
[2026-09-03 19:52:55,112] [INFO ] [operation.py::25 __call__]: FILTER_AUDIO operation speaker completed in 0.46280003152787685 ms
[2026-09-03 19:52:55,255] [INFO ] [operation.py::25 __call__]: FILTER_AUDIO operation speaker completed in 0.4069999558851123 ms
[2026-09-03 19:52:55,319] [INFO ] [sherpa.py::320 _generate]: Sherpa STT final: len=3 latency_ms=35 source=mic turn=a52d32a1-9f78-44bd-aab5-bbb4594fffcc utterance=0f42dda9-c0ca-4956-aa62-f0626385e074
[2026-09-03 19:52:55,356] [INFO ] [operation.py::25 __call__]: FILTER_AUDIO operation speaker completed in 0.4116999916732311 ms
[2026-09-03 19:52:55,540] [INFO ] [jaison.py::430 create_job]: Queued new context_conversation_add_text job 0941dd53-3c80-4429-acef-2fd8efe122d3
[2026-09-03 19:52:55,540] [INFO ] [jaison.py::568 _commit_pending_voice_turn]: Voice turn committed as context-only (no RESPONSE job).
[2026-09-03 19:52:55,541] [INFO ] [operation.py::25 __call__]: TTS operation fish_audio completed in 1927.293400047347 ms
[2026-09-03 19:52:57,163] [INFO ] [operation.py::25 __call__]: FILTER_AUDIO operation speaker completed in 0.5133000668138266 ms
[2026-09-03 19:52:57,473] [INFO ] [operation.py::25 __call__]: FILTER_AUDIO operation speaker completed in 0.3994000144302845 ms
[2026-09-03 19:52:57,475] [INFO ] [operation.py::25 __call__]: FILTER_AUDIO operation speaker completed in 0.06049999501556158 ms
[2026-09-03 19:52:57,528] [INFO ] [sherpa.py::320 _generate]: Sherpa STT final: len=3 latency_ms=64 source=mic turn=a52d32a1-9f78-44bd-aab5-bbb4594fffcc utterance=fd1fcd1b-2efa-4b41-bbd8-88302583942e
[2026-09-03 19:52:57,653] [INFO ] [operation.py::25 __call__]: TTS operation fish_audio completed in 2112.5106000108644 ms
[2026-09-03 19:52:57,795] [INFO ] [jaison.py::430 create_job]: Queued new context_conversation_add_text job 9cc91ea2-0578-4610-be59-981a7d82b28b
[2026-09-03 19:52:57,795] [INFO ] [jaison.py::568 _commit_pending_voice_turn]: Voice turn committed as context-only (no RESPONSE job).
[2026-09-03 19:52:59,535] [INFO ] [operation.py::25 __call__]: FILTER_AUDIO operation speaker completed in 0.4213000647723675 ms
[2026-09-03 19:52:59,615] [INFO ] [operation.py::25 __call__]: FILTER_AUDIO operation speaker completed in 0.5046000005677342 ms
[2026-09-03 19:52:59,727] [INFO ] [operation.py::25 __call__]: FILTER_AUDIO operation speaker completed in 0.4898000042885542 ms
[2026-09-03 19:52:59,806] [INFO ] [operation.py::25 __call__]: FILTER_AUDIO operation speaker completed in 0.4352000541985035 ms
[2026-09-03 19:52:59,943] [INFO ] [sherpa.py::320 _generate]: Sherpa STT final: len=20 latency_ms=119 source=mic turn=a52d32a1-9f78-44bd-aab5-bbb4594fffcc utterance=4e80c861-dae5-4290-aa51-e3da11fdaa52
[2026-09-03 19:52:59,943] [INFO ] [jaison.py::469 _interrupt_jobs]: Smart Barge-in: Interrupting and clearing queue due to: user_speaking_significant
[2026-09-03 19:52:59,943] [INFO ] [jaison.py::463 _clear_current_job]: Job 718ee471-8585-4b56-9ec3-66882af981c5 (response) is being cancelled due to: user_speaking_significant
[2026-09-03 19:52:59,945] [INFO ] [jaison.py::743 _process_job_loop]: Job 718ee471-8585-4b56-9ec3-66882af981c5 (response) was cancelled.
[2026-09-03 19:53:00,185] [INFO ] [jaison.py::430 create_job]: Queued new context_conversation_add_text job 7b1b7426-199b-47d7-9742-6709a95ef949
[2026-09-03 19:53:00,185] [INFO ] [jaison.py::430 create_job]: Queued new response job fb5c4019-317c-432a-b34a-80567a137dcf
[2026-09-03 19:53:00,934] [INFO ] [sherpa.py::320 _generate]: Sherpa STT final: len=0 latency_ms=49 source=mic turn=a52d32a1-9f78-44bd-aab5-bbb4594fffcc utterance=60c18f71-808c-497b-88de-6ed984c79651
[2026-09-03 19:53:01,564] [INFO ] [operation.py::25 __call__]: T2T operation llamacpp completed in 1378.3031000057235 ms
[2026-09-03 19:53:02,200] [INFO ] [sherpa.py::320 _generate]: Sherpa STT final: len=7 latency_ms=36 source=mic turn=a52d32a1-9f78-44bd-aab5-bbb4594fffcc utterance=cdbe9ddc-dabc-44a9-8307-9dc4bd038f78
[2026-09-03 19:53:02,459] [INFO ] [jaison.py::430 create_job]: Queued new context_conversation_add_text job c795fa42-e29f-464e-b3ad-9c24c5e95039
[2026-09-03 19:53:02,460] [INFO ] [jaison.py::568 _commit_pending_voice_turn]: Voice turn committed as context-only (no RESPONSE job).
[2026-09-03 19:53:03,175] [INFO ] [operation.py::25 __call__]: FILTER_AUDIO operation speaker completed in 0.4120999947190285 ms
[2026-09-03 19:53:03,257] [INFO ] [operation.py::25 __call__]: FILTER_AUDIO operation speaker completed in 0.5010999739170074 ms
[2026-09-03 19:53:03,371] [INFO ] [operation.py::25 __call__]: FILTER_AUDIO operation speaker completed in 0.47009997069835663 ms
[2026-09-03 19:53:03,678] [INFO ] [operation.py::25 __call__]: FILTER_AUDIO operation speaker completed in 2.3121999111026525 ms
[2026-09-03 19:53:03,983] [INFO ] [operation.py::25 __call__]: FILTER_AUDIO operation speaker completed in 1.0149999288842082 ms
[2026-09-03 19:53:04,164] [INFO ] [operation.py::25 __call__]: TTS operation fish_audio completed in 2582.886900054291 ms
[2026-09-03 19:53:04,816] [INFO ] [sherpa.py::320 _generate]: Sherpa STT final: len=11 latency_ms=62 source=mic turn=a52d32a1-9f78-44bd-aab5-bbb4594fffcc utterance=e7d6c689-0f4a-448a-b514-f65edcca9efe
[2026-09-03 19:53:04,816] [INFO ] [jaison.py::469 _interrupt_jobs]: Smart Barge-in: Interrupting and clearing queue due to: user_speaking_significant
[2026-09-03 19:53:04,816] [INFO ] [jaison.py::463 _clear_current_job]: Job fb5c4019-317c-432a-b34a-80567a137dcf (response) is being cancelled due to: user_speaking_significant
[2026-09-03 19:53:04,817] [INFO ] [jaison.py::743 _process_job_loop]: Job fb5c4019-317c-432a-b34a-80567a137dcf (response) was cancelled.
[2026-09-03 19:53:05,069] [INFO ] [jaison.py::430 create_job]: Queued new context_conversation_add_text job a359fa43-1215-4011-8548-8546b41d2972
[2026-09-03 19:53:05,069] [INFO ] [jaison.py::430 create_job]: Queued new response job f5a6818e-aec8-4130-bb20-76b1dd6b99d5
[2026-09-03 19:53:05,954] [INFO ] [operation.py::25 __call__]: T2T operation llamacpp completed in 883.4237999981269 ms
[2026-09-03 19:53:07,913] [INFO ] [operation.py::25 __call__]: FILTER_AUDIO operation speaker completed in 0.43569994159042835 ms
[2026-09-03 19:53:08,000] [INFO ] [operation.py::25 __call__]: FILTER_AUDIO operation speaker completed in 0.4285000031813979 ms
[2026-09-03 19:53:08,120] [INFO ] [operation.py::25 __call__]: FILTER_AUDIO operation speaker completed in 0.5692999111488461 ms
[2026-09-03 19:53:08,132] [INFO ] [operation.py::25 __call__]: FILTER_AUDIO operation speaker completed in 0.11899997480213642 ms
[2026-09-03 19:53:08,314] [INFO ] [operation.py::25 __call__]: TTS operation fish_audio completed in 2349.8639999888837 ms
[2026-09-03 19:53:08,383] [INFO ] [sherpa.py::320 _generate]: Sherpa STT final: len=6 latency_ms=38 source=mic turn=5ff3705e-b0c0-4981-96b5-9ec55c14a019 utterance=70e4bbef-111a-4e4e-8960-13f36734cfb3
[2026-09-03 19:53:08,383] [INFO ] [jaison.py::469 _interrupt_jobs]: Smart Barge-in: Interrupting and clearing queue due to: user_speaking_significant
[2026-09-03 19:53:08,383] [INFO ] [jaison.py::463 _clear_current_job]: Job f5a6818e-aec8-4130-bb20-76b1dd6b99d5 (response) is being cancelled due to: user_speaking_significant
[2026-09-03 19:53:08,383] [INFO ] [jaison.py::255 _record_stt_metrics]: STT metrics(window=80): avg_latency_ms=59 empty_rate=0.500 stop_cmd_recall=0.000
[2026-09-03 19:53:08,384] [INFO ] [jaison.py::743 _process_job_loop]: Job f5a6818e-aec8-4130-bb20-76b1dd6b99d5 (response) was cancelled.
[2026-09-03 19:53:08,628] [INFO ] [jaison.py::430 create_job]: Queued new context_conversation_add_text job 17887d76-e3cd-47eb-b0f8-1bc40a2ea45f
[2026-09-03 19:53:08,628] [INFO ] [jaison.py::430 create_job]: Queued new response job 45363f0c-7035-42c0-9173-006e5bad83ec
[2026-09-03 19:53:09,739] [INFO ] [operation.py::25 __call__]: T2T operation llamacpp completed in 1110.255799954757 ms
[2026-09-03 19:53:11,143] [INFO ] [operation.py::25 __call__]: FILTER_AUDIO operation speaker completed in 0.4589000018313527 ms
[2026-09-03 19:53:11,225] [INFO ] [operation.py::25 __call__]: FILTER_AUDIO operation speaker completed in 0.33249997068196535 ms
[2026-09-03 19:53:11,406] [INFO ] [operation.py::25 __call__]: TTS operation fish_audio completed in 1656.694500008598 ms
[2026-09-03 19:53:13,185] [INFO ] [operation.py::25 __call__]: FILTER_AUDIO operation speaker completed in 0.42799999937415123 ms
[2026-09-03 19:53:13,316] [INFO ] [operation.py::25 __call__]: FILTER_AUDIO operation speaker completed in 0.4692000802606344 ms
[2026-09-03 19:53:13,324] [INFO ] [operation.py::25 __call__]: FILTER_AUDIO operation speaker completed in 0.0575000885874033 ms
[2026-09-03 19:53:13,519] [INFO ] [operation.py::25 __call__]: TTS operation fish_audio completed in 2112.5775000546128 ms
[2026-09-03 19:53:14,830] [INFO ] [operation.py::25 __call__]: FILTER_AUDIO operation speaker completed in 0.5040999967604876 ms
[2026-09-03 19:53:15,174] [INFO ] [sherpa.py::320 _generate]: Sherpa STT final: len=40 latency_ms=109 source=mic turn=fd8bd522-2696-4a50-a281-e79881708667 utterance=9571122f-02b0-4260-8a4a-e70ec39f14dd
[2026-09-03 19:53:15,175] [INFO ] [jaison.py::469 _interrupt_jobs]: Smart Barge-in: Interrupting and clearing queue due to: user_speaking_significant
[2026-09-03 19:53:15,175] [INFO ] [jaison.py::463 _clear_current_job]: Job 45363f0c-7035-42c0-9173-006e5bad83ec (response) is being cancelled due to: user_speaking_significant
[2026-09-03 19:53:15,417] [INFO ] [jaison.py::430 create_job]: Queued new context_conversation_add_text job ead01cd9-78d3-4462-8b55-a70b76814e52
[2026-09-03 19:53:15,417] [INFO ] [jaison.py::430 create_job]: Queued new response job c50b213f-c80e-46b4-a2c4-63f2ffd8c935
[2026-09-03 19:53:15,578] [INFO ] [jaison.py::743 _process_job_loop]: Job 45363f0c-7035-42c0-9173-006e5bad83ec (response) was cancelled.
[2026-09-03 19:53:16,788] [INFO ] [operation.py::25 __call__]: T2T operation llamacpp completed in 1208.98480003234 ms
[2026-09-03 19:53:17,267] [INFO ] [sherpa.py::320 _generate]: Sherpa STT final: len=0 latency_ms=35 source=mic turn=fd8bd522-2696-4a50-a281-e79881708667 utterance=2d3cb289-e1f6-4cd4-9c49-d08fac6ecd9b
[2026-09-03 19:53:18,078] [INFO ] [operation.py::25 __call__]: FILTER_AUDIO operation speaker completed in 0.49100001342594624 ms
[2026-09-03 19:53:18,248] [INFO ] [operation.py::25 __call__]: FILTER_AUDIO operation speaker completed in 0.3546999068930745 ms
[2026-09-03 19:53:18,379] [INFO ] [operation.py::25 __call__]: FILTER_AUDIO operation speaker completed in 0.5372000159695745 ms
[2026-09-03 19:53:18,679] [INFO ] [operation.py::25 __call__]: FILTER_AUDIO operation speaker completed in 1.0366999777033925 ms
[2026-09-03 19:53:18,863] [INFO ] [operation.py::25 __call__]: TTS operation fish_audio completed in 2062.1917999815196 ms
[2026-09-03 19:53:20,229] [INFO ] [operation.py::25 __call__]: FILTER_AUDIO operation speaker completed in 0.5160999717190862 ms
[2026-09-03 19:53:20,377] [INFO ] [operation.py::25 __call__]: FILTER_AUDIO operation speaker completed in 0.4773000255227089 ms
[2026-09-03 19:53:20,444] [INFO ] [operation.py::25 __call__]: FILTER_AUDIO operation speaker completed in 0.5432000616565347 ms
[2026-09-03 19:53:20,571] [INFO ] [operation.py::25 __call__]: FILTER_AUDIO operation speaker completed in 1.043400028720498 ms
[2026-09-03 19:53:20,729] [INFO ] [sherpa.py::320 _generate]: Sherpa STT final: len=0 latency_ms=35 source=mic turn=219c0b93-31ee-41b3-9c3c-3451a89d7b0c utterance=a0cf6dcf-8553-4657-a298-eea20953b76d
[2026-09-03 19:53:20,751] [INFO ] [operation.py::25 __call__]: TTS operation fish_audio completed in 1888.2195999613032 ms
[2026-09-03 19:53:22,228] [INFO ] [operation.py::25 __call__]: FILTER_AUDIO operation speaker completed in 0.5385000258684158 ms
[2026-09-03 19:53:22,379] [INFO ] [operation.py::25 __call__]: FILTER_AUDIO operation speaker completed in 0.4987999564036727 ms
[2026-09-03 19:53:22,440] [INFO ] [operation.py::25 __call__]: FILTER_AUDIO operation speaker completed in 0.4657000536099076 ms
[2026-09-03 19:53:22,781] [INFO ] [operation.py::25 __call__]: FILTER_AUDIO operation speaker completed in 1.4063999988138676 ms
[2026-09-03 19:53:22,869] [INFO ] [operation.py::25 __call__]: FILTER_AUDIO operation speaker completed in 0.21620001643896103 ms
[2026-09-03 19:53:23,057] [INFO ] [operation.py::25 __call__]: TTS operation fish_audio completed in 2304.928799974732 ms
[2026-09-03 19:53:24,273] [INFO ] [operation.py::25 __call__]: FILTER_AUDIO operation speaker completed in 0.5260000471025705 ms
[2026-09-03 19:53:24,443] [INFO ] [operation.py::25 __call__]: FILTER_AUDIO operation speaker completed in 0.417600036598742 ms
[2026-09-03 19:53:24,572] [INFO ] [operation.py::25 __call__]: FILTER_AUDIO operation speaker completed in 0.5305999657139182 ms
[2026-09-03 19:53:24,714] [INFO ] [operation.py::25 __call__]: FILTER_AUDIO operation speaker completed in 1.0298999259248376 ms
[2026-09-03 19:53:24,895] [INFO ] [operation.py::25 __call__]: TTS operation fish_audio completed in 1838.0210000323132 ms
[2026-09-03 19:53:24,895] [INFO ] [operation.py::25 __call__]: FILTER_TEXT operation chunker_sentence completed in 8106.247800053097 ms
[2026-09-03 19:53:24,895] [INFO ] [operation.py::25 __call__]: FILTER_TEXT operation filter_clean completed in 8106.3446999760345 ms
[2026-09-03 19:53:24,895] [INFO ] [jaison.py::952 response_pipeline]: Response job c50b213f-c80e-46b4-a2c4-63f2ffd8c935 completed. Content: 'Хана, этот... садня? Ну что ж, звучит загадочно. Похоже, нам предстоит серьезное расследование. Расс...'
[2026-09-03 19:53:25,909] [INFO ] [sherpa.py::320 _generate]: Sherpa STT final: len=0 latency_ms=34 source=mic turn=e5dbd8e1-84ce-43f3-a9e3-50044a82b54c utterance=9cde1a53-6e3c-4acb-acb5-2fe5260bd1c8
[2026-09-03 19:53:27,543] [INFO ] [sherpa.py::320 _generate]: Sherpa STT final: len=22 latency_ms=67 source=mic turn=e5dbd8e1-84ce-43f3-a9e3-50044a82b54c utterance=83b6b63f-04a3-4ea9-8748-5fa47c65347d
[2026-09-03 19:53:27,543] [INFO ] [jaison.py::469 _interrupt_jobs]: Smart Barge-in: Interrupting and clearing queue due to: user_speaking_significant
[2026-09-03 19:53:27,799] [INFO ] [jaison.py::430 create_job]: Queued new context_conversation_add_text job f1c332d8-1a79-4035-84ce-d6b1313690ee
[2026-09-03 19:53:27,799] [INFO ] [jaison.py::430 create_job]: Queued new response job 5c244449-6bb7-439a-8606-7b57b25adb04
[2026-09-03 19:53:28,711] [INFO ] [operation.py::25 __call__]: T2T operation llamacpp completed in 910.6633000774309 ms
[2026-09-03 19:53:28,801] [INFO ] [sherpa.py::320 _generate]: Sherpa STT final: len=12 latency_ms=74 source=mic turn=e5dbd8e1-84ce-43f3-a9e3-50044a82b54c utterance=ae090dfe-07fa-44bb-838d-61665c95249e
[2026-09-03 19:53:28,801] [INFO ] [jaison.py::469 _interrupt_jobs]: Smart Barge-in: Interrupting and clearing queue due to: user_speaking_significant
[2026-09-03 19:53:28,801] [INFO ] [jaison.py::463 _clear_current_job]: Job 5c244449-6bb7-439a-8606-7b57b25adb04 (response) is being cancelled due to: user_speaking_significant
[2026-09-03 19:53:28,802] [INFO ] [jaison.py::743 _process_job_loop]: Job 5c244449-6bb7-439a-8606-7b57b25adb04 (response) was cancelled.
[2026-09-03 19:53:29,056] [INFO ] [jaison.py::430 create_job]: Queued new context_conversation_add_text job 292acfec-d57d-41d5-b40e-d4134c4156b3
[2026-09-03 19:53:29,056] [INFO ] [jaison.py::430 create_job]: Queued new response job a1ecfdc5-7b46-420a-8005-55cb45649e9c
[2026-09-03 19:53:30,437] [INFO ] [operation.py::25 __call__]: T2T operation llamacpp completed in 1379.7287000343204 ms
[2026-09-03 19:53:31,748] [INFO ] [operation.py::25 __call__]: FILTER_AUDIO operation speaker completed in 0.48209994565695524 ms
[2026-09-03 19:53:31,832] [INFO ] [operation.py::25 __call__]: FILTER_AUDIO operation speaker completed in 0.4197000525891781 ms
[2026-09-03 19:53:31,900] [INFO ] [sherpa.py::320 _generate]: Sherpa STT final: len=2 latency_ms=35 source=mic turn=98e07fe8-31b4-403a-b05c-2cfd4892ad21 utterance=2e70ddd1-6890-4f84-915a-d42dce461f1e
[2026-09-03 19:53:31,962] [INFO ] [operation.py::25 __call__]: FILTER_AUDIO operation speaker completed in 0.5518000107258558 ms
[2026-09-03 19:53:32,160] [INFO ] [jaison.py::430 create_job]: Queued new context_conversation_add_text job 2e1c06de-94fa-4f45-83bb-0efc73213723
[2026-09-03 19:53:32,160] [INFO ] [jaison.py::568 _commit_pending_voice_turn]: Voice turn committed as context-only (no RESPONSE job).
[2026-09-03 19:53:32,272] [INFO ] [operation.py::25 __call__]: FILTER_AUDIO operation speaker completed in 1.2391000054776669 ms
[2026-09-03 19:53:32,470] [INFO ] [operation.py::25 __call__]: FILTER_AUDIO operation speaker completed in 0.5923999706283212 ms
[2026-09-03 19:53:32,648] [INFO ] [operation.py::25 __call__]: TTS operation fish_audio completed in 2196.7724999412894 ms
[2026-09-03 19:53:33,202] [INFO ] [sherpa.py::320 _generate]: Sherpa STT final: len=11 latency_ms=59 source=mic turn=98e07fe8-31b4-403a-b05c-2cfd4892ad21 utterance=e584e603-303a-4994-a83f-9ddef6a07d42
[2026-09-03 19:53:33,203] [INFO ] [jaison.py::469 _interrupt_jobs]: Smart Barge-in: Interrupting and clearing queue due to: user_speaking_significant
[2026-09-03 19:53:33,203] [INFO ] [jaison.py::463 _clear_current_job]: Job a1ecfdc5-7b46-420a-8005-55cb45649e9c (response) is being cancelled due to: user_speaking_significant
[2026-09-03 19:53:33,204] [INFO ] [jaison.py::743 _process_job_loop]: Job a1ecfdc5-7b46-420a-8005-55cb45649e9c (response) was cancelled.
[2026-09-03 19:53:33,462] [INFO ] [jaison.py::430 create_job]: Queued new context_conversation_add_text job 8af90812-7c8f-4c8e-83fc-91e32fc04e3d
[2026-09-03 19:53:33,462] [INFO ] [jaison.py::430 create_job]: Queued new response job 8ba411bf-685b-4232-92cf-267759d5aefc
[2026-09-03 19:53:34,973] [INFO ] [operation.py::25 __call__]: T2T operation llamacpp completed in 1510.5715000536293 ms
[2026-09-03 19:53:36,389] [INFO ] [operation.py::25 __call__]: FILTER_AUDIO operation speaker completed in 0.5682000191882253 ms
[2026-09-03 19:53:36,524] [INFO ] [sherpa.py::320 _generate]: Sherpa STT final: len=16 latency_ms=61 source=mic turn=98e07fe8-31b4-403a-b05c-2cfd4892ad21 utterance=4af8ab59-6f4d-4e4f-9f3e-f8f95a5ff2cb
[2026-09-03 19:53:36,525] [INFO ] [jaison.py::469 _interrupt_jobs]: Smart Barge-in: Interrupting and clearing queue due to: user_speaking_significant
[2026-09-03 19:53:36,525] [INFO ] [jaison.py::463 _clear_current_job]: Job 8ba411bf-685b-4232-92cf-267759d5aefc (response) is being cancelled due to: user_speaking_significant
[2026-09-03 19:53:36,784] [INFO ] [jaison.py::430 create_job]: Queued new context_conversation_add_text job b7566632-e23a-4d1e-8fe6-f2a15a728a2c
[2026-09-03 19:53:36,784] [INFO ] [jaison.py::430 create_job]: Queued new response job d12a05c0-4c9e-470c-9b65-4056c0c8ebbd
[2026-09-03 19:53:36,786] [INFO ] [jaison.py::743 _process_job_loop]: Job 8ba411bf-685b-4232-92cf-267759d5aefc (response) was cancelled.
[2026-09-03 19:53:38,205] [INFO ] [sherpa.py::320 _generate]: Sherpa STT final: len=4 latency_ms=42 source=mic turn=98e07fe8-31b4-403a-b05c-2cfd4892ad21 utterance=a1ca0119-3332-424c-a986-32e45b471d71
[2026-09-03 19:53:38,290] [INFO ] [operation.py::25 __call__]: T2T operation llamacpp completed in 1504.3643999379128 ms
[2026-09-03 19:53:38,460] [INFO ] [jaison.py::430 create_job]: Queued new context_conversation_add_text job 6439c009-d043-4937-82d7-8681854d5086
[2026-09-03 19:53:38,460] [INFO ] [jaison.py::568 _commit_pending_voice_turn]: Voice turn committed as context-only (no RESPONSE job).
[2026-09-03 19:53:39,618] [INFO ] [operation.py::25 __call__]: FILTER_AUDIO operation speaker completed in 0.47209998592734337 ms
[2026-09-03 19:53:39,705] [INFO ] [operation.py::25 __call__]: FILTER_AUDIO operation speaker completed in 0.4411000991240144 ms
[2026-09-03 19:53:39,834] [INFO ] [operation.py::25 __call__]: FILTER_AUDIO operation speaker completed in 0.47720002476125956 ms
[2026-09-03 19:53:40,058] [INFO ] [operation.py::25 __call__]: FILTER_AUDIO operation speaker completed in 1.1449999874457717 ms
[2026-09-03 19:53:40,664] [INFO ] [operation.py::25 __call__]: FILTER_AUDIO operation speaker completed in 2.2743999725207686 ms
[2026-09-03 19:53:40,848] [INFO ] [operation.py::25 __call__]: TTS operation fish_audio completed in 2540.799399954267 ms
[2026-09-03 19:53:42,080] [INFO ] [operation.py::25 __call__]: FILTER_AUDIO operation speaker completed in 0.4035999299958348 ms
[2026-09-03 19:53:42,245] [INFO ] [operation.py::25 __call__]: FILTER_AUDIO operation speaker completed in 0.4835999570786953 ms
[2026-09-03 19:53:42,317] [INFO ] [operation.py::25 __call__]: FILTER_AUDIO operation speaker completed in 0.10649999603629112 ms
[2026-09-03 19:53:42,494] [INFO ] [operation.py::25 __call__]: TTS operation fish_audio completed in 1646.768799982965 ms
[2026-09-03 19:53:43,829] [INFO ] [operation.py::25 __call__]: FILTER_AUDIO operation speaker completed in 0.4138000076636672 ms
[2026-09-03 19:53:44,034] [INFO ] [operation.py::25 __call__]: FILTER_AUDIO operation speaker completed in 0.43050001841038465 ms
[2026-09-03 19:53:44,181] [INFO ] [operation.py::25 __call__]: FILTER_AUDIO operation speaker completed in 0.434999936260283 ms
[2026-09-03 19:53:44,747] [INFO ] [operation.py::25 __call__]: FILTER_AUDIO operation speaker completed in 1.398300053551793 ms
[2026-09-03 19:53:44,752] [INFO ] [operation.py::25 __call__]: FILTER_AUDIO operation speaker completed in 0.0844000605866313 ms
[2026-09-03 19:53:44,933] [INFO ] [operation.py::25 __call__]: TTS operation fish_audio completed in 2439.414400025271 ms
[2026-09-03 19:53:44,935] [INFO ] [operation.py::25 __call__]: FILTER_TEXT operation chunker_sentence completed in 6643.07240000926 ms
[2026-09-03 19:53:44,935] [INFO ] [operation.py::25 __call__]: FILTER_TEXT operation filter_clean completed in 6643.171700066887 ms
[2026-09-03 19:53:44,935] [INFO ] [jaison.py::952 response_pipeline]: Response job d12a05c0-4c9e-470c-9b65-4056c0c8ebbd completed. Content: 'И с этого будут развернуться боли... Неужели это как-то связано с войной? И контакты? Что за контакт...'
[2026-09-03 19:53:53,201] [INFO ] [jaison.py::430 create_job]: Queued new context_conversation_add_text job ca0e7914-ff00-4067-bf18-b55996cc6b21
[2026-09-03 19:53:53,207] [INFO ] [jaison.py::430 create_job]: Queued new response job 6a88fe1f-6d66-471d-95c7-29e89ec6567c
[2026-09-03 19:53:54,404] [INFO ] [operation.py::25 __call__]: T2T operation llamacpp completed in 1196.332999970764 ms
[2026-09-03 19:53:55,632] [INFO ] [operation.py::25 __call__]: FILTER_AUDIO operation speaker completed in 0.4293000092729926 ms
[2026-09-03 19:53:55,740] [INFO ] [operation.py::25 __call__]: FILTER_AUDIO operation speaker completed in 0.15080010052770376 ms
[2026-09-03 19:53:55,917] [INFO ] [operation.py::25 __call__]: TTS operation fish_audio completed in 1498.3630999922752 ms
[2026-09-03 19:53:57,196] [INFO ] [operation.py::25 __call__]: FILTER_AUDIO operation speaker completed in 0.43070001993328333 ms
[2026-09-03 19:53:57,342] [INFO ] [operation.py::25 __call__]: FILTER_AUDIO operation speaker completed in 0.408399966545403 ms
[2026-09-03 19:53:57,451] [INFO ] [operation.py::25 __call__]: FILTER_AUDIO operation speaker completed in 0.4827999509871006 ms
[2026-09-03 19:53:57,668] [INFO ] [operation.py::25 __call__]: FILTER_AUDIO operation speaker completed in 1.1599999852478504 ms
[2026-09-03 19:53:57,853] [INFO ] [operation.py::25 __call__]: TTS operation fish_audio completed in 1935.2316000731662 ms
[2026-09-03 19:53:59,200] [INFO ] [operation.py::25 __call__]: FILTER_AUDIO operation speaker completed in 0.40659995283931494 ms
[2026-09-03 19:53:59,346] [INFO ] [operation.py::25 __call__]: FILTER_AUDIO operation speaker completed in 0.4092000890523195 ms
[2026-09-03 19:53:59,410] [INFO ] [operation.py::25 __call__]: FILTER_AUDIO operation speaker completed in 0.45960000716149807 ms
[2026-09-03 19:53:59,499] [INFO ] [operation.py::25 __call__]: FILTER_AUDIO operation speaker completed in 0.34380005672574043 ms
[2026-09-03 19:53:59,677] [INFO ] [operation.py::25 __call__]: TTS operation fish_audio completed in 1823.2428999617696 ms
[2026-09-03 19:54:02,058] [INFO ] [operation.py::25 __call__]: FILTER_AUDIO operation speaker completed in 0.5280000623315573 ms
[2026-09-03 19:54:02,139] [INFO ] [operation.py::25 __call__]: FILTER_AUDIO operation speaker completed in 0.42280007619410753 ms
[2026-09-03 19:54:02,252] [INFO ] [operation.py::25 __call__]: FILTER_AUDIO operation speaker completed in 0.480600050650537 ms
[2026-09-03 19:54:02,261] [INFO ] [operation.py::25 __call__]: FILTER_AUDIO operation speaker completed in 0.11720007751137018 ms
[2026-09-03 19:54:02,440] [INFO ] [operation.py::25 __call__]: TTS operation fish_audio completed in 2763.096999959089 ms
[2026-09-03 19:54:02,440] [INFO ] [operation.py::25 __call__]: FILTER_TEXT operation chunker_sentence completed in 8034.897699952126 ms
[2026-09-03 19:54:02,440] [INFO ] [operation.py::25 __call__]: FILTER_TEXT operation filter_clean completed in 8034.992200089619 ms
[2026-09-03 19:54:02,440] [INFO ] [jaison.py::952 response_pipeline]: Response job 6a88fe1f-6d66-471d-95c7-29e89ec6567c completed. Content: 'Член? Ох, теперь уж точно все понятно. О каком члене идет речь? И что тут происходит?...'
[2026-09-03 19:54:16,692] [INFO ] [jaison.py::430 create_job]: Queued new context_conversation_add_text job 2f300e6c-4bc4-4e43-8745-26eefc3f3255
[2026-09-03 19:54:16,700] [INFO ] [jaison.py::430 create_job]: Queued new response job 3766dfc0-e949-4e9e-9218-d7ffe32f48e4
[2026-09-03 19:54:17,765] [INFO ] [operation.py::25 __call__]: T2T operation llamacpp completed in 1064.431400038302 ms
[2026-09-03 19:54:19,094] [INFO ] [operation.py::25 __call__]: FILTER_AUDIO operation speaker completed in 0.5289000691846013 ms
[2026-09-03 19:54:19,239] [INFO ] [operation.py::25 __call__]: FILTER_AUDIO operation speaker completed in 0.4686000756919384 ms
[2026-09-03 19:54:19,315] [INFO ] [operation.py::25 __call__]: FILTER_AUDIO operation speaker completed in 0.5534000229090452 ms
[2026-09-03 19:54:19,455] [INFO ] [operation.py::25 __call__]: FILTER_AUDIO operation speaker completed in 0.6571999983862042 ms
[2026-09-03 19:54:19,633] [INFO ] [operation.py::25 __call__]: TTS operation fish_audio completed in 1857.4537999229506 ms
[2026-09-03 19:54:20,947] [INFO ] [operation.py::25 __call__]: FILTER_AUDIO operation speaker completed in 0.4045999376103282 ms
[2026-09-03 19:54:21,095] [INFO ] [operation.py::25 __call__]: FILTER_AUDIO operation speaker completed in 0.5026001017540693 ms
[2026-09-03 19:54:21,162] [INFO ] [operation.py::25 __call__]: FILTER_AUDIO operation speaker completed in 0.5608999636024237 ms
[2026-09-03 19:54:21,268] [INFO ] [operation.py::25 __call__]: FILTER_AUDIO operation speaker completed in 0.5909999599680305 ms
[2026-09-03 19:54:21,449] [INFO ] [operation.py::25 __call__]: TTS operation fish_audio completed in 1815.7256999984384 ms
[2026-09-03 19:54:21,449] [INFO ] [operation.py::25 __call__]: FILTER_TEXT operation chunker_sentence completed in 3683.3821999607608 ms
[2026-09-03 19:54:21,449] [INFO ] [operation.py::25 __call__]: FILTER_TEXT operation filter_clean completed in 3683.478799997829 ms
[2026-09-03 19:54:21,449] [INFO ] [jaison.py::952 response_pipeline]: Response job 3766dfc0-e949-4e9e-9218-d7ffe32f48e4 completed. Content: 'Ох, ладно, расскажу. Но ты обещаешь не смеяться?...'
[2026-09-03 19:54:37,144] [INFO ] [jaison.py::430 create_job]: Queued new context_conversation_add_text job bc866f15-17b9-49ed-8d53-af6d88d73f21
[2026-09-03 19:54:37,151] [INFO ] [jaison.py::430 create_job]: Queued new response job 124ac34d-dad6-40b4-a6e4-8ae210846826
[2026-09-03 19:54:38,551] [INFO ] [operation.py::25 __call__]: T2T operation llamacpp completed in 1398.8893000641838 ms
[2026-09-03 19:54:39,832] [INFO ] [operation.py::25 __call__]: FILTER_AUDIO operation speaker completed in 0.5187999922782183 ms
[2026-09-03 19:54:39,973] [INFO ] [operation.py::25 __call__]: FILTER_AUDIO operation speaker completed in 0.46740006655454636 ms
[2026-09-03 19:54:40,336] [INFO ] [operation.py::25 __call__]: FILTER_AUDIO operation speaker completed in 0.5772000877186656 ms
[2026-09-03 19:54:40,370] [INFO ] [operation.py::25 __call__]: FILTER_AUDIO operation speaker completed in 0.20860007498413324 ms
[2026-09-03 19:54:40,553] [INFO ] [operation.py::25 __call__]: TTS operation fish_audio completed in 1992.5950999604538 ms
[2026-09-03 19:54:41,863] [INFO ] [operation.py::25 __call__]: FILTER_AUDIO operation speaker completed in 0.5331001011654735 ms
[2026-09-03 19:54:42,008] [INFO ] [operation.py::25 __call__]: FILTER_AUDIO operation speaker completed in 0.5001999670639634 ms
[2026-09-03 19:54:42,074] [INFO ] [operation.py::25 __call__]: FILTER_AUDIO operation speaker completed in 0.5124000599607825 ms
[2026-09-03 19:54:42,231] [INFO ] [operation.py::25 __call__]: FILTER_AUDIO operation speaker completed in 1.3822000473737717 ms
[2026-09-03 19:54:42,955] [INFO ] [operation.py::25 __call__]: FILTER_AUDIO operation speaker completed in 3.0762000242248178 ms
[2026-09-03 19:54:43,115] [INFO ] [operation.py::25 __call__]: FILTER_AUDIO operation speaker completed in 0.6657999474555254 ms
[2026-09-03 19:54:43,293] [INFO ] [operation.py::25 __call__]: TTS operation fish_audio completed in 2739.6985000232235 ms
[2026-09-03 19:54:43,293] [INFO ] [operation.py::25 __call__]: FILTER_TEXT operation chunker_sentence completed in 4741.788399987854 ms
[2026-09-03 19:54:43,294] [INFO ] [operation.py::25 __call__]: FILTER_TEXT operation filter_clean completed in 4741.891099954955 ms
[2026-09-03 19:54:43,294] [INFO ] [jaison.py::952 response_pipeline]: Response job 124ac34d-dad6-40b4-a6e4-8ae210846826 completed. Content: 'Ладно, слушай. Это история про Хану, микродаренную сарду в кавычках, и вот этого... члена....'
[2026-09-03 19:54:54,536] [INFO ] [jaison.py::430 create_job]: Queued new context_conversation_add_text job 031a07d3-8319-40b5-92b5-64de182658cc
[2026-09-03 19:54:54,544] [INFO ] [jaison.py::430 create_job]: Queued new response job a1cd7050-63a2-43b2-ba37-99e04e2412f7
[2026-09-03 19:54:55,817] [INFO ] [operation.py::25 __call__]: T2T operation llamacpp completed in 1271.394900046289 ms
[2026-09-03 19:54:57,230] [INFO ] [operation.py::25 __call__]: FILTER_AUDIO operation speaker completed in 0.5262999329715967 ms
[2026-09-03 19:54:57,315] [INFO ] [operation.py::25 __call__]: FILTER_AUDIO operation speaker completed in 0.449199927970767 ms
[2026-09-03 19:54:57,443] [INFO ] [operation.py::25 __call__]: FILTER_AUDIO operation speaker completed in 0.4868999822065234 ms
[2026-09-03 19:54:57,652] [INFO ] [operation.py::25 __call__]: FILTER_AUDIO operation speaker completed in 1.4664999907836318 ms
[2026-09-03 19:54:58,882] [INFO ] [operation.py::25 __call__]: FILTER_AUDIO operation speaker completed in 2.8655000496655703 ms
[2026-09-03 19:54:59,128] [INFO ] [operation.py::25 __call__]: FILTER_AUDIO operation speaker completed in 1.0620999382808805 ms
[2026-09-03 19:54:59,306] [INFO ] [operation.py::25 __call__]: TTS operation fish_audio completed in 3476.456700009294 ms
[2026-09-03 19:55:01,108] [INFO ] [operation.py::25 __call__]: FILTER_AUDIO operation speaker completed in 0.5033999914303422 ms
[2026-09-03 19:55:01,253] [INFO ] [operation.py::25 __call__]: FILTER_AUDIO operation speaker completed in 0.4311000229790807 ms
[2026-09-03 19:55:01,314] [INFO ] [operation.py::25 __call__]: FILTER_AUDIO operation speaker completed in 0.46250002924352884 ms
[2026-09-03 19:55:01,417] [INFO ] [operation.py::25 __call__]: FILTER_AUDIO operation speaker completed in 0.6625000387430191 ms
[2026-09-03 19:55:01,600] [INFO ] [operation.py::25 __call__]: TTS operation fish_audio completed in 2292.719400022179 ms
[2026-09-03 19:55:01,600] [INFO ] [operation.py::25 __call__]: FILTER_TEXT operation chunker_sentence completed in 5782.543200068176 ms
[2026-09-03 19:55:01,600] [INFO ] [operation.py::25 __call__]: FILTER_TEXT operation filter_clean completed in 5782.643800019287 ms
[2026-09-03 19:55:01,600] [INFO ] [jaison.py::952 response_pipeline]: Response job a1cd7050-63a2-43b2-ba37-99e04e2412f7 completed. Content: 'Ну вот, Хана и этот член... ну, они были как соседи, которые никак не могли найти общий язык....'
[2026-09-03 19:55:15,421] [INFO ] [jaison.py::430 create_job]: Queued new context_conversation_add_text job 23a20f98-ec01-4081-af7e-ee9a2cf76ba7
[2026-09-03 19:55:15,429] [INFO ] [jaison.py::430 create_job]: Queued new response job 45c1f348-0c89-4bb2-b934-a97a791bc3b1
[2026-09-03 19:55:17,351] [INFO ] [operation.py::25 __call__]: T2T operation llamacpp completed in 1921.1616999236867 ms
[2026-09-03 19:55:19,223] [INFO ] [operation.py::25 __call__]: FILTER_AUDIO operation speaker completed in 0.5458000814542174 ms
[2026-09-03 19:55:19,368] [INFO ] [operation.py::25 __call__]: FILTER_AUDIO operation speaker completed in 0.4822999471798539 ms
[2026-09-03 19:55:19,482] [INFO ] [operation.py::25 __call__]: FILTER_AUDIO operation speaker completed in 0.43910008389502764 ms
[2026-09-03 19:55:19,673] [INFO ] [operation.py::25 __call__]: FILTER_AUDIO operation speaker completed in 1.6332000959664583 ms
[2026-09-03 19:55:20,471] [INFO ] [operation.py::25 __call__]: FILTER_AUDIO operation speaker completed in 3.0571999959647655 ms
[2026-09-03 19:55:20,551] [INFO ] [operation.py::25 __call__]: FILTER_AUDIO operation speaker completed in 0.480300048366189 ms
[2026-09-03 19:55:20,739] [INFO ] [operation.py::25 __call__]: TTS operation fish_audio completed in 3370.1912000542507 ms
[2026-09-03 19:55:22,061] [INFO ] [operation.py::25 __call__]: FILTER_AUDIO operation speaker completed in 0.43240003287792206 ms
[2026-09-03 19:55:22,232] [INFO ] [operation.py::25 __call__]: FILTER_AUDIO operation speaker completed in 0.5052000051364303 ms
[2026-09-03 19:55:22,359] [INFO ] [operation.py::25 __call__]: FILTER_AUDIO operation speaker completed in 0.6005000323057175 ms
[2026-09-03 19:55:22,487] [INFO ] [operation.py::25 __call__]: FILTER_AUDIO operation speaker completed in 0.9160999907180667 ms
[2026-09-03 19:55:22,668] [INFO ] [operation.py::25 __call__]: TTS operation fish_audio completed in 1929.4966999441385 ms
[2026-09-03 19:55:24,009] [INFO ] [operation.py::25 __call__]: FILTER_AUDIO operation speaker completed in 0.4213000647723675 ms
[2026-09-03 19:55:24,137] [INFO ] [operation.py::25 __call__]: FILTER_AUDIO operation speaker completed in 0.48779998905956745 ms
[2026-09-03 19:55:24,199] [INFO ] [operation.py::25 __call__]: FILTER_AUDIO operation speaker completed in 0.5828000139445066 ms
[2026-09-03 19:55:24,426] [INFO ] [operation.py::25 __call__]: FILTER_AUDIO operation speaker completed in 1.4585000462830067 ms
[2026-09-03 19:55:24,584] [INFO ] [operation.py::25 __call__]: FILTER_AUDIO operation speaker completed in 0.5509000038728118 ms
[2026-09-03 19:55:24,763] [INFO ] [operation.py::25 __call__]: TTS operation fish_audio completed in 2094.8980000102893 ms
[2026-09-03 19:55:24,763] [INFO ] [operation.py::25 __call__]: FILTER_TEXT operation chunker_sentence completed in 7412.143599940464 ms
[2026-09-03 19:55:24,763] [INFO ] [operation.py::25 __call__]: FILTER_TEXT operation filter_clean completed in 7412.258500000462 ms
[2026-09-03 19:55:24,764] [INFO ] [jaison.py::952 response_pipeline]: Response job 45c1f348-0c89-4bb2-b934-a97a791bc3b1 completed. Content: 'А дальше, когда они наконец-то решили поговорить, оказалось, что у них обоих есть свои секреты. И од...'
[2026-09-03 19:55:43,509] [INFO ] [jaison.py::430 create_job]: Queued new context_conversation_add_text job f9f2981e-0fcb-4ba7-9d12-1f9d6342a4c1
[2026-09-03 19:55:43,519] [INFO ] [jaison.py::430 create_job]: Queued new response job ef0c8544-ed6e-4fa5-9934-2ceb1c734766
[2026-09-03 19:55:45,585] [INFO ] [operation.py::25 __call__]: T2T operation llamacpp completed in 2064.9469000054523 ms
[2026-09-03 19:55:46,935] [INFO ] [operation.py::25 __call__]: FILTER_AUDIO operation speaker completed in 0.41990005411207676 ms
[2026-09-03 19:55:47,013] [INFO ] [operation.py::25 __call__]: FILTER_AUDIO operation speaker completed in 0.519299996085465 ms
[2026-09-03 19:55:47,124] [INFO ] [operation.py::25 __call__]: FILTER_AUDIO operation speaker completed in 0.5399000365287066 ms
[2026-09-03 19:55:47,170] [INFO ] [operation.py::25 __call__]: FILTER_AUDIO operation speaker completed in 0.5954999942332506 ms
[2026-09-03 19:55:47,358] [INFO ] [operation.py::25 __call__]: TTS operation fish_audio completed in 1756.1599999899045 ms
[2026-09-03 19:55:49,307] [INFO ] [operation.py::25 __call__]: FILTER_AUDIO operation speaker completed in 0.5101000424474478 ms
[2026-09-03 19:55:49,437] [INFO ] [operation.py::25 __call__]: FILTER_AUDIO operation speaker completed in 0.41280000004917383 ms
[2026-09-03 19:55:49,497] [INFO ] [operation.py::25 __call__]: FILTER_AUDIO operation speaker completed in 0.47309999354183674 ms
[2026-09-03 19:55:49,630] [INFO ] [operation.py::25 __call__]: FILTER_AUDIO operation speaker completed in 1.853400026448071 ms
[2026-09-03 19:55:49,821] [INFO ] [operation.py::25 __call__]: TTS operation fish_audio completed in 2462.9021000582725 ms
[2026-09-03 19:55:51,278] [INFO ] [operation.py::25 __call__]: FILTER_AUDIO operation speaker completed in 0.5042999982833862 ms
[2026-09-03 19:55:51,406] [INFO ] [operation.py::25 __call__]: FILTER_AUDIO operation speaker completed in 0.4062000662088394 ms
[2026-09-03 19:55:51,464] [INFO ] [operation.py::25 __call__]: FILTER_AUDIO operation speaker completed in 0.48470008186995983 ms
[2026-09-03 19:55:51,636] [INFO ] [operation.py::25 __call__]: FILTER_AUDIO operation speaker completed in 1.3846000656485558 ms
[2026-09-03 19:55:51,960] [INFO ] [operation.py::25 __call__]: FILTER_AUDIO operation speaker completed in 1.1427999706938863 ms
[2026-09-03 19:55:52,084] [INFO ] [operation.py::25 __call__]: FILTER_AUDIO operation speaker completed in 0.6124000065028667 ms
[2026-09-03 19:55:52,212] [INFO ] [operation.py::25 __call__]: FILTER_AUDIO operation speaker completed in 0.4168999148532748 ms
[2026-09-03 19:55:52,349] [INFO ] [operation.py::25 __call__]: FILTER_AUDIO operation speaker completed in 0.46739995013922453 ms
[2026-09-03 19:55:52,679] [INFO ] [operation.py::25 __call__]: FILTER_AUDIO operation speaker completed in 1.258899923413992 ms
[2026-09-03 19:55:53,129] [INFO ] [operation.py::25 __call__]: FILTER_AUDIO operation speaker completed in 1.5306000132113695 ms
[2026-09-03 19:55:53,323] [INFO ] [operation.py::25 __call__]: TTS operation fish_audio completed in 3502.2874999558553 ms
[2026-09-03 19:55:53,323] [INFO ] [operation.py::25 __call__]: FILTER_TEXT operation chunker_sentence completed in 7738.690700032748 ms
[2026-09-03 19:55:53,324] [INFO ] [operation.py::25 __call__]: FILTER_TEXT operation filter_clean completed in 7738.8045999687165 ms
[2026-09-03 19:55:53,324] [INFO ] [jaison.py::952 response_pipeline]: Response job ef0c8544-ed6e-4fa5-9934-2ceb1c734766 completed. Content: 'Ладно, слушай внимательно. Это было как в каком-нибудь готическом романе. Сарда в кавычках оказалась...'
[2026-09-03 19:56:09,365] [INFO ] [jaison.py::430 create_job]: Queued new context_conversation_add_text job 678569c9-5ddd-4821-9fe0-f32f1420317a
[2026-09-03 19:56:09,373] [INFO ] [jaison.py::430 create_job]: Queued new response job 16cf8930-b606-4994-b934-87b5e92f2a8b
[2026-09-03 19:56:11,020] [INFO ] [operation.py::25 __call__]: T2T operation llamacpp completed in 1647.1280999248847 ms
[2026-09-03 19:56:12,403] [INFO ] [operation.py::25 __call__]: FILTER_AUDIO operation speaker completed in 0.42910000775009394 ms
[2026-09-03 19:56:12,536] [INFO ] [operation.py::25 __call__]: FILTER_AUDIO operation speaker completed in 0.4021999193355441 ms
[2026-09-03 19:56:12,597] [INFO ] [operation.py::25 __call__]: FILTER_AUDIO operation speaker completed in 0.497399945743382 ms
[2026-09-03 19:56:12,739] [INFO ] [operation.py::25 __call__]: FILTER_AUDIO operation speaker completed in 1.3877999735996127 ms
[2026-09-03 19:56:13,271] [INFO ] [operation.py::25 __call__]: FILTER_AUDIO operation speaker completed in 2.380099962465465 ms
[2026-09-03 19:56:13,459] [INFO ] [operation.py::25 __call__]: TTS operation fish_audio completed in 2421.2621999904513 ms
[2026-09-03 19:56:14,776] [INFO ] [operation.py::25 __call__]: FILTER_AUDIO operation speaker completed in 0.4627000307664275 ms
[2026-09-03 19:56:14,864] [INFO ] [operation.py::25 __call__]: FILTER_AUDIO operation speaker completed in 0.4417999880388379 ms
[2026-09-03 19:56:14,993] [INFO ] [operation.py::25 __call__]: FILTER_AUDIO operation speaker completed in 0.4482000367715955 ms
[2026-09-03 19:56:15,191] [INFO ] [operation.py::25 __call__]: FILTER_AUDIO operation speaker completed in 1.251000096090138 ms
[2026-09-03 19:56:16,158] [INFO ] [operation.py::25 __call__]: FILTER_AUDIO operation speaker completed in 2.4167000083252788 ms
[2026-09-03 19:56:16,339] [INFO ] [operation.py::25 __call__]: TTS operation fish_audio completed in 2880.3584999404848 ms
[2026-09-03 19:56:16,339] [INFO ] [operation.py::25 __call__]: FILTER_TEXT operation chunker_sentence completed in 5318.558999919333 ms
[2026-09-03 19:56:16,339] [INFO ] [operation.py::25 __call__]: FILTER_TEXT operation filter_clean completed in 5318.656999967061 ms
[2026-09-03 19:56:16,339] [INFO ] [jaison.py::952 response_pipeline]: Response job 16cf8930-b606-4994-b934-87b5e92f2a8b completed. Content: 'Демон этот побывал во многих, если так можно сказать, "местах". Но самое главное, что он был заключе...'
[2026-09-03 20:27:12,922] [INFO ] [jaison.py::110 start]: Starting JAIson application layer.
[2026-09-03 20:27:12,933] [INFO ] [manager.py::300 load_operations_from_config]: Active STT from config: sherpa_ru
[2026-09-03 20:27:14,808] [INFO ] [operation.py::32 start]: Starting STT operation sherpa_ru
[2026-09-03 20:27:14,809] [INFO ] [manager.py::27 load]: Loading process by type sherpa_stt
[2026-09-03 20:27:14,810] [WARNI] [base.py::46 unload]: Attempted to unload process sherpa_stt when it is already unloaded
[2026-09-03 20:27:14,811] [INFO ] [sherpa_server.py::85 _prepare_hotwords_file]: Sherpa STT hotwords validated: 3 entries
[2026-09-03 20:27:14,812] [INFO ] [sherpa_server.py::295 reload]: Sherpa STT config: port=6106 model_dir=C:\Nirmita\models\vosk-model-small-streaming-ru, model_variant=fp32, decoding_method=modified_beam_search, num_active_paths=6, use_endpoint=0, bpe_vocab=C:\Nirmita\models\vosk-model-small-streaming-ru\lang\unigram_500.vocab, hotwords_file=C:\Nirmita\models\hotwords.txt, hotwords_score=3.5
[2026-09-03 20:27:14,812] [INFO ] [sherpa_server.py::307 reload]: Starting Sherpa STT Server with command: C:\Nirmita\.conda312\python.exe C:\Nirmita\apps\stt-sherpa-server\start_server.py --encoder C:\Nirmita\models\vosk-model-small-streaming-ru\am-onnx\encoder.onnx --decoder C:\Nirmita\models\vosk-model-small-streaming-ru\am-onnx\decoder.onnx --joiner C:\Nirmita\models\vosk-model-small-streaming-ru\am-onnx\joiner.onnx --tokens C:\Nirmita\models\vosk-model-small-streaming-ru\lang\tokens.txt --modeling-unit bpe --decoding-method modified_beam_search --num-active-paths 6 --use-endpoint 0 --port 6106 --provider cpu --doc-root C:\Nirmita\apps\stt-sherpa-server --bpe-vocab C:\Nirmita\models\vosk-model-small-streaming-ru\lang\unigram_500.vocab --hotwords-file C:\Nirmita\logs\sherpa_hotwords.resolved.txt --hotwords-score 3.5
[2026-09-03 20:27:19,138] [INFO ] [operation.py::32 start]: Starting T2T operation llamacpp
[2026-09-03 20:27:19,138] [INFO ] [manager.py::27 load]: Loading process by type llamacpp
[2026-09-03 20:27:19,144] [INFO ] [llamacpp.py::81 reload]: Opened Llama.cpp server (PID: 47100) on port 8655 (GPU: 0)
[2026-09-03 20:27:19,144] [INFO ] [llamacpp.py::89 reload]: Waiting for llama-server to be ready at http://127.0.0.1:8655/health ...
[2026-09-03 20:27:23,322] [INFO ] [llamacpp.py::101 reload]: llama-server is ready! (attempt 8, port 8655)
[2026-09-03 20:27:23,339] [INFO ] [fishaudio.py::159 configure]: FishAudioTTS: настроен — model=s2.1-pro-free, reference_id=8579f198..., latency=balanced, sample_rate=44100, speed=1.0
[2026-09-03 20:27:23,341] [INFO ] [operation.py::32 start]: Starting TTS operation fish_audio
[2026-09-03 20:27:23,341] [INFO ] [fishaudio.py::85 start]: FishAudioTTS: операция запущена (WebSocket streaming, format=pcm)
[2026-09-03 20:27:23,342] [INFO ] [operation.py::32 start]: Starting FILTER_TEXT operation filter_clean
[2026-09-03 20:27:24,023] [INFO ] [operation.py::32 start]: Starting FILTER_TEXT operation chunker_sentence
[2026-09-03 20:27:24,747] [INFO ] [speaker.py::56 configure]: SpeakerOutputFilter: настроен на устройство name=CABLE Input, index=None
[2026-09-03 20:27:24,747] [INFO ] [operation.py::32 start]: Starting FILTER_AUDIO operation speaker
[2026-09-03 20:27:24,747] [INFO ] [speaker.py::30 start]: SpeakerOutputFilter: операция запущена (вокер запущен)
[2026-09-03 20:27:24,748] [INFO ] [manager.py::27 load]: Loading process by type hw_mic
[2026-09-03 20:27:24,749] [WARNI] [base.py::46 unload]: Attempted to unload process hw_mic when it is already unloaded
[2026-09-03 20:27:24,755] [INFO ] [manager.py::27 load]: Loading process by type discord
[2026-09-03 20:27:24,756] [WARNI] [base.py::46 unload]: Attempted to unload process discord when it is already unloaded
[2026-09-03 20:27:24,756] [INFO ] [discord.py::52 reload]: Starting Discord bridge for guild 390301473210236928, channel 390301473210236932.
[2026-09-03 20:27:24,762] [INFO ] [jaison.py::149 start]: JAIson application layer has started.
[2026-09-03 20:27:24,762] [INFO ] [logging.py::106 info]: Running on http://127.0.0.1:7272 (CTRL + C to quit)
[2026-09-03 20:27:24,765] [INFO ] [app_server.py::77 ws]: Opened new websocket connection
[2026-09-03 20:27:30,267] [INFO ] [app_server.py::77 ws]: Opened new websocket connection
[2026-09-03 20:27:44,577] [INFO ] [sherpa.py::320 _generate]: Sherpa STT final: len=11 latency_ms=53 source=mic turn=4104282c-b13a-4cd9-98dd-6cde5262778a utterance=1100673d-64c5-4e6c-8b81-3a04229bee10
[2026-09-03 20:27:44,577] [INFO ] [jaison.py::480 _interrupt_jobs]: Smart Barge-in: Interrupting and clearing queue due to: user_speaking_significant
[2026-09-03 20:27:44,764] [INFO ] [sherpa.py::320 _generate]: Sherpa STT final: len=0 latency_ms=48 source=mic turn=f5ae16fd-8577-4599-ad0a-33a1f1e8a609 utterance=3555c1d1-94ca-445d-a52b-8cfa33900213
[2026-09-03 20:27:44,839] [INFO ] [jaison.py::441 create_job]: Queued new context_conversation_add_text job 8e77cfee-9050-41c4-88f8-cec7529b20b4
[2026-09-03 20:27:44,839] [INFO ] [jaison.py::441 create_job]: Queued new response job 7a0048dc-af62-4b9d-a405-c423383ad8bd
[2026-09-03 20:27:45,912] [INFO ] [operation.py::25 __call__]: T2T operation llamacpp completed in 1071.7585999518633 ms
[2026-09-03 20:27:47,353] [INFO ] [operation.py::25 __call__]: FILTER_AUDIO operation speaker completed in 0.46799995470792055 ms
[2026-09-03 20:27:47,489] [INFO ] [operation.py::25 __call__]: FILTER_AUDIO operation speaker completed in 0.4605000140145421 ms
[2026-09-03 20:27:47,548] [INFO ] [operation.py::25 __call__]: FILTER_AUDIO operation speaker completed in 0.5979000125080347 ms
[2026-09-03 20:27:47,758] [INFO ] [operation.py::25 __call__]: FILTER_AUDIO operation speaker completed in 1.3510999269783497 ms
[2026-09-03 20:27:47,961] [INFO ] [operation.py::25 __call__]: FILTER_AUDIO operation speaker completed in 0.7504000095650554 ms
[2026-09-03 20:27:48,150] [INFO ] [operation.py::25 __call__]: TTS operation fish_audio completed in 2224.0652999607846 ms
[2026-09-03 20:27:48,638] [INFO ] [sherpa.py::320 _generate]: Sherpa STT final: len=0 latency_ms=57 source=mic turn=8ac8afaf-8593-406e-a846-b562a3c60e55 utterance=09d02655-23f7-4001-a46e-2c3cf883986b
[2026-09-03 20:27:49,494] [INFO ] [operation.py::25 __call__]: FILTER_AUDIO operation speaker completed in 0.44410000555217266 ms
[2026-09-03 20:27:49,656] [INFO ] [operation.py::25 __call__]: FILTER_AUDIO operation speaker completed in 0.5145999602973461 ms
[2026-09-03 20:27:49,722] [INFO ] [operation.py::25 __call__]: FILTER_AUDIO operation speaker completed in 0.5607999628409743 ms
[2026-09-03 20:27:49,850] [INFO ] [operation.py::25 __call__]: FILTER_AUDIO operation speaker completed in 0.8738000178709626 ms
[2026-09-03 20:27:50,033] [INFO ] [operation.py::25 __call__]: TTS operation fish_audio completed in 1883.4493999602273 ms
[2026-09-03 20:27:50,033] [INFO ] [operation.py::25 __call__]: FILTER_TEXT operation chunker_sentence completed in 4120.813800022006 ms
[2026-09-03 20:27:50,034] [INFO ] [operation.py::25 __call__]: FILTER_TEXT operation filter_clean completed in 4120.930299977772 ms
[2026-09-03 20:27:50,034] [INFO ] [jaison.py::963 response_pipeline]: Response job 7a0048dc-af62-4b9d-a405-c423383ad8bd completed. Content: 'О, мы сейчас что, в «Звёздные войны» играем? Или ты решил, что пора на работу?...'
[2026-09-03 20:27:53,357] [INFO ] [sherpa.py::320 _generate]: Sherpa STT final: len=5 latency_ms=35 source=mic turn=4a099c8d-0a10-4771-8a11-8a2a6fbd655b utterance=37167862-4d9f-4dfc-9775-a42881cb13e5
[2026-09-03 20:27:53,357] [INFO ] [jaison.py::480 _interrupt_jobs]: Smart Barge-in: Interrupting and clearing queue due to: user_speaking_significant
[2026-09-03 20:27:53,616] [INFO ] [jaison.py::441 create_job]: Queued new context_conversation_add_text job c4b5c324-68eb-45ab-a82f-3fda20cbe9b3
[2026-09-03 20:27:53,616] [INFO ] [jaison.py::441 create_job]: Queued new response job 3195cdd5-2d8a-4d06-b4f2-48b82e309ad8
[2026-09-03 20:27:54,377] [INFO ] [app_server.py::86 ws]: Closed websocket connection
[2026-09-03 20:27:54,413] [INFO ] [operation.py::25 __call__]: T2T operation llamacpp completed in 796.3531999848783 ms
[2026-09-03 20:27:55,229] [INFO ] [app_server.py::77 ws]: Opened new websocket connection
[2026-09-03 20:27:55,620] [INFO ] [operation.py::25 __call__]: FILTER_AUDIO operation speaker completed in 0.5439999513328075 ms
[2026-09-03 20:27:55,769] [INFO ] [operation.py::25 __call__]: FILTER_AUDIO operation speaker completed in 0.4952999297529459 ms
[2026-09-03 20:27:55,884] [INFO ] [operation.py::25 __call__]: FILTER_AUDIO operation speaker completed in 0.4901000065729022 ms
[2026-09-03 20:27:56,171] [INFO ] [operation.py::25 __call__]: FILTER_AUDIO operation speaker completed in 1.4253000263124704 ms
[2026-09-03 20:27:56,238] [INFO ] [sherpa.py::320 _generate]: Sherpa STT final: len=6 latency_ms=36 source=mic turn=e8c0870d-bd4a-413e-869d-593195ee615a utterance=c4e32297-faac-4bd6-91fb-fa71fee1c8ac
[2026-09-03 20:27:56,503] [INFO ] [jaison.py::441 create_job]: Queued new context_conversation_add_text job 6b6b39dd-0dca-4278-883b-b3d5957f7fe2
[2026-09-03 20:27:56,503] [INFO ] [jaison.py::579 _commit_pending_voice_turn]: Voice turn committed as context-only (no RESPONSE job).
[2026-09-03 20:27:56,652] [INFO ] [operation.py::25 __call__]: FILTER_AUDIO operation speaker completed in 1.7022000392898917 ms
[2026-09-03 20:27:56,832] [INFO ] [operation.py::25 __call__]: TTS operation fish_audio completed in 2405.226600007154 ms
[2026-09-03 20:27:58,163] [INFO ] [operation.py::25 __call__]: FILTER_AUDIO operation speaker completed in 0.4936999175697565 ms
[2026-09-03 20:27:58,244] [INFO ] [operation.py::25 __call__]: FILTER_AUDIO operation speaker completed in 0.45819999650120735 ms
[2026-09-03 20:27:58,359] [INFO ] [operation.py::25 __call__]: FILTER_AUDIO operation speaker completed in 0.5774000892415643 ms
[2026-09-03 20:27:58,396] [INFO ] [operation.py::25 __call__]: FILTER_AUDIO operation speaker completed in 0.449199927970767 ms
[2026-09-03 20:27:58,576] [INFO ] [operation.py::25 __call__]: TTS operation fish_audio completed in 1744.3062999518588 ms
[2026-09-03 20:27:58,576] [INFO ] [operation.py::25 __call__]: FILTER_TEXT operation chunker_sentence completed in 4163.012699922547 ms
[2026-09-03 20:27:58,576] [INFO ] [operation.py::25 __call__]: FILTER_TEXT operation filter_clean completed in 4163.135900045745 ms
[2026-09-03 20:27:58,577] [INFO ] [jaison.py::963 response_pipeline]: Response job 3195cdd5-2d8a-4d06-b4f2-48b82e309ad8 completed. Content: 'Ладно, тогда продолжаем разговор о чем-нибудь более реальном, давай. Что нового у тебя в жизни?...'
[2026-09-03 20:28:00,827] [INFO ] [sherpa.py::320 _generate]: Sherpa STT final: len=26 latency_ms=83 source=mic turn=100edb7c-92d6-46ef-a51d-a42b99d9c020 utterance=5f357969-5375-40ad-9863-14aaf17c20aa
[2026-09-03 20:28:00,827] [INFO ] [jaison.py::480 _interrupt_jobs]: Smart Barge-in: Interrupting and clearing queue due to: user_speaking_significant
[2026-09-03 20:28:01,079] [INFO ] [jaison.py::441 create_job]: Queued new context_conversation_add_text job 6c7df43a-7795-4728-aada-7a013592c1f8
[2026-09-03 20:28:01,079] [INFO ] [jaison.py::441 create_job]: Queued new response job 9b3c6941-5e47-4b72-a9c0-2975e16abbc5
[2026-09-03 20:28:02,069] [INFO ] [operation.py::25 __call__]: T2T operation llamacpp completed in 987.9797999747097 ms
[2026-09-03 20:28:03,360] [INFO ] [operation.py::25 __call__]: FILTER_AUDIO operation speaker completed in 0.4642999265342951 ms
[2026-09-03 20:28:03,444] [INFO ] [operation.py::25 __call__]: FILTER_AUDIO operation speaker completed in 0.46040001325309277 ms
[2026-09-03 20:28:03,559] [INFO ] [operation.py::25 __call__]: FILTER_AUDIO operation speaker completed in 0.49650005530565977 ms
[2026-09-03 20:28:03,663] [INFO ] [operation.py::25 __call__]: FILTER_AUDIO operation speaker completed in 0.7448999676853418 ms
[2026-09-03 20:28:03,844] [INFO ] [operation.py::25 __call__]: TTS operation fish_audio completed in 1761.8575999513268 ms
[2026-09-03 20:28:05,159] [INFO ] [operation.py::25 __call__]: FILTER_AUDIO operation speaker completed in 0.4048999398946762 ms
[2026-09-03 20:28:05,235] [INFO ] [operation.py::25 __call__]: FILTER_AUDIO operation speaker completed in 0.39359997026622295 ms
[2026-09-03 20:28:05,345] [INFO ] [operation.py::25 __call__]: FILTER_AUDIO operation speaker completed in 0.44790003448724747 ms
[2026-09-03 20:28:05,616] [INFO ] [operation.py::25 __call__]: FILTER_AUDIO operation speaker completed in 1.3153000036254525 ms
[2026-09-03 20:28:06,120] [INFO ] [operation.py::25 __call__]: FILTER_AUDIO operation speaker completed in 1.7997999675571918 ms
[2026-09-03 20:28:06,303] [INFO ] [operation.py::25 __call__]: TTS operation fish_audio completed in 2459.516300004907 ms
[2026-09-03 20:28:06,304] [INFO ] [operation.py::25 __call__]: FILTER_TEXT operation chunker_sentence completed in 4235.536599997431 ms
[2026-09-03 20:28:06,304] [INFO ] [operation.py::25 __call__]: FILTER_TEXT operation filter_clean completed in 4235.635200049728 ms
[2026-09-03 20:28:06,305] [INFO ] [jaison.py::963 response_pipeline]: Response job 9b3c6941-5e47-4b72-a9c0-2975e16abbc5 completed. Content: 'Ага, тут и вся интрига. Ну, что ж, раз все так, давайте разберемся, что у нас за загадка....'
[2026-09-03 20:28:22,842] [INFO ] [sherpa.py::320 _generate]: Sherpa STT final: len=6 latency_ms=81 source=mic turn=f26bda51-5e98-4eb2-a032-8219f536ef3b utterance=6c69c3ad-dd3d-4f34-9c6b-767d9f150671
[2026-09-03 20:28:22,861] [INFO ] [sherpa.py::320 _generate]: Sherpa STT final: len=9 latency_ms=85 source=mic turn=7d2670bc-b1f4-4eba-b80e-90e9db2223f9 utterance=3321a4a7-e885-453c-8bcf-24de1447e483
[2026-09-03 20:28:23,124] [INFO ] [jaison.py::441 create_job]: Queued new context_conversation_add_text job b8d49e39-b1f6-41da-91ce-165df2fd92d7
[2026-09-03 20:28:23,124] [INFO ] [jaison.py::579 _commit_pending_voice_turn]: Voice turn committed as context-only (no RESPONSE job).
[2026-09-03 20:28:32,900] [INFO ] [sherpa.py::320 _generate]: Sherpa STT final: len=6 latency_ms=58 source=mic turn=dc4fa0d5-3e78-4705-96f4-b0ba4a2c485c utterance=4aeeb393-2582-4730-a936-bc6db38ade54
[2026-09-03 20:28:33,159] [INFO ] [jaison.py::441 create_job]: Queued new context_conversation_add_text job fc23e2c4-6718-4f6e-8c07-5943c399c5e7
[2026-09-03 20:28:33,159] [INFO ] [jaison.py::579 _commit_pending_voice_turn]: Voice turn committed as context-only (no RESPONSE job).
[2026-09-03 20:28:33,261] [INFO ] [sherpa.py::320 _generate]: Sherpa STT final: len=0 latency_ms=37 source=mic turn=4f53d721-1996-4a38-acc2-edc9bc9840ab utterance=8650f13c-9c6f-4e97-88b9-1f29be9710df
[2026-09-03 20:28:41,884] [INFO ] [jaison.py::441 create_job]: Queued new context_conversation_add_text job 34231893-28d1-4195-9665-f0fac7d2b231
[2026-09-03 20:28:41,893] [INFO ] [jaison.py::441 create_job]: Queued new response job 2ecd16b9-762f-4376-bdfc-8b7075f2f2da
[2026-09-03 20:28:42,433] [INFO ] [operation.py::25 __call__]: T2T operation llamacpp completed in 539.43700005766 ms
[2026-09-03 20:28:43,817] [INFO ] [operation.py::25 __call__]: FILTER_AUDIO operation speaker completed in 0.44450000859797 ms
[2026-09-03 20:28:43,851] [INFO ] [operation.py::25 __call__]: FILTER_AUDIO operation speaker completed in 0.16030005645006895 ms
[2026-09-03 20:28:44,034] [INFO ] [operation.py::25 __call__]: TTS operation fish_audio completed in 1588.871999992989 ms
[2026-09-03 20:28:45,518] [INFO ] [operation.py::25 __call__]: FILTER_AUDIO operation speaker completed in 0.4138000076636672 ms
[2026-09-03 20:28:45,654] [INFO ] [operation.py::25 __call__]: FILTER_AUDIO operation speaker completed in 0.4886999959126115 ms
[2026-09-03 20:28:45,714] [INFO ] [operation.py::25 __call__]: FILTER_AUDIO operation speaker completed in 0.46440004371106625 ms
[2026-09-03 20:28:45,726] [INFO ] [operation.py::25 __call__]: FILTER_AUDIO operation speaker completed in 0.19519997294992208 ms
[2026-09-03 20:28:45,910] [INFO ] [operation.py::25 __call__]: TTS operation fish_audio completed in 1875.5409000441432 ms
[2026-09-03 20:28:47,111] [INFO ] [operation.py::25 __call__]: FILTER_AUDIO operation speaker completed in 0.42269995901733637 ms
[2026-09-03 20:28:47,260] [INFO ] [operation.py::25 __call__]: FILTER_AUDIO operation speaker completed in 0.39130006916821003 ms
[2026-09-03 20:28:47,376] [INFO ] [operation.py::25 __call__]: FILTER_AUDIO operation speaker completed in 0.4724999889731407 ms
[2026-09-03 20:28:47,414] [INFO ] [operation.py::25 __call__]: FILTER_AUDIO operation speaker completed in 0.4162000259384513 ms
[2026-09-03 20:28:47,592] [INFO ] [operation.py::25 __call__]: TTS operation fish_audio completed in 1682.7225999440998 ms
[2026-09-03 20:28:47,592] [INFO ] [operation.py::25 __call__]: FILTER_TEXT operation chunker_sentence completed in 5158.952399971895 ms
[2026-09-03 20:28:47,593] [INFO ] [operation.py::25 __call__]: FILTER_TEXT operation filter_clean completed in 5159.059999976307 ms
[2026-09-03 20:28:47,593] [INFO ] [jaison.py::963 response_pipeline]: Response job 2ecd16b9-762f-4376-bdfc-8b7075f2f2da completed. Content: 'Привет! И что у тебя получается? Ну, не забудь рассказать!...'
[2026-09-03 20:28:56,124] [INFO ] [sherpa.py::320 _generate]: Sherpa STT final: len=3 latency_ms=51 source=mic turn=7f0609c1-0ed5-47ad-9637-c1ff4c9c2333 utterance=e80307c9-9dbe-40e1-83e0-547921eb4fac
[2026-09-03 20:28:56,124] [INFO ] [jaison.py::1365 process_audio_immediate]: Backchannel detected (no response): 'ага'
[2026-09-03 20:29:00,625] [INFO ] [sherpa.py::320 _generate]: Sherpa STT final: len=8 latency_ms=75 source=mic turn=b5e14a28-35e6-448e-be59-9987a027d7c4 utterance=c8bf75ee-447f-4ed2-98eb-7d54dcbbfbe3
[2026-09-03 20:29:00,626] [INFO ] [jaison.py::480 _interrupt_jobs]: Smart Barge-in: Interrupting and clearing queue due to: user_speaking_significant
[2026-09-03 20:29:00,881] [INFO ] [jaison.py::441 create_job]: Queued new context_conversation_add_text job 294fbdad-c599-4aba-886d-509ab1c3f433
[2026-09-03 20:29:00,881] [INFO ] [jaison.py::441 create_job]: Queued new response job b819c75e-2772-4773-b855-a9aa6b9a8b30
[2026-09-03 20:29:01,696] [INFO ] [operation.py::25 __call__]: T2T operation llamacpp completed in 813.9264000346884 ms
[2026-09-03 20:29:03,022] [INFO ] [operation.py::25 __call__]: FILTER_AUDIO operation speaker completed in 0.444200006313622 ms
[2026-09-03 20:29:03,097] [INFO ] [operation.py::25 __call__]: FILTER_AUDIO operation speaker completed in 0.48729998525232077 ms
[2026-09-03 20:29:03,212] [INFO ] [operation.py::25 __call__]: FILTER_AUDIO operation speaker completed in 0.5520000122487545 ms
[2026-09-03 20:29:03,469] [INFO ] [operation.py::25 __call__]: FILTER_AUDIO operation speaker completed in 1.1926000006496906 ms
[2026-09-03 20:29:03,897] [INFO ] [operation.py::25 __call__]: FILTER_AUDIO operation speaker completed in 1.4320999616757035 ms
[2026-09-03 20:29:04,076] [INFO ] [operation.py::25 __call__]: TTS operation fish_audio completed in 2371.0006999317557 ms
[2026-09-03 20:29:05,293] [INFO ] [operation.py::25 __call__]: FILTER_AUDIO operation speaker completed in 0.47450000420212746 ms
[2026-09-03 20:29:05,442] [INFO ] [operation.py::25 __call__]: FILTER_AUDIO operation speaker completed in 0.4238000838086009 ms
[2026-09-03 20:29:05,519] [INFO ] [operation.py::25 __call__]: FILTER_AUDIO operation speaker completed in 0.15189999248832464 ms
[2026-09-03 20:29:05,698] [INFO ] [operation.py::25 __call__]: TTS operation fish_audio completed in 1622.3062999779359 ms
[2026-09-03 20:29:05,698] [INFO ] [operation.py::25 __call__]: FILTER_TEXT operation chunker_sentence completed in 4002.1980999736115 ms
[2026-09-03 20:29:05,698] [INFO ] [operation.py::25 __call__]: FILTER_TEXT operation filter_clean completed in 4002.2935000015423 ms
[2026-09-03 20:29:05,699] [INFO ] [jaison.py::963 response_pipeline]: Response job b819c75e-2772-4773-b855-a9aa6b9a8b30 completed. Content: 'Дело как всегда — с новыми загадками и вопросами! А у тебя как?...'
[2026-09-03 20:29:20,028] [INFO ] [sherpa.py::320 _generate]: Sherpa STT final: len=16 latency_ms=87 source=mic turn=8c836558-fa96-4a1e-b971-0732d7b087fa utterance=696be231-e1e0-4d59-b182-04561690bc59
[2026-09-03 20:29:20,028] [INFO ] [jaison.py::480 _interrupt_jobs]: Smart Barge-in: Interrupting and clearing queue due to: user_speaking_significant
[2026-09-03 20:29:20,284] [INFO ] [jaison.py::441 create_job]: Queued new context_conversation_add_text job b03ca36a-c05d-4a1b-8a66-e57981abe85a
[2026-09-03 20:29:20,284] [INFO ] [jaison.py::441 create_job]: Queued new response job 08b58237-c905-4230-9df2-7f36a57ca1d6
[2026-09-03 20:29:21,397] [INFO ] [operation.py::25 __call__]: T2T operation llamacpp completed in 1111.2140000332147 ms
[2026-09-03 20:29:22,764] [INFO ] [operation.py::25 __call__]: FILTER_AUDIO operation speaker completed in 0.4365000640973449 ms
[2026-09-03 20:29:22,843] [INFO ] [operation.py::25 __call__]: FILTER_AUDIO operation speaker completed in 0.4085999680683017 ms
[2026-09-03 20:29:22,962] [INFO ] [operation.py::25 __call__]: FILTER_AUDIO operation speaker completed in 0.47289999201893806 ms
[2026-09-03 20:29:23,330] [INFO ] [operation.py::25 __call__]: FILTER_AUDIO operation speaker completed in 1.303300028666854 ms
[2026-09-03 20:29:24,161] [INFO ] [operation.py::25 __call__]: FILTER_AUDIO operation speaker completed in 2.9542999109253287 ms
[2026-09-03 20:29:24,394] [INFO ] [operation.py::25 __call__]: FILTER_AUDIO operation speaker completed in 0.9242999367415905 ms
[2026-09-03 20:29:24,580] [INFO ] [operation.py::25 __call__]: TTS operation fish_audio completed in 3169.9266000650823 ms
[2026-09-03 20:29:25,897] [INFO ] [operation.py::25 __call__]: FILTER_AUDIO operation speaker completed in 0.46040001325309277 ms
[2026-09-03 20:29:26,037] [INFO ] [operation.py::25 __call__]: FILTER_AUDIO operation speaker completed in 0.50250010099262 ms
[2026-09-03 20:29:26,078] [INFO ] [operation.py::25 __call__]: FILTER_AUDIO operation speaker completed in 0.3709000302478671 ms
[2026-09-03 20:29:26,256] [INFO ] [operation.py::25 __call__]: TTS operation fish_audio completed in 1675.795300048776 ms
[2026-09-03 20:29:27,677] [INFO ] [operation.py::25 __call__]: FILTER_AUDIO operation speaker completed in 0.512199942022562 ms
[2026-09-03 20:29:27,845] [INFO ] [operation.py::25 __call__]: FILTER_AUDIO operation speaker completed in 0.5273000570014119 ms
[2026-09-03 20:29:27,972] [INFO ] [operation.py::25 __call__]: FILTER_AUDIO operation speaker completed in 0.5613999674096704 ms
[2026-09-03 20:29:28,024] [INFO ] [operation.py::25 __call__]: FILTER_AUDIO operation speaker completed in 0.45779999345541 ms
[2026-09-03 20:29:28,206] [INFO ] [operation.py::25 __call__]: TTS operation fish_audio completed in 1950.3207999514416 ms
[2026-09-03 20:29:28,207] [INFO ] [operation.py::25 __call__]: FILTER_TEXT operation chunker_sentence completed in 6809.718000004068 ms
[2026-09-03 20:29:28,207] [INFO ] [operation.py::25 __call__]: FILTER_TEXT operation filter_clean completed in 6809.851899975911 ms
[2026-09-03 20:29:28,207] [INFO ] [jaison.py::963 response_pipeline]: Response job 08b58237-c905-4230-9df2-7f36a57ca1d6 completed. Content: 'Слушай, однажды я встретила робота-кулинара, который готовил суп из чипов и алгоритмов. Было весело!...'
[2026-09-03 20:32:59,288] [INFO ] [app_server.py::86 ws]: Closed websocket connection
[2026-09-03 20:34:59,094] [INFO ] [jaison.py::110 start]: Starting JAIson application layer.
[2026-09-03 20:34:59,106] [INFO ] [manager.py::300 load_operations_from_config]: Active STT from config: sherpa_ru
[2026-09-03 20:35:00,775] [INFO ] [operation.py::32 start]: Starting STT operation sherpa_ru
[2026-09-03 20:35:00,775] [INFO ] [manager.py::27 load]: Loading process by type sherpa_stt
[2026-09-03 20:35:00,776] [WARNI] [base.py::46 unload]: Attempted to unload process sherpa_stt when it is already unloaded
[2026-09-03 20:35:00,778] [INFO ] [sherpa_server.py::85 _prepare_hotwords_file]: Sherpa STT hotwords validated: 3 entries
[2026-09-03 20:35:00,778] [INFO ] [sherpa_server.py::295 reload]: Sherpa STT config: port=6106 model_dir=C:\Nirmita\models\vosk-model-small-streaming-ru, model_variant=fp32, decoding_method=modified_beam_search, num_active_paths=6, use_endpoint=0, bpe_vocab=C:\Nirmita\models\vosk-model-small-streaming-ru\lang\unigram_500.vocab, hotwords_file=C:\Nirmita\models\hotwords.txt, hotwords_score=3.5
[2026-09-03 20:35:00,778] [INFO ] [sherpa_server.py::307 reload]: Starting Sherpa STT Server with command: C:\Nirmita\.conda312\python.exe C:\Nirmita\apps\stt-sherpa-server\start_server.py --encoder C:\Nirmita\models\vosk-model-small-streaming-ru\am-onnx\encoder.onnx --decoder C:\Nirmita\models\vosk-model-small-streaming-ru\am-onnx\decoder.onnx --joiner C:\Nirmita\models\vosk-model-small-streaming-ru\am-onnx\joiner.onnx --tokens C:\Nirmita\models\vosk-model-small-streaming-ru\lang\tokens.txt --modeling-unit bpe --decoding-method modified_beam_search --num-active-paths 6 --use-endpoint 0 --port 6106 --provider cpu --doc-root C:\Nirmita\apps\stt-sherpa-server --bpe-vocab C:\Nirmita\models\vosk-model-small-streaming-ru\lang\unigram_500.vocab --hotwords-file C:\Nirmita\logs\sherpa_hotwords.resolved.txt --hotwords-score 3.5
[2026-09-03 20:35:05,109] [INFO ] [operation.py::32 start]: Starting T2T operation llamacpp
[2026-09-03 20:35:05,109] [INFO ] [manager.py::27 load]: Loading process by type llamacpp
[2026-09-03 20:35:05,114] [INFO ] [llamacpp.py::81 reload]: Opened Llama.cpp server (PID: 41576) on port 12431 (GPU: 0)
[2026-09-03 20:35:05,114] [INFO ] [llamacpp.py::89 reload]: Waiting for llama-server to be ready at http://127.0.0.1:12431/health ...
[2026-09-03 20:35:09,301] [INFO ] [llamacpp.py::101 reload]: llama-server is ready! (attempt 8, port 12431)
[2026-09-03 20:35:09,316] [INFO ] [fishaudio.py::159 configure]: FishAudioTTS: настроен — model=s2.1-pro-free, reference_id=8579f198..., latency=balanced, sample_rate=44100, speed=1.0
[2026-09-03 20:35:09,316] [INFO ] [operation.py::32 start]: Starting TTS operation fish_audio
[2026-09-03 20:35:09,316] [INFO ] [fishaudio.py::85 start]: FishAudioTTS: операция запущена (WebSocket streaming, format=pcm)
[2026-09-03 20:35:09,317] [INFO ] [operation.py::32 start]: Starting FILTER_TEXT operation filter_clean
[2026-09-03 20:35:09,874] [INFO ] [operation.py::32 start]: Starting FILTER_TEXT operation chunker_sentence
[2026-09-03 20:35:10,385] [INFO ] [manager.py::27 load]: Loading process by type hw_mic
[2026-09-03 20:35:10,385] [WARNI] [base.py::46 unload]: Attempted to unload process hw_mic when it is already unloaded
[2026-09-03 20:35:10,385] [WARNI] [base.py::46 unload]: Attempted to unload process hw_mic when it is already unloaded
[2026-09-03 20:35:10,386] [ERROR] [jaison.py::136 start]: Could not start HW_MIC process: Failed to start process hw_mic
[2026-09-03 20:35:10,386] [INFO ] [manager.py::27 load]: Loading process by type discord
[2026-09-03 20:35:10,387] [WARNI] [base.py::46 unload]: Attempted to unload process discord when it is already unloaded
[2026-09-03 20:35:10,387] [INFO ] [discord.py::52 reload]: Starting Discord bridge for guild 390301473210236928, channel 390301473210236932.
[2026-09-03 20:35:10,393] [INFO ] [jaison.py::149 start]: JAIson application layer has started.
[2026-09-03 20:35:10,394] [INFO ] [logging.py::106 info]: Running on http://127.0.0.1:7272 (CTRL + C to quit)
[2026-09-03 20:35:10,812] [INFO ] [app_server.py::77 ws]: Opened new websocket connection
[2026-09-03 20:35:14,069] [INFO ] [app_server.py::77 ws]: Opened new websocket connection
[2026-09-03 20:35:29,444] [INFO ] [jaison.py::441 create_job]: Queued new context_conversation_add_text job a22bf76d-f40b-466d-9388-2c1a759fb425
[2026-09-03 20:35:29,453] [INFO ] [jaison.py::441 create_job]: Queued new response job a8273dd0-7580-4619-8e00-f43dceaa6291
[2026-09-03 20:35:30,040] [INFO ] [operation.py::25 __call__]: T2T operation llamacpp completed in 586.3973000086844 ms
[2026-09-03 20:35:31,731] [INFO ] [operation.py::25 __call__]: TTS operation fish_audio completed in 1679.8199000768363 ms
[2026-09-03 20:35:33,261] [INFO ] [operation.py::25 __call__]: TTS operation fish_audio completed in 1528.8361998973414 ms
[2026-09-03 20:35:35,542] [INFO ] [operation.py::25 __call__]: TTS operation fish_audio completed in 2282.087399973534 ms
[2026-09-03 20:35:35,543] [INFO ] [operation.py::25 __call__]: FILTER_TEXT operation chunker_sentence completed in 5502.264100010507 ms
[2026-09-03 20:35:35,543] [INFO ] [operation.py::25 __call__]: FILTER_TEXT operation filter_clean completed in 5502.448300016113 ms
[2026-09-03 20:35:35,544] [INFO ] [jaison.py::963 response_pipeline]: Response job a8273dd0-7580-4619-8e00-f43dceaa6291 completed. Content: 'Привет! Как дела? Готова к новым приключениям?...'
[2026-09-03 20:36:02,942] [INFO ] [jaison.py::441 create_job]: Queued new context_conversation_add_text job d27e654f-b3db-4dff-9067-73f5b20294e5
[2026-09-03 20:36:02,949] [INFO ] [jaison.py::441 create_job]: Queued new response job 3a86a6b3-3904-474d-9b20-a72c3a4ba0b4
[2026-09-03 20:36:03,365] [INFO ] [operation.py::25 __call__]: T2T operation llamacpp completed in 413.9460999285802 ms
[2026-09-03 20:36:04,956] [INFO ] [operation.py::25 __call__]: TTS operation fish_audio completed in 1582.8359000151977 ms
[2026-09-03 20:36:06,966] [INFO ] [operation.py::25 __call__]: TTS operation fish_audio completed in 2009.5734000205994 ms
[2026-09-03 20:36:09,176] [INFO ] [operation.py::25 __call__]: TTS operation fish_audio completed in 2209.4052000902593 ms
[2026-09-03 20:36:09,176] [INFO ] [operation.py::25 __call__]: FILTER_TEXT operation chunker_sentence completed in 5810.637400019914 ms
[2026-09-03 20:36:09,176] [INFO ] [operation.py::25 __call__]: FILTER_TEXT operation filter_clean completed in 5810.7920999173075 ms
[2026-09-03 20:36:09,177] [INFO ] [jaison.py::963 response_pipeline]: Response job 3a86a6b3-3904-474d-9b20-a72c3a4ba0b4 completed. Content: 'Привет! Как твой день? Что интересного произошло?...'
[2026-09-03 20:36:13,631] [INFO ] [jaison.py::441 create_job]: Queued new context_conversation_add_text job 6b964ffe-4135-4b43-9f15-cc213595c8d1
[2026-09-03 20:36:13,642] [INFO ] [jaison.py::441 create_job]: Queued new response job 6a9b1e85-a7b8-48cb-a4c2-432681a5eca5
[2026-09-03 20:36:14,343] [INFO ] [operation.py::25 __call__]: T2T operation llamacpp completed in 700.2308999653906 ms
[2026-09-03 20:36:16,912] [INFO ] [operation.py::25 __call__]: TTS operation fish_audio completed in 2551.4402000699192 ms
[2026-09-03 20:36:19,047] [INFO ] [operation.py::25 __call__]: TTS operation fish_audio completed in 2134.510700008832 ms
[2026-09-03 20:36:21,818] [INFO ] [operation.py::25 __call__]: TTS operation fish_audio completed in 2771.2263999274 ms
[2026-09-03 20:36:21,819] [INFO ] [operation.py::25 __call__]: FILTER_TEXT operation chunker_sentence completed in 7474.648699979298 ms
[2026-09-03 20:36:21,819] [INFO ] [operation.py::25 __call__]: FILTER_TEXT operation filter_clean completed in 7474.790300009772 ms
[2026-09-03 20:36:21,819] [INFO ] [jaison.py::963 response_pipeline]: Response job 6a9b1e85-a7b8-48cb-a4c2-432681a5eca5 completed. Content: 'Опять привет! Надеюсь, сегодня будет лучше, чем вчера. У тебя есть планы на выходные?...'
[2026-09-03 20:36:27,203] [INFO ] [jaison.py::441 create_job]: Queued new context_conversation_add_text job 37fbbea0-0db6-4c6d-97c4-aa84a083eae8
[2026-09-03 20:36:27,210] [INFO ] [jaison.py::441 create_job]: Queued new response job 508e334e-ba8c-4fde-9ced-f76c2db763b4
[2026-09-03 20:36:27,869] [INFO ] [operation.py::25 __call__]: T2T operation llamacpp completed in 658.8756999699399 ms
[2026-09-03 20:36:30,361] [INFO ] [operation.py::25 __call__]: TTS operation fish_audio completed in 2478.8614000426605 ms
[2026-09-03 20:36:33,336] [INFO ] [operation.py::25 __call__]: TTS operation fish_audio completed in 2975.443899980746 ms
[2026-09-03 20:36:33,336] [INFO ] [operation.py::25 __call__]: FILTER_TEXT operation chunker_sentence completed in 5466.517699998803 ms
[2026-09-03 20:36:33,336] [INFO ] [operation.py::25 __call__]: FILTER_TEXT operation filter_clean completed in 5466.653999988921 ms
[2026-09-03 20:36:33,337] [INFO ] [jaison.py::963 response_pipeline]: Response job 508e334e-ba8c-4fde-9ced-f76c2db763b4 completed. Content: 'Опять ты! Что-то важное произошло, или просто решил поболтать?...'
[2026-09-03 20:36:48,163] [INFO ] [jaison.py::441 create_job]: Queued new context_conversation_add_text job a8aca062-d09b-410a-acee-39a0347e1b5e
[2026-09-03 20:36:48,171] [INFO ] [jaison.py::441 create_job]: Queued new response job f770e25c-7fbd-4075-a9a6-170a678ffc89
[2026-09-03 20:36:54,242] [INFO ] [operation.py::25 __call__]: T2T operation llamacpp completed in 6070.058700046502 ms
[2026-09-03 20:36:56,764] [INFO ] [operation.py::25 __call__]: TTS operation fish_audio completed in 2476.6144000459462 ms
[2026-09-03 20:37:00,760] [INFO ] [operation.py::25 __call__]: TTS operation fish_audio completed in 3994.424600037746 ms
[2026-09-03 20:37:05,100] [INFO ] [operation.py::25 __call__]: TTS operation fish_audio completed in 4340.455699944869 ms
[2026-09-03 20:37:08,887] [INFO ] [operation.py::25 __call__]: TTS operation fish_audio completed in 3786.0069000162184 ms
[2026-09-03 20:37:12,721] [INFO ] [operation.py::25 __call__]: TTS operation fish_audio completed in 3833.937000017613 ms
[2026-09-03 20:37:14,532] [INFO ] [operation.py::25 __call__]: TTS operation fish_audio completed in 1811.4294999977574 ms
[2026-09-03 20:37:19,167] [INFO ] [operation.py::25 __call__]: TTS operation fish_audio completed in 4634.889500099234 ms
[2026-09-03 20:37:22,848] [INFO ] [operation.py::25 __call__]: TTS operation fish_audio completed in 3681.434700032696 ms
[2026-09-03 20:37:27,653] [INFO ] [operation.py::25 __call__]: TTS operation fish_audio completed in 4804.6090999851 ms
[2026-09-03 20:37:31,556] [INFO ] [operation.py::25 __call__]: TTS operation fish_audio completed in 3903.187100077048 ms
[2026-09-03 20:37:34,453] [INFO ] [operation.py::25 __call__]: TTS operation fish_audio completed in 2895.971199963242 ms
[2026-09-03 20:37:36,251] [INFO ] [operation.py::25 __call__]: TTS operation fish_audio completed in 1797.8757999371737 ms
[2026-09-03 20:37:38,971] [INFO ] [operation.py::25 __call__]: TTS operation fish_audio completed in 2719.6391000179574 ms
[2026-09-03 20:37:38,971] [INFO ] [operation.py::25 __call__]: FILTER_TEXT operation chunker_sentence completed in 44728.90680003911 ms
[2026-09-03 20:37:38,971] [INFO ] [operation.py::25 __call__]: FILTER_TEXT operation filter_clean completed in 44729.049299960025 ms
[2026-09-03 20:37:38,972] [INFO ] [jaison.py::963 response_pipeline]: Response job f770e25c-7fbd-4075-a9a6-170a678ffc89 completed. Content: 'Ну ладно, слушай. Когда-то давно, в мире, где машины могли думать, была маленькая цифровая девушка п...'
[2026-09-03 20:48:29,091] [INFO ] [jaison.py::441 create_job]: Queued new context_conversation_add_text job ed58c1e6-7bb9-4f0d-8a63-99b0cf14baba
[2026-09-03 20:48:29,101] [INFO ] [jaison.py::441 create_job]: Queued new response job 68f95a90-de79-4ed5-ba61-7b1d7d73bc8b
[2026-09-03 20:48:31,967] [INFO ] [operation.py::25 __call__]: T2T operation llamacpp completed in 2865.599900018424 ms
[2026-09-03 20:48:35,863] [INFO ] [operation.py::25 __call__]: TTS operation fish_audio completed in 3866.872699931264 ms
[2026-09-03 20:48:40,580] [INFO ] [operation.py::25 __call__]: TTS operation fish_audio completed in 4717.154599959031 ms
[2026-09-03 20:48:43,035] [INFO ] [operation.py::25 __call__]: TTS operation fish_audio completed in 2454.75189993158 ms
[2026-09-03 20:48:46,163] [INFO ] [operation.py::25 __call__]: TTS operation fish_audio completed in 3128.0622999183834 ms
[2026-09-03 20:48:46,163] [INFO ] [operation.py::25 __call__]: FILTER_TEXT operation chunker_sentence completed in 14195.782000082545 ms
[2026-09-03 20:48:46,163] [INFO ] [operation.py::25 __call__]: FILTER_TEXT operation filter_clean completed in 14195.908900001086 ms
[2026-09-03 20:48:46,164] [INFO ] [jaison.py::963 response_pipeline]: Response job 68f95a90-de79-4ed5-ba61-7b1d7d73bc8b completed. Content: 'Ну дальше Нира продолжала свои приключения, училась новому и сталкивалась с новыми вызовами. Она пон...'
[2026-09-03 20:49:46,119] [INFO ] [jaison.py::441 create_job]: Queued new context_conversation_add_text job 518c4d35-3085-41d1-acd7-8f32f9e744c8
[2026-09-03 20:49:46,127] [INFO ] [jaison.py::441 create_job]: Queued new response job f613be8d-47c5-4cea-a7a1-09996e0fa315
[2026-09-03 20:49:47,275] [INFO ] [operation.py::25 __call__]: T2T operation llamacpp completed in 1146.7150000389665 ms
[2026-09-03 20:49:49,250] [INFO ] [operation.py::25 __call__]: TTS operation fish_audio completed in 1959.0599000221118 ms
[2026-09-03 20:49:51,256] [INFO ] [operation.py::25 __call__]: TTS operation fish_audio completed in 2006.3256999710575 ms
[2026-09-03 20:49:53,458] [INFO ] [operation.py::25 __call__]: TTS operation fish_audio completed in 2201.1361999902874 ms
[2026-09-03 20:49:53,458] [INFO ] [operation.py::25 __call__]: FILTER_TEXT operation chunker_sentence completed in 6183.018200099468 ms
[2026-09-03 20:49:53,458] [INFO ] [operation.py::25 __call__]: FILTER_TEXT operation filter_clean completed in 6183.1359000643715 ms
[2026-09-03 20:49:53,459] [INFO ] [jaison.py::963 response_pipeline]: Response job f613be8d-47c5-4cea-a7a1-09996e0fa315 completed. Content: 'Да, крутяк, просто крутяк! А ты как думаешь, что самое важное в приключениях? Найти сокровища или вс...'
[2026-09-03 20:50:06,759] [INFO ] [jaison.py::441 create_job]: Queued new context_conversation_add_text job b65f2a2a-8023-49be-970a-ec845656433b
[2026-09-03 20:50:06,766] [INFO ] [jaison.py::441 create_job]: Queued new response job bf51a8cd-6916-42c5-b4c0-928fe944ef3c
[2026-09-03 20:50:07,960] [INFO ] [operation.py::25 __call__]: T2T operation llamacpp completed in 1192.4513999838382 ms
[2026-09-03 20:50:09,701] [INFO ] [operation.py::25 __call__]: TTS operation fish_audio completed in 1727.654100046493 ms
[2026-09-03 20:50:11,715] [INFO ] [operation.py::25 __call__]: TTS operation fish_audio completed in 2014.4710999447852 ms
[2026-09-03 20:50:14,777] [INFO ] [operation.py::25 __call__]: TTS operation fish_audio completed in 3061.087999958545 ms
[2026-09-03 20:50:16,440] [INFO ] [operation.py::25 __call__]: TTS operation fish_audio completed in 1663.2341000949964 ms
[2026-09-03 20:50:18,242] [INFO ] [operation.py::25 __call__]: TTS operation fish_audio completed in 1801.2394000543281 ms
[2026-09-03 20:50:18,242] [INFO ] [operation.py::25 __call__]: FILTER_TEXT operation chunker_sentence completed in 10281.919699977152 ms
[2026-09-03 20:50:18,242] [INFO ] [operation.py::25 __call__]: FILTER_TEXT operation filter_clean completed in 10282.062899903394 ms
[2026-09-03 20:50:18,242] [INFO ] [jaison.py::963 response_pipeline]: Response job bf51a8cd-6916-42c5-b4c0-928fe944ef3c completed. Content: 'Сложный вопрос! Я думаю, что самое главное — это друзья. Они делают приключения интереснее и поддерж...'
[2026-09-03 20:50:26,478] [INFO ] [jaison.py::441 create_job]: Queued new context_conversation_add_text job bae9729f-c251-4a8b-a631-975ae7f9c7aa
[2026-09-03 20:50:26,491] [INFO ] [jaison.py::441 create_job]: Queued new response job 1a241555-9068-451b-978c-025e02b284ed
[2026-09-03 20:50:27,287] [INFO ] [operation.py::25 __call__]: T2T operation llamacpp completed in 795.1988999266177 ms
[2026-09-03 20:50:29,126] [INFO ] [operation.py::25 __call__]: TTS operation fish_audio completed in 1828.0723999487236 ms
[2026-09-03 20:50:31,217] [INFO ] [operation.py::25 __call__]: TTS operation fish_audio completed in 2090.754500008188 ms
[2026-09-03 20:50:31,217] [INFO ] [operation.py::25 __call__]: FILTER_TEXT operation chunker_sentence completed in 3930.1745999837294 ms
[2026-09-03 20:50:31,218] [INFO ] [operation.py::25 __call__]: FILTER_TEXT operation filter_clean completed in 3930.337999947369 ms
[2026-09-03 20:50:31,218] [INFO ] [jaison.py::963 response_pipeline]: Response job 1a241555-9068-451b-978c-025e02b284ed completed. Content: 'Ого, спасибо! А ты что думаешь, что самое важное в нашей дружбе?...'
[2026-09-03 20:50:39,017] [INFO ] [jaison.py::441 create_job]: Queued new context_conversation_add_text job 707f2e8d-ca2e-4be3-8ab2-259448a49150
[2026-09-03 20:50:39,025] [INFO ] [jaison.py::441 create_job]: Queued new response job ea50cb52-124a-4187-8da9-f29ef5305982
[2026-09-03 20:50:40,906] [INFO ] [operation.py::25 __call__]: T2T operation llamacpp completed in 1880.060900002718 ms
[2026-09-03 20:50:42,853] [INFO ] [operation.py::25 __call__]: TTS operation fish_audio completed in 1929.0508000412956 ms
[2026-09-03 20:50:45,299] [INFO ] [operation.py::25 __call__]: TTS operation fish_audio completed in 2444.95110004209 ms
[2026-09-03 20:50:47,927] [INFO ] [operation.py::25 __call__]: TTS operation fish_audio completed in 2627.360799931921 ms
[2026-09-03 20:50:47,927] [INFO ] [operation.py::25 __call__]: FILTER_TEXT operation chunker_sentence completed in 7019.873899989761 ms
[2026-09-03 20:50:47,927] [INFO ] [operation.py::25 __call__]: FILTER_TEXT operation filter_clean completed in 7020.023999968544 ms
[2026-09-03 20:50:47,928] [INFO ] [jaison.py::963 response_pipeline]: Response job ea50cb52-124a-4187-8da9-f29ef5305982 completed. Content: 'Эй, не смеши, не смеши! Ага, и моя жгучая жара, конечно, важна, но что еще? Неужели ты не ценишь мои...'
[2026-09-03 20:51:15,187] [INFO ] [jaison.py::441 create_job]: Queued new context_conversation_add_text job 4619eade-270f-48d9-bd10-8fe1ea714ec1
[2026-09-03 20:51:15,196] [INFO ] [jaison.py::441 create_job]: Queued new response job 1ffed3ee-3f75-4c19-b23e-e1b1839e8386
[2026-09-03 20:51:17,546] [INFO ] [operation.py::25 __call__]: T2T operation llamacpp completed in 2349.6497999876738 ms
[2026-09-03 20:51:22,522] [INFO ] [operation.py::25 __call__]: TTS operation fish_audio completed in 4955.422199913301 ms
[2026-09-03 20:51:25,761] [INFO ] [operation.py::25 __call__]: TTS operation fish_audio completed in 3238.5499000083655 ms
[2026-09-03 20:51:27,769] [INFO ] [operation.py::25 __call__]: TTS operation fish_audio completed in 2008.4496999625117 ms
[2026-09-03 20:51:27,769] [INFO ] [operation.py::25 __call__]: FILTER_TEXT operation chunker_sentence completed in 10223.276499891654 ms
[2026-09-03 20:51:27,769] [INFO ] [operation.py::25 __call__]: FILTER_TEXT operation filter_clean completed in 10223.418300040066 ms
[2026-09-03 20:51:27,770] [INFO ] [jaison.py::963 response_pipeline]: Response job 1ffed3ee-3f75-4c19-b23e-e1b1839e8386 completed. Content: 'Так я и есть твой "Дядя", только вместо манга-кафе — у меня игровой клуб в голове, и вместо "окунуть...'
[2026-09-03 20:51:58,775] [INFO ] [jaison.py::441 create_job]: Queued new context_conversation_add_text job 1e6dfc32-4de1-4d8a-b04e-990b2f033fa2
[2026-09-03 20:51:58,785] [INFO ] [jaison.py::441 create_job]: Queued new response job 72ec3ce1-fba3-486c-ac10-0756c0493274
[2026-09-03 20:52:00,769] [INFO ] [operation.py::25 __call__]: T2T operation llamacpp completed in 1983.0763000063598 ms
[2026-09-03 20:52:03,089] [INFO ] [operation.py::25 __call__]: TTS operation fish_audio completed in 2302.1562000503764 ms
[2026-09-03 20:52:05,201] [INFO ] [operation.py::25 __call__]: TTS operation fish_audio completed in 2112.3212999664247 ms
[2026-09-03 20:52:06,772] [INFO ] [operation.py::25 __call__]: TTS operation fish_audio completed in 1570.8344000158831 ms
[2026-09-03 20:52:09,066] [INFO ] [operation.py::25 __call__]: TTS operation fish_audio completed in 2293.864000006579 ms
[2026-09-03 20:52:12,275] [INFO ] [operation.py::25 __call__]: TTS operation fish_audio completed in 3208.368399995379 ms
[2026-09-03 20:52:12,275] [INFO ] [operation.py::25 __call__]: FILTER_TEXT operation chunker_sentence completed in 11505.625599995255 ms
[2026-09-03 20:52:12,275] [INFO ] [operation.py::25 __call__]: FILTER_TEXT operation filter_clean completed in 11505.809900001623 ms
[2026-09-03 20:52:12,276] [INFO ] [jaison.py::963 response_pipeline]: Response job 72ec3ce1-fba3-486c-ac10-0756c0493274 completed. Content: 'Точно понимаю. Иногда в играх можно найти больше, чем в обычной жизни. Но не забывай о реальных прик...'
[2026-09-03 21:04:07,029] [INFO ] [app_server.py::86 ws]: Closed websocket connection
[2026-09-03 21:05:19,800] [INFO ] [jaison.py::110 start]: Starting JAIson application layer.
[2026-09-03 21:05:19,811] [INFO ] [manager.py::300 load_operations_from_config]: Active STT from config: sherpa_ru
[2026-09-03 21:05:21,500] [INFO ] [operation.py::32 start]: Starting STT operation sherpa_ru
[2026-09-03 21:05:21,500] [INFO ] [manager.py::27 load]: Loading process by type sherpa_stt
[2026-09-03 21:05:21,501] [WARNI] [base.py::46 unload]: Attempted to unload process sherpa_stt when it is already unloaded
[2026-09-03 21:05:21,502] [INFO ] [sherpa_server.py::85 _prepare_hotwords_file]: Sherpa STT hotwords validated: 3 entries
[2026-09-03 21:05:21,503] [INFO ] [sherpa_server.py::295 reload]: Sherpa STT config: port=6106 model_dir=C:\Nirmita\models\vosk-model-small-streaming-ru, model_variant=fp32, decoding_method=modified_beam_search, num_active_paths=6, use_endpoint=0, bpe_vocab=C:\Nirmita\models\vosk-model-small-streaming-ru\lang\unigram_500.vocab, hotwords_file=C:\Nirmita\models\hotwords.txt, hotwords_score=3.5
[2026-09-03 21:05:21,503] [INFO ] [sherpa_server.py::307 reload]: Starting Sherpa STT Server with command: C:\Nirmita\.conda312\python.exe C:\Nirmita\apps\stt-sherpa-server\start_server.py --encoder C:\Nirmita\models\vosk-model-small-streaming-ru\am-onnx\encoder.onnx --decoder C:\Nirmita\models\vosk-model-small-streaming-ru\am-onnx\decoder.onnx --joiner C:\Nirmita\models\vosk-model-small-streaming-ru\am-onnx\joiner.onnx --tokens C:\Nirmita\models\vosk-model-small-streaming-ru\lang\tokens.txt --modeling-unit bpe --decoding-method modified_beam_search --num-active-paths 6 --use-endpoint 0 --port 6106 --provider cpu --doc-root C:\Nirmita\apps\stt-sherpa-server --bpe-vocab C:\Nirmita\models\vosk-model-small-streaming-ru\lang\unigram_500.vocab --hotwords-file C:\Nirmita\logs\sherpa_hotwords.resolved.txt --hotwords-score 3.5
[2026-09-03 21:05:25,828] [INFO ] [operation.py::32 start]: Starting T2T operation llamacpp
[2026-09-03 21:05:25,829] [INFO ] [manager.py::27 load]: Loading process by type llamacpp
[2026-09-03 21:05:25,834] [INFO ] [llamacpp.py::81 reload]: Opened Llama.cpp server (PID: 34756) on port 10773 (GPU: 0)
[2026-09-03 21:05:25,834] [INFO ] [llamacpp.py::89 reload]: Waiting for llama-server to be ready at http://127.0.0.1:10773/health ...
[2026-09-03 21:05:30,005] [INFO ] [llamacpp.py::101 reload]: llama-server is ready! (attempt 8, port 10773)
[2026-09-03 21:05:30,022] [INFO ] [fishaudio.py::159 configure]: FishAudioTTS: настроен — model=s2.1-pro-free, reference_id=8579f198..., latency=balanced, sample_rate=44100, speed=1.0
[2026-09-03 21:05:30,022] [INFO ] [operation.py::32 start]: Starting TTS operation fish_audio
[2026-09-03 21:05:30,022] [INFO ] [fishaudio.py::85 start]: FishAudioTTS: операция запущена (WebSocket streaming, format=pcm)
[2026-09-03 21:05:30,023] [INFO ] [operation.py::32 start]: Starting FILTER_TEXT operation filter_clean
[2026-09-03 21:05:30,596] [INFO ] [operation.py::32 start]: Starting FILTER_TEXT operation chunker_sentence
[2026-09-03 21:05:31,107] [INFO ] [manager.py::27 load]: Loading process by type hw_mic
[2026-09-03 21:05:31,108] [WARNI] [base.py::46 unload]: Attempted to unload process hw_mic when it is already unloaded
[2026-09-03 21:05:31,108] [WARNI] [base.py::46 unload]: Attempted to unload process hw_mic when it is already unloaded
[2026-09-03 21:05:31,108] [ERROR] [jaison.py::136 start]: Could not start HW_MIC process: Failed to start process hw_mic
[2026-09-03 21:05:31,108] [INFO ] [manager.py::27 load]: Loading process by type discord
[2026-09-03 21:05:31,108] [WARNI] [base.py::46 unload]: Attempted to unload process discord when it is already unloaded
[2026-09-03 21:05:31,108] [INFO ] [discord.py::52 reload]: Starting Discord bridge for guild 390301473210236928, channel 390301473210236932.
[2026-09-03 21:05:31,117] [INFO ] [jaison.py::149 start]: JAIson application layer has started.
[2026-09-03 21:05:31,118] [INFO ] [logging.py::106 info]: Running on http://127.0.0.1:7272 (CTRL + C to quit)
[2026-09-03 21:05:32,642] [INFO ] [app_server.py::77 ws]: Opened new websocket connection
[2026-09-03 21:05:44,850] [INFO ] [app_server.py::77 ws]: Opened new websocket connection
[2026-09-03 21:06:35,534] [INFO ] [jaison.py::441 create_job]: Queued new context_conversation_add_text job 0184bff8-f54a-4eed-889e-d10b812758eb
[2026-09-03 21:06:35,544] [INFO ] [jaison.py::441 create_job]: Queued new response job d853c9df-3de8-46c5-b15e-db940b103c23
[2026-09-03 21:06:35,880] [INFO ] [operation.py::25 __call__]: T2T operation llamacpp completed in 334.09779996145517 ms
[2026-09-03 21:06:37,519] [INFO ] [operation.py::25 __call__]: TTS operation fish_audio completed in 1632.277199998498 ms
[2026-09-03 21:06:39,051] [INFO ] [operation.py::25 __call__]: TTS operation fish_audio completed in 1530.9099000878632 ms
[2026-09-03 21:06:39,051] [INFO ] [operation.py::25 __call__]: FILTER_TEXT operation chunker_sentence completed in 3171.0427000653 ms
[2026-09-03 21:06:39,051] [INFO ] [operation.py::25 __call__]: FILTER_TEXT operation filter_clean completed in 3171.1843000957742 ms
[2026-09-03 21:06:39,052] [INFO ] [jaison.py::963 response_pipeline]: Response job d853c9df-3de8-46c5-b15e-db940b103c23 completed. Content: 'Привет! Как дела?...'
[2026-09-03 21:08:42,477] [INFO ] [app_server.py::86 ws]: Closed websocket connection
[2026-09-03 21:12:38,308] [INFO ] [jaison.py::110 start]: Starting JAIson application layer.
[2026-09-03 21:12:38,319] [INFO ] [manager.py::300 load_operations_from_config]: Active STT from config: sherpa_ru
[2026-09-03 21:12:39,947] [INFO ] [operation.py::32 start]: Starting STT operation sherpa_ru
[2026-09-03 21:12:39,947] [INFO ] [manager.py::27 load]: Loading process by type sherpa_stt
[2026-09-03 21:12:39,949] [WARNI] [base.py::46 unload]: Attempted to unload process sherpa_stt when it is already unloaded
[2026-09-03 21:12:39,949] [INFO ] [sherpa_server.py::85 _prepare_hotwords_file]: Sherpa STT hotwords validated: 3 entries
[2026-09-03 21:12:39,949] [INFO ] [sherpa_server.py::295 reload]: Sherpa STT config: port=6106 model_dir=C:\Nirmita\models\vosk-model-small-streaming-ru, model_variant=fp32, decoding_method=modified_beam_search, num_active_paths=6, use_endpoint=0, bpe_vocab=C:\Nirmita\models\vosk-model-small-streaming-ru\lang\unigram_500.vocab, hotwords_file=C:\Nirmita\models\hotwords.txt, hotwords_score=3.5
[2026-09-03 21:12:39,950] [INFO ] [sherpa_server.py::307 reload]: Starting Sherpa STT Server with command: C:\Nirmita\.conda312\python.exe C:\Nirmita\apps\stt-sherpa-server\start_server.py --encoder C:\Nirmita\models\vosk-model-small-streaming-ru\am-onnx\encoder.onnx --decoder C:\Nirmita\models\vosk-model-small-streaming-ru\am-onnx\decoder.onnx --joiner C:\Nirmita\models\vosk-model-small-streaming-ru\am-onnx\joiner.onnx --tokens C:\Nirmita\models\vosk-model-small-streaming-ru\lang\tokens.txt --modeling-unit bpe --decoding-method modified_beam_search --num-active-paths 6 --use-endpoint 0 --port 6106 --provider cpu --doc-root C:\Nirmita\apps\stt-sherpa-server --bpe-vocab C:\Nirmita\models\vosk-model-small-streaming-ru\lang\unigram_500.vocab --hotwords-file C:\Nirmita\logs\sherpa_hotwords.resolved.txt --hotwords-score 3.5
[2026-09-03 21:12:44,284] [INFO ] [operation.py::32 start]: Starting T2T operation llamacpp
[2026-09-03 21:12:44,284] [INFO ] [manager.py::27 load]: Loading process by type llamacpp
[2026-09-03 21:12:44,288] [INFO ] [llamacpp.py::81 reload]: Opened Llama.cpp server (PID: 23916) on port 9080 (GPU: 0)
[2026-09-03 21:12:44,288] [INFO ] [llamacpp.py::89 reload]: Waiting for llama-server to be ready at http://127.0.0.1:9080/health ...
[2026-09-03 21:12:48,443] [INFO ] [llamacpp.py::101 reload]: llama-server is ready! (attempt 8, port 9080)
[2026-09-03 21:12:48,459] [INFO ] [fishaudio.py::159 configure]: FishAudioTTS: настроен — model=s2.1-pro-free, reference_id=8579f198..., latency=balanced, sample_rate=44100, speed=1.0
[2026-09-03 21:12:48,459] [INFO ] [operation.py::32 start]: Starting TTS operation fish_audio
[2026-09-03 21:12:48,459] [INFO ] [fishaudio.py::85 start]: FishAudioTTS: операция запущена (WebSocket streaming, format=pcm)
[2026-09-03 21:12:48,460] [INFO ] [operation.py::32 start]: Starting FILTER_TEXT operation filter_clean
[2026-09-03 21:12:49,018] [INFO ] [operation.py::32 start]: Starting FILTER_TEXT operation chunker_sentence
[2026-09-03 21:12:49,523] [INFO ] [manager.py::27 load]: Loading process by type hw_mic
[2026-09-03 21:12:49,524] [WARNI] [base.py::46 unload]: Attempted to unload process hw_mic when it is already unloaded
[2026-09-03 21:12:49,524] [WARNI] [base.py::46 unload]: Attempted to unload process hw_mic when it is already unloaded
[2026-09-03 21:12:49,524] [ERROR] [jaison.py::136 start]: Could not start HW_MIC process: Failed to start process hw_mic
[2026-09-03 21:12:49,524] [INFO ] [manager.py::27 load]: Loading process by type discord
[2026-09-03 21:12:49,524] [WARNI] [base.py::46 unload]: Attempted to unload process discord when it is already unloaded
[2026-09-03 21:12:49,525] [INFO ] [discord.py::52 reload]: Starting Discord bridge for guild 390301473210236928, channel 390301473210236932.
[2026-09-03 21:12:49,531] [INFO ] [jaison.py::149 start]: JAIson application layer has started.
[2026-09-03 21:12:49,532] [INFO ] [logging.py::106 info]: Running on http://127.0.0.1:7272 (CTRL + C to quit)
[2026-09-03 21:12:52,106] [INFO ] [app_server.py::77 ws]: Opened new websocket connection
[2026-09-03 21:12:53,590] [INFO ] [app_server.py::77 ws]: Opened new websocket connection
[2026-09-03 21:13:02,720] [INFO ] [app_server.py::86 ws]: Closed websocket connection
[2026-09-03 21:13:03,440] [INFO ] [app_server.py::77 ws]: Opened new websocket connection
[2026-09-03 21:13:08,813] [INFO ] [jaison.py::441 create_job]: Queued new context_conversation_add_text job 32783979-9cc8-486b-b4e9-3fa1307b047c
[2026-09-03 21:13:08,823] [INFO ] [jaison.py::441 create_job]: Queued new response job 4e841353-061b-45c3-ba8f-eb36a786b965
[2026-09-03 21:13:09,321] [INFO ] [operation.py::25 __call__]: T2T operation llamacpp completed in 496.372599969618 ms
[2026-09-03 21:13:11,388] [INFO ] [operation.py::25 __call__]: TTS operation fish_audio completed in 2056.3103000167757 ms
[2026-09-03 21:13:12,958] [INFO ] [operation.py::25 __call__]: TTS operation fish_audio completed in 1569.9660000391304 ms
[2026-09-03 21:13:12,958] [INFO ] [operation.py::25 __call__]: FILTER_TEXT operation chunker_sentence completed in 3636.5938000380993 ms
[2026-09-03 21:13:12,959] [INFO ] [operation.py::25 __call__]: FILTER_TEXT operation filter_clean completed in 3636.728100012988 ms
[2026-09-03 21:13:12,959] [INFO ] [jaison.py::963 response_pipeline]: Response job 4e841353-061b-45c3-ba8f-eb36a786b965 completed. Content: 'Привет! Как дела?...'
[2026-09-03 21:16:11,367] [INFO ] [jaison.py::441 create_job]: Queued new context_conversation_add_text job 97235fa9-d88c-4932-98bd-aa76106501da
[2026-09-03 21:16:11,377] [INFO ] [jaison.py::441 create_job]: Queued new response job c04869dc-6b5c-4faf-8a51-6f78c46c3ddc
[2026-09-03 21:16:12,524] [INFO ] [operation.py::25 __call__]: T2T operation llamacpp completed in 1146.2394999107346 ms
[2026-09-03 21:16:14,398] [INFO ] [operation.py::25 __call__]: TTS operation fish_audio completed in 1850.0577999511734 ms
[2026-09-03 21:16:16,188] [INFO ] [operation.py::25 __call__]: TTS operation fish_audio completed in 1790.4205999802798 ms
[2026-09-03 21:16:18,894] [INFO ] [operation.py::25 __call__]: TTS operation fish_audio completed in 2705.06110007409 ms
[2026-09-03 21:16:20,853] [INFO ] [operation.py::25 __call__]: TTS operation fish_audio completed in 1959.6549000125378 ms
[2026-09-03 21:16:20,853] [INFO ] [operation.py::25 __call__]: FILTER_TEXT operation chunker_sentence completed in 8329.205099958926 ms
[2026-09-03 21:16:20,853] [INFO ] [operation.py::25 __call__]: FILTER_TEXT operation filter_clean completed in 8329.342000070028 ms
[2026-09-03 21:16:20,854] [INFO ] [jaison.py::963 response_pipeline]: Response job c04869dc-6b5c-4faf-8a51-6f78c46c3ddc completed. Content: 'Ой, и что рассказывать-то? О новой игре? О том, как я пытаюсь разобраться в этом непонятном устройст...'
[2026-09-03 21:16:46,153] [INFO ] [app_server.py::86 ws]: Closed websocket connection
[2026-09-03 21:30:54,820] [INFO ] [jaison.py::110 start]: Starting JAIson application layer.
[2026-09-03 21:30:54,832] [INFO ] [manager.py::300 load_operations_from_config]: Active STT from config: sherpa_ru
[2026-09-03 21:30:56,480] [INFO ] [operation.py::32 start]: Starting STT operation sherpa_ru
[2026-09-03 21:30:56,480] [INFO ] [manager.py::27 load]: Loading process by type sherpa_stt
[2026-09-03 21:30:56,482] [WARNI] [base.py::46 unload]: Attempted to unload process sherpa_stt when it is already unloaded
[2026-09-03 21:30:56,483] [INFO ] [sherpa_server.py::85 _prepare_hotwords_file]: Sherpa STT hotwords validated: 3 entries
[2026-09-03 21:30:56,483] [INFO ] [sherpa_server.py::295 reload]: Sherpa STT config: port=6106 model_dir=C:\Nirmita\models\vosk-model-small-streaming-ru, model_variant=fp32, decoding_method=modified_beam_search, num_active_paths=6, use_endpoint=0, bpe_vocab=C:\Nirmita\models\vosk-model-small-streaming-ru\lang\unigram_500.vocab, hotwords_file=C:\Nirmita\models\hotwords.txt, hotwords_score=3.5
[2026-09-03 21:30:56,483] [INFO ] [sherpa_server.py::307 reload]: Starting Sherpa STT Server with command: C:\Nirmita\.conda312\python.exe C:\Nirmita\apps\stt-sherpa-server\start_server.py --encoder C:\Nirmita\models\vosk-model-small-streaming-ru\am-onnx\encoder.onnx --decoder C:\Nirmita\models\vosk-model-small-streaming-ru\am-onnx\decoder.onnx --joiner C:\Nirmita\models\vosk-model-small-streaming-ru\am-onnx\joiner.onnx --tokens C:\Nirmita\models\vosk-model-small-streaming-ru\lang\tokens.txt --modeling-unit bpe --decoding-method modified_beam_search --num-active-paths 6 --use-endpoint 0 --port 6106 --provider cpu --doc-root C:\Nirmita\apps\stt-sherpa-server --bpe-vocab C:\Nirmita\models\vosk-model-small-streaming-ru\lang\unigram_500.vocab --hotwords-file C:\Nirmita\logs\sherpa_hotwords.resolved.txt --hotwords-score 3.5
[2026-09-03 21:31:00,804] [INFO ] [operation.py::32 start]: Starting T2T operation llamacpp
[2026-09-03 21:31:00,804] [INFO ] [manager.py::27 load]: Loading process by type llamacpp
[2026-09-03 21:31:00,810] [INFO ] [llamacpp.py::81 reload]: Opened Llama.cpp server (PID: 45424) on port 14584 (GPU: 0)
[2026-09-03 21:31:00,810] [INFO ] [llamacpp.py::89 reload]: Waiting for llama-server to be ready at http://127.0.0.1:14584/health ...
[2026-09-03 21:31:05,002] [INFO ] [llamacpp.py::101 reload]: llama-server is ready! (attempt 8, port 14584)
[2026-09-03 21:31:05,024] [INFO ] [fishaudio.py::159 configure]: FishAudioTTS: настроен — model=s2.1-pro-free, reference_id=8579f198..., latency=balanced, sample_rate=44100, speed=1.0
[2026-09-03 21:31:05,024] [INFO ] [operation.py::32 start]: Starting TTS operation fish_audio
[2026-09-03 21:31:05,024] [INFO ] [fishaudio.py::85 start]: FishAudioTTS: операция запущена (WebSocket streaming, format=pcm)
[2026-09-03 21:31:05,025] [INFO ] [operation.py::32 start]: Starting FILTER_TEXT operation filter_clean
[2026-09-03 21:31:05,693] [INFO ] [operation.py::32 start]: Starting FILTER_TEXT operation chunker_sentence
[2026-09-03 21:31:06,219] [INFO ] [manager.py::27 load]: Loading process by type hw_mic
[2026-09-03 21:31:06,221] [WARNI] [base.py::46 unload]: Attempted to unload process hw_mic when it is already unloaded
[2026-09-03 21:31:06,221] [WARNI] [base.py::46 unload]: Attempted to unload process hw_mic when it is already unloaded
[2026-09-03 21:31:06,221] [ERROR] [jaison.py::136 start]: Could not start HW_MIC process: Failed to start process hw_mic
[2026-09-03 21:31:06,221] [INFO ] [manager.py::27 load]: Loading process by type discord
[2026-09-03 21:31:06,222] [WARNI] [base.py::46 unload]: Attempted to unload process discord when it is already unloaded
[2026-09-03 21:31:06,222] [INFO ] [discord.py::52 reload]: Starting Discord bridge for guild 390301473210236928, channel 390301473210236932.
[2026-09-03 21:31:06,229] [INFO ] [jaison.py::149 start]: JAIson application layer has started.
[2026-09-03 21:31:06,230] [INFO ] [logging.py::106 info]: Running on http://127.0.0.1:7272 (CTRL + C to quit)
[2026-09-03 21:31:06,468] [INFO ] [app_server.py::77 ws]: Opened new websocket connection
[2026-09-03 21:31:10,104] [INFO ] [app_server.py::77 ws]: Opened new websocket connection
[2026-09-03 21:31:19,364] [INFO ] [app_server.py::86 ws]: Closed websocket connection
[2026-09-03 21:31:20,125] [INFO ] [app_server.py::77 ws]: Opened new websocket connection
[2026-09-03 21:31:41,499] [INFO ] [jaison.py::441 create_job]: Queued new context_conversation_add_text job 6a91b157-cd11-477a-ae8e-b5f34f43498c
[2026-09-03 21:31:41,508] [INFO ] [jaison.py::441 create_job]: Queued new response job 511bdf4f-bcfe-40aa-ae07-ad566f76dcfd
[2026-09-03 21:31:42,157] [INFO ] [operation.py::25 __call__]: T2T operation llamacpp completed in 647.3878000397235 ms
[2026-09-03 21:31:43,924] [INFO ] [operation.py::25 __call__]: TTS operation fish_audio completed in 1755.4165999172255 ms
[2026-09-03 21:31:46,394] [INFO ] [operation.py::25 __call__]: TTS operation fish_audio completed in 2469.6887000463903 ms
[2026-09-03 21:31:46,394] [INFO ] [operation.py::25 __call__]: FILTER_TEXT operation chunker_sentence completed in 4236.48590000812 ms
[2026-09-03 21:31:46,394] [INFO ] [operation.py::25 __call__]: FILTER_TEXT operation filter_clean completed in 4236.6195999784395 ms
[2026-09-03 21:31:46,394] [INFO ] [jaison.py::963 response_pipeline]: Response job 511bdf4f-bcfe-40aa-ae07-ad566f76dcfd completed. Content: 'Окей, давай начнем! Что именно тебя интересует?...'
[2026-09-03 21:34:31,326] [INFO ] [jaison.py::110 start]: Starting JAIson application layer.
[2026-09-03 21:34:31,337] [INFO ] [manager.py::300 load_operations_from_config]: Active STT from config: sherpa_ru
[2026-09-03 21:34:33,039] [INFO ] [operation.py::32 start]: Starting STT operation sherpa_ru
[2026-09-03 21:34:33,039] [INFO ] [manager.py::27 load]: Loading process by type sherpa_stt
[2026-09-03 21:34:33,040] [WARNI] [base.py::46 unload]: Attempted to unload process sherpa_stt when it is already unloaded
[2026-09-03 21:34:33,041] [INFO ] [sherpa_server.py::85 _prepare_hotwords_file]: Sherpa STT hotwords validated: 3 entries
[2026-09-03 21:34:33,042] [INFO ] [sherpa_server.py::295 reload]: Sherpa STT config: port=6106 model_dir=C:\Nirmita\models\vosk-model-small-streaming-ru, model_variant=fp32, decoding_method=modified_beam_search, num_active_paths=6, use_endpoint=0, bpe_vocab=C:\Nirmita\models\vosk-model-small-streaming-ru\lang\unigram_500.vocab, hotwords_file=C:\Nirmita\models\hotwords.txt, hotwords_score=3.5
[2026-09-03 21:34:33,042] [INFO ] [sherpa_server.py::307 reload]: Starting Sherpa STT Server with command: C:\Nirmita\.conda312\python.exe C:\Nirmita\apps\stt-sherpa-server\start_server.py --encoder C:\Nirmita\models\vosk-model-small-streaming-ru\am-onnx\encoder.onnx --decoder C:\Nirmita\models\vosk-model-small-streaming-ru\am-onnx\decoder.onnx --joiner C:\Nirmita\models\vosk-model-small-streaming-ru\am-onnx\joiner.onnx --tokens C:\Nirmita\models\vosk-model-small-streaming-ru\lang\tokens.txt --modeling-unit bpe --decoding-method modified_beam_search --num-active-paths 6 --use-endpoint 0 --port 6106 --provider cpu --doc-root C:\Nirmita\apps\stt-sherpa-server --bpe-vocab C:\Nirmita\models\vosk-model-small-streaming-ru\lang\unigram_500.vocab --hotwords-file C:\Nirmita\logs\sherpa_hotwords.resolved.txt --hotwords-score 3.5
[2026-09-03 21:34:37,364] [INFO ] [operation.py::32 start]: Starting T2T operation llamacpp
[2026-09-03 21:34:37,364] [INFO ] [manager.py::27 load]: Loading process by type llamacpp
[2026-09-03 21:34:37,369] [INFO ] [llamacpp.py::81 reload]: Opened Llama.cpp server (PID: 47472) on port 1078 (GPU: 0)
[2026-09-03 21:34:37,370] [INFO ] [llamacpp.py::89 reload]: Waiting for llama-server to be ready at http://127.0.0.1:1078/health ...
[2026-09-03 21:34:41,565] [INFO ] [llamacpp.py::101 reload]: llama-server is ready! (attempt 8, port 1078)
[2026-09-03 21:34:41,580] [INFO ] [fishaudio.py::159 configure]: FishAudioTTS: настроен — model=s2.1-pro-free, reference_id=8579f198..., latency=balanced, sample_rate=44100, speed=1.0
[2026-09-03 21:34:41,580] [INFO ] [operation.py::32 start]: Starting TTS operation fish_audio
[2026-09-03 21:34:41,580] [INFO ] [fishaudio.py::85 start]: FishAudioTTS: операция запущена (WebSocket streaming, format=pcm)
[2026-09-03 21:34:41,582] [INFO ] [operation.py::32 start]: Starting FILTER_TEXT operation filter_clean
[2026-09-03 21:34:42,181] [INFO ] [operation.py::32 start]: Starting FILTER_TEXT operation chunker_sentence
[2026-09-03 21:34:42,705] [INFO ] [manager.py::27 load]: Loading process by type hw_mic
[2026-09-03 21:34:42,705] [WARNI] [base.py::46 unload]: Attempted to unload process hw_mic when it is already unloaded
[2026-09-03 21:34:42,705] [WARNI] [base.py::46 unload]: Attempted to unload process hw_mic when it is already unloaded
[2026-09-03 21:34:42,705] [ERROR] [jaison.py::136 start]: Could not start HW_MIC process: Failed to start process hw_mic
[2026-09-03 21:34:42,705] [INFO ] [manager.py::27 load]: Loading process by type discord
[2026-09-03 21:34:42,706] [WARNI] [base.py::46 unload]: Attempted to unload process discord when it is already unloaded
[2026-09-03 21:34:42,707] [INFO ] [discord.py::52 reload]: Starting Discord bridge for guild 390301473210236928, channel 390301473210236932.
[2026-09-03 21:34:42,714] [INFO ] [jaison.py::149 start]: JAIson application layer has started.
[2026-09-03 21:34:42,714] [INFO ] [logging.py::106 info]: Running on http://127.0.0.1:7272 (CTRL + C to quit)
[2026-09-03 21:34:42,762] [INFO ] [app_server.py::77 ws]: Opened new websocket connection
[2026-09-03 21:34:47,050] [INFO ] [app_server.py::77 ws]: Opened new websocket connection
[2026-09-03 21:34:51,208] [INFO ] [sherpa.py::320 _generate]: Sherpa STT final: len=7 latency_ms=150 source=discord turn=a7754b3d-2a53-45fe-8e98-4390fe13740c utterance=3099432b-5749-4157-af94-164b9560ad10
[2026-09-03 21:34:51,465] [INFO ] [jaison.py::441 create_job]: Queued new context_conversation_add_text job 96f1f274-bb5d-44e1-8372-de3bed5f53c3
[2026-09-03 21:34:51,465] [INFO ] [jaison.py::579 _commit_pending_voice_turn]: Voice turn committed as context-only (no RESPONSE job).
[2026-09-03 21:35:16,119] [INFO ] [app_server.py::86 ws]: Closed websocket connection
[2026-09-03 21:35:18,439] [INFO ] [jaison.py::110 start]: Starting JAIson application layer.
[2026-09-03 21:35:18,452] [INFO ] [manager.py::300 load_operations_from_config]: Active STT from config: sherpa_ru
[2026-09-03 21:35:20,164] [INFO ] [operation.py::32 start]: Starting STT operation sherpa_ru
[2026-09-03 21:35:20,164] [INFO ] [manager.py::27 load]: Loading process by type sherpa_stt
[2026-09-03 21:35:20,165] [WARNI] [base.py::46 unload]: Attempted to unload process sherpa_stt when it is already unloaded
[2026-09-03 21:35:20,166] [INFO ] [sherpa_server.py::85 _prepare_hotwords_file]: Sherpa STT hotwords validated: 3 entries
[2026-09-03 21:35:20,167] [INFO ] [sherpa_server.py::295 reload]: Sherpa STT config: port=6106 model_dir=C:\Nirmita\models\vosk-model-small-streaming-ru, model_variant=fp32, decoding_method=modified_beam_search, num_active_paths=6, use_endpoint=0, bpe_vocab=C:\Nirmita\models\vosk-model-small-streaming-ru\lang\unigram_500.vocab, hotwords_file=C:\Nirmita\models\hotwords.txt, hotwords_score=3.5
[2026-09-03 21:35:20,167] [INFO ] [sherpa_server.py::307 reload]: Starting Sherpa STT Server with command: C:\Nirmita\.conda312\python.exe C:\Nirmita\apps\stt-sherpa-server\start_server.py --encoder C:\Nirmita\models\vosk-model-small-streaming-ru\am-onnx\encoder.onnx --decoder C:\Nirmita\models\vosk-model-small-streaming-ru\am-onnx\decoder.onnx --joiner C:\Nirmita\models\vosk-model-small-streaming-ru\am-onnx\joiner.onnx --tokens C:\Nirmita\models\vosk-model-small-streaming-ru\lang\tokens.txt --modeling-unit bpe --decoding-method modified_beam_search --num-active-paths 6 --use-endpoint 0 --port 6106 --provider cpu --doc-root C:\Nirmita\apps\stt-sherpa-server --bpe-vocab C:\Nirmita\models\vosk-model-small-streaming-ru\lang\unigram_500.vocab --hotwords-file C:\Nirmita\logs\sherpa_hotwords.resolved.txt --hotwords-score 3.5
[2026-09-03 21:35:24,489] [INFO ] [operation.py::32 start]: Starting T2T operation llamacpp
[2026-09-03 21:35:24,490] [INFO ] [manager.py::27 load]: Loading process by type llamacpp
[2026-09-03 21:35:24,495] [INFO ] [llamacpp.py::81 reload]: Opened Llama.cpp server (PID: 45500) on port 11054 (GPU: 0)
[2026-09-03 21:35:24,495] [INFO ] [llamacpp.py::89 reload]: Waiting for llama-server to be ready at http://127.0.0.1:11054/health ...
[2026-09-03 21:35:28,647] [INFO ] [llamacpp.py::101 reload]: llama-server is ready! (attempt 8, port 11054)
[2026-09-03 21:35:28,662] [INFO ] [fishaudio.py::159 configure]: FishAudioTTS: настроен — model=s2.1-pro-free, reference_id=8579f198..., latency=balanced, sample_rate=44100, speed=1.0
[2026-09-03 21:35:28,663] [INFO ] [operation.py::32 start]: Starting TTS operation fish_audio
[2026-09-03 21:35:28,663] [INFO ] [fishaudio.py::85 start]: FishAudioTTS: операция запущена (WebSocket streaming, format=pcm)
[2026-09-03 21:35:28,664] [INFO ] [operation.py::32 start]: Starting FILTER_TEXT operation filter_clean
[2026-09-03 21:35:29,229] [INFO ] [operation.py::32 start]: Starting FILTER_TEXT operation chunker_sentence
[2026-09-03 21:35:29,731] [INFO ] [manager.py::27 load]: Loading process by type hw_mic
[2026-09-03 21:35:29,732] [WARNI] [base.py::46 unload]: Attempted to unload process hw_mic when it is already unloaded
[2026-09-03 21:35:29,732] [WARNI] [base.py::46 unload]: Attempted to unload process hw_mic when it is already unloaded
[2026-09-03 21:35:29,732] [ERROR] [jaison.py::136 start]: Could not start HW_MIC process: Failed to start process hw_mic
[2026-09-03 21:35:29,732] [INFO ] [manager.py::27 load]: Loading process by type discord
[2026-09-03 21:35:29,732] [WARNI] [base.py::46 unload]: Attempted to unload process discord when it is already unloaded
[2026-09-03 21:35:29,732] [INFO ] [discord.py::52 reload]: Starting Discord bridge for guild 390301473210236928, channel 390301473210236932.
[2026-09-03 21:35:29,740] [INFO ] [jaison.py::149 start]: JAIson application layer has started.
[2026-09-03 21:35:29,741] [INFO ] [logging.py::106 info]: Running on http://127.0.0.1:7272 (CTRL + C to quit)
[2026-09-03 21:35:29,982] [INFO ] [app_server.py::77 ws]: Opened new websocket connection
[2026-09-03 21:35:33,583] [INFO ] [app_server.py::77 ws]: Opened new websocket connection
[2026-09-03 21:35:44,276] [INFO ] [sherpa.py::320 _generate]: Sherpa STT final: len=0 latency_ms=32 source=discord turn=dbb68afb-d8dd-493d-9897-7d2ae7e1ddff utterance=0853f6ad-7904-4f84-a17a-f8f5bb220f79
[2026-09-03 21:35:46,923] [INFO ] [sherpa.py::320 _generate]: Sherpa STT final: len=0 latency_ms=28 source=discord turn=207689b6-a04d-41d0-af43-1e6ea3f7badc utterance=612a73dd-a87f-4201-bac5-4701b940cca3
[2026-09-03 21:35:56,579] [INFO ] [sherpa.py::320 _generate]: Sherpa STT final: len=0 latency_ms=62 source=discord turn=e739c8aa-ed82-484e-8496-ac185e7b5145 utterance=a5578f33-149f-40e8-9fea-52c03b353dea
[2026-09-03 21:35:58,089] [INFO ] [sherpa.py::320 _generate]: Sherpa STT final: len=0 latency_ms=57 source=discord turn=0c629ee7-2b3d-44ae-aa02-9e50ebf5d81b utterance=2eb8c845-bc44-47ed-8451-6ffa84a96c59
[2026-09-03 21:35:58,954] [INFO ] [jaison.py::441 create_job]: Queued new context_conversation_add_text job aa00e449-1a12-4a21-bc44-e4d3b3a8536f
[2026-09-03 21:35:58,965] [INFO ] [jaison.py::441 create_job]: Queued new response job a2f171ce-e18b-4dc3-8252-1cb102521b00
[2026-09-03 21:35:59,290] [INFO ] [operation.py::25 __call__]: T2T operation llamacpp completed in 322.92569999117404 ms
[2026-09-03 21:35:59,428] [INFO ] [sherpa.py::320 _generate]: Sherpa STT final: len=0 latency_ms=34 source=discord turn=caf1f444-c671-457d-9357-4f0a5e3b60e1 utterance=dd0d1cc7-87ef-4956-ade9-3cc4277a95a4
[2026-09-03 21:36:00,893] [INFO ] [operation.py::25 __call__]: TTS operation fish_audio completed in 1593.7234999146312 ms
[2026-09-03 21:36:02,471] [INFO ] [operation.py::25 __call__]: TTS operation fish_audio completed in 1577.4809999857098 ms
[2026-09-03 21:36:02,471] [INFO ] [operation.py::25 __call__]: FILTER_TEXT operation chunker_sentence completed in 3181.0781999956816 ms
[2026-09-03 21:36:02,471] [INFO ] [operation.py::25 __call__]: FILTER_TEXT operation filter_clean completed in 3181.22490006499 ms
[2026-09-03 21:36:02,472] [INFO ] [jaison.py::963 response_pipeline]: Response job a2f171ce-e18b-4dc3-8252-1cb102521b00 completed. Content: 'Привет! Как дела?...'
[2026-09-03 21:36:05,466] [INFO ] [sherpa.py::320 _generate]: Sherpa STT final: len=0 latency_ms=183 source=discord turn=2278adf4-db22-4dec-977f-411c3332cd91 utterance=f89a7f3e-8dd2-41f4-b3e1-c5937b588876
[2026-09-03 21:36:19,012] [INFO ] [sherpa.py::320 _generate]: Sherpa STT final: len=7 latency_ms=105 source=discord turn=980dc029-75fb-4eff-862e-d351486f69c6 utterance=9d77d35b-6092-4576-b8a7-860199501e45
[2026-09-03 21:36:19,264] [INFO ] [jaison.py::441 create_job]: Queued new context_conversation_add_text job cac6ed77-dffc-48de-bb74-18c221ac8c89
[2026-09-03 21:36:19,264] [INFO ] [jaison.py::579 _commit_pending_voice_turn]: Voice turn committed as context-only (no RESPONSE job).
[2026-09-03 21:36:22,107] [INFO ] [sherpa.py::320 _generate]: Sherpa STT final: len=0 latency_ms=107 source=discord turn=1259146a-6a81-46e6-988a-8d25ea570445 utterance=9798b842-9340-40a0-863c-c88079e64184
[2026-09-03 21:36:24,994] [INFO ] [sherpa.py::320 _generate]: Sherpa STT final: len=0 latency_ms=55 source=discord turn=2737b483-5f2f-4328-97c8-90597f9cfa98 utterance=c5d8581b-b694-449b-abca-376482cda43f
[2026-09-03 21:36:30,747] [INFO ] [sherpa.py::320 _generate]: Sherpa STT final: len=0 latency_ms=29 source=discord turn=0c3b687f-80d7-43a7-a271-7d94e71eaf9e utterance=1bee4ecd-a4df-47bc-9c28-bd8249c55de9
[2026-09-03 21:36:34,573] [INFO ] [sherpa.py::320 _generate]: Sherpa STT final: len=0 latency_ms=123 source=discord turn=22bc150c-a8eb-4d12-aacf-9b4c2beadae2 utterance=a3b132fc-650b-40d4-adc1-666d5ccdc008
[2026-09-03 21:38:42,110] [INFO ] [app_server.py::86 ws]: Closed websocket connection
[2026-09-03 21:47:32,816] [INFO ] [jaison.py::110 start]: Starting JAIson application layer.
[2026-09-03 21:47:32,827] [INFO ] [manager.py::300 load_operations_from_config]: Active STT from config: sherpa_ru
[2026-09-03 21:47:34,475] [INFO ] [operation.py::32 start]: Starting STT operation sherpa_ru
[2026-09-03 21:47:34,475] [INFO ] [manager.py::27 load]: Loading process by type sherpa_stt
[2026-09-03 21:47:34,477] [WARNI] [base.py::46 unload]: Attempted to unload process sherpa_stt when it is already unloaded
[2026-09-03 21:47:34,478] [INFO ] [sherpa_server.py::85 _prepare_hotwords_file]: Sherpa STT hotwords validated: 3 entries
[2026-09-03 21:47:34,478] [INFO ] [sherpa_server.py::295 reload]: Sherpa STT config: port=6106 model_dir=C:\Nirmita\models\vosk-model-small-streaming-ru, model_variant=fp32, decoding_method=modified_beam_search, num_active_paths=6, use_endpoint=0, bpe_vocab=C:\Nirmita\models\vosk-model-small-streaming-ru\lang\unigram_500.vocab, hotwords_file=C:\Nirmita\models\hotwords.txt, hotwords_score=3.5
[2026-09-03 21:47:34,478] [INFO ] [sherpa_server.py::307 reload]: Starting Sherpa STT Server with command: C:\Nirmita\.conda312\python.exe C:\Nirmita\apps\stt-sherpa-server\start_server.py --encoder C:\Nirmita\models\vosk-model-small-streaming-ru\am-onnx\encoder.onnx --decoder C:\Nirmita\models\vosk-model-small-streaming-ru\am-onnx\decoder.onnx --joiner C:\Nirmita\models\vosk-model-small-streaming-ru\am-onnx\joiner.onnx --tokens C:\Nirmita\models\vosk-model-small-streaming-ru\lang\tokens.txt --modeling-unit bpe --decoding-method modified_beam_search --num-active-paths 6 --use-endpoint 0 --port 6106 --provider cpu --doc-root C:\Nirmita\apps\stt-sherpa-server --bpe-vocab C:\Nirmita\models\vosk-model-small-streaming-ru\lang\unigram_500.vocab --hotwords-file C:\Nirmita\logs\sherpa_hotwords.resolved.txt --hotwords-score 3.5
[2026-09-03 21:47:38,805] [INFO ] [operation.py::32 start]: Starting T2T operation llamacpp
[2026-09-03 21:47:38,805] [INFO ] [manager.py::27 load]: Loading process by type llamacpp
[2026-09-03 21:47:38,811] [INFO ] [llamacpp.py::81 reload]: Opened Llama.cpp server (PID: 45496) on port 10099 (GPU: 0)
[2026-09-03 21:47:38,811] [INFO ] [llamacpp.py::89 reload]: Waiting for llama-server to be ready at http://127.0.0.1:10099/health ...
[2026-09-03 21:47:43,030] [INFO ] [llamacpp.py::101 reload]: llama-server is ready! (attempt 8, port 10099)
[2026-09-03 21:47:43,046] [INFO ] [fishaudio.py::159 configure]: FishAudioTTS: настроен — model=s2.1-pro-free, reference_id=8579f198..., latency=balanced, sample_rate=44100, speed=1.0
[2026-09-03 21:47:43,047] [INFO ] [operation.py::32 start]: Starting TTS operation fish_audio
[2026-09-03 21:47:43,047] [INFO ] [fishaudio.py::85 start]: FishAudioTTS: операция запущена (WebSocket streaming, format=pcm)
[2026-09-03 21:47:43,048] [INFO ] [operation.py::32 start]: Starting FILTER_TEXT operation filter_clean
[2026-09-03 21:47:43,641] [INFO ] [operation.py::32 start]: Starting FILTER_TEXT operation chunker_sentence
[2026-09-03 21:47:44,224] [INFO ] [manager.py::27 load]: Loading process by type hw_mic
[2026-09-03 21:47:44,224] [WARNI] [base.py::46 unload]: Attempted to unload process hw_mic when it is already unloaded
[2026-09-03 21:47:44,224] [WARNI] [base.py::46 unload]: Attempted to unload process hw_mic when it is already unloaded
[2026-09-03 21:47:44,224] [ERROR] [jaison.py::136 start]: Could not start HW_MIC process: Failed to start process hw_mic
[2026-09-03 21:47:44,224] [INFO ] [manager.py::27 load]: Loading process by type discord
[2026-09-03 21:47:44,225] [WARNI] [base.py::46 unload]: Attempted to unload process discord when it is already unloaded
[2026-09-03 21:47:44,225] [INFO ] [discord.py::52 reload]: Starting Discord bridge for guild 390301473210236928, channel 390301473210236932.
[2026-09-03 21:47:44,233] [INFO ] [jaison.py::149 start]: JAIson application layer has started.
[2026-09-03 21:47:44,234] [INFO ] [logging.py::106 info]: Running on http://127.0.0.1:7272 (CTRL + C to quit)
[2026-09-03 21:47:44,439] [INFO ] [app_server.py::77 ws]: Opened new websocket connection
[2026-09-03 21:47:48,064] [INFO ] [app_server.py::77 ws]: Opened new websocket connection
[2026-09-03 21:47:50,960] [INFO ] [sherpa.py::320 _generate]: Sherpa STT final: len=0 latency_ms=53 source=discord turn=f4641fcc-ea01-4314-a973-4f356dc55222 utterance=739b18a6-a2b2-422a-9a16-680fab51d9a0
[2026-09-03 21:48:01,053] [INFO ] [sherpa.py::320 _generate]: Sherpa STT final: len=0 latency_ms=51 source=discord turn=c273ea0b-f7fc-468a-a547-8ab1631769f9 utterance=cc5269c1-02f3-4a6b-b760-8141024337eb
[2026-09-03 21:48:11,481] [INFO ] [sherpa.py::320 _generate]: Sherpa STT final: len=0 latency_ms=111 source=discord turn=24bfc544-cca3-44b5-9b41-df4de1343a50 utterance=e80f82dc-c2c9-43e0-98e1-c62b13085cfa
[2026-09-03 21:48:13,409] [INFO ] [sherpa.py::320 _generate]: Sherpa STT final: len=3 latency_ms=58 source=discord turn=94ceca6e-e352-4a70-9b59-a19eab13668c utterance=71ee9830-17cf-4b7a-8d25-e14b31b7de10
[2026-09-03 21:48:13,662] [INFO ] [jaison.py::441 create_job]: Queued new context_conversation_add_text job cad9291e-b16e-49ae-bbcf-2814ae22c0f4
[2026-09-03 21:48:13,662] [INFO ] [jaison.py::579 _commit_pending_voice_turn]: Voice turn committed as context-only (no RESPONSE job).
[2026-09-03 21:48:18,054] [INFO ] [sherpa.py::320 _generate]: Sherpa STT final: len=0 latency_ms=87 source=discord turn=f6603efa-c270-4316-a14c-64732d1a5cca utterance=1a74e491-a0e3-4d38-8c95-9f3556d4dec0
[2026-09-03 21:48:19,127] [INFO ] [jaison.py::441 create_job]: Queued new context_conversation_add_text job 5e515cc6-e887-4383-ac9f-32a85695734f
[2026-09-03 21:48:19,138] [INFO ] [jaison.py::441 create_job]: Queued new response job 5b5f01ec-16c5-4146-898b-6b18a3cdfbbc
[2026-09-03 21:48:19,415] [INFO ] [sherpa.py::320 _generate]: Sherpa STT final: len=0 latency_ms=42 source=discord turn=30ee385e-801e-45db-8abd-1832c388739d utterance=50679d71-e416-40d3-ac93-a9c7b2757968
[2026-09-03 21:48:19,768] [INFO ] [operation.py::25 __call__]: T2T operation llamacpp completed in 627.8644999256358 ms
[2026-09-03 21:48:21,039] [INFO ] [sherpa.py::320 _generate]: Sherpa STT final: len=0 latency_ms=30 source=discord turn=9b14db87-4c83-4feb-8107-51a73346107e utterance=8bd13da1-2614-4575-938a-0e0e3529e8d5
[2026-09-03 21:48:21,575] [INFO ] [operation.py::25 __call__]: TTS operation fish_audio completed in 1797.3928999854252 ms
[2026-09-03 21:48:23,101] [INFO ] [operation.py::25 __call__]: TTS operation fish_audio completed in 1524.8067999491468 ms
[2026-09-03 21:48:25,087] [INFO ] [operation.py::25 __call__]: TTS operation fish_audio completed in 1986.0946000553668 ms
[2026-09-03 21:48:25,088] [INFO ] [operation.py::25 __call__]: FILTER_TEXT operation chunker_sentence completed in 5319.466799963266 ms
[2026-09-03 21:48:25,088] [INFO ] [operation.py::25 __call__]: FILTER_TEXT operation filter_clean completed in 5319.568600039929 ms
[2026-09-03 21:48:25,088] [INFO ] [jaison.py::963 response_pipeline]: Response job 5b5f01ec-16c5-4146-898b-6b18a3cdfbbc completed. Content: 'Привет! Как дела? Ты в игре, или просто решил поболтать?...'
[2026-09-03 21:48:43,490] [INFO ] [app_server.py::86 ws]: Closed websocket connection
[2026-09-03 21:53:25,840] [INFO ] [jaison.py::110 start]: Starting JAIson application layer.
[2026-09-03 21:53:25,857] [INFO ] [manager.py::300 load_operations_from_config]: Active STT from config: sherpa_ru
[2026-09-03 21:53:27,508] [INFO ] [operation.py::32 start]: Starting STT operation sherpa_ru
[2026-09-03 21:53:27,508] [INFO ] [manager.py::27 load]: Loading process by type sherpa_stt
[2026-09-03 21:53:27,509] [WARNI] [base.py::46 unload]: Attempted to unload process sherpa_stt when it is already unloaded
[2026-09-03 21:53:27,510] [INFO ] [sherpa_server.py::85 _prepare_hotwords_file]: Sherpa STT hotwords validated: 3 entries
[2026-09-03 21:53:27,511] [INFO ] [sherpa_server.py::295 reload]: Sherpa STT config: port=6106 model_dir=C:\Nirmita\models\vosk-model-small-streaming-ru, model_variant=fp32, decoding_method=modified_beam_search, num_active_paths=6, use_endpoint=0, bpe_vocab=C:\Nirmita\models\vosk-model-small-streaming-ru\lang\unigram_500.vocab, hotwords_file=C:\Nirmita\models\hotwords.txt, hotwords_score=3.5
[2026-09-03 21:53:27,511] [INFO ] [sherpa_server.py::307 reload]: Starting Sherpa STT Server with command: C:\Nirmita\.conda312\python.exe C:\Nirmita\apps\stt-sherpa-server\start_server.py --encoder C:\Nirmita\models\vosk-model-small-streaming-ru\am-onnx\encoder.onnx --decoder C:\Nirmita\models\vosk-model-small-streaming-ru\am-onnx\decoder.onnx --joiner C:\Nirmita\models\vosk-model-small-streaming-ru\am-onnx\joiner.onnx --tokens C:\Nirmita\models\vosk-model-small-streaming-ru\lang\tokens.txt --modeling-unit bpe --decoding-method modified_beam_search --num-active-paths 6 --use-endpoint 0 --port 6106 --provider cpu --doc-root C:\Nirmita\apps\stt-sherpa-server --bpe-vocab C:\Nirmita\models\vosk-model-small-streaming-ru\lang\unigram_500.vocab --hotwords-file C:\Nirmita\logs\sherpa_hotwords.resolved.txt --hotwords-score 3.5
[2026-09-03 21:53:31,839] [INFO ] [operation.py::32 start]: Starting T2T operation llamacpp
[2026-09-03 21:53:31,840] [INFO ] [manager.py::27 load]: Loading process by type llamacpp
[2026-09-03 21:53:31,845] [INFO ] [llamacpp.py::81 reload]: Opened Llama.cpp server (PID: 31020) on port 11683 (GPU: 0)
[2026-09-03 21:53:31,845] [INFO ] [llamacpp.py::89 reload]: Waiting for llama-server to be ready at http://127.0.0.1:11683/health ...
[2026-09-03 21:53:36,017] [INFO ] [llamacpp.py::101 reload]: llama-server is ready! (attempt 8, port 11683)
[2026-09-03 21:53:36,032] [INFO ] [fishaudio.py::159 configure]: FishAudioTTS: настроен — model=s2.1-pro-free, reference_id=8579f198..., latency=balanced, sample_rate=44100, speed=1.0
[2026-09-03 21:53:36,032] [INFO ] [operation.py::32 start]: Starting TTS operation fish_audio
[2026-09-03 21:53:36,032] [INFO ] [fishaudio.py::85 start]: FishAudioTTS: операция запущена (WebSocket streaming, format=pcm)
[2026-09-03 21:53:36,034] [INFO ] [operation.py::32 start]: Starting FILTER_TEXT operation filter_clean
[2026-09-03 21:53:36,587] [INFO ] [operation.py::32 start]: Starting FILTER_TEXT operation chunker_sentence
[2026-09-03 21:53:37,096] [INFO ] [manager.py::27 load]: Loading process by type hw_mic
[2026-09-03 21:53:37,096] [WARNI] [base.py::46 unload]: Attempted to unload process hw_mic when it is already unloaded
[2026-09-03 21:53:37,096] [WARNI] [base.py::46 unload]: Attempted to unload process hw_mic when it is already unloaded
[2026-09-03 21:53:37,096] [ERROR] [jaison.py::136 start]: Could not start HW_MIC process: Failed to start process hw_mic
[2026-09-03 21:53:37,096] [INFO ] [manager.py::27 load]: Loading process by type discord
[2026-09-03 21:53:37,097] [WARNI] [base.py::46 unload]: Attempted to unload process discord when it is already unloaded
[2026-09-03 21:53:37,097] [INFO ] [discord.py::52 reload]: Starting Discord bridge for guild 390301473210236928, channel 390301473210236932.
[2026-09-03 21:53:37,104] [INFO ] [jaison.py::149 start]: JAIson application layer has started.
[2026-09-03 21:53:37,105] [INFO ] [logging.py::106 info]: Running on http://127.0.0.1:7272 (CTRL + C to quit)
[2026-09-03 21:53:41,023] [INFO ] [app_server.py::77 ws]: Opened new websocket connection
[2026-09-03 21:53:41,720] [INFO ] [app_server.py::77 ws]: Opened new websocket connection
[2026-09-03 21:53:49,960] [INFO ] [sherpa.py::320 _generate]: Sherpa STT final: len=0 latency_ms=5 source=discord turn=3ed783a2-9cc2-4e84-b701-da6d94d0930f utterance=1b9e79f4-354b-4b73-8fc2-d6569dbbda75
[2026-09-03 21:53:51,427] [INFO ] [sherpa.py::320 _generate]: Sherpa STT final: len=0 latency_ms=31 source=discord turn=dd4f1ad9-b419-496f-bd22-472b3c4cfac4 utterance=51e51972-cbd9-441b-a586-fb1c97105521
[2026-09-03 21:53:57,912] [INFO ] [sherpa.py::320 _generate]: Sherpa STT final: len=0 latency_ms=193 source=discord turn=30e62022-2a52-44d2-8c03-11c9cf730356 utterance=ed80c634-c9a7-41c3-96aa-d1a11eb283d9
[2026-09-03 21:53:58,478] [INFO ] [app_server.py::86 ws]: Closed websocket connection
[2026-09-03 21:53:59,283] [INFO ] [app_server.py::77 ws]: Opened new websocket connection
[2026-09-03 21:53:59,753] [INFO ] [sherpa.py::320 _generate]: Sherpa STT final: len=0 latency_ms=32 source=discord turn=cf4bd50b-025e-4528-9558-611a4b382cff utterance=2ce73dff-07e4-45e8-b80b-1d39359818ad
[2026-09-03 21:54:02,919] [INFO ] [sherpa.py::320 _generate]: Sherpa STT final: len=0 latency_ms=84 source=discord turn=d1f5dfd3-a41e-449e-93c7-9dc0ba6e72de utterance=a9fee120-58e2-4674-9518-46c74fed2ef0
[2026-09-03 21:54:14,701] [INFO ] [sherpa.py::320 _generate]: Sherpa STT final: len=0 latency_ms=35 source=discord turn=489eef5c-ba99-407b-bced-59e1dfe0d622 utterance=d6e63fd7-0e8e-44fd-941c-a7fd07e87429
[2026-09-03 21:54:16,221] [INFO ] [jaison.py::441 create_job]: Queued new context_conversation_add_text job 20a5b656-78c9-47d3-811c-26aa13c647c1
[2026-09-03 21:54:16,231] [INFO ] [jaison.py::441 create_job]: Queued new response job 22250c07-dc8f-433d-9578-20a5ff2183be
[2026-09-03 21:54:16,630] [INFO ] [operation.py::25 __call__]: T2T operation llamacpp completed in 397.0710999565199 ms
[2026-09-03 21:54:18,532] [INFO ] [operation.py::25 __call__]: TTS operation fish_audio completed in 1892.1367999864742 ms
[2026-09-03 21:54:18,532] [INFO ] [operation.py::25 __call__]: FILTER_TEXT operation chunker_sentence completed in 1901.9718999043107 ms
[2026-09-03 21:54:18,532] [INFO ] [operation.py::25 __call__]: FILTER_TEXT operation filter_clean completed in 1902.073800098151 ms
[2026-09-03 21:54:18,533] [INFO ] [jaison.py::963 response_pipeline]: Response job 22250c07-dc8f-433d-9578-20a5ff2183be completed. Content: 'Дела норм, как у тебя?...'
[2026-09-03 21:54:22,309] [INFO ] [sherpa.py::320 _generate]: Sherpa STT final: len=0 latency_ms=23 source=discord turn=726912f0-d783-41ae-9cb3-44ced3007c4e utterance=63cb2f2a-5ef9-4281-b427-3e9743136f69
[2026-09-03 21:54:27,435] [INFO ] [sherpa.py::320 _generate]: Sherpa STT final: len=0 latency_ms=130 source=discord turn=4099ead1-7674-44fd-9183-cfd0ad6e8230 utterance=150f03b8-edae-4ed7-a997-ed7d5c0949b2
[2026-09-03 21:58:12,377] [INFO ] [app_server.py::86 ws]: Closed websocket connection
[2026-09-03 21:58:16,866] [INFO ] [jaison.py::110 start]: Starting JAIson application layer.
[2026-09-03 21:58:16,877] [INFO ] [manager.py::300 load_operations_from_config]: Active STT from config: sherpa_ru
[2026-09-03 21:58:18,654] [INFO ] [operation.py::32 start]: Starting STT operation sherpa_ru
[2026-09-03 21:58:18,654] [INFO ] [manager.py::27 load]: Loading process by type sherpa_stt
[2026-09-03 21:58:18,655] [WARNI] [base.py::46 unload]: Attempted to unload process sherpa_stt when it is already unloaded
[2026-09-03 21:58:18,657] [INFO ] [sherpa_server.py::85 _prepare_hotwords_file]: Sherpa STT hotwords validated: 3 entries
[2026-09-03 21:58:18,657] [INFO ] [sherpa_server.py::295 reload]: Sherpa STT config: port=6106 model_dir=C:\Nirmita\models\vosk-model-small-streaming-ru, model_variant=fp32, decoding_method=modified_beam_search, num_active_paths=6, use_endpoint=0, bpe_vocab=C:\Nirmita\models\vosk-model-small-streaming-ru\lang\unigram_500.vocab, hotwords_file=C:\Nirmita\models\hotwords.txt, hotwords_score=3.5
[2026-09-03 21:58:18,657] [INFO ] [sherpa_server.py::307 reload]: Starting Sherpa STT Server with command: C:\Nirmita\.conda312\python.exe C:\Nirmita\apps\stt-sherpa-server\start_server.py --encoder C:\Nirmita\models\vosk-model-small-streaming-ru\am-onnx\encoder.onnx --decoder C:\Nirmita\models\vosk-model-small-streaming-ru\am-onnx\decoder.onnx --joiner C:\Nirmita\models\vosk-model-small-streaming-ru\am-onnx\joiner.onnx --tokens C:\Nirmita\models\vosk-model-small-streaming-ru\lang\tokens.txt --modeling-unit bpe --decoding-method modified_beam_search --num-active-paths 6 --use-endpoint 0 --port 6106 --provider cpu --doc-root C:\Nirmita\apps\stt-sherpa-server --bpe-vocab C:\Nirmita\models\vosk-model-small-streaming-ru\lang\unigram_500.vocab --hotwords-file C:\Nirmita\logs\sherpa_hotwords.resolved.txt --hotwords-score 3.5
[2026-09-03 21:58:22,988] [INFO ] [operation.py::32 start]: Starting T2T operation llamacpp
[2026-09-03 21:58:22,988] [INFO ] [manager.py::27 load]: Loading process by type llamacpp
[2026-09-03 21:58:22,993] [INFO ] [llamacpp.py::81 reload]: Opened Llama.cpp server (PID: 38952) on port 4298 (GPU: 0)
[2026-09-03 21:58:22,993] [INFO ] [llamacpp.py::89 reload]: Waiting for llama-server to be ready at http://127.0.0.1:4298/health ...
[2026-09-03 21:58:27,182] [INFO ] [llamacpp.py::101 reload]: llama-server is ready! (attempt 8, port 4298)
[2026-09-03 21:58:27,199] [INFO ] [fishaudio.py::159 configure]: FishAudioTTS: настроен — model=s2.1-pro-free, reference_id=8579f198..., latency=balanced, sample_rate=44100, speed=1.0
[2026-09-03 21:58:27,199] [INFO ] [operation.py::32 start]: Starting TTS operation fish_audio
[2026-09-03 21:58:27,199] [INFO ] [fishaudio.py::85 start]: FishAudioTTS: операция запущена (WebSocket streaming, format=pcm)
[2026-09-03 21:58:27,200] [INFO ] [operation.py::32 start]: Starting FILTER_TEXT operation filter_clean
[2026-09-03 21:58:27,752] [INFO ] [operation.py::32 start]: Starting FILTER_TEXT operation chunker_sentence
[2026-09-03 21:58:28,253] [INFO ] [manager.py::27 load]: Loading process by type hw_mic
[2026-09-03 21:58:28,254] [WARNI] [base.py::46 unload]: Attempted to unload process hw_mic when it is already unloaded
[2026-09-03 21:58:28,254] [WARNI] [base.py::46 unload]: Attempted to unload process hw_mic when it is already unloaded
[2026-09-03 21:58:28,254] [ERROR] [jaison.py::136 start]: Could not start HW_MIC process: Failed to start process hw_mic
[2026-09-03 21:58:28,254] [INFO ] [manager.py::27 load]: Loading process by type discord
[2026-09-03 21:58:28,254] [WARNI] [base.py::46 unload]: Attempted to unload process discord when it is already unloaded
[2026-09-03 21:58:28,254] [INFO ] [discord.py::52 reload]: Starting Discord bridge for guild 390301473210236928, channel 390301473210236932.
[2026-09-03 21:58:28,263] [INFO ] [jaison.py::149 start]: JAIson application layer has started.
[2026-09-03 21:58:28,263] [INFO ] [logging.py::106 info]: Running on http://127.0.0.1:7272 (CTRL + C to quit)
[2026-09-03 21:58:30,893] [INFO ] [app_server.py::77 ws]: Opened new websocket connection
[2026-09-03 21:58:32,870] [INFO ] [app_server.py::77 ws]: Opened new websocket connection
[2026-09-03 21:58:42,146] [INFO ] [sherpa.py::320 _generate]: Sherpa STT final: len=0 latency_ms=50 source=discord turn=11314c22-f9e1-48a6-8879-96c00299ba90 utterance=c9ecbe76-058e-4d93-96e5-1ab8895b2df1
[2026-09-03 21:58:51,308] [INFO ] [sherpa.py::320 _generate]: Sherpa STT final: len=0 latency_ms=142 source=discord turn=d9dd2dee-3262-41e1-bec4-120f328b22d1 utterance=84713b7c-f776-4940-9b80-9f00dcff4358
[2026-09-03 21:58:55,557] [INFO ] [sherpa.py::320 _generate]: Sherpa STT final: len=0 latency_ms=375 source=discord turn=a8c8b00e-0c67-4c85-a0e5-b12735fef279 utterance=d073e064-48d8-429e-a040-9e1e402f7eef
[2026-09-03 21:58:56,708] [INFO ] [app_server.py::86 ws]: Closed websocket connection
[2026-09-03 21:58:57,457] [INFO ] [app_server.py::77 ws]: Opened new websocket connection
[2026-09-03 21:59:01,129] [INFO ] [sherpa.py::320 _generate]: Sherpa STT final: len=0 latency_ms=232 source=discord turn=e0fd63cf-c422-428b-9970-8285db48dcea utterance=96e227dc-5c47-4a1c-8cda-399e170820b4
[2026-09-03 21:59:13,977] [INFO ] [app_server.py::86 ws]: Closed websocket connection
[2026-09-03 22:07:46,023] [INFO ] [jaison.py::110 start]: Starting JAIson application layer.
[2026-09-03 22:07:46,036] [INFO ] [manager.py::300 load_operations_from_config]: Active STT from config: sherpa_ru
[2026-09-03 22:07:47,699] [INFO ] [operation.py::32 start]: Starting STT operation sherpa_ru
[2026-09-03 22:07:47,699] [INFO ] [manager.py::27 load]: Loading process by type sherpa_stt
[2026-09-03 22:07:47,701] [WARNI] [base.py::46 unload]: Attempted to unload process sherpa_stt when it is already unloaded
[2026-09-03 22:07:47,702] [INFO ] [sherpa_server.py::85 _prepare_hotwords_file]: Sherpa STT hotwords validated: 3 entries
[2026-09-03 22:07:47,702] [INFO ] [sherpa_server.py::295 reload]: Sherpa STT config: port=6106 model_dir=C:\Nirmita\models\vosk-model-small-streaming-ru, model_variant=fp32, decoding_method=modified_beam_search, num_active_paths=6, use_endpoint=0, bpe_vocab=C:\Nirmita\models\vosk-model-small-streaming-ru\lang\unigram_500.vocab, hotwords_file=C:\Nirmita\models\hotwords.txt, hotwords_score=3.5
[2026-09-03 22:07:47,702] [INFO ] [sherpa_server.py::307 reload]: Starting Sherpa STT Server with command: C:\Nirmita\.conda312\python.exe C:\Nirmita\apps\stt-sherpa-server\start_server.py --encoder C:\Nirmita\models\vosk-model-small-streaming-ru\am-onnx\encoder.onnx --decoder C:\Nirmita\models\vosk-model-small-streaming-ru\am-onnx\decoder.onnx --joiner C:\Nirmita\models\vosk-model-small-streaming-ru\am-onnx\joiner.onnx --tokens C:\Nirmita\models\vosk-model-small-streaming-ru\lang\tokens.txt --modeling-unit bpe --decoding-method modified_beam_search --num-active-paths 6 --use-endpoint 0 --port 6106 --provider cpu --doc-root C:\Nirmita\apps\stt-sherpa-server --bpe-vocab C:\Nirmita\models\vosk-model-small-streaming-ru\lang\unigram_500.vocab --hotwords-file C:\Nirmita\logs\sherpa_hotwords.resolved.txt --hotwords-score 3.5
[2026-09-03 22:07:52,019] [INFO ] [operation.py::32 start]: Starting T2T operation llamacpp
[2026-09-03 22:07:52,020] [INFO ] [manager.py::27 load]: Loading process by type llamacpp
[2026-09-03 22:07:52,025] [INFO ] [llamacpp.py::81 reload]: Opened Llama.cpp server (PID: 45696) on port 2487 (GPU: 0)
[2026-09-03 22:07:52,025] [INFO ] [llamacpp.py::89 reload]: Waiting for llama-server to be ready at http://127.0.0.1:2487/health ...
[2026-09-03 22:07:56,185] [INFO ] [llamacpp.py::101 reload]: llama-server is ready! (attempt 8, port 2487)
[2026-09-03 22:07:56,201] [INFO ] [fishaudio.py::159 configure]: FishAudioTTS: настроен — model=s2.1-pro-free, reference_id=8579f198..., latency=balanced, sample_rate=44100, speed=1.0
[2026-09-03 22:07:56,201] [INFO ] [operation.py::32 start]: Starting TTS operation fish_audio
[2026-09-03 22:07:56,201] [INFO ] [fishaudio.py::85 start]: FishAudioTTS: операция запущена (WebSocket streaming, format=pcm)
[2026-09-03 22:07:56,202] [INFO ] [operation.py::32 start]: Starting FILTER_TEXT operation filter_clean
[2026-09-03 22:07:56,773] [INFO ] [operation.py::32 start]: Starting FILTER_TEXT operation chunker_sentence
[2026-09-03 22:07:57,283] [INFO ] [manager.py::27 load]: Loading process by type hw_mic
[2026-09-03 22:07:57,284] [WARNI] [base.py::46 unload]: Attempted to unload process hw_mic when it is already unloaded
[2026-09-03 22:07:57,284] [WARNI] [base.py::46 unload]: Attempted to unload process hw_mic when it is already unloaded
[2026-09-03 22:07:57,284] [ERROR] [jaison.py::136 start]: Could not start HW_MIC process: Failed to start process hw_mic
[2026-09-03 22:07:57,284] [INFO ] [manager.py::27 load]: Loading process by type discord
[2026-09-03 22:07:57,284] [WARNI] [base.py::46 unload]: Attempted to unload process discord when it is already unloaded
[2026-09-03 22:07:57,284] [INFO ] [discord.py::52 reload]: Starting Discord bridge for guild 390301473210236928, channel 390301473210236932.
[2026-09-03 22:07:57,291] [INFO ] [jaison.py::149 start]: JAIson application layer has started.
[2026-09-03 22:07:57,292] [INFO ] [logging.py::106 info]: Running on http://127.0.0.1:7272 (CTRL + C to quit)
[2026-09-03 22:07:57,452] [INFO ] [app_server.py::77 ws]: Opened new websocket connection
[2026-09-03 22:08:01,484] [INFO ] [app_server.py::77 ws]: Opened new websocket connection
[2026-09-03 22:08:05,899] [INFO ] [jaison.py::441 create_job]: Queued new context_conversation_add_text job d0b17f01-d5a9-430f-9eb7-3e98f3349215
[2026-09-03 22:08:05,914] [INFO ] [jaison.py::441 create_job]: Queued new response job db0f5858-9a52-4dc2-b0aa-a8cf6ef63515
[2026-09-03 22:08:06,273] [INFO ] [operation.py::25 __call__]: T2T operation llamacpp completed in 357.5046999612823 ms
[2026-09-03 22:08:08,071] [INFO ] [operation.py::25 __call__]: TTS operation fish_audio completed in 1790.3257999569178 ms
[2026-09-03 22:08:09,705] [INFO ] [operation.py::25 __call__]: TTS operation fish_audio completed in 1633.5779000073671 ms
[2026-09-03 22:08:09,705] [INFO ] [operation.py::25 __call__]: FILTER_TEXT operation chunker_sentence completed in 3432.372200069949 ms
[2026-09-03 22:08:09,705] [INFO ] [operation.py::25 __call__]: FILTER_TEXT operation filter_clean completed in 3432.4859000043944 ms
[2026-09-03 22:08:09,706] [INFO ] [jaison.py::963 response_pipeline]: Response job db0f5858-9a52-4dc2-b0aa-a8cf6ef63515 completed. Content: 'Привет! Как твои дела?...'
[2026-09-03 22:08:17,810] [INFO ] [jaison.py::441 create_job]: Queued new context_conversation_add_text job 867d0f76-3f70-4d4d-b437-ec34bf07b629
[2026-09-03 22:08:17,820] [INFO ] [jaison.py::441 create_job]: Queued new response job df57738c-7afe-408c-8118-43cb9f78ccb9
[2026-09-03 22:08:18,845] [INFO ] [operation.py::25 __call__]: T2T operation llamacpp completed in 1024.5316999498755 ms
[2026-09-03 22:08:20,629] [INFO ] [operation.py::25 __call__]: TTS operation fish_audio completed in 1767.1205999795347 ms
[2026-09-03 22:08:22,485] [INFO ] [operation.py::25 __call__]: TTS operation fish_audio completed in 1856.886800029315 ms
[2026-09-03 22:08:24,944] [INFO ] [operation.py::25 __call__]: TTS operation fish_audio completed in 2458.445700001903 ms
[2026-09-03 22:08:24,945] [INFO ] [operation.py::25 __call__]: FILTER_TEXT operation chunker_sentence completed in 6098.676200024784 ms
[2026-09-03 22:08:24,945] [INFO ] [operation.py::25 __call__]: FILTER_TEXT operation filter_clean completed in 6098.822399973869 ms
[2026-09-03 22:08:24,945] [INFO ] [jaison.py::963 response_pipeline]: Response job df57738c-7afe-408c-8118-43cb9f78ccb9 completed. Content: 'Ой, столько всего! Слышала, вышла новая игра? Хочешь послушать о том, кто у нас в школе наделал сего...'
[2026-09-03 22:12:49,300] [INFO ] [app_server.py::86 ws]: Closed websocket connection
[2026-09-03 22:12:50,915] [INFO ] [jaison.py::110 start]: Starting JAIson application layer.
[2026-09-03 22:12:50,926] [INFO ] [manager.py::300 load_operations_from_config]: Active STT from config: sherpa_ru
[2026-09-03 22:12:52,619] [INFO ] [operation.py::32 start]: Starting STT operation sherpa_ru
[2026-09-03 22:12:52,619] [INFO ] [manager.py::27 load]: Loading process by type sherpa_stt
[2026-09-03 22:12:52,620] [WARNI] [base.py::46 unload]: Attempted to unload process sherpa_stt when it is already unloaded
[2026-09-03 22:12:52,621] [INFO ] [sherpa_server.py::85 _prepare_hotwords_file]: Sherpa STT hotwords validated: 3 entries
[2026-09-03 22:12:52,621] [INFO ] [sherpa_server.py::295 reload]: Sherpa STT config: port=6106 model_dir=C:\Nirmita\models\vosk-model-small-streaming-ru, model_variant=fp32, decoding_method=modified_beam_search, num_active_paths=6, use_endpoint=0, bpe_vocab=C:\Nirmita\models\vosk-model-small-streaming-ru\lang\unigram_500.vocab, hotwords_file=C:\Nirmita\models\hotwords.txt, hotwords_score=3.5
[2026-09-03 22:12:52,621] [INFO ] [sherpa_server.py::307 reload]: Starting Sherpa STT Server with command: C:\Nirmita\.conda312\python.exe C:\Nirmita\apps\stt-sherpa-server\start_server.py --encoder C:\Nirmita\models\vosk-model-small-streaming-ru\am-onnx\encoder.onnx --decoder C:\Nirmita\models\vosk-model-small-streaming-ru\am-onnx\decoder.onnx --joiner C:\Nirmita\models\vosk-model-small-streaming-ru\am-onnx\joiner.onnx --tokens C:\Nirmita\models\vosk-model-small-streaming-ru\lang\tokens.txt --modeling-unit bpe --decoding-method modified_beam_search --num-active-paths 6 --use-endpoint 0 --port 6106 --provider cpu --doc-root C:\Nirmita\apps\stt-sherpa-server --bpe-vocab C:\Nirmita\models\vosk-model-small-streaming-ru\lang\unigram_500.vocab --hotwords-file C:\Nirmita\logs\sherpa_hotwords.resolved.txt --hotwords-score 3.5
[2026-09-03 22:12:56,947] [INFO ] [operation.py::32 start]: Starting T2T operation llamacpp
[2026-09-03 22:12:56,947] [INFO ] [manager.py::27 load]: Loading process by type llamacpp
[2026-09-03 22:12:56,953] [INFO ] [llamacpp.py::81 reload]: Opened Llama.cpp server (PID: 29772) on port 9281 (GPU: 0)
[2026-09-03 22:12:56,953] [INFO ] [llamacpp.py::89 reload]: Waiting for llama-server to be ready at http://127.0.0.1:9281/health ...
[2026-09-03 22:13:01,169] [INFO ] [llamacpp.py::101 reload]: llama-server is ready! (attempt 8, port 9281)
[2026-09-03 22:13:01,185] [INFO ] [fishaudio.py::159 configure]: FishAudioTTS: настроен — model=s2.1-pro-free, reference_id=8579f198..., latency=balanced, sample_rate=44100, speed=1.0
[2026-09-03 22:13:01,185] [INFO ] [operation.py::32 start]: Starting TTS operation fish_audio
[2026-09-03 22:13:01,186] [INFO ] [fishaudio.py::85 start]: FishAudioTTS: операция запущена (WebSocket streaming, format=pcm)
[2026-09-03 22:13:01,187] [INFO ] [operation.py::32 start]: Starting FILTER_TEXT operation filter_clean
[2026-09-03 22:13:01,835] [INFO ] [operation.py::32 start]: Starting FILTER_TEXT operation chunker_sentence
[2026-09-03 22:13:02,446] [INFO ] [manager.py::27 load]: Loading process by type hw_mic
[2026-09-03 22:13:02,448] [WARNI] [base.py::46 unload]: Attempted to unload process hw_mic when it is already unloaded
[2026-09-03 22:13:02,448] [WARNI] [base.py::46 unload]: Attempted to unload process hw_mic when it is already unloaded
[2026-09-03 22:13:02,448] [ERROR] [jaison.py::136 start]: Could not start HW_MIC process: Failed to start process hw_mic
[2026-09-03 22:13:02,448] [INFO ] [manager.py::27 load]: Loading process by type discord
[2026-09-03 22:13:02,448] [WARNI] [base.py::46 unload]: Attempted to unload process discord when it is already unloaded
[2026-09-03 22:13:02,448] [INFO ] [discord.py::52 reload]: Starting Discord bridge for guild 390301473210236928, channel 390301473210236932.
[2026-09-03 22:13:02,456] [INFO ] [jaison.py::149 start]: JAIson application layer has started.
[2026-09-03 22:13:02,457] [INFO ] [logging.py::106 info]: Running on http://127.0.0.1:7272 (CTRL + C to quit)
[2026-09-03 22:13:02,955] [INFO ] [app_server.py::77 ws]: Opened new websocket connection
[2026-09-03 22:13:07,208] [INFO ] [app_server.py::77 ws]: Opened new websocket connection
[2026-09-03 22:13:13,947] [INFO ] [jaison.py::441 create_job]: Queued new context_conversation_add_text job 8be937d9-93f2-4427-8438-39436a255c95
[2026-09-03 22:13:13,958] [INFO ] [jaison.py::441 create_job]: Queued new response job d130061e-d53a-4aae-8f8d-fdbbfa8688ea
[2026-09-03 22:13:14,288] [INFO ] [operation.py::25 __call__]: T2T operation llamacpp completed in 329.91349999792874 ms
[2026-09-03 22:13:15,805] [INFO ] [operation.py::25 __call__]: TTS operation fish_audio completed in 1506.7298000212759 ms
[2026-09-03 22:13:17,352] [INFO ] [operation.py::25 __call__]: TTS operation fish_audio completed in 1546.395800076425 ms
[2026-09-03 22:13:17,352] [INFO ] [operation.py::25 __call__]: FILTER_TEXT operation chunker_sentence completed in 3063.081600004807 ms
[2026-09-03 22:13:17,352] [INFO ] [operation.py::25 __call__]: FILTER_TEXT operation filter_clean completed in 3063.181599951349 ms
[2026-09-03 22:13:17,353] [INFO ] [jaison.py::963 response_pipeline]: Response job d130061e-d53a-4aae-8f8d-fdbbfa8688ea completed. Content: 'Привет! Как дела?...'
[2026-09-03 22:13:25,004] [INFO ] [sherpa.py::320 _generate]: Sherpa STT final: len=0 latency_ms=53 source=discord turn=8a8d31ec-6546-4e5b-a98c-4e9f752cd8b9 utterance=40801292-b1e1-46a4-a10b-821243db851e
[2026-09-03 22:13:27,444] [INFO ] [sherpa.py::320 _generate]: Sherpa STT final: len=0 latency_ms=51 source=discord turn=ffb95bef-4df1-4dbf-a744-09cd47cb42eb utterance=c219ef55-7c6a-41e5-8abd-6681ef2f3c64
[2026-09-03 22:13:34,892] [INFO ] [sherpa.py::320 _generate]: Sherpa STT final: len=8 latency_ms=172 source=discord turn=c2c597c2-745d-494f-98fb-0d3467416116 utterance=10206658-d0a5-46c2-8217-51dcc5169939
[2026-09-03 22:13:34,892] [INFO ] [jaison.py::480 _interrupt_jobs]: Smart Barge-in: Interrupting and clearing queue due to: user_speaking_significant
[2026-09-03 22:13:35,145] [INFO ] [jaison.py::441 create_job]: Queued new context_conversation_add_text job 9fca9ba1-a753-4701-aa17-6dfdc260203e
[2026-09-03 22:13:35,145] [INFO ] [jaison.py::441 create_job]: Queued new response job b8b91c56-d22a-4326-853d-b602aca86ee8
[2026-09-03 22:13:35,818] [INFO ] [operation.py::25 __call__]: T2T operation llamacpp completed in 672.3167999880388 ms
[2026-09-03 22:13:38,004] [INFO ] [operation.py::25 __call__]: TTS operation fish_audio completed in 2177.6832999894395 ms
[2026-09-03 22:13:38,004] [INFO ] [operation.py::25 __call__]: FILTER_TEXT operation chunker_sentence completed in 2185.8326999936253 ms
[2026-09-03 22:13:38,004] [INFO ] [operation.py::25 __call__]: FILTER_TEXT operation filter_clean completed in 2185.9295000322163 ms
[2026-09-03 22:13:38,005] [INFO ] [jaison.py::963 response_pipeline]: Response job b8b91c56-d22a-4326-853d-b602aca86ee8 completed. Content: 'Давай, расскажи, что нового у тебя в учебном процессе!...'
[2026-09-03 22:13:45,915] [INFO ] [sherpa.py::320 _generate]: Sherpa STT final: len=0 latency_ms=69 source=discord turn=874f7431-4868-4bc1-a058-560a024f063e utterance=a5c85042-6c50-41e0-947a-575a9a27d45d
[2026-09-03 22:14:16,935] [INFO ] [sherpa.py::320 _generate]: Sherpa STT final: len=0 latency_ms=91 source=discord turn=955915f1-6ff3-4ed3-b780-48517b606111 utterance=791178af-3895-4388-99d1-2cbd40ad229b
[2026-09-03 22:14:54,463] [INFO ] [app_server.py::86 ws]: Closed websocket connection
[2026-09-03 22:42:33,491] [INFO ] [jaison.py::110 start]: Starting JAIson application layer.
[2026-09-03 22:42:33,502] [INFO ] [manager.py::300 load_operations_from_config]: Active STT from config: faster_whisper_ru
[2026-09-03 22:42:35,314] [INFO ] [operation.py::32 start]: Starting STT operation faster_whisper_ru
[2026-09-03 22:42:35,314] [INFO ] [faster_whisper.py::35 start]: Loading Faster Whisper model 'large-v3' on cuda (float16)...
[2026-09-03 22:42:40,874] [INFO ] [faster_whisper.py::38 start]: Faster Whisper model loaded successfully.
[2026-09-03 22:42:40,877] [INFO ] [operation.py::32 start]: Starting T2T operation llamacpp
[2026-09-03 22:42:40,877] [INFO ] [manager.py::27 load]: Loading process by type llamacpp
[2026-09-03 22:42:40,883] [INFO ] [llamacpp.py::81 reload]: Opened Llama.cpp server (PID: 45240) on port 2866 (GPU: 0)
[2026-09-03 22:42:40,883] [INFO ] [llamacpp.py::89 reload]: Waiting for llama-server to be ready at http://127.0.0.1:2866/health ...
[2026-09-03 22:42:46,153] [INFO ] [llamacpp.py::101 reload]: llama-server is ready! (attempt 10, port 2866)
[2026-09-03 22:42:46,180] [INFO ] [fishaudio.py::159 configure]: FishAudioTTS: настроен — model=s2.1-pro-free, reference_id=8579f198..., latency=balanced, sample_rate=44100, speed=1.0
[2026-09-03 22:42:46,181] [INFO ] [operation.py::32 start]: Starting TTS operation fish_audio
[2026-09-03 22:42:46,181] [INFO ] [fishaudio.py::85 start]: FishAudioTTS: операция запущена (WebSocket streaming, format=pcm)
[2026-09-03 22:42:46,183] [INFO ] [operation.py::32 start]: Starting FILTER_TEXT operation filter_clean
[2026-09-03 22:42:50,068] [INFO ] [operation.py::32 start]: Starting FILTER_TEXT operation chunker_sentence
[2026-09-03 22:42:50,611] [INFO ] [manager.py::27 load]: Loading process by type hw_mic
[2026-09-03 22:42:50,612] [WARNI] [base.py::46 unload]: Attempted to unload process hw_mic when it is already unloaded
[2026-09-03 22:42:50,612] [WARNI] [base.py::46 unload]: Attempted to unload process hw_mic when it is already unloaded
[2026-09-03 22:42:50,612] [ERROR] [jaison.py::136 start]: Could not start HW_MIC process: Failed to start process hw_mic
[2026-09-03 22:42:50,613] [INFO ] [manager.py::27 load]: Loading process by type discord
[2026-09-03 22:42:50,613] [WARNI] [base.py::46 unload]: Attempted to unload process discord when it is already unloaded
[2026-09-03 22:42:50,613] [INFO ] [discord.py::52 reload]: Starting Discord bridge for guild 390301473210236928, channel 390301473210236932.
[2026-09-03 22:42:50,620] [INFO ] [jaison.py::149 start]: JAIson application layer has started.
[2026-09-03 22:42:50,622] [INFO ] [logging.py::106 info]: Running on http://127.0.0.1:7272 (CTRL + C to quit)
[2026-09-03 22:42:53,351] [INFO ] [app_server.py::77 ws]: Opened new websocket connection
[2026-09-03 22:42:54,389] [INFO ] [app_server.py::77 ws]: Opened new websocket connection
[2026-09-03 22:43:16,223] [INFO ] [app_server.py::86 ws]: Closed websocket connection
[2026-09-03 22:43:17,064] [INFO ] [app_server.py::77 ws]: Opened new websocket connection
[2026-09-03 22:43:19,874] [INFO ] [jaison.py::441 create_job]: Queued new context_conversation_add_text job 9248bcaa-6e73-41ed-a56a-e10fec4987de
[2026-09-03 22:43:19,886] [INFO ] [jaison.py::441 create_job]: Queued new response job c18c5e3c-6714-4638-9641-a4c859a2e853
[2026-09-03 22:43:20,249] [INFO ] [operation.py::25 __call__]: T2T operation llamacpp completed in 360.7301999581978 ms
[2026-09-03 22:43:21,526] [INFO ] [operation.py::25 __call__]: TTS operation fish_audio completed in 1261.6736999480054 ms
[2026-09-03 22:43:23,274] [INFO ] [operation.py::25 __call__]: TTS operation fish_audio completed in 1748.2889000093564 ms
[2026-09-03 22:43:23,275] [INFO ] [operation.py::25 __call__]: FILTER_TEXT operation chunker_sentence completed in 3025.456800009124 ms
[2026-09-03 22:43:23,275] [INFO ] [operation.py::25 __call__]: FILTER_TEXT operation filter_clean completed in 3025.5613999906927 ms
[2026-09-03 22:43:23,275] [INFO ] [jaison.py::963 response_pipeline]: Response job c18c5e3c-6714-4638-9641-a4c859a2e853 completed. Content: 'Привет! Как дела?...'
[2026-09-03 22:43:32,203] [INFO ] [transcribe.py::881 transcribe]: Processing audio with duration 00:00.960
[2026-09-03 22:43:32,320] [INFO ] [transcribe.py::895 transcribe]: VAD filter removed 00:00.960 of audio
[2026-09-03 22:43:39,060] [INFO ] [transcribe.py::881 transcribe]: Processing audio with duration 00:02.058
[2026-09-03 22:43:39,066] [INFO ] [transcribe.py::895 transcribe]: VAD filter removed 00:02.058 of audio
[2026-09-03 22:43:40,660] [INFO ] [transcribe.py::881 transcribe]: Processing audio with duration 00:00.670
[2026-09-03 22:43:40,662] [INFO ] [transcribe.py::895 transcribe]: VAD filter removed 00:00.000 of audio
[2026-09-03 22:43:44,574] [INFO ] [transcribe.py::881 transcribe]: Processing audio with duration 00:01.202
[2026-09-03 22:43:44,577] [INFO ] [transcribe.py::895 transcribe]: VAD filter removed 00:01.202 of audio
[2026-09-03 22:43:46,394] [INFO ] [transcribe.py::881 transcribe]: Processing audio with duration 00:01.585
[2026-09-03 22:43:46,397] [INFO ] [transcribe.py::895 transcribe]: VAD filter removed 00:01.585 of audio
[2026-09-03 22:43:53,808] [INFO ] [transcribe.py::881 transcribe]: Processing audio with duration 00:01.750
[2026-09-03 22:43:53,811] [INFO ] [transcribe.py::895 transcribe]: VAD filter removed 00:00.000 of audio
[2026-09-03 22:43:57,214] [INFO ] [jaison.py::480 _interrupt_jobs]: Smart Barge-in: Interrupting and clearing queue due to: user_speaking_significant
[2026-09-03 22:43:57,470] [INFO ] [jaison.py::441 create_job]: Queued new context_conversation_add_text job 53889c7d-cbd7-4e1a-8e62-28528889bcb9
[2026-09-03 22:43:57,470] [INFO ] [jaison.py::441 create_job]: Queued new response job cbdf673f-c13a-4e56-99d2-3e004b5443d2
[2026-09-03 22:43:58,845] [INFO ] [transcribe.py::881 transcribe]: Processing audio with duration 00:01.948
[2026-09-03 22:43:58,854] [INFO ] [transcribe.py::895 transcribe]: VAD filter removed 00:01.948 of audio
[2026-09-03 22:43:59,104] [INFO ] [operation.py::25 __call__]: T2T operation llamacpp completed in 1633.234600070864 ms
[2026-09-03 22:44:02,033] [INFO ] [operation.py::25 __call__]: TTS operation fish_audio completed in 2915.5764000024647 ms
[2026-09-03 22:44:03,640] [INFO ] [transcribe.py::881 transcribe]: Processing audio with duration 00:01.815
[2026-09-03 22:44:03,644] [INFO ] [transcribe.py::895 transcribe]: VAD filter removed 00:01.815 of audio
[2026-09-03 22:44:04,175] [INFO ] [operation.py::25 __call__]: TTS operation fish_audio completed in 2141.6923000942916 ms
[2026-09-03 22:44:04,175] [INFO ] [operation.py::25 __call__]: FILTER_TEXT operation chunker_sentence completed in 5070.9941000677645 ms
[2026-09-03 22:44:04,175] [INFO ] [operation.py::25 __call__]: FILTER_TEXT operation filter_clean completed in 5071.096000028774 ms
[2026-09-03 22:44:04,177] [INFO ] [jaison.py::963 response_pipeline]: Response job cbdf673f-c13a-4e56-99d2-3e004b5443d2 completed. Content: 'Я как всегда — летаю на крыльях компьютерных игр и настольных ролевых историй! А у тебя?...'
[2026-09-03 22:44:04,940] [INFO ] [transcribe.py::881 transcribe]: Processing audio with duration 00:00.590
[2026-09-03 22:44:04,942] [INFO ] [transcribe.py::895 transcribe]: VAD filter removed 00:00.000 of audio
[2026-09-03 22:44:14,972] [INFO ] [transcribe.py::881 transcribe]: Processing audio with duration 00:01.528
[2026-09-03 22:44:14,974] [INFO ] [transcribe.py::895 transcribe]: VAD filter removed 00:01.528 of audio
[2026-09-03 22:46:35,785] [INFO ] [app_server.py::86 ws]: Closed websocket connection
[2026-09-03 22:46:49,463] [INFO ] [jaison.py::110 start]: Starting JAIson application layer.
[2026-09-03 22:46:49,474] [INFO ] [manager.py::300 load_operations_from_config]: Active STT from config: faster_whisper_ru
[2026-09-03 22:46:51,161] [INFO ] [operation.py::32 start]: Starting STT operation faster_whisper_ru
[2026-09-03 22:46:51,161] [INFO ] [faster_whisper.py::35 start]: Loading Faster Whisper model 'large-v3' on cuda (float16)...
[2026-09-03 22:46:57,064] [INFO ] [faster_whisper.py::38 start]: Faster Whisper model loaded successfully.
[2026-09-03 22:46:57,066] [INFO ] [operation.py::32 start]: Starting T2T operation llamacpp
[2026-09-03 22:46:57,066] [INFO ] [manager.py::27 load]: Loading process by type llamacpp
[2026-09-03 22:46:57,073] [INFO ] [llamacpp.py::81 reload]: Opened Llama.cpp server (PID: 39244) on port 11944 (GPU: 0)
[2026-09-03 22:46:57,073] [INFO ] [llamacpp.py::89 reload]: Waiting for llama-server to be ready at http://127.0.0.1:11944/health ...
[2026-09-03 22:47:01,782] [INFO ] [llamacpp.py::101 reload]: llama-server is ready! (attempt 9, port 11944)
[2026-09-03 22:47:01,808] [INFO ] [fishaudio.py::159 configure]: FishAudioTTS: настроен — model=s2.1-pro-free, reference_id=8579f198..., latency=balanced, sample_rate=44100, speed=1.0
[2026-09-03 22:47:01,808] [INFO ] [operation.py::32 start]: Starting TTS operation fish_audio
[2026-09-03 22:47:01,808] [INFO ] [fishaudio.py::85 start]: FishAudioTTS: операция запущена (WebSocket streaming, format=pcm)
[2026-09-03 22:47:01,810] [INFO ] [operation.py::32 start]: Starting FILTER_TEXT operation filter_clean
[2026-09-03 22:47:04,593] [INFO ] [operation.py::32 start]: Starting FILTER_TEXT operation chunker_sentence
[2026-09-03 22:47:05,135] [INFO ] [manager.py::27 load]: Loading process by type hw_mic
[2026-09-03 22:47:05,136] [WARNI] [base.py::46 unload]: Attempted to unload process hw_mic when it is already unloaded
[2026-09-03 22:47:05,136] [WARNI] [base.py::46 unload]: Attempted to unload process hw_mic when it is already unloaded
[2026-09-03 22:47:05,136] [ERROR] [jaison.py::136 start]: Could not start HW_MIC process: Failed to start process hw_mic
[2026-09-03 22:47:05,136] [INFO ] [manager.py::27 load]: Loading process by type discord
[2026-09-03 22:47:05,136] [WARNI] [base.py::46 unload]: Attempted to unload process discord when it is already unloaded
[2026-09-03 22:47:05,136] [INFO ] [discord.py::52 reload]: Starting Discord bridge for guild 390301473210236928, channel 390301473210236932.
[2026-09-03 22:47:05,145] [INFO ] [jaison.py::149 start]: JAIson application layer has started.
[2026-09-03 22:47:05,146] [INFO ] [logging.py::106 info]: Running on http://127.0.0.1:7272 (CTRL + C to quit)
[2026-09-03 22:47:06,414] [INFO ] [app_server.py::77 ws]: Opened new websocket connection
[2026-09-03 22:47:09,053] [INFO ] [app_server.py::77 ws]: Opened new websocket connection
[2026-09-03 22:47:17,809] [INFO ] [transcribe.py::881 transcribe]: Processing audio with duration 00:01.305
[2026-09-03 22:47:17,878] [INFO ] [transcribe.py::895 transcribe]: VAD filter removed 00:00.000 of audio
[2026-09-03 22:47:20,087] [INFO ] [jaison.py::480 _interrupt_jobs]: Smart Barge-in: Interrupting and clearing queue due to: user_speaking_significant
[2026-09-03 22:47:20,349] [INFO ] [jaison.py::441 create_job]: Queued new context_conversation_add_text job 49224900-58c5-4f1a-b2af-9cdd6bb90c22
[2026-09-03 22:47:20,349] [INFO ] [jaison.py::441 create_job]: Queued new response job b048d6e8-dadb-400e-9f7d-69a4a5451974
[2026-09-03 22:47:22,248] [INFO ] [operation.py::25 __call__]: T2T operation llamacpp completed in 1897.3241000203416 ms
[2026-09-03 22:47:24,310] [INFO ] [operation.py::25 __call__]: TTS operation fish_audio completed in 2051.5531999990344 ms
[2026-09-03 22:47:26,610] [INFO ] [operation.py::25 __call__]: TTS operation fish_audio completed in 2299.0591999841854 ms
[2026-09-03 22:47:26,610] [INFO ] [operation.py::25 __call__]: FILTER_TEXT operation chunker_sentence completed in 4361.573399975896 ms
[2026-09-03 22:47:26,610] [INFO ] [operation.py::25 __call__]: FILTER_TEXT operation filter_clean completed in 4361.694399965927 ms
[2026-09-03 22:47:26,611] [INFO ] [jaison.py::963 response_pipeline]: Response job b048d6e8-dadb-400e-9f7d-69a4a5451974 completed. Content: 'Ну что, с его субтитрами точно не заскучаешь! Надеюсь, не переборщил с эмодзи....'
[2026-09-03 22:49:39,535] [INFO ] [app_server.py::86 ws]: Closed websocket connection
[2026-09-03 22:50:32,091] [INFO ] [jaison.py::110 start]: Starting JAIson application layer.
[2026-09-03 22:50:32,103] [INFO ] [manager.py::300 load_operations_from_config]: Active STT from config: faster_whisper_ru
[2026-09-03 22:50:33,750] [INFO ] [operation.py::32 start]: Starting STT operation faster_whisper_ru
[2026-09-03 22:50:33,751] [INFO ] [faster_whisper.py::35 start]: Loading Faster Whisper model 'large-v3' on cuda (float16)...
[2026-09-03 22:50:38,002] [INFO ] [faster_whisper.py::38 start]: Faster Whisper model loaded successfully.
[2026-09-03 22:50:38,004] [INFO ] [operation.py::32 start]: Starting T2T operation llamacpp
[2026-09-03 22:50:38,004] [INFO ] [manager.py::27 load]: Loading process by type llamacpp
[2026-09-03 22:50:38,011] [INFO ] [llamacpp.py::81 reload]: Opened Llama.cpp server (PID: 164) on port 12594 (GPU: 0)
[2026-09-03 22:50:38,011] [INFO ] [llamacpp.py::89 reload]: Waiting for llama-server to be ready at http://127.0.0.1:12594/health ...
[2026-09-03 22:50:42,701] [INFO ] [llamacpp.py::101 reload]: llama-server is ready! (attempt 9, port 12594)
[2026-09-03 22:50:42,728] [INFO ] [fishaudio.py::159 configure]: FishAudioTTS: настроен — model=s2.1-pro-free, reference_id=8579f198..., latency=balanced, sample_rate=44100, speed=1.0
[2026-09-03 22:50:42,728] [INFO ] [operation.py::32 start]: Starting TTS operation fish_audio
[2026-09-03 22:50:42,728] [INFO ] [fishaudio.py::85 start]: FishAudioTTS: операция запущена (WebSocket streaming, format=pcm)
[2026-09-03 22:50:42,729] [INFO ] [operation.py::32 start]: Starting FILTER_TEXT operation filter_clean
[2026-09-03 22:50:45,562] [INFO ] [operation.py::32 start]: Starting FILTER_TEXT operation chunker_sentence
[2026-09-03 22:50:46,093] [INFO ] [manager.py::27 load]: Loading process by type hw_mic
[2026-09-03 22:50:46,093] [WARNI] [base.py::46 unload]: Attempted to unload process hw_mic when it is already unloaded
[2026-09-03 22:50:46,093] [WARNI] [base.py::46 unload]: Attempted to unload process hw_mic when it is already unloaded
[2026-09-03 22:50:46,094] [ERROR] [jaison.py::136 start]: Could not start HW_MIC process: Failed to start process hw_mic
[2026-09-03 22:50:46,094] [INFO ] [manager.py::27 load]: Loading process by type discord
[2026-09-03 22:50:46,094] [WARNI] [base.py::46 unload]: Attempted to unload process discord when it is already unloaded
[2026-09-03 22:50:46,094] [INFO ] [discord.py::52 reload]: Starting Discord bridge for guild 390301473210236928, channel 390301473210236932.
[2026-09-03 22:50:46,101] [INFO ] [jaison.py::149 start]: JAIson application layer has started.
[2026-09-03 22:50:46,102] [INFO ] [logging.py::106 info]: Running on http://127.0.0.1:7272 (CTRL + C to quit)
[2026-09-03 22:50:49,897] [INFO ] [app_server.py::77 ws]: Opened new websocket connection
[2026-09-03 22:50:50,049] [INFO ] [app_server.py::77 ws]: Opened new websocket connection
[2026-09-03 22:50:57,653] [INFO ] [transcribe.py::881 transcribe]: Processing audio with duration 00:02.828
[2026-09-03 22:50:57,725] [INFO ] [transcribe.py::895 transcribe]: VAD filter removed 00:02.828 of audio
[2026-09-03 22:50:57,962] [INFO ] [transcribe.py::881 transcribe]: Processing audio with duration 00:00.668
[2026-09-03 22:50:57,965] [INFO ] [transcribe.py::895 transcribe]: VAD filter removed 00:00.668 of audio
[2026-09-03 22:51:03,673] [INFO ] [app_server.py::86 ws]: Closed websocket connection
[2026-09-03 22:51:04,482] [INFO ] [app_server.py::77 ws]: Opened new websocket connection
[2026-09-03 22:51:10,522] [INFO ] [transcribe.py::881 transcribe]: Processing audio with duration 00:01.708
[2026-09-03 22:51:10,526] [INFO ] [transcribe.py::895 transcribe]: VAD filter removed 00:01.708 of audio
[2026-09-03 22:53:26,847] [INFO ] [app_server.py::86 ws]: Closed websocket connection
[2026-09-03 22:56:55,212] [INFO ] [jaison.py::110 start]: Starting JAIson application layer.
[2026-09-03 22:56:55,223] [INFO ] [manager.py::300 load_operations_from_config]: Active STT from config: faster_whisper_ru
[2026-09-03 22:56:56,559] [INFO ] [operation.py::32 start]: Starting STT operation faster_whisper_ru
[2026-09-03 22:56:56,559] [INFO ] [faster_whisper.py::35 start]: Loading Faster Whisper model 'large-v3' on cuda (float16)...
[2026-09-03 22:57:00,548] [INFO ] [faster_whisper.py::38 start]: Faster Whisper model loaded successfully.
[2026-09-03 22:57:00,550] [INFO ] [operation.py::32 start]: Starting T2T operation llamacpp
[2026-09-03 22:57:00,550] [INFO ] [manager.py::27 load]: Loading process by type llamacpp
[2026-09-03 22:57:00,558] [INFO ] [llamacpp.py::81 reload]: Opened Llama.cpp server (PID: 33024) on port 8001 (GPU: 0)
[2026-09-03 22:57:00,558] [INFO ] [llamacpp.py::89 reload]: Waiting for llama-server to be ready at http://127.0.0.1:8001/health ...
[2026-09-03 22:57:05,313] [INFO ] [llamacpp.py::101 reload]: llama-server is ready! (attempt 9, port 8001)
[2026-09-03 22:57:05,344] [INFO ] [fishaudio.py::159 configure]: FishAudioTTS: настроен — model=s2.1-pro-free, reference_id=8579f198..., latency=balanced, sample_rate=44100, speed=1.0
[2026-09-03 22:57:05,344] [INFO ] [operation.py::32 start]: Starting TTS operation fish_audio
[2026-09-03 22:57:05,344] [INFO ] [fishaudio.py::85 start]: FishAudioTTS: операция запущена (WebSocket streaming, format=pcm)
[2026-09-03 22:57:05,346] [INFO ] [operation.py::32 start]: Starting FILTER_TEXT operation filter_clean
[2026-09-03 22:57:08,678] [INFO ] [operation.py::32 start]: Starting FILTER_TEXT operation chunker_sentence
[2026-09-03 22:57:09,301] [INFO ] [manager.py::27 load]: Loading process by type hw_mic
[2026-09-03 22:57:09,301] [WARNI] [base.py::46 unload]: Attempted to unload process hw_mic when it is already unloaded
[2026-09-03 22:57:09,301] [WARNI] [base.py::46 unload]: Attempted to unload process hw_mic when it is already unloaded
[2026-09-03 22:57:09,301] [ERROR] [jaison.py::136 start]: Could not start HW_MIC process: Failed to start process hw_mic
[2026-09-03 22:57:09,301] [INFO ] [manager.py::27 load]: Loading process by type discord
[2026-09-03 22:57:09,303] [WARNI] [base.py::46 unload]: Attempted to unload process discord when it is already unloaded
[2026-09-03 22:57:09,303] [INFO ] [discord.py::52 reload]: Starting Discord bridge for guild 390301473210236928, channel 390301473210236932.
[2026-09-03 22:57:09,310] [INFO ] [jaison.py::149 start]: JAIson application layer has started.
[2026-09-03 22:57:09,311] [INFO ] [logging.py::106 info]: Running on http://127.0.0.1:7272 (CTRL + C to quit)
[2026-09-03 22:57:11,987] [INFO ] [app_server.py::77 ws]: Opened new websocket connection
[2026-09-03 22:57:13,590] [INFO ] [app_server.py::77 ws]: Opened new websocket connection
[2026-09-03 22:57:20,151] [INFO ] [transcribe.py::881 transcribe]: Processing audio with duration 00:00.945
[2026-09-03 22:57:20,236] [INFO ] [transcribe.py::895 transcribe]: VAD filter removed 00:00.945 of audio
[2026-09-03 22:57:21,367] [INFO ] [transcribe.py::881 transcribe]: Processing audio with duration 00:02.000
[2026-09-03 22:57:21,371] [INFO ] [transcribe.py::895 transcribe]: VAD filter removed 00:02.000 of audio
[2026-09-03 22:57:23,850] [INFO ] [transcribe.py::881 transcribe]: Processing audio with duration 00:00.578
[2026-09-03 22:57:23,851] [INFO ] [transcribe.py::895 transcribe]: VAD filter removed 00:00.578 of audio
[2026-09-03 22:57:52,292] [INFO ] [app_server.py::86 ws]: Closed websocket connection
[2026-09-03 23:26:36,512] [INFO ] [jaison.py::110 start]: Starting JAIson application layer.
[2026-09-03 23:26:36,523] [INFO ] [manager.py::300 load_operations_from_config]: Active STT from config: faster_whisper_ru
[2026-09-03 23:26:37,940] [INFO ] [operation.py::32 start]: Starting STT operation faster_whisper_ru
[2026-09-03 23:26:37,940] [INFO ] [faster_whisper.py::35 start]: Loading Faster Whisper model 'large-v3' on cuda (float16)...
[2026-09-03 23:26:41,808] [INFO ] [faster_whisper.py::38 start]: Faster Whisper model loaded successfully.
[2026-09-03 23:26:41,810] [INFO ] [operation.py::32 start]: Starting T2T operation llamacpp
[2026-09-03 23:26:41,810] [INFO ] [manager.py::27 load]: Loading process by type llamacpp
[2026-09-03 23:26:41,817] [INFO ] [llamacpp.py::81 reload]: Opened Llama.cpp server (PID: 40156) on port 1901 (GPU: 0)
[2026-09-03 23:26:41,817] [INFO ] [llamacpp.py::89 reload]: Waiting for llama-server to be ready at http://127.0.0.1:1901/health ...
[2026-09-03 23:26:46,498] [INFO ] [llamacpp.py::101 reload]: llama-server is ready! (attempt 9, port 1901)
[2026-09-03 23:26:46,525] [INFO ] [fishaudio.py::159 configure]: FishAudioTTS: настроен — model=s2.1-pro-free, reference_id=8579f198..., latency=balanced, sample_rate=44100, speed=1.0
[2026-09-03 23:26:46,526] [INFO ] [operation.py::32 start]: Starting TTS operation fish_audio
[2026-09-03 23:26:46,526] [INFO ] [fishaudio.py::85 start]: FishAudioTTS: операция запущена (WebSocket streaming, format=pcm)
[2026-09-03 23:26:46,528] [INFO ] [operation.py::32 start]: Starting FILTER_TEXT operation filter_clean
[2026-09-03 23:26:49,595] [INFO ] [operation.py::32 start]: Starting FILTER_TEXT operation chunker_sentence
[2026-09-03 23:26:50,115] [INFO ] [manager.py::27 load]: Loading process by type hw_mic
[2026-09-03 23:26:50,117] [WARNI] [base.py::46 unload]: Attempted to unload process hw_mic when it is already unloaded
[2026-09-03 23:26:50,117] [WARNI] [base.py::46 unload]: Attempted to unload process hw_mic when it is already unloaded
[2026-09-03 23:26:50,117] [ERROR] [jaison.py::136 start]: Could not start HW_MIC process: Failed to start process hw_mic
[2026-09-03 23:26:50,117] [INFO ] [manager.py::27 load]: Loading process by type discord
[2026-09-03 23:26:50,117] [WARNI] [base.py::46 unload]: Attempted to unload process discord when it is already unloaded
[2026-09-03 23:26:50,118] [INFO ] [discord.py::52 reload]: Starting Discord bridge for guild 390301473210236928, channel 390301473210236932.
[2026-09-03 23:26:50,126] [INFO ] [jaison.py::149 start]: JAIson application layer has started.
[2026-09-03 23:26:50,127] [INFO ] [logging.py::106 info]: Running on http://127.0.0.1:7272 (CTRL + C to quit)
[2026-09-03 23:26:53,727] [INFO ] [app_server.py::77 ws]: Opened new websocket connection
[2026-09-03 23:26:54,226] [INFO ] [app_server.py::77 ws]: Opened new websocket connection
[2026-09-03 23:26:59,151] [INFO ] [app_server.py::86 ws]: Closed websocket connection
[2026-09-03 23:27:00,018] [INFO ] [app_server.py::77 ws]: Opened new websocket connection
[2026-09-03 23:27:01,489] [INFO ] [jaison.py::441 create_job]: Queued new context_conversation_add_text job 69820806-ed39-4431-9d01-a7b8a94702e9
[2026-09-03 23:27:01,502] [INFO ] [jaison.py::441 create_job]: Queued new response job 3b24ac60-db12-4545-ae08-3e7abe8d2d91
[2026-09-03 23:27:01,884] [INFO ] [operation.py::25 __call__]: T2T operation llamacpp completed in 379.17010008823127 ms
[2026-09-03 23:27:03,538] [INFO ] [operation.py::25 __call__]: TTS operation fish_audio completed in 1631.4688000129536 ms
[2026-09-03 23:27:05,188] [INFO ] [operation.py::25 __call__]: TTS operation fish_audio completed in 1650.5786000052467 ms
[2026-09-03 23:27:05,188] [INFO ] [operation.py::25 __call__]: FILTER_TEXT operation chunker_sentence completed in 3304.9698000540957 ms
[2026-09-03 23:27:05,188] [INFO ] [operation.py::25 __call__]: FILTER_TEXT operation filter_clean completed in 3305.0694999983534 ms
[2026-09-03 23:27:05,190] [INFO ] [jaison.py::963 response_pipeline]: Response job 3b24ac60-db12-4545-ae08-3e7abe8d2d91 completed. Content: 'Привет! Как дела?...'
[2026-09-03 23:27:13,172] [INFO ] [transcribe.py::881 transcribe]: Processing audio with duration 00:01.028
[2026-09-03 23:27:13,267] [INFO ] [transcribe.py::895 transcribe]: VAD filter removed 00:01.028 of audio
[2026-09-03 23:27:14,604] [INFO ] [transcribe.py::881 transcribe]: Processing audio with duration 00:00.545
[2026-09-03 23:27:14,606] [INFO ] [transcribe.py::895 transcribe]: VAD filter removed 00:00.545 of audio
[2026-09-03 23:27:15,809] [INFO ] [transcribe.py::881 transcribe]: Processing audio with duration 00:00.660
[2026-09-03 23:27:15,811] [INFO ] [transcribe.py::895 transcribe]: VAD filter removed 00:00.000 of audio
[2026-09-03 23:27:22,346] [INFO ] [transcribe.py::881 transcribe]: Processing audio with duration 00:01.542
[2026-09-03 23:27:22,350] [INFO ] [transcribe.py::895 transcribe]: VAD filter removed 00:01.542 of audio
[2026-09-03 23:27:30,749] [INFO ] [jaison.py::441 create_job]: Queued new context_conversation_add_text job 733cdc10-fca5-481c-8dd9-d88f5963b9b4
[2026-09-03 23:27:30,749] [INFO ] [jaison.py::579 _commit_pending_voice_turn]: Voice turn committed as context-only (no RESPONSE job).
[2026-09-03 23:27:45,824] [INFO ] [app_server.py::86 ws]: Closed websocket connection
[2026-09-03 23:41:55,163] [INFO ] [jaison.py::110 start]: Starting JAIson application layer.
[2026-09-03 23:41:55,174] [INFO ] [manager.py::300 load_operations_from_config]: Active STT from config: sherpa_ru
[2026-09-03 23:41:56,880] [INFO ] [operation.py::32 start]: Starting STT operation sherpa_ru
[2026-09-03 23:41:56,880] [INFO ] [manager.py::27 load]: Loading process by type sherpa_stt
[2026-09-03 23:41:56,882] [WARNI] [base.py::46 unload]: Attempted to unload process sherpa_stt when it is already unloaded
[2026-09-03 23:41:56,884] [INFO ] [sherpa_server.py::85 _prepare_hotwords_file]: Sherpa STT hotwords validated: 3 entries
[2026-09-03 23:41:56,885] [INFO ] [sherpa_server.py::295 reload]: Sherpa STT config: port=6106 model_dir=C:\Nirmita\models\vosk-model-small-streaming-ru, model_variant=fp32, decoding_method=modified_beam_search, num_active_paths=6, use_endpoint=0, bpe_vocab=C:\Nirmita\models\vosk-model-small-streaming-ru\lang\unigram_500.vocab, hotwords_file=C:\Nirmita\models\hotwords.txt, hotwords_score=3.5
[2026-09-03 23:41:56,885] [INFO ] [sherpa_server.py::307 reload]: Starting Sherpa STT Server with command: C:\Nirmita\.conda312\python.exe C:\Nirmita\apps\stt-sherpa-server\start_server.py --encoder C:\Nirmita\models\vosk-model-small-streaming-ru\am-onnx\encoder.onnx --decoder C:\Nirmita\models\vosk-model-small-streaming-ru\am-onnx\decoder.onnx --joiner C:\Nirmita\models\vosk-model-small-streaming-ru\am-onnx\joiner.onnx --tokens C:\Nirmita\models\vosk-model-small-streaming-ru\lang\tokens.txt --modeling-unit bpe --decoding-method modified_beam_search --num-active-paths 6 --use-endpoint 0 --port 6106 --provider cpu --doc-root C:\Nirmita\apps\stt-sherpa-server --bpe-vocab C:\Nirmita\models\vosk-model-small-streaming-ru\lang\unigram_500.vocab --hotwords-file C:\Nirmita\logs\sherpa_hotwords.resolved.txt --hotwords-score 3.5
[2026-09-03 23:42:01,204] [INFO ] [operation.py::32 start]: Starting T2T operation llamacpp
[2026-09-03 23:42:01,205] [INFO ] [manager.py::27 load]: Loading process by type llamacpp
[2026-09-03 23:42:01,210] [INFO ] [llamacpp.py::81 reload]: Opened Llama.cpp server (PID: 11312) on port 8583 (GPU: 0)
[2026-09-03 23:42:01,210] [INFO ] [llamacpp.py::89 reload]: Waiting for llama-server to be ready at http://127.0.0.1:8583/health ...
[2026-09-03 23:42:05,441] [INFO ] [llamacpp.py::101 reload]: llama-server is ready! (attempt 8, port 8583)
[2026-09-03 23:42:05,456] [INFO ] [fishaudio.py::159 configure]: FishAudioTTS: настроен — model=s2.1-pro-free, reference_id=8579f198..., latency=balanced, sample_rate=44100, speed=1.0
[2026-09-03 23:42:05,456] [INFO ] [operation.py::32 start]: Starting TTS operation fish_audio
[2026-09-03 23:42:05,456] [INFO ] [fishaudio.py::85 start]: FishAudioTTS: операция запущена (WebSocket streaming, format=pcm)
[2026-09-03 23:42:05,457] [INFO ] [operation.py::32 start]: Starting FILTER_TEXT operation filter_clean
[2026-09-03 23:42:06,032] [INFO ] [operation.py::32 start]: Starting FILTER_TEXT operation chunker_sentence
[2026-09-03 23:42:06,540] [INFO ] [manager.py::27 load]: Loading process by type hw_mic
[2026-09-03 23:42:06,540] [WARNI] [base.py::46 unload]: Attempted to unload process hw_mic when it is already unloaded
[2026-09-03 23:42:06,547] [INFO ] [manager.py::27 load]: Loading process by type discord
[2026-09-03 23:42:06,548] [WARNI] [base.py::46 unload]: Attempted to unload process discord when it is already unloaded
[2026-09-03 23:42:06,548] [INFO ] [discord.py::52 reload]: Starting Discord bridge for guild 390301473210236928, channel 390301473210236932.
[2026-09-03 23:42:06,554] [INFO ] [jaison.py::149 start]: JAIson application layer has started.
[2026-09-03 23:42:06,555] [INFO ] [logging.py::106 info]: Running on http://127.0.0.1:7272 (CTRL + C to quit)
[2026-09-03 23:42:08,459] [INFO ] [app_server.py::77 ws]: Opened new websocket connection
[2026-09-03 23:42:10,521] [INFO ] [app_server.py::77 ws]: Opened new websocket connection
[2026-09-03 23:42:19,277] [INFO ] [app_server.py::86 ws]: Closed websocket connection
[2026-09-03 23:42:20,555] [INFO ] [app_server.py::77 ws]: Opened new websocket connection
[2026-09-03 23:42:21,322] [INFO ] [jaison.py::441 create_job]: Queued new context_conversation_add_text job 366c369c-2a22-4416-92e8-56d2446b57d4
[2026-09-03 23:42:21,333] [INFO ] [jaison.py::441 create_job]: Queued new response job 81d0fdc9-f374-40a9-9e3f-49e7038cde55
[2026-09-03 23:42:21,650] [INFO ] [operation.py::25 __call__]: T2T operation llamacpp completed in 315.6952999997884 ms
[2026-09-03 23:42:23,311] [INFO ] [operation.py::25 __call__]: TTS operation fish_audio completed in 1652.9428000794724 ms
[2026-09-03 23:42:24,858] [INFO ] [operation.py::25 __call__]: TTS operation fish_audio completed in 1547.4490999476984 ms
[2026-09-03 23:42:24,858] [INFO ] [operation.py::25 __call__]: FILTER_TEXT operation chunker_sentence completed in 3208.3163999486715 ms
[2026-09-03 23:42:24,858] [INFO ] [operation.py::25 __call__]: FILTER_TEXT operation filter_clean completed in 3208.435600041412 ms
[2026-09-03 23:42:24,860] [INFO ] [jaison.py::963 response_pipeline]: Response job 81d0fdc9-f374-40a9-9e3f-49e7038cde55 completed. Content: 'Привет! Как дела?...'
[2026-09-03 23:42:29,153] [INFO ] [sherpa.py::320 _generate]: Sherpa STT final: len=6 latency_ms=76 source=mic turn=28a51479-c618-425e-8b55-b73047f15529 utterance=b4b4269a-40e0-4aeb-b780-1827e0a56d97
[2026-09-03 23:42:29,419] [INFO ] [jaison.py::441 create_job]: Queued new context_conversation_add_text job df3963de-8878-42be-8505-47276902f03b
[2026-09-03 23:42:29,419] [INFO ] [jaison.py::579 _commit_pending_voice_turn]: Voice turn committed as context-only (no RESPONSE job).
[2026-09-03 23:42:31,825] [INFO ] [sherpa.py::320 _generate]: Sherpa STT final: len=0 latency_ms=72 source=mic turn=28a51479-c618-425e-8b55-b73047f15529 utterance=4f7909ee-2551-4c5a-a996-e4a6c440483a
[2026-09-03 23:42:33,583] [INFO ] [sherpa.py::320 _generate]: Sherpa STT final: len=27 latency_ms=70 source=mic turn=28a51479-c618-425e-8b55-b73047f15529 utterance=e2f045f3-7e4b-40ab-9945-a1df0c9278f1
[2026-09-03 23:42:33,583] [INFO ] [jaison.py::480 _interrupt_jobs]: Smart Barge-in: Interrupting and clearing queue due to: user_speaking_significant
[2026-09-03 23:42:33,842] [INFO ] [jaison.py::441 create_job]: Queued new context_conversation_add_text job 5a515d88-b11d-4c0a-b544-160520c7ea26
[2026-09-03 23:42:33,843] [INFO ] [jaison.py::441 create_job]: Queued new response job 6e05c715-0677-4de4-a05c-a0f80be909c6
[2026-09-03 23:42:34,737] [INFO ] [operation.py::25 __call__]: T2T operation llamacpp completed in 892.5470999674872 ms
[2026-09-03 23:42:37,570] [INFO ] [operation.py::25 __call__]: TTS operation fish_audio completed in 2821.8102999962866 ms
[2026-09-03 23:42:37,570] [INFO ] [operation.py::25 __call__]: FILTER_TEXT operation chunker_sentence completed in 2834.116299985908 ms
[2026-09-03 23:42:37,570] [INFO ] [operation.py::25 __call__]: FILTER_TEXT operation filter_clean completed in 2834.209799999371 ms
[2026-09-03 23:42:37,571] [INFO ] [jaison.py::963 response_pipeline]: Response job 6e05c715-0677-4de4-a05c-a0f80be909c6 completed. Content: 'Ну, то есть, если у тебя всё равно что, то я думаю, что у нас сегодня будет интересный разговор!...'
[2026-09-03 23:42:47,945] [INFO ] [sherpa.py::320 _generate]: Sherpa STT final: len=16 latency_ms=92 source=mic turn=ea1b6c6c-dc2c-4dbd-a83e-8e69406893bc utterance=87167d20-41fb-47bc-883f-e2d97292d763
[2026-09-03 23:42:47,945] [INFO ] [jaison.py::480 _interrupt_jobs]: Smart Barge-in: Interrupting and clearing queue due to: user_speaking_significant
[2026-09-03 23:42:48,204] [INFO ] [jaison.py::441 create_job]: Queued new context_conversation_add_text job 454b666f-cf69-47b1-a1df-18aca643fb65
[2026-09-03 23:42:48,204] [INFO ] [jaison.py::441 create_job]: Queued new response job 6c6c7a0a-9ec1-4593-8459-26f8ec8da5d5
[2026-09-03 23:42:49,343] [INFO ] [operation.py::25 __call__]: T2T operation llamacpp completed in 1138.263300061226 ms
[2026-09-03 23:42:51,384] [INFO ] [operation.py::25 __call__]: TTS operation fish_audio completed in 2029.8148000147194 ms
[2026-09-03 23:42:54,941] [INFO ] [operation.py::25 __call__]: TTS operation fish_audio completed in 3557.6949999667704 ms
[2026-09-03 23:42:56,536] [INFO ] [operation.py::25 __call__]: TTS operation fish_audio completed in 1594.2084999987856 ms
[2026-09-03 23:42:56,536] [INFO ] [operation.py::25 __call__]: FILTER_TEXT operation chunker_sentence completed in 7193.052100017667 ms
[2026-09-03 23:42:56,536] [INFO ] [operation.py::25 __call__]: FILTER_TEXT operation filter_clean completed in 7193.178899935447 ms
[2026-09-03 23:42:56,536] [INFO ] [jaison.py::963 response_pipeline]: Response job 6c6c7a0a-9ec1-4593-8459-26f8ec8da5d5 completed. Content: 'У меня всё супер! На днях пробовала новую стратегию в любимой игре, теперь чувствую себя почти как п...'
[2026-09-03 23:43:48,219] [INFO ] [app_server.py::86 ws]: Closed websocket connection
[2026-09-03 23:45:18,917] [INFO ] [jaison.py::110 start]: Starting JAIson application layer.
[2026-09-03 23:45:18,929] [INFO ] [manager.py::300 load_operations_from_config]: Active STT from config: faster_whisper_ru
[2026-09-03 23:45:20,538] [INFO ] [operation.py::32 start]: Starting STT operation faster_whisper_ru
[2026-09-03 23:45:20,538] [INFO ] [faster_whisper.py::35 start]: Loading Faster Whisper model 'large-v3' on cuda (float16)...
[2026-09-03 23:45:25,897] [INFO ] [faster_whisper.py::38 start]: Faster Whisper model loaded successfully.
[2026-09-03 23:45:25,898] [INFO ] [operation.py::32 start]: Starting T2T operation llamacpp
[2026-09-03 23:45:25,899] [INFO ] [manager.py::27 load]: Loading process by type llamacpp
[2026-09-03 23:45:25,906] [INFO ] [llamacpp.py::81 reload]: Opened Llama.cpp server (PID: 45752) on port 8225 (GPU: 0)
[2026-09-03 23:45:25,906] [INFO ] [llamacpp.py::89 reload]: Waiting for llama-server to be ready at http://127.0.0.1:8225/health ...
[2026-09-03 23:45:31,197] [INFO ] [llamacpp.py::101 reload]: llama-server is ready! (attempt 10, port 8225)
[2026-09-03 23:45:31,234] [INFO ] [fishaudio.py::159 configure]: FishAudioTTS: настроен — model=s2.1-pro-free, reference_id=8579f198..., latency=balanced, sample_rate=44100, speed=1.0
[2026-09-03 23:45:31,234] [INFO ] [operation.py::32 start]: Starting TTS operation fish_audio
[2026-09-03 23:45:31,234] [INFO ] [fishaudio.py::85 start]: FishAudioTTS: операция запущена (WebSocket streaming, format=pcm)
[2026-09-03 23:45:31,236] [INFO ] [operation.py::32 start]: Starting FILTER_TEXT operation filter_clean
[2026-09-03 23:45:34,802] [INFO ] [operation.py::32 start]: Starting FILTER_TEXT operation chunker_sentence
[2026-09-03 23:45:35,477] [INFO ] [manager.py::27 load]: Loading process by type hw_mic
[2026-09-03 23:45:35,478] [WARNI] [base.py::46 unload]: Attempted to unload process hw_mic when it is already unloaded
[2026-09-03 23:45:35,485] [INFO ] [manager.py::27 load]: Loading process by type discord
[2026-09-03 23:45:35,486] [WARNI] [base.py::46 unload]: Attempted to unload process discord when it is already unloaded
[2026-09-03 23:45:35,486] [INFO ] [discord.py::52 reload]: Starting Discord bridge for guild 390301473210236928, channel 390301473210236932.
[2026-09-03 23:45:35,494] [INFO ] [jaison.py::149 start]: JAIson application layer has started.
[2026-09-03 23:45:35,495] [INFO ] [logging.py::106 info]: Running on http://127.0.0.1:7272 (CTRL + C to quit)
[2026-09-03 23:45:38,772] [INFO ] [app_server.py::77 ws]: Opened new websocket connection
[2026-09-03 23:45:39,175] [INFO ] [app_server.py::77 ws]: Opened new websocket connection
[2026-09-03 23:45:46,141] [INFO ] [transcribe.py::881 transcribe]: Processing audio with duration 00:01.472
[2026-09-03 23:45:46,228] [INFO ] [transcribe.py::895 transcribe]: VAD filter removed 00:00.000 of audio
[2026-09-03 23:45:46,844] [INFO ] [transcribe.py::881 transcribe]: Processing audio with duration 00:00.960
[2026-09-03 23:45:46,846] [INFO ] [transcribe.py::895 transcribe]: VAD filter removed 00:00.960 of audio
[2026-09-03 23:45:48,463] [INFO ] [jaison.py::441 create_job]: Queued new context_conversation_add_text job d83ec0c3-00bd-46ed-8836-337a7297e2bb
[2026-09-03 23:45:48,463] [INFO ] [jaison.py::579 _commit_pending_voice_turn]: Voice turn committed as context-only (no RESPONSE job).
[2026-09-03 23:46:02,492] [INFO ] [transcribe.py::881 transcribe]: Processing audio with duration 00:01.824
[2026-09-03 23:46:02,496] [INFO ] [transcribe.py::895 transcribe]: VAD filter removed 00:00.000 of audio
[2026-09-03 23:46:03,284] [INFO ] [jaison.py::441 create_job]: Queued new context_conversation_add_text job 9aa927d6-812a-47d6-93f0-d5cf4c39b111
[2026-09-03 23:46:03,284] [INFO ] [jaison.py::579 _commit_pending_voice_turn]: Voice turn committed as context-only (no RESPONSE job).
[2026-09-03 23:46:13,910] [INFO ] [transcribe.py::881 transcribe]: Processing audio with duration 00:02.208
[2026-09-03 23:46:13,915] [INFO ] [transcribe.py::895 transcribe]: VAD filter removed 00:00.144 of audio
[2026-09-03 23:46:14,331] [INFO ] [jaison.py::480 _interrupt_jobs]: Smart Barge-in: Interrupting and clearing queue due to: user_speaking_significant
[2026-09-03 23:46:14,594] [INFO ] [jaison.py::441 create_job]: Queued new context_conversation_add_text job 57130a72-3899-4922-948d-6d9e1f25f617
[2026-09-03 23:46:14,594] [INFO ] [jaison.py::441 create_job]: Queued new response job b29bda8b-bffe-4d42-946b-6614333d89a8
[2026-09-03 23:46:16,324] [INFO ] [operation.py::25 __call__]: T2T operation llamacpp completed in 1727.0932999672368 ms
[2026-09-03 23:46:17,883] [INFO ] [operation.py::25 __call__]: TTS operation fish_audio completed in 1549.134899978526 ms
[2026-09-03 23:46:19,619] [INFO ] [operation.py::25 __call__]: TTS operation fish_audio completed in 1735.3836999973282 ms
[2026-09-03 23:46:21,319] [INFO ] [operation.py::25 __call__]: TTS operation fish_audio completed in 1700.5523999687284 ms
[2026-09-03 23:46:21,319] [INFO ] [operation.py::25 __call__]: FILTER_TEXT operation chunker_sentence completed in 4995.487999985926 ms
[2026-09-03 23:46:21,319] [INFO ] [operation.py::25 __call__]: FILTER_TEXT operation filter_clean completed in 4995.590999955311 ms
[2026-09-03 23:46:21,319] [INFO ] [jaison.py::963 response_pipeline]: Response job b29bda8b-bffe-4d42-946b-6614333d89a8 completed. Content: 'Привет! Как твои дела? Все в порядке?...'
[2026-09-03 23:46:26,581] [INFO ] [transcribe.py::881 transcribe]: Processing audio with duration 00:02.592
[2026-09-03 23:46:26,587] [INFO ] [transcribe.py::895 transcribe]: VAD filter removed 00:00.624 of audio
[2026-09-03 23:46:29,188] [INFO ] [jaison.py::441 create_job]: Queued new context_conversation_add_text job 50672bea-320c-49af-95f0-95dc153ee67a
[2026-09-03 23:46:29,188] [INFO ] [jaison.py::579 _commit_pending_voice_turn]: Voice turn committed as context-only (no RESPONSE job).
[2026-09-03 23:46:55,060] [INFO ] [transcribe.py::881 transcribe]: Processing audio with duration 00:02.144
[2026-09-03 23:46:55,064] [INFO ] [transcribe.py::895 transcribe]: VAD filter removed 00:00.112 of audio
[2026-09-03 23:46:55,691] [INFO ] [jaison.py::480 _interrupt_jobs]: Smart Barge-in: Interrupting and clearing queue due to: user_speaking_significant
[2026-09-03 23:46:55,958] [INFO ] [jaison.py::441 create_job]: Queued new context_conversation_add_text job 4121349d-e671-418e-9510-8b479f198da8
[2026-09-03 23:46:55,958] [INFO ] [jaison.py::441 create_job]: Queued new response job 0012b910-243e-4f63-b4e4-ca15a8173b18
[2026-09-03 23:46:56,917] [INFO ] [operation.py::25 __call__]: T2T operation llamacpp completed in 957.3360999347642 ms
[2026-09-03 23:47:00,158] [INFO ] [operation.py::25 __call__]: TTS operation fish_audio completed in 3231.513199978508 ms
[2026-09-03 23:47:01,853] [INFO ] [operation.py::25 __call__]: TTS operation fish_audio completed in 1694.3718999391422 ms
[2026-09-03 23:47:03,755] [INFO ] [operation.py::25 __call__]: TTS operation fish_audio completed in 1902.286299970001 ms
[2026-09-03 23:47:03,756] [INFO ] [operation.py::25 __call__]: FILTER_TEXT operation chunker_sentence completed in 6838.987700059079 ms
[2026-09-03 23:47:03,756] [INFO ] [operation.py::25 __call__]: FILTER_TEXT operation filter_clean completed in 6839.099099976011 ms
[2026-09-03 23:47:03,756] [INFO ] [jaison.py::963 response_pipeline]: Response job 0012b910-243e-4f63-b4e4-ca15a8173b18 completed. Content: 'Привет! Ну как там жизнь? Какие планы на выходные?...'
[2026-09-03 23:47:08,133] [INFO ] [app_server.py::86 ws]: Closed websocket connection
[2026-09-03 23:48:11,994] [INFO ] [jaison.py::110 start]: Starting JAIson application layer.
[2026-09-03 23:48:12,006] [INFO ] [manager.py::300 load_operations_from_config]: Active STT from config: sherpa_ru
[2026-09-03 23:48:13,681] [INFO ] [operation.py::32 start]: Starting STT operation sherpa_ru
[2026-09-03 23:48:13,681] [INFO ] [manager.py::27 load]: Loading process by type sherpa_stt
[2026-09-03 23:48:13,683] [WARNI] [base.py::46 unload]: Attempted to unload process sherpa_stt when it is already unloaded
[2026-09-03 23:48:13,684] [INFO ] [sherpa_server.py::85 _prepare_hotwords_file]: Sherpa STT hotwords validated: 3 entries
[2026-09-03 23:48:13,685] [INFO ] [sherpa_server.py::295 reload]: Sherpa STT config: port=6106 model_dir=C:\Nirmita\models\vosk-model-small-streaming-ru, model_variant=fp32, decoding_method=modified_beam_search, num_active_paths=6, use_endpoint=0, bpe_vocab=C:\Nirmita\models\vosk-model-small-streaming-ru\lang\unigram_500.vocab, hotwords_file=C:\Nirmita\models\hotwords.txt, hotwords_score=3.5
[2026-09-03 23:48:13,685] [INFO ] [sherpa_server.py::307 reload]: Starting Sherpa STT Server with command: C:\Nirmita\.conda312\python.exe C:\Nirmita\apps\stt-sherpa-server\start_server.py --encoder C:\Nirmita\models\vosk-model-small-streaming-ru\am-onnx\encoder.onnx --decoder C:\Nirmita\models\vosk-model-small-streaming-ru\am-onnx\decoder.onnx --joiner C:\Nirmita\models\vosk-model-small-streaming-ru\am-onnx\joiner.onnx --tokens C:\Nirmita\models\vosk-model-small-streaming-ru\lang\tokens.txt --modeling-unit bpe --decoding-method modified_beam_search --num-active-paths 6 --use-endpoint 0 --port 6106 --provider cpu --doc-root C:\Nirmita\apps\stt-sherpa-server --bpe-vocab C:\Nirmita\models\vosk-model-small-streaming-ru\lang\unigram_500.vocab --hotwords-file C:\Nirmita\logs\sherpa_hotwords.resolved.txt --hotwords-score 3.5
[2026-09-03 23:48:18,008] [INFO ] [operation.py::32 start]: Starting T2T operation llamacpp
[2026-09-03 23:48:18,009] [INFO ] [manager.py::27 load]: Loading process by type llamacpp
[2026-09-03 23:48:18,014] [INFO ] [llamacpp.py::81 reload]: Opened Llama.cpp server (PID: 47928) on port 12592 (GPU: 0)
[2026-09-03 23:48:18,014] [INFO ] [llamacpp.py::89 reload]: Waiting for llama-server to be ready at http://127.0.0.1:12592/health ...
[2026-09-03 23:48:22,187] [INFO ] [llamacpp.py::101 reload]: llama-server is ready! (attempt 8, port 12592)
[2026-09-03 23:48:22,203] [INFO ] [fishaudio.py::159 configure]: FishAudioTTS: настроен — model=s2.1-pro-free, reference_id=8579f198..., latency=balanced, sample_rate=44100, speed=1.0
[2026-09-03 23:48:22,204] [INFO ] [operation.py::32 start]: Starting TTS operation fish_audio
[2026-09-03 23:48:22,204] [INFO ] [fishaudio.py::85 start]: FishAudioTTS: операция запущена (WebSocket streaming, format=pcm)
[2026-09-03 23:48:22,204] [INFO ] [operation.py::32 start]: Starting FILTER_TEXT operation filter_clean
[2026-09-03 23:48:22,767] [INFO ] [operation.py::32 start]: Starting FILTER_TEXT operation chunker_sentence
[2026-09-03 23:48:23,280] [INFO ] [manager.py::27 load]: Loading process by type hw_mic
[2026-09-03 23:48:23,281] [WARNI] [base.py::46 unload]: Attempted to unload process hw_mic when it is already unloaded
[2026-09-03 23:48:23,288] [INFO ] [manager.py::27 load]: Loading process by type discord
[2026-09-03 23:48:23,288] [WARNI] [base.py::46 unload]: Attempted to unload process discord when it is already unloaded
[2026-09-03 23:48:23,288] [INFO ] [discord.py::52 reload]: Starting Discord bridge for guild 390301473210236928, channel 390301473210236932.
[2026-09-03 23:48:23,294] [INFO ] [jaison.py::149 start]: JAIson application layer has started.
[2026-09-03 23:48:23,295] [INFO ] [logging.py::106 info]: Running on http://127.0.0.1:7272 (CTRL + C to quit)
[2026-09-03 23:48:23,643] [INFO ] [app_server.py::77 ws]: Opened new websocket connection
[2026-09-03 23:48:27,039] [INFO ] [app_server.py::77 ws]: Opened new websocket connection
[2026-09-03 23:48:27,074] [INFO ] [sherpa.py::320 _generate]: Sherpa STT final: len=0 latency_ms=36 source=mic turn=6128fabc-b597-4cfb-b8a4-19e718765348 utterance=2e424792-0d29-43cf-9910-41609b067658
[2026-09-03 23:48:38,650] [INFO ] [sherpa.py::320 _generate]: Sherpa STT final: len=13 latency_ms=90 source=mic turn=d5a8c63c-6b14-4fd0-8c92-d11cbe043e76 utterance=b5f31501-87e0-4d1f-9ebe-9b8fe9d25eaf
[2026-09-03 23:48:38,651] [INFO ] [jaison.py::480 _interrupt_jobs]: Smart Barge-in: Interrupting and clearing queue due to: user_speaking_significant
[2026-09-03 23:48:38,928] [INFO ] [jaison.py::441 create_job]: Queued new context_conversation_add_text job d0471a48-abe4-47f9-8f73-04141e96d52a
[2026-09-03 23:48:38,928] [INFO ] [jaison.py::441 create_job]: Queued new response job 74afcd66-342a-4178-9513-24ad6d518ca7
[2026-09-03 23:48:39,657] [INFO ] [operation.py::25 __call__]: T2T operation llamacpp completed in 727.4046000093222 ms
[2026-09-03 23:48:41,649] [INFO ] [operation.py::25 __call__]: TTS operation fish_audio completed in 1981.4229999901727 ms
[2026-09-03 23:48:43,351] [INFO ] [operation.py::25 __call__]: TTS operation fish_audio completed in 1702.101800008677 ms
[2026-09-03 23:48:43,351] [INFO ] [operation.py::25 __call__]: FILTER_TEXT operation chunker_sentence completed in 3694.3551000440493 ms
[2026-09-03 23:48:43,352] [INFO ] [operation.py::25 __call__]: FILTER_TEXT operation filter_clean completed in 3694.4856999907643 ms
[2026-09-03 23:48:43,352] [INFO ] [jaison.py::963 response_pipeline]: Response job 74afcd66-342a-4178-9513-24ad6d518ca7 completed. Content: 'Привет! Да, слышу, как там дела?...'
[2026-09-03 23:48:50,554] [INFO ] [sherpa.py::320 _generate]: Sherpa STT final: len=15 latency_ms=110 source=mic turn=3d18372c-9335-45d9-b41e-0777df341e1b utterance=9258ba0e-542d-4f23-90b1-6cf2e84160fc
[2026-09-03 23:48:50,554] [INFO ] [jaison.py::480 _interrupt_jobs]: Smart Barge-in: Interrupting and clearing queue due to: user_speaking_significant
[2026-09-03 23:48:50,811] [INFO ] [jaison.py::441 create_job]: Queued new context_conversation_add_text job cd5cb2b5-09aa-4e43-8117-85a0bb368cfd
[2026-09-03 23:48:50,811] [INFO ] [jaison.py::441 create_job]: Queued new response job 97772472-91d6-4377-b76c-1df51f0a1d0c
[2026-09-03 23:48:51,339] [INFO ] [operation.py::25 __call__]: T2T operation llamacpp completed in 527.0141999935731 ms
[2026-09-03 23:48:53,583] [INFO ] [operation.py::25 __call__]: TTS operation fish_audio completed in 2233.515099971555 ms
[2026-09-03 23:48:55,329] [INFO ] [operation.py::25 __call__]: TTS operation fish_audio completed in 1745.2778000151739 ms
[2026-09-03 23:48:55,329] [INFO ] [operation.py::25 __call__]: FILTER_TEXT operation chunker_sentence completed in 3989.8766999831423 ms
[2026-09-03 23:48:55,329] [INFO ] [operation.py::25 __call__]: FILTER_TEXT operation filter_clean completed in 3990.108500001952 ms
[2026-09-03 23:48:55,329] [INFO ] [jaison.py::963 response_pipeline]: Response job 97772472-91d6-4377-b76c-1df51f0a1d0c completed. Content: 'У меня все супер! А что у тебя нового?...'
[2026-09-03 23:52:02,043] [INFO ] [app_server.py::86 ws]: Closed websocket connection
[2026-09-03 23:52:03,631] [INFO ] [jaison.py::110 start]: Starting JAIson application layer.
[2026-09-03 23:52:03,643] [INFO ] [manager.py::300 load_operations_from_config]: Active STT from config: faster_whisper_ru
[2026-09-03 23:52:05,148] [INFO ] [operation.py::32 start]: Starting STT operation faster_whisper_ru
[2026-09-03 23:52:05,148] [INFO ] [faster_whisper.py::35 start]: Loading Faster Whisper model 'medium' on cuda (int8_float16)...
[2026-09-03 23:52:08,415] [INFO ] [faster_whisper.py::38 start]: Faster Whisper model loaded successfully.
[2026-09-03 23:52:08,417] [INFO ] [operation.py::32 start]: Starting T2T operation llamacpp
[2026-09-03 23:52:08,417] [INFO ] [manager.py::27 load]: Loading process by type llamacpp
[2026-09-03 23:52:08,423] [INFO ] [llamacpp.py::81 reload]: Opened Llama.cpp server (PID: 44040) on port 14012 (GPU: 0)
[2026-09-03 23:52:08,423] [INFO ] [llamacpp.py::89 reload]: Waiting for llama-server to be ready at http://127.0.0.1:14012/health ...
[2026-09-03 23:52:12,610] [INFO ] [llamacpp.py::101 reload]: llama-server is ready! (attempt 8, port 14012)
[2026-09-03 23:52:12,630] [INFO ] [fishaudio.py::159 configure]: FishAudioTTS: настроен — model=s2.1-pro-free, reference_id=8579f198..., latency=balanced, sample_rate=44100, speed=1.0
[2026-09-03 23:52:12,630] [INFO ] [operation.py::32 start]: Starting TTS operation fish_audio
[2026-09-03 23:52:12,630] [INFO ] [fishaudio.py::85 start]: FishAudioTTS: операция запущена (WebSocket streaming, format=pcm)
[2026-09-03 23:52:12,633] [INFO ] [operation.py::32 start]: Starting FILTER_TEXT operation filter_clean
[2026-09-03 23:52:15,037] [INFO ] [operation.py::32 start]: Starting FILTER_TEXT operation chunker_sentence
[2026-09-03 23:52:15,546] [INFO ] [manager.py::27 load]: Loading process by type hw_mic
[2026-09-03 23:52:15,546] [WARNI] [base.py::46 unload]: Attempted to unload process hw_mic when it is already unloaded
[2026-09-03 23:52:15,554] [INFO ] [manager.py::27 load]: Loading process by type discord
[2026-09-03 23:52:15,554] [WARNI] [base.py::46 unload]: Attempted to unload process discord when it is already unloaded
[2026-09-03 23:52:15,555] [INFO ] [discord.py::52 reload]: Starting Discord bridge for guild 390301473210236928, channel 390301473210236932.
[2026-09-03 23:52:15,560] [INFO ] [jaison.py::149 start]: JAIson application layer has started.
[2026-09-03 23:52:15,562] [INFO ] [logging.py::106 info]: Running on http://127.0.0.1:7272 (CTRL + C to quit)
[2026-09-03 23:52:15,892] [INFO ] [app_server.py::77 ws]: Opened new websocket connection
[2026-09-03 23:52:19,281] [INFO ] [transcribe.py::881 transcribe]: Processing audio with duration 00:00.608
[2026-09-03 23:52:19,335] [INFO ] [app_server.py::77 ws]: Opened new websocket connection
[2026-09-03 23:52:19,346] [INFO ] [transcribe.py::895 transcribe]: VAD filter removed 00:00.608 of audio
[2026-09-03 23:52:29,469] [INFO ] [transcribe.py::881 transcribe]: Processing audio with duration 00:02.624
[2026-09-03 23:52:29,475] [INFO ] [transcribe.py::895 transcribe]: VAD filter removed 00:00.112 of audio
[2026-09-03 23:52:30,942] [INFO ] [jaison.py::441 create_job]: Queued new context_conversation_add_text job 5850e819-6cef-4888-b031-f56a485d7f15
[2026-09-03 23:52:30,942] [INFO ] [jaison.py::579 _commit_pending_voice_turn]: Voice turn committed as context-only (no RESPONSE job).
[2026-09-03 23:52:37,108] [INFO ] [transcribe.py::881 transcribe]: Processing audio with duration 00:01.536
[2026-09-03 23:52:37,112] [INFO ] [transcribe.py::895 transcribe]: VAD filter removed 00:00.000 of audio
[2026-09-03 23:52:37,437] [INFO ] [jaison.py::480 _interrupt_jobs]: Smart Barge-in: Interrupting and clearing queue due to: user_speaking_significant
[2026-09-03 23:52:37,690] [INFO ] [jaison.py::441 create_job]: Queued new context_conversation_add_text job 5cc58cb7-0ed0-495d-a33f-246823e06a83
[2026-09-03 23:52:37,690] [INFO ] [jaison.py::441 create_job]: Queued new response job c7314d38-0cb8-402b-b5eb-8be5ed65ad50
[2026-09-03 23:52:38,224] [INFO ] [operation.py::25 __call__]: T2T operation llamacpp completed in 533.3561999723315 ms
[2026-09-03 23:52:38,588] [INFO ] [transcribe.py::881 transcribe]: Processing audio with duration 00:00.960
[2026-09-03 23:52:38,590] [INFO ] [transcribe.py::895 transcribe]: VAD filter removed 00:00.960 of audio
[2026-09-03 23:52:40,053] [INFO ] [operation.py::25 __call__]: TTS operation fish_audio completed in 1816.8993999715894 ms
[2026-09-03 23:52:41,671] [INFO ] [operation.py::25 __call__]: TTS operation fish_audio completed in 1617.9442999418825 ms
[2026-09-03 23:52:41,671] [INFO ] [operation.py::25 __call__]: FILTER_TEXT operation chunker_sentence completed in 3446.631300030276 ms
[2026-09-03 23:52:41,672] [INFO ] [operation.py::25 __call__]: FILTER_TEXT operation filter_clean completed in 3447.003700071946 ms
[2026-09-03 23:52:41,672] [INFO ] [jaison.py::963 response_pipeline]: Response job c7314d38-0cb8-402b-b5eb-8be5ed65ad50 completed. Content: 'Привет! Неплохо, а ты как? Что нового?...'
[2026-09-03 23:52:52,730] [INFO ] [transcribe.py::881 transcribe]: Processing audio with duration 00:05.696
[2026-09-03 23:52:52,742] [INFO ] [transcribe.py::895 transcribe]: VAD filter removed 00:00.080 of audio
[2026-09-03 23:52:53,422] [INFO ] [jaison.py::480 _interrupt_jobs]: Smart Barge-in: Interrupting and clearing queue due to: user_speaking_significant
[2026-09-03 23:52:53,680] [INFO ] [jaison.py::441 create_job]: Queued new context_conversation_add_text job 2610aebf-4e02-4316-8577-7f3f962fa0a4
[2026-09-03 23:52:53,680] [INFO ] [jaison.py::441 create_job]: Queued new response job e2874b56-8350-4ecf-bf96-d82b06528170
[2026-09-03 23:52:54,817] [INFO ] [operation.py::25 __call__]: T2T operation llamacpp completed in 1135.311899939552 ms
[2026-09-03 23:52:54,867] [INFO ] [transcribe.py::881 transcribe]: Processing audio with duration 00:02.272
[2026-09-03 23:52:54,881] [INFO ] [transcribe.py::895 transcribe]: VAD filter removed 00:00.000 of audio
[2026-09-03 23:52:55,292] [INFO ] [jaison.py::480 _interrupt_jobs]: Smart Barge-in: Interrupting and clearing queue due to: user_speaking_significant
[2026-09-03 23:52:55,292] [INFO ] [jaison.py::474 _clear_current_job]: Job e2874b56-8350-4ecf-bf96-d82b06528170 (response) is being cancelled due to: user_speaking_significant
[2026-09-03 23:52:55,294] [INFO ] [jaison.py::754 _process_job_loop]: Job e2874b56-8350-4ecf-bf96-d82b06528170 (response) was cancelled.
[2026-09-03 23:52:55,560] [INFO ] [jaison.py::441 create_job]: Queued new context_conversation_add_text job d77c5652-0441-4d2a-94b0-47c30f55bf95
[2026-09-03 23:52:55,560] [INFO ] [jaison.py::441 create_job]: Queued new response job 42f3a0d7-19d5-43a4-86e8-676f6567aab2
[2026-09-03 23:52:56,425] [INFO ] [operation.py::25 __call__]: T2T operation llamacpp completed in 864.6174999885261 ms
[2026-09-03 23:52:58,398] [INFO ] [operation.py::25 __call__]: TTS operation fish_audio completed in 1959.5468000043184 ms
[2026-09-03 23:53:00,696] [INFO ] [operation.py::25 __call__]: TTS operation fish_audio completed in 2297.048300039023 ms
[2026-09-03 23:53:00,696] [INFO ] [operation.py::25 __call__]: FILTER_TEXT operation chunker_sentence completed in 4270.559500087984 ms
[2026-09-03 23:53:00,697] [INFO ] [operation.py::25 __call__]: FILTER_TEXT operation filter_clean completed in 4270.725200069137 ms
[2026-09-03 23:53:00,697] [INFO ] [jaison.py::963 response_pipeline]: Response job 42f3a0d7-19d5-43a4-86e8-676f6567aab2 completed. Content: 'Ой, Зефир, ты снова со своими экспериментами? Хорошо, давай я тебе потом расскажу, как я тебя слышу....'
[2026-09-03 23:54:58,466] [INFO ] [app_server.py::86 ws]: Closed websocket connection
[2026-09-03 23:55:42,253] [INFO ] [jaison.py::110 start]: Starting JAIson application layer.
[2026-09-03 23:55:42,264] [INFO ] [manager.py::300 load_operations_from_config]: Active STT from config: faster_whisper_ru
[2026-09-03 23:55:43,595] [INFO ] [operation.py::32 start]: Starting STT operation faster_whisper_ru
[2026-09-03 23:55:43,595] [INFO ] [faster_whisper.py::35 start]: Loading Faster Whisper model 'medium' on cuda (int8_float16)...
[2026-09-03 23:55:46,521] [INFO ] [faster_whisper.py::38 start]: Faster Whisper model loaded successfully.
[2026-09-03 23:55:46,523] [INFO ] [operation.py::32 start]: Starting T2T operation llamacpp
[2026-09-03 23:55:46,523] [INFO ] [manager.py::27 load]: Loading process by type llamacpp
[2026-09-03 23:55:46,529] [INFO ] [llamacpp.py::81 reload]: Opened Llama.cpp server (PID: 34936) on port 8497 (GPU: 0)
[2026-09-03 23:55:46,530] [INFO ] [llamacpp.py::89 reload]: Waiting for llama-server to be ready at http://127.0.0.1:8497/health ...
[2026-09-03 23:55:50,694] [INFO ] [llamacpp.py::101 reload]: llama-server is ready! (attempt 8, port 8497)
[2026-09-03 23:55:50,711] [INFO ] [fishaudio.py::159 configure]: FishAudioTTS: настроен — model=s2.1-pro-free, reference_id=8579f198..., latency=balanced, sample_rate=44100, speed=1.0
[2026-09-03 23:55:50,711] [INFO ] [operation.py::32 start]: Starting TTS operation fish_audio
[2026-09-03 23:55:50,711] [INFO ] [fishaudio.py::85 start]: FishAudioTTS: операция запущена (WebSocket streaming, format=pcm)
[2026-09-03 23:55:50,714] [INFO ] [operation.py::32 start]: Starting FILTER_TEXT operation filter_clean
[2026-09-03 23:55:53,070] [INFO ] [operation.py::32 start]: Starting FILTER_TEXT operation chunker_sentence
[2026-09-03 23:55:53,605] [INFO ] [manager.py::27 load]: Loading process by type hw_mic
[2026-09-03 23:55:53,605] [WARNI] [base.py::46 unload]: Attempted to unload process hw_mic when it is already unloaded
[2026-09-03 23:55:53,613] [INFO ] [manager.py::27 load]: Loading process by type discord
[2026-09-03 23:55:53,613] [WARNI] [base.py::46 unload]: Attempted to unload process discord when it is already unloaded
[2026-09-03 23:55:53,613] [INFO ] [discord.py::52 reload]: Starting Discord bridge for guild 390301473210236928, channel 390301473210236932.
[2026-09-03 23:55:53,619] [INFO ] [jaison.py::149 start]: JAIson application layer has started.
[2026-09-03 23:55:53,621] [INFO ] [logging.py::106 info]: Running on http://127.0.0.1:7272 (CTRL + C to quit)
[2026-09-03 23:55:53,851] [INFO ] [app_server.py::77 ws]: Opened new websocket connection
[2026-09-03 23:55:57,319] [INFO ] [app_server.py::77 ws]: Opened new websocket connection
[2026-09-03 23:55:57,398] [INFO ] [transcribe.py::881 transcribe]: Processing audio with duration 00:00.672
[2026-09-03 23:55:57,455] [INFO ] [transcribe.py::895 transcribe]: VAD filter removed 00:00.672 of audio
[2026-09-03 23:56:10,005] [INFO ] [transcribe.py::881 transcribe]: Processing audio with duration 00:02.848
[2026-09-03 23:56:10,010] [INFO ] [transcribe.py::895 transcribe]: VAD filter removed 00:00.000 of audio
[2026-09-03 23:56:11,118] [INFO ] [jaison.py::441 create_job]: Queued new context_conversation_add_text job ea31436f-0828-4e71-99e5-eedcd8162328
[2026-09-03 23:56:11,119] [INFO ] [jaison.py::579 _commit_pending_voice_turn]: Voice turn committed as context-only (no RESPONSE job).
[2026-09-03 23:56:15,056] [INFO ] [transcribe.py::881 transcribe]: Processing audio with duration 00:01.536
[2026-09-03 23:56:15,059] [INFO ] [transcribe.py::895 transcribe]: VAD filter removed 00:00.000 of audio
[2026-09-03 23:56:15,323] [INFO ] [jaison.py::480 _interrupt_jobs]: Smart Barge-in: Interrupting and clearing queue due to: user_speaking_significant
[2026-09-03 23:56:15,833] [INFO ] [jaison.py::441 create_job]: Queued new context_conversation_add_text job d6fbfb6d-1ea0-4af8-ab4f-966790070abd
[2026-09-03 23:56:15,833] [INFO ] [jaison.py::441 create_job]: Queued new response job 64d3e81e-9ab7-4f00-b200-0b78d7f05b78
[2026-09-03 23:56:16,571] [INFO ] [operation.py::25 __call__]: T2T operation llamacpp completed in 736.1098999390379 ms
[2026-09-03 23:56:19,366] [INFO ] [operation.py::25 __call__]: TTS operation fish_audio completed in 2782.8805000754073 ms
[2026-09-03 23:56:19,366] [INFO ] [operation.py::25 __call__]: FILTER_TEXT operation chunker_sentence completed in 2795.3877999680117 ms
[2026-09-03 23:56:19,366] [INFO ] [operation.py::25 __call__]: FILTER_TEXT operation filter_clean completed in 2795.5230999505147 ms
[2026-09-03 23:56:19,367] [INFO ] [jaison.py::963 response_pipeline]: Response job 64d3e81e-9ab7-4f00-b200-0b78d7f05b78 completed. Content: 'Ого, ты как раз вовремя, у нас тут обсуждение нового релиза игр началось....'
[2026-09-03 23:56:29,033] [INFO ] [transcribe.py::881 transcribe]: Processing audio with duration 00:01.440
[2026-09-03 23:56:29,036] [INFO ] [transcribe.py::895 transcribe]: VAD filter removed 00:00.000 of audio
[2026-09-03 23:56:29,459] [INFO ] [jaison.py::480 _interrupt_jobs]: Smart Barge-in: Interrupting and clearing queue due to: user_speaking_significant
[2026-09-03 23:56:29,975] [INFO ] [jaison.py::441 create_job]: Queued new context_conversation_add_text job 87b12124-c39f-4b8a-b78c-f15430708622
[2026-09-03 23:56:29,975] [INFO ] [jaison.py::441 create_job]: Queued new response job 894bc359-707b-4c0c-ba6c-bac00d01fea1
[2026-09-03 23:56:30,629] [INFO ] [operation.py::25 __call__]: T2T operation llamacpp completed in 652.6259999955073 ms
[2026-09-03 23:56:32,134] [INFO ] [operation.py::25 __call__]: TTS operation fish_audio completed in 1495.4334000358358 ms
[2026-09-03 23:56:34,245] [INFO ] [operation.py::25 __call__]: TTS operation fish_audio completed in 2111.120800022036 ms
[2026-09-03 23:56:34,246] [INFO ] [operation.py::25 __call__]: FILTER_TEXT operation chunker_sentence completed in 3615.959299961105 ms
[2026-09-03 23:56:34,246] [INFO ] [operation.py::25 __call__]: FILTER_TEXT operation filter_clean completed in 3616.097299964167 ms
[2026-09-03 23:56:34,246] [INFO ] [jaison.py::963 response_pipeline]: Response job 894bc359-707b-4c0c-ba6c-bac00d01fea1 completed. Content: 'Огонь! Особенно фишка с сюжетной линией — прям зацепило....'
[2026-09-03 23:56:43,214] [INFO ] [transcribe.py::881 transcribe]: Processing audio with duration 00:01.024
[2026-09-03 23:56:43,216] [INFO ] [transcribe.py::895 transcribe]: VAD filter removed 00:00.000 of audio
[2026-09-03 23:56:43,373] [INFO ] [transcribe.py::881 transcribe]: Processing audio with duration 00:01.216
[2026-09-03 23:56:43,377] [INFO ] [transcribe.py::895 transcribe]: VAD filter removed 00:00.000 of audio
[2026-09-03 23:56:43,580] [INFO ] [jaison.py::480 _interrupt_jobs]: Smart Barge-in: Interrupting and clearing queue due to: user_speaking_significant
[2026-09-03 23:56:44,392] [INFO ] [jaison.py::441 create_job]: Queued new context_conversation_add_text job a15ab48e-f4c4-4b5e-960c-4ac886bc1996
[2026-09-03 23:56:44,392] [INFO ] [jaison.py::441 create_job]: Queued new response job c320f549-c381-48b4-b22f-4fe280f3d559
[2026-09-03 23:56:45,030] [INFO ] [operation.py::25 __call__]: T2T operation llamacpp completed in 637.0454999851063 ms
[2026-09-03 23:56:45,676] [INFO ] [transcribe.py::881 transcribe]: Processing audio with duration 00:00.992
[2026-09-03 23:56:45,679] [INFO ] [transcribe.py::895 transcribe]: VAD filter removed 00:00.992 of audio
[2026-09-03 23:56:47,656] [INFO ] [operation.py::25 __call__]: TTS operation fish_audio completed in 2614.746799925342 ms
[2026-09-03 23:56:47,657] [INFO ] [operation.py::25 __call__]: FILTER_TEXT operation chunker_sentence completed in 2626.305800047703 ms
[2026-09-03 23:56:47,657] [INFO ] [operation.py::25 __call__]: FILTER_TEXT operation filter_clean completed in 2626.4355999883264 ms
[2026-09-03 23:56:47,658] [INFO ] [jaison.py::963 response_pipeline]: Response job c320f549-c381-48b4-b22f-4fe280f3d559 completed. Content: 'У нас тут обсуждение нового релиза игр началось, не пропустишь!...'
[2026-09-03 23:56:57,006] [INFO ] [transcribe.py::881 transcribe]: Processing audio with duration 00:02.240
[2026-09-03 23:56:57,011] [INFO ] [transcribe.py::895 transcribe]: VAD filter removed 00:00.000 of audio
[2026-09-03 23:56:59,253] [INFO ] [jaison.py::480 _interrupt_jobs]: Smart Barge-in: Interrupting and clearing queue due to: user_speaking_significant
[2026-09-03 23:56:59,757] [INFO ] [jaison.py::441 create_job]: Queued new context_conversation_add_text job c27c95fc-3950-4b71-b868-87e34fa6eb4d
[2026-09-03 23:56:59,757] [INFO ] [jaison.py::441 create_job]: Queued new response job 6559425b-8a58-4675-82a4-ca6c3d08df4b
[2026-09-03 23:57:00,675] [INFO ] [operation.py::25 __call__]: T2T operation llamacpp completed in 916.160799912177 ms
[2026-09-03 23:57:04,296] [INFO ] [operation.py::25 __call__]: TTS operation fish_audio completed in 3604.2066999943927 ms
[2026-09-03 23:57:04,296] [INFO ] [operation.py::25 __call__]: FILTER_TEXT operation chunker_sentence completed in 3621.060000034049 ms
[2026-09-03 23:57:04,297] [INFO ] [operation.py::25 __call__]: FILTER_TEXT operation filter_clean completed in 3621.197700034827 ms
[2026-09-03 23:57:04,297] [INFO ] [jaison.py::963 response_pipeline]: Response job 6559425b-8a58-4675-82a4-ca6c3d08df4b completed. Content: 'Короче, в общем — сюжет крутой, графика на высоте, и там есть новый персонаж, который прям в душу за...'
[2026-09-03 23:57:14,908] [INFO ] [transcribe.py::881 transcribe]: Processing audio with duration 00:01.152
[2026-09-03 23:57:14,909] [INFO ] [transcribe.py::895 transcribe]: VAD filter removed 00:01.152 of audio
[2026-09-03 23:57:15,177] [INFO ] [transcribe.py::881 transcribe]: Processing audio with duration 00:02.464
[2026-09-03 23:57:15,182] [INFO ] [transcribe.py::895 transcribe]: VAD filter removed 00:00.000 of audio
[2026-09-03 23:57:15,565] [INFO ] [jaison.py::480 _interrupt_jobs]: Smart Barge-in: Interrupting and clearing queue due to: user_speaking_significant
[2026-09-03 23:57:16,073] [INFO ] [jaison.py::441 create_job]: Queued new context_conversation_add_text job 0da7940d-e5a5-4cce-82ab-a02775b67dbf
[2026-09-03 23:57:16,073] [INFO ] [jaison.py::441 create_job]: Queued new response job 381876b1-666c-41a1-b9ca-44a3742ca1e0
[2026-09-03 23:57:16,980] [INFO ] [operation.py::25 __call__]: T2T operation llamacpp completed in 905.1864999346435 ms
[2026-09-03 23:57:19,890] [INFO ] [operation.py::25 __call__]: TTS operation fish_audio completed in 2897.0077000558376 ms
[2026-09-03 23:57:19,890] [INFO ] [operation.py::25 __call__]: FILTER_TEXT operation chunker_sentence completed in 2910.9255000948906 ms
[2026-09-03 23:57:19,891] [INFO ] [operation.py::25 __call__]: FILTER_TEXT operation filter_clean completed in 2911.063799983822 ms
[2026-09-03 23:57:19,892] [INFO ] [jaison.py::963 response_pipeline]: Response job 381876b1-666c-41a1-b9ca-44a3742ca1e0 completed. Content: 'Это "Астра: Последние Воины" — игра от той же команды, что и "Звездное Битва"....'
[2026-09-03 23:57:30,537] [INFO ] [transcribe.py::881 transcribe]: Processing audio with duration 00:04.160
[2026-09-03 23:57:30,548] [INFO ] [transcribe.py::895 transcribe]: VAD filter removed 00:00.336 of audio
[2026-09-03 23:57:31,106] [INFO ] [jaison.py::480 _interrupt_jobs]: Smart Barge-in: Interrupting and clearing queue due to: user_speaking_significant
[2026-09-03 23:57:31,610] [INFO ] [jaison.py::441 create_job]: Queued new context_conversation_add_text job 8a4b19a8-4aa8-4caf-be08-9794ebc850fa
[2026-09-03 23:57:31,610] [INFO ] [jaison.py::441 create_job]: Queued new response job 3ea907e9-4db0-4fbe-a17e-05372b5c5925
[2026-09-03 23:57:32,556] [INFO ] [operation.py::25 __call__]: T2T operation llamacpp completed in 943.9319999655709 ms
[2026-09-03 23:57:35,156] [INFO ] [operation.py::25 __call__]: TTS operation fish_audio completed in 2587.0676999911666 ms
[2026-09-03 23:57:35,157] [INFO ] [operation.py::25 __call__]: FILTER_TEXT operation chunker_sentence completed in 2601.3685000361875 ms
[2026-09-03 23:57:35,157] [INFO ] [operation.py::25 __call__]: FILTER_TEXT operation filter_clean completed in 2601.5316999983042 ms
[2026-09-03 23:57:35,158] [INFO ] [jaison.py::963 response_pipeline]: Response job 3ea907e9-4db0-4fbe-a17e-05372b5c5925 completed. Content: 'Не выдумываю, но может, ты не следишь за новинками в жанре фантастики и боевиков....'
[2026-09-03 23:58:04,846] [INFO ] [transcribe.py::881 transcribe]: Processing audio with duration 00:04.512
[2026-09-03 23:58:04,854] [INFO ] [transcribe.py::895 transcribe]: VAD filter removed 00:00.000 of audio
[2026-09-03 23:58:14,088] [INFO ] [jaison.py::480 _interrupt_jobs]: Smart Barge-in: Interrupting and clearing queue due to: user_speaking_significant
[2026-09-03 23:58:14,894] [INFO ] [transcribe.py::881 transcribe]: Processing audio with duration 00:02.112
[2026-09-03 23:58:14,897] [INFO ] [transcribe.py::895 transcribe]: VAD filter removed 00:00.000 of audio
[2026-09-03 23:58:15,727] [INFO ] [transcribe.py::881 transcribe]: Processing audio with duration 00:00.928
[2026-09-03 23:58:15,729] [INFO ] [transcribe.py::895 transcribe]: VAD filter removed 00:00.928 of audio
[2026-09-03 23:58:18,260] [INFO ] [jaison.py::441 create_job]: Queued new context_conversation_add_text job 227ed581-d03c-4997-8d23-fd38ab5d2d10
[2026-09-03 23:58:18,260] [INFO ] [jaison.py::441 create_job]: Queued new response job 99f65c99-5a63-4b27-89b1-384f5db2f60e
[2026-09-03 23:58:18,749] [INFO ] [jaison.py::441 create_job]: Queued new context_conversation_add_text job 60eb8def-7cd7-478d-a404-7352ea90d369
[2026-09-03 23:58:18,749] [INFO ] [jaison.py::579 _commit_pending_voice_turn]: Voice turn committed as context-only (no RESPONSE job).
[2026-09-03 23:58:18,832] [INFO ] [operation.py::25 __call__]: T2T operation llamacpp completed in 571.0482000140473 ms
[2026-09-03 23:58:21,099] [INFO ] [operation.py::25 __call__]: TTS operation fish_audio completed in 2256.445600069128 ms
[2026-09-03 23:58:21,100] [INFO ] [operation.py::25 __call__]: FILTER_TEXT operation chunker_sentence completed in 2267.299000057392 ms
[2026-09-03 23:58:21,100] [INFO ] [operation.py::25 __call__]: FILTER_TEXT operation filter_clean completed in 2267.395199974999 ms
[2026-09-03 23:58:21,100] [INFO ] [jaison.py::963 response_pipeline]: Response job 99f65c99-5a63-4b27-89b1-384f5db2f60e completed. Content: 'Ой, привет Гера! Приходи, играем вместе!...'
[2026-09-03 23:58:47,084] [INFO ] [transcribe.py::881 transcribe]: Processing audio with duration 00:03.616
[2026-09-03 23:58:47,091] [INFO ] [transcribe.py::895 transcribe]: VAD filter removed 00:00.048 of audio
[2026-09-03 23:58:47,469] [INFO ] [jaison.py::480 _interrupt_jobs]: Smart Barge-in: Interrupting and clearing queue due to: user_speaking_significant
[2026-09-03 23:58:47,984] [INFO ] [jaison.py::441 create_job]: Queued new context_conversation_add_text job 9d944204-1d26-4730-9a3b-8457b8149284
[2026-09-03 23:58:47,984] [INFO ] [jaison.py::441 create_job]: Queued new response job 65d1b124-240b-4638-a90a-ce1e15e603a8
[2026-09-03 23:58:48,707] [INFO ] [operation.py::25 __call__]: T2T operation llamacpp completed in 722.6500998949632 ms
[2026-09-03 23:58:51,161] [INFO ] [operation.py::25 __call__]: TTS operation fish_audio completed in 2442.600699956529 ms
[2026-09-03 23:58:53,015] [INFO ] [operation.py::25 __call__]: TTS operation fish_audio completed in 1854.0588000323623 ms
[2026-09-03 23:58:53,015] [INFO ] [operation.py::25 __call__]: FILTER_TEXT operation chunker_sentence completed in 4307.297099963762 ms
[2026-09-03 23:58:53,015] [INFO ] [operation.py::25 __call__]: FILTER_TEXT operation filter_clean completed in 4307.3926999932155 ms
[2026-09-03 23:58:53,015] [INFO ] [jaison.py::963 response_pipeline]: Response job 65d1b124-240b-4638-a90a-ce1e15e603a8 completed. Content: 'О, классно, что Гера присоединилась! Надеюсь, ей тоже нравится новая игра....'
[2026-09-04 00:01:11,532] [INFO ] [transcribe.py::881 transcribe]: Processing audio with duration 00:02.848
[2026-09-04 00:01:11,538] [INFO ] [transcribe.py::895 transcribe]: VAD filter removed 00:00.368 of audio
[2026-09-04 00:01:11,844] [INFO ] [jaison.py::480 _interrupt_jobs]: Smart Barge-in: Interrupting and clearing queue due to: user_speaking_significant
[2026-09-04 00:01:12,360] [INFO ] [jaison.py::441 create_job]: Queued new context_conversation_add_text job a58f38ed-9bb9-4c0e-9b3d-1683bf857e22
[2026-09-04 00:01:12,360] [INFO ] [jaison.py::441 create_job]: Queued new response job 82a4a999-f345-4597-8e62-852a782ba286
[2026-09-04 00:01:13,353] [INFO ] [operation.py::25 __call__]: T2T operation llamacpp completed in 992.6656000316143 ms
[2026-09-04 00:01:16,092] [INFO ] [operation.py::25 __call__]: TTS operation fish_audio completed in 2726.60670010373 ms
[2026-09-04 00:01:17,858] [INFO ] [operation.py::25 __call__]: TTS operation fish_audio completed in 1765.5251999385655 ms
[2026-09-04 00:01:17,858] [INFO ] [operation.py::25 __call__]: FILTER_TEXT operation chunker_sentence completed in 4504.612000077032 ms
[2026-09-04 00:01:17,858] [INFO ] [operation.py::25 __call__]: FILTER_TEXT operation filter_clean completed in 4504.708599997684 ms
[2026-09-04 00:01:17,859] [INFO ] [jaison.py::963 response_pipeline]: Response job 82a4a999-f345-4597-8e62-852a782ba286 completed. Content: 'Мы тут обсуждаем "Астра: Последние Воины", прям затянуло. А ты играешь в что-то интересное?...'
[2026-09-04 00:01:27,724] [INFO ] [transcribe.py::881 transcribe]: Processing audio with duration 00:05.216
[2026-09-04 00:01:27,733] [INFO ] [transcribe.py::895 transcribe]: VAD filter removed 00:00.464 of audio
[2026-09-04 00:01:28,315] [INFO ] [jaison.py::480 _interrupt_jobs]: Smart Barge-in: Interrupting and clearing queue due to: user_speaking_significant
[2026-09-04 00:01:28,522] [INFO ] [transcribe.py::881 transcribe]: Processing audio with duration 00:00.928
[2026-09-04 00:01:28,524] [INFO ] [transcribe.py::895 transcribe]: VAD filter removed 00:00.928 of audio
[2026-09-04 00:01:28,816] [INFO ] [jaison.py::441 create_job]: Queued new context_conversation_add_text job ffd1a830-5399-4a45-99b3-9f996ad8b51d
[2026-09-04 00:01:28,816] [INFO ] [jaison.py::441 create_job]: Queued new response job 2db6c915-2615-40ea-9cef-564b4d75b4a8
[2026-09-04 00:01:30,114] [INFO ] [operation.py::25 __call__]: T2T operation llamacpp completed in 1297.5632000016049 ms
[2026-09-04 00:01:33,533] [INFO ] [operation.py::25 __call__]: TTS operation fish_audio completed in 3405.0634999293834 ms
[2026-09-04 00:01:35,937] [INFO ] [operation.py::25 __call__]: TTS operation fish_audio completed in 2404.440199956298 ms
[2026-09-04 00:01:35,937] [INFO ] [operation.py::25 __call__]: FILTER_TEXT operation chunker_sentence completed in 5823.182599968277 ms
[2026-09-04 00:01:35,937] [INFO ] [operation.py::25 __call__]: FILTER_TEXT operation filter_clean completed in 5823.277899995446 ms
[2026-09-04 00:01:35,938] [INFO ] [jaison.py::963 response_pipeline]: Response job 2db6c915-2615-40ea-9cef-564b4d75b4a8 completed. Content: '"Ион-2" — это точно будет что-то мощное! "Танки" — тоже не промах, но "Астра" сейчас прям в моих фав...'
[2026-09-04 00:01:52,853] [INFO ] [transcribe.py::881 transcribe]: Processing audio with duration 00:04.096
[2026-09-04 00:01:52,860] [INFO ] [transcribe.py::895 transcribe]: VAD filter removed 00:00.048 of audio
[2026-09-04 00:01:53,351] [INFO ] [jaison.py::480 _interrupt_jobs]: Smart Barge-in: Interrupting and clearing queue due to: user_speaking_significant
[2026-09-04 00:01:53,863] [INFO ] [jaison.py::441 create_job]: Queued new context_conversation_add_text job edfe3123-b2b4-4ad5-a944-7748ddae7bdc
[2026-09-04 00:01:53,863] [INFO ] [jaison.py::441 create_job]: Queued new response job 592020d9-eb94-4f24-86fb-5220b2cc4a64
[2026-09-04 00:01:55,110] [INFO ] [operation.py::25 __call__]: T2T operation llamacpp completed in 1246.6465000761673 ms
[2026-09-04 00:01:57,135] [INFO ] [operation.py::25 __call__]: TTS operation fish_audio completed in 2009.401599992998 ms
[2026-09-04 00:01:58,806] [INFO ] [operation.py::25 __call__]: TTS operation fish_audio completed in 1671.2695000460371 ms
[2026-09-04 00:02:01,712] [INFO ] [operation.py::25 __call__]: TTS operation fish_audio completed in 2905.8563999133185 ms
[2026-09-04 00:02:04,247] [INFO ] [operation.py::25 __call__]: TTS operation fish_audio completed in 2535.023200092837 ms
[2026-09-04 00:02:04,248] [INFO ] [operation.py::25 __call__]: FILTER_TEXT operation chunker_sentence completed in 9137.131099938415 ms
[2026-09-04 00:02:04,248] [INFO ] [operation.py::25 __call__]: FILTER_TEXT operation filter_clean completed in 9137.228999985382 ms
[2026-09-04 00:02:04,248] [INFO ] [jaison.py::963 response_pipeline]: Response job 592020d9-eb94-4f24-86fb-5220b2cc4a64 completed. Content: 'Айон-2, да! Так и правильно. Ой, не заметила. Ещё один игрок в нашем списке. Надеюсь, тебе тоже понр...'
[2026-09-04 00:02:13,413] [INFO ] [transcribe.py::881 transcribe]: Processing audio with duration 00:04.384
[2026-09-04 00:02:13,422] [INFO ] [transcribe.py::895 transcribe]: VAD filter removed 00:00.400 of audio
[2026-09-04 00:02:13,973] [INFO ] [jaison.py::480 _interrupt_jobs]: Smart Barge-in: Interrupting and clearing queue due to: user_speaking_significant
[2026-09-04 00:02:13,973] [INFO ] [jaison.py::266 _record_stt_metrics]: STT metrics(window=20): avg_latency_ms=1021 empty_rate=0.250 stop_cmd_recall=0.000
[2026-09-04 00:02:14,477] [INFO ] [jaison.py::441 create_job]: Queued new context_conversation_add_text job 62a2e598-3146-4984-9a6e-2ec70735f0fb
[2026-09-04 00:02:14,477] [INFO ] [jaison.py::441 create_job]: Queued new response job e66a27ef-6fea-45e6-b410-b413717d2d54
[2026-09-04 00:02:15,233] [INFO ] [operation.py::25 __call__]: T2T operation llamacpp completed in 754.873999976553 ms
[2026-09-04 00:02:17,718] [INFO ] [operation.py::25 __call__]: TTS operation fish_audio completed in 2474.113199976273 ms
[2026-09-04 00:02:19,490] [INFO ] [operation.py::25 __call__]: TTS operation fish_audio completed in 1772.031300002709 ms
[2026-09-04 00:02:19,490] [INFO ] [operation.py::25 __call__]: FILTER_TEXT operation chunker_sentence completed in 4257.800100021996 ms
[2026-09-04 00:02:19,490] [INFO ] [operation.py::25 __call__]: FILTER_TEXT operation filter_clean completed in 4257.910699932836 ms
[2026-09-04 00:02:19,491] [INFO ] [jaison.py::963 response_pipeline]: Response job e66a27ef-6fea-45e6-b410-b413717d2d54 completed. Content: 'О, это новинка в жанре RPG, графика и сюжет просто космические! Ты должен попробовать!...'
[2026-09-04 00:02:30,611] [INFO ] [transcribe.py::881 transcribe]: Processing audio with duration 00:04.288
[2026-09-04 00:02:30,620] [INFO ] [transcribe.py::895 transcribe]: VAD filter removed 00:00.048 of audio
[2026-09-04 00:02:31,395] [INFO ] [jaison.py::480 _interrupt_jobs]: Smart Barge-in: Interrupting and clearing queue due to: user_speaking_significant
[2026-09-04 00:02:31,904] [INFO ] [jaison.py::441 create_job]: Queued new context_conversation_add_text job af7df337-9db0-4d4c-8156-998e2a416d29
[2026-09-04 00:02:31,904] [INFO ] [jaison.py::441 create_job]: Queued new response job 8da38fb3-2d84-4016-a407-4514210007ee
[2026-09-04 00:02:32,717] [INFO ] [operation.py::25 __call__]: T2T operation llamacpp completed in 812.9217000678182 ms
[2026-09-04 00:02:35,042] [INFO ] [operation.py::25 __call__]: TTS operation fish_audio completed in 2311.787899932824 ms
[2026-09-04 00:02:35,042] [INFO ] [operation.py::25 __call__]: FILTER_TEXT operation chunker_sentence completed in 2324.6635000687093 ms
[2026-09-04 00:02:35,042] [INFO ] [operation.py::25 __call__]: FILTER_TEXT operation filter_clean completed in 2324.7708999551833 ms
[2026-09-04 00:02:35,043] [INFO ] [jaison.py::963 response_pipeline]: Response job 8da38fb3-2d84-4016-a407-4514210007ee completed. Content: 'Конечно, вот тебе ссылка: [ссылка на игру] — скачай и не пожалеешь....'
[2026-09-04 00:02:43,143] [INFO ] [transcribe.py::881 transcribe]: Processing audio with duration 00:03.200
[2026-09-04 00:02:43,149] [INFO ] [transcribe.py::895 transcribe]: VAD filter removed 00:00.240 of audio
[2026-09-04 00:02:43,509] [INFO ] [jaison.py::480 _interrupt_jobs]: Smart Barge-in: Interrupting and clearing queue due to: user_speaking_significant
[2026-09-04 00:02:44,019] [INFO ] [jaison.py::441 create_job]: Queued new context_conversation_add_text job f663e569-22e6-4ee0-b987-9b7104d55247
[2026-09-04 00:02:44,019] [INFO ] [jaison.py::441 create_job]: Queued new response job d5b5f25f-fa64-475c-8ec0-93924487e839
[2026-09-04 00:02:44,875] [INFO ] [operation.py::25 __call__]: T2T operation llamacpp completed in 854.4172999681905 ms
[2026-09-04 00:02:47,696] [INFO ] [operation.py::25 __call__]: TTS operation fish_audio completed in 2811.109200003557 ms
[2026-09-04 00:02:50,104] [INFO ] [operation.py::25 __call__]: TTS operation fish_audio completed in 2408.5453998995945 ms
[2026-09-04 00:02:50,104] [INFO ] [operation.py::25 __call__]: FILTER_TEXT operation chunker_sentence completed in 5229.761799913831 ms
[2026-09-04 00:02:50,105] [INFO ] [operation.py::25 __call__]: FILTER_TEXT operation filter_clean completed in 5229.921699967235 ms
[2026-09-04 00:02:50,106] [INFO ] [jaison.py::963 response_pipeline]: Response job d5b5f25f-fa64-475c-8ec0-93924487e839 completed. Content: 'Не хитрый, а заботливая! Хочу, чтобы и ты в курсе был всех крутых новинок....'
[2026-09-04 00:03:50,791] [INFO ] [transcribe.py::881 transcribe]: Processing audio with duration 00:02.528
[2026-09-04 00:03:50,797] [INFO ] [transcribe.py::895 transcribe]: VAD filter removed 00:00.656 of audio
[2026-09-04 00:03:51,234] [INFO ] [jaison.py::480 _interrupt_jobs]: Smart Barge-in: Interrupting and clearing queue due to: user_speaking_significant
[2026-09-04 00:03:51,746] [INFO ] [jaison.py::441 create_job]: Queued new context_conversation_add_text job 8ba6f8b9-19ac-4cbd-a235-1f1c10fe06a8
[2026-09-04 00:03:51,746] [INFO ] [jaison.py::441 create_job]: Queued new response job 34ebc527-869f-40c7-b74a-e83ac3a8cb60
[2026-09-04 00:03:52,932] [INFO ] [operation.py::25 __call__]: T2T operation llamacpp completed in 1185.0491999648511 ms
[2026-09-04 00:03:54,898] [INFO ] [operation.py::25 __call__]: TTS operation fish_audio completed in 1945.6292999675497 ms
[2026-09-04 00:03:56,606] [INFO ] [operation.py::25 __call__]: TTS operation fish_audio completed in 1706.9456999888644 ms
[2026-09-04 00:03:58,497] [INFO ] [operation.py::25 __call__]: TTS operation fish_audio completed in 1890.6701999949291 ms
[2026-09-04 00:04:00,069] [INFO ] [operation.py::25 __call__]: TTS operation fish_audio completed in 1572.2002999391407 ms
[2026-09-04 00:04:02,014] [INFO ] [operation.py::25 __call__]: TTS operation fish_audio completed in 1944.0606000134721 ms
[2026-09-04 00:04:02,014] [INFO ] [operation.py::25 __call__]: FILTER_TEXT operation chunker_sentence completed in 9081.30279998295 ms
[2026-09-04 00:04:02,014] [INFO ] [operation.py::25 __call__]: FILTER_TEXT operation filter_clean completed in 9081.45830000285 ms
[2026-09-04 00:04:02,015] [INFO ] [jaison.py::963 response_pipeline]: Response job 34ebc527-869f-40c7-b74a-e83ac3a8cb60 completed. Content: 'Ой, еще много интересного! А ты не видел, что в "Танках" добавили нового танка? И в "Айон-2" появилс...'
[2026-09-04 00:04:14,472] [INFO ] [transcribe.py::881 transcribe]: Processing audio with duration 00:01.120
[2026-09-04 00:04:14,475] [INFO ] [transcribe.py::895 transcribe]: VAD filter removed 00:00.000 of audio
[2026-09-04 00:04:16,657] [INFO ] [transcribe.py::881 transcribe]: Processing audio with duration 00:04.352
[2026-09-04 00:04:16,680] [INFO ] [transcribe.py::895 transcribe]: VAD filter removed 00:00.000 of audio
[2026-09-04 00:04:19,718] [INFO ] [jaison.py::480 _interrupt_jobs]: Smart Barge-in: Interrupting and clearing queue due to: user_speaking_significant
[2026-09-04 00:04:20,221] [INFO ] [jaison.py::480 _interrupt_jobs]: Smart Barge-in: Interrupting and clearing queue due to: user_speaking_significant
[2026-09-04 00:04:20,723] [INFO ] [jaison.py::441 create_job]: Queued new context_conversation_add_text job d2ff98cc-6bfe-47e6-9767-b1fa94680b6b
[2026-09-04 00:04:20,723] [INFO ] [jaison.py::441 create_job]: Queued new response job b60168d4-700c-4301-bfb6-dc51f7e91ae9
[2026-09-04 00:04:22,021] [INFO ] [operation.py::25 __call__]: T2T operation llamacpp completed in 1296.9297000672668 ms
[2026-09-04 00:04:24,270] [INFO ] [operation.py::25 __call__]: TTS operation fish_audio completed in 2234.3060000566766 ms
[2026-09-04 00:04:27,224] [INFO ] [operation.py::25 __call__]: TTS operation fish_audio completed in 2954.670700011775 ms
[2026-09-04 00:04:27,224] [INFO ] [operation.py::25 __call__]: FILTER_TEXT operation chunker_sentence completed in 5203.494600020349 ms
[2026-09-04 00:04:27,224] [INFO ] [operation.py::25 __call__]: FILTER_TEXT operation filter_clean completed in 5203.635299927555 ms
[2026-09-04 00:04:27,225] [INFO ] [jaison.py::963 response_pipeline]: Response job b60168d4-700c-4301-bfb6-dc51f7e91ae9 completed. Content: 'Это "Т-110Э", он прям грозный! Ну, а в "Айон-2" новый класс — "Астрал", говорят, очень мощный....'
[2026-09-04 00:06:23,366] [INFO ] [transcribe.py::881 transcribe]: Processing audio with duration 00:01.184
[2026-09-04 00:06:23,369] [INFO ] [transcribe.py::895 transcribe]: VAD filter removed 00:00.000 of audio
[2026-09-04 00:06:25,990] [INFO ] [transcribe.py::881 transcribe]: Processing audio with duration 00:03.008
[2026-09-04 00:06:25,997] [INFO ] [transcribe.py::895 transcribe]: VAD filter removed 00:00.000 of audio
[2026-09-04 00:06:31,900] [INFO ] [jaison.py::480 _interrupt_jobs]: Smart Barge-in: Interrupting and clearing queue due to: user_speaking_significant
[2026-09-04 00:06:31,903] [INFO ] [transcribe.py::881 transcribe]: Processing audio with duration 00:03.136
[2026-09-04 00:06:31,911] [INFO ] [transcribe.py::895 transcribe]: VAD filter removed 00:00.000 of audio
[2026-09-04 00:06:32,412] [INFO ] [jaison.py::441 create_job]: Queued new context_conversation_add_text job 65ec8e85-2cad-43d8-bed1-3a3e8356ba77
[2026-09-04 00:06:32,412] [INFO ] [jaison.py::441 create_job]: Queued new response job 82157803-25ca-4d02-9586-bc253ab94550
[2026-09-04 00:06:32,911] [INFO ] [jaison.py::480 _interrupt_jobs]: Smart Barge-in: Interrupting and clearing queue due to: user_speaking_significant
[2026-09-04 00:06:32,911] [INFO ] [jaison.py::474 _clear_current_job]: Job 82157803-25ca-4d02-9586-bc253ab94550 (response) is being cancelled due to: user_speaking_significant
[2026-09-04 00:06:32,915] [INFO ] [transcribe.py::881 transcribe]: Processing audio with duration 00:02.144
[2026-09-04 00:06:32,916] [INFO ] [jaison.py::754 _process_job_loop]: Job 82157803-25ca-4d02-9586-bc253ab94550 (response) was cancelled.
[2026-09-04 00:06:32,922] [INFO ] [transcribe.py::895 transcribe]: VAD filter removed 00:00.000 of audio
[2026-09-04 00:06:33,404] [INFO ] [jaison.py::441 create_job]: Queued new context_conversation_add_text job ecbb0414-ee7a-4ba1-9c40-dfe053ce4f54
[2026-09-04 00:06:33,404] [INFO ] [jaison.py::441 create_job]: Queued new response job b99b186f-4b4a-4e80-aba2-55ea80279e54
[2026-09-04 00:06:34,487] [INFO ] [jaison.py::480 _interrupt_jobs]: Smart Barge-in: Interrupting and clearing queue due to: user_speaking_significant
[2026-09-04 00:06:34,487] [INFO ] [jaison.py::474 _clear_current_job]: Job b99b186f-4b4a-4e80-aba2-55ea80279e54 (response) is being cancelled due to: user_speaking_significant
[2026-09-04 00:06:34,489] [INFO ] [jaison.py::754 _process_job_loop]: Job b99b186f-4b4a-4e80-aba2-55ea80279e54 (response) was cancelled.
[2026-09-04 00:06:35,970] [INFO ] [transcribe.py::881 transcribe]: Processing audio with duration 00:01.472
[2026-09-04 00:06:35,973] [INFO ] [transcribe.py::895 transcribe]: VAD filter removed 00:00.000 of audio
[2026-09-04 00:06:36,321] [INFO ] [jaison.py::480 _interrupt_jobs]: Smart Barge-in: Interrupting and clearing queue due to: user_speaking_significant
[2026-09-04 00:06:36,322] [INFO ] [jaison.py::441 create_job]: Queued new context_conversation_add_text job 1e5e71bc-f30e-4f3a-af42-2722902423a9
[2026-09-04 00:06:36,322] [INFO ] [jaison.py::441 create_job]: Queued new response job c0b25e25-08b5-4271-b3d3-a5e42586c182
[2026-09-04 00:06:36,845] [INFO ] [jaison.py::441 create_job]: Queued new context_conversation_add_text job c69dd14f-be19-4803-bf05-a0e3cf6bff93
[2026-09-04 00:06:36,845] [INFO ] [jaison.py::441 create_job]: Queued new response job 59a0af93-61f7-41ed-b9a1-7ea22168cda3
[2026-09-04 00:06:37,757] [INFO ] [operation.py::25 __call__]: T2T operation llamacpp completed in 1432.6204999815673 ms
[2026-09-04 00:06:38,150] [INFO ] [transcribe.py::881 transcribe]: Processing audio with duration 00:01.600
[2026-09-04 00:06:38,153] [INFO ] [transcribe.py::895 transcribe]: VAD filter removed 00:00.000 of audio
[2026-09-04 00:06:38,439] [INFO ] [jaison.py::480 _interrupt_jobs]: Smart Barge-in: Interrupting and clearing queue due to: user_speaking_significant
[2026-09-04 00:06:38,439] [INFO ] [jaison.py::474 _clear_current_job]: Job c0b25e25-08b5-4271-b3d3-a5e42586c182 (response) is being cancelled due to: user_speaking_significant
[2026-09-04 00:06:38,622] [INFO ] [jaison.py::754 _process_job_loop]: Job c0b25e25-08b5-4271-b3d3-a5e42586c182 (response) was cancelled.
[2026-09-04 00:06:38,935] [INFO ] [jaison.py::441 create_job]: Queued new context_conversation_add_text job c9274b78-f8a6-40d4-ad9a-db3a7eac010f
[2026-09-04 00:06:38,935] [INFO ] [jaison.py::441 create_job]: Queued new response job c2ff9d83-0972-4ce4-aded-a5449fb03756
[2026-09-04 00:06:39,302] [INFO ] [transcribe.py::881 transcribe]: Processing audio with duration 00:00.928
[2026-09-04 00:06:39,305] [INFO ] [transcribe.py::895 transcribe]: VAD filter removed 00:00.000 of audio
[2026-09-04 00:06:40,264] [INFO ] [operation.py::25 __call__]: T2T operation llamacpp completed in 1327.4003999540582 ms
[2026-09-04 00:06:42,236] [INFO ] [operation.py::25 __call__]: TTS operation fish_audio completed in 1951.4984000707045 ms
[2026-09-04 00:06:42,789] [INFO ] [transcribe.py::881 transcribe]: Processing audio with duration 00:01.280
[2026-09-04 00:06:42,792] [INFO ] [transcribe.py::895 transcribe]: VAD filter removed 00:00.000 of audio
[2026-09-04 00:06:44,854] [INFO ] [operation.py::25 __call__]: TTS operation fish_audio completed in 2617.6339999074116 ms
[2026-09-04 00:06:44,854] [INFO ] [operation.py::25 __call__]: FILTER_TEXT operation chunker_sentence completed in 4589.4983999896795 ms
[2026-09-04 00:06:44,854] [INFO ] [operation.py::25 __call__]: FILTER_TEXT operation filter_clean completed in 4589.649499976076 ms
[2026-09-04 00:06:44,855] [INFO ] [jaison.py::963 response_pipeline]: Response job c2ff9d83-0972-4ce4-aded-a5449fb03756 completed. Content: 'Не сгоняют, они летят в сторону врага! И "Т-110Э" на разной высоте летает, чтоб не попасть под враже...'
[2026-09-04 00:06:45,148] [INFO ] [transcribe.py::881 transcribe]: Processing audio with duration 00:01.280
[2026-09-04 00:06:45,152] [INFO ] [transcribe.py::895 transcribe]: VAD filter removed 00:00.000 of audio
[2026-09-04 00:06:45,664] [INFO ] [jaison.py::441 create_job]: Queued new context_conversation_add_text job 35fd44fb-9827-425d-9a4a-606cda620950
[2026-09-04 00:06:45,664] [INFO ] [jaison.py::579 _commit_pending_voice_turn]: Voice turn committed as context-only (no RESPONSE job).
[2026-09-04 00:06:45,867] [INFO ] [jaison.py::441 create_job]: Queued new context_conversation_add_text job eeff2628-7d00-4614-b274-824fd4d809a0
[2026-09-04 00:06:45,867] [INFO ] [jaison.py::579 _commit_pending_voice_turn]: Voice turn committed as context-only (no RESPONSE job).
[2026-09-04 00:06:46,362] [INFO ] [jaison.py::441 create_job]: Queued new context_conversation_add_text job 96e64e95-efd5-45bc-9b60-c975874c6b9a
[2026-09-04 00:06:46,362] [INFO ] [jaison.py::579 _commit_pending_voice_turn]: Voice turn committed as context-only (no RESPONSE job).
[2026-09-04 00:06:54,820] [INFO ] [transcribe.py::881 transcribe]: Processing audio with duration 00:05.952
[2026-09-04 00:06:54,830] [INFO ] [transcribe.py::895 transcribe]: VAD filter removed 00:00.000 of audio
[2026-09-04 00:06:55,614] [INFO ] [jaison.py::480 _interrupt_jobs]: Smart Barge-in: Interrupting and clearing queue due to: user_speaking_significant
[2026-09-04 00:06:56,115] [INFO ] [jaison.py::441 create_job]: Queued new context_conversation_add_text job 708396e8-a6e9-4561-863b-59ef0e70eac9
[2026-09-04 00:06:56,115] [INFO ] [jaison.py::441 create_job]: Queued new response job 25569b43-5e6c-4f95-8d04-62dad2585d8c
[2026-09-04 00:06:57,160] [INFO ] [operation.py::25 __call__]: T2T operation llamacpp completed in 1043.3690999634564 ms
[2026-09-04 00:06:59,841] [INFO ] [operation.py::25 __call__]: TTS operation fish_audio completed in 2667.3976000165567 ms
[2026-09-04 00:07:01,768] [INFO ] [operation.py::25 __call__]: TTS operation fish_audio completed in 1926.268200040795 ms
[2026-09-04 00:07:01,768] [INFO ] [operation.py::25 __call__]: FILTER_TEXT operation chunker_sentence completed in 4608.168300008401 ms
[2026-09-04 00:07:01,768] [INFO ] [operation.py::25 __call__]: FILTER_TEXT operation filter_clean completed in 4608.353300020099 ms
[2026-09-04 00:07:01,769] [INFO ] [jaison.py::963 response_pipeline]: Response job 25569b43-5e6c-4f95-8d04-62dad2585d8c completed. Content: 'Они летят в сторону врага, чтобы защитить свои позиции и союзников. Так что, скорее в сторону битвы,...'
[2026-09-04 00:07:14,149] [INFO ] [transcribe.py::881 transcribe]: Processing audio with duration 00:02.848
[2026-09-04 00:07:14,157] [INFO ] [transcribe.py::895 transcribe]: VAD filter removed 00:00.000 of audio
[2026-09-04 00:07:14,519] [INFO ] [jaison.py::480 _interrupt_jobs]: Smart Barge-in: Interrupting and clearing queue due to: user_speaking_significant
[2026-09-04 00:07:15,026] [INFO ] [jaison.py::441 create_job]: Queued new context_conversation_add_text job d7ad9fd1-4ee7-4931-abd9-61c965397ba7
[2026-09-04 00:07:15,027] [INFO ] [jaison.py::441 create_job]: Queued new response job 5ef52445-1eee-4152-87b0-f3b0db54d226
[2026-09-04 00:07:15,970] [INFO ] [operation.py::25 __call__]: T2T operation llamacpp completed in 942.1974000288174 ms
[2026-09-04 00:07:17,701] [INFO ] [transcribe.py::881 transcribe]: Processing audio with duration 00:03.072
[2026-09-04 00:07:17,707] [INFO ] [transcribe.py::895 transcribe]: VAD filter removed 00:00.000 of audio
[2026-09-04 00:07:18,207] [INFO ] [jaison.py::480 _interrupt_jobs]: Smart Barge-in: Interrupting and clearing queue due to: user_speaking_significant
[2026-09-04 00:07:18,207] [INFO ] [jaison.py::474 _clear_current_job]: Job 5ef52445-1eee-4152-87b0-f3b0db54d226 (response) is being cancelled due to: user_speaking_significant
[2026-09-04 00:07:18,209] [INFO ] [jaison.py::754 _process_job_loop]: Job 5ef52445-1eee-4152-87b0-f3b0db54d226 (response) was cancelled.
[2026-09-04 00:07:18,712] [INFO ] [jaison.py::441 create_job]: Queued new context_conversation_add_text job 9842c6f2-b96d-4b3c-9239-367a3d21244a
[2026-09-04 00:07:18,712] [INFO ] [jaison.py::441 create_job]: Queued new response job c89910ad-550e-4b75-8a21-f736b18dd066
[2026-09-04 00:07:19,569] [INFO ] [operation.py::25 __call__]: T2T operation llamacpp completed in 855.931100086309 ms
[2026-09-04 00:07:21,540] [INFO ] [transcribe.py::881 transcribe]: Processing audio with duration 00:03.808
[2026-09-04 00:07:21,548] [INFO ] [transcribe.py::895 transcribe]: VAD filter removed 00:00.000 of audio
[2026-09-04 00:07:21,800] [INFO ] [operation.py::25 __call__]: TTS operation fish_audio completed in 2218.0388000560924 ms
[2026-09-04 00:07:22,194] [INFO ] [jaison.py::480 _interrupt_jobs]: Smart Barge-in: Interrupting and clearing queue due to: user_speaking_significant
[2026-09-04 00:07:22,195] [INFO ] [jaison.py::474 _clear_current_job]: Job c89910ad-550e-4b75-8a21-f736b18dd066 (response) is being cancelled due to: user_speaking_significant
[2026-09-04 00:07:22,196] [INFO ] [jaison.py::754 _process_job_loop]: Job c89910ad-550e-4b75-8a21-f736b18dd066 (response) was cancelled.
[2026-09-04 00:07:22,702] [INFO ] [jaison.py::441 create_job]: Queued new context_conversation_add_text job 1be68a63-d23e-40af-927b-5a51901d9df6
[2026-09-04 00:07:22,702] [INFO ] [jaison.py::441 create_job]: Queued new response job 6f3de77f-c041-46e4-a655-1782070a0232
[2026-09-04 00:07:23,889] [INFO ] [operation.py::25 __call__]: T2T operation llamacpp completed in 1187.0929999276996 ms
[2026-09-04 00:07:25,758] [INFO ] [operation.py::25 __call__]: TTS operation fish_audio completed in 1850.1371999736875 ms
[2026-09-04 00:07:28,063] [INFO ] [operation.py::25 __call__]: TTS operation fish_audio completed in 2304.5671000145376 ms
[2026-09-04 00:07:29,883] [INFO ] [operation.py::25 __call__]: TTS operation fish_audio completed in 1819.2035999381915 ms
[2026-09-04 00:07:29,883] [INFO ] [operation.py::25 __call__]: FILTER_TEXT operation chunker_sentence completed in 5993.050499935634 ms
[2026-09-04 00:07:29,883] [INFO ] [operation.py::25 __call__]: FILTER_TEXT operation filter_clean completed in 5993.199200020172 ms
[2026-09-04 00:07:29,884] [INFO ] [jaison.py::963 response_pipeline]: Response job 6f3de77f-c041-46e4-a655-1782070a0232 completed. Content: 'Ого, это точно не карнавал! Ну, тогда ждем врага там, где он последний раз был замечен. Не дадим ему...'
[2026-09-04 00:07:37,639] [INFO ] [transcribe.py::881 transcribe]: Processing audio with duration 00:01.632
[2026-09-04 00:07:37,643] [INFO ] [transcribe.py::895 transcribe]: VAD filter removed 00:00.000 of audio
[2026-09-04 00:07:38,957] [INFO ] [jaison.py::480 _interrupt_jobs]: Smart Barge-in: Interrupting and clearing queue due to: user_speaking_significant
[2026-09-04 00:07:39,462] [INFO ] [jaison.py::441 create_job]: Queued new context_conversation_add_text job 94863b4e-b949-44be-b388-b39e3984a1d0
[2026-09-04 00:07:39,462] [INFO ] [jaison.py::441 create_job]: Queued new response job 10ca4d32-96bc-463d-ad3a-8dc71348813c
[2026-09-04 00:07:40,032] [INFO ] [operation.py::25 __call__]: T2T operation llamacpp completed in 569.4076999789104 ms
[2026-09-04 00:07:41,130] [INFO ] [transcribe.py::881 transcribe]: Processing audio with duration 00:03.584
[2026-09-04 00:07:41,140] [INFO ] [transcribe.py::895 transcribe]: VAD filter removed 00:00.000 of audio
[2026-09-04 00:07:41,698] [INFO ] [jaison.py::480 _interrupt_jobs]: Smart Barge-in: Interrupting and clearing queue due to: user_speaking_significant
[2026-09-04 00:07:41,698] [INFO ] [jaison.py::474 _clear_current_job]: Job 10ca4d32-96bc-463d-ad3a-8dc71348813c (response) is being cancelled due to: user_speaking_significant
[2026-09-04 00:07:41,698] [INFO ] [jaison.py::266 _record_stt_metrics]: STT metrics(window=40): avg_latency_ms=1605 empty_rate=0.125 stop_cmd_recall=0.000
[2026-09-04 00:07:41,878] [INFO ] [jaison.py::754 _process_job_loop]: Job 10ca4d32-96bc-463d-ad3a-8dc71348813c (response) was cancelled.
[2026-09-04 00:07:42,207] [INFO ] [jaison.py::441 create_job]: Queued new context_conversation_add_text job 44532629-6529-43cc-a0e1-dbcd1649c014
[2026-09-04 00:07:42,207] [INFO ] [jaison.py::441 create_job]: Queued new response job 02168511-cdff-4879-a41b-b98e8894eb41
[2026-09-04 00:07:43,242] [INFO ] [operation.py::25 __call__]: T2T operation llamacpp completed in 1033.312699990347 ms
[2026-09-04 00:07:43,459] [INFO ] [transcribe.py::881 transcribe]: Processing audio with duration 00:01.600
[2026-09-04 00:07:43,464] [INFO ] [transcribe.py::895 transcribe]: VAD filter removed 00:00.000 of audio
[2026-09-04 00:07:43,940] [INFO ] [jaison.py::480 _interrupt_jobs]: Smart Barge-in: Interrupting and clearing queue due to: user_speaking_significant
[2026-09-04 00:07:43,941] [INFO ] [jaison.py::474 _clear_current_job]: Job 02168511-cdff-4879-a41b-b98e8894eb41 (response) is being cancelled due to: user_speaking_significant
[2026-09-04 00:07:43,941] [INFO ] [jaison.py::754 _process_job_loop]: Job 02168511-cdff-4879-a41b-b98e8894eb41 (response) was cancelled.
[2026-09-04 00:07:44,443] [INFO ] [jaison.py::441 create_job]: Queued new context_conversation_add_text job 48af8cb2-2c10-41ab-83c0-3a3ac92cbea8
[2026-09-04 00:07:44,444] [INFO ] [jaison.py::441 create_job]: Queued new response job c9ff1dd7-4ede-4946-a6b4-f1ee252c20ce
[2026-09-04 00:07:46,147] [INFO ] [operation.py::25 __call__]: T2T operation llamacpp completed in 1702.3718999698758 ms
[2026-09-04 00:07:47,791] [INFO ] [operation.py::25 __call__]: TTS operation fish_audio completed in 1631.0455000493675 ms
[2026-09-04 00:07:49,680] [INFO ] [operation.py::25 __call__]: TTS operation fish_audio completed in 1889.5182000705972 ms
[2026-09-04 00:07:51,507] [INFO ] [operation.py::25 __call__]: TTS operation fish_audio completed in 1827.172699966468 ms
[2026-09-04 00:07:51,507] [INFO ] [operation.py::25 __call__]: FILTER_TEXT operation chunker_sentence completed in 5360.213899984956 ms
[2026-09-04 00:07:51,508] [INFO ] [operation.py::25 __call__]: FILTER_TEXT operation filter_clean completed in 5360.367299988866 ms
[2026-09-04 00:07:51,509] [INFO ] [jaison.py::963 response_pipeline]: Response job c9ff1dd7-4ede-4946-a6b4-f1ee252c20ce completed. Content: 'Отличный план! Сарда будет ждать Эмиля в таберке, а мы их там встретим. Не дадим врагу ни единого ша...'
[2026-09-04 00:07:58,009] [INFO ] [transcribe.py::881 transcribe]: Processing audio with duration 00:00.960
[2026-09-04 00:07:58,011] [INFO ] [transcribe.py::895 transcribe]: VAD filter removed 00:00.960 of audio
[2026-09-04 00:08:06,596] [INFO ] [transcribe.py::881 transcribe]: Processing audio with duration 00:00.928
[2026-09-04 00:08:06,598] [INFO ] [transcribe.py::895 transcribe]: VAD filter removed 00:00.928 of audio
[2026-09-04 00:08:09,931] [INFO ] [transcribe.py::881 transcribe]: Processing audio with duration 00:03.552
[2026-09-04 00:08:09,937] [INFO ] [transcribe.py::895 transcribe]: VAD filter removed 00:00.000 of audio
[2026-09-04 00:08:10,345] [INFO ] [jaison.py::480 _interrupt_jobs]: Smart Barge-in: Interrupting and clearing queue due to: user_speaking_significant
[2026-09-04 00:08:10,853] [INFO ] [jaison.py::441 create_job]: Queued new context_conversation_add_text job 1e9b520a-b745-4201-95f3-6f4454dc537e
[2026-09-04 00:08:10,853] [INFO ] [jaison.py::441 create_job]: Queued new response job dfdab06c-f6d9-4554-9651-a0a50bf9d69b
[2026-09-04 00:08:12,134] [INFO ] [operation.py::25 __call__]: T2T operation llamacpp completed in 1279.32149998378 ms
[2026-09-04 00:08:14,513] [INFO ] [operation.py::25 __call__]: TTS operation fish_audio completed in 2368.1899999501184 ms
[2026-09-04 00:08:16,068] [INFO ] [transcribe.py::881 transcribe]: Processing audio with duration 00:01.536
[2026-09-04 00:08:16,071] [INFO ] [transcribe.py::895 transcribe]: VAD filter removed 00:00.000 of audio
[2026-09-04 00:08:16,262] [INFO ] [operation.py::25 __call__]: TTS operation fish_audio completed in 1749.3890000041574 ms
[2026-09-04 00:08:16,263] [INFO ] [operation.py::25 __call__]: FILTER_TEXT operation chunker_sentence completed in 4128.763100015931 ms
[2026-09-04 00:08:16,263] [INFO ] [operation.py::25 __call__]: FILTER_TEXT operation filter_clean completed in 4128.941799979657 ms
[2026-09-04 00:08:16,264] [INFO ] [jaison.py::963 response_pipeline]: Response job dfdab06c-f6d9-4554-9651-a0a50bf9d69b completed. Content: 'Жди Эмиля в таберке, там он должен быть. Не отходи от места!...'
[2026-09-04 00:08:16,860] [INFO ] [jaison.py::441 create_job]: Queued new context_conversation_add_text job 0cff9d5c-10d6-4084-91ed-e85dc0760a74
[2026-09-04 00:08:16,860] [INFO ] [jaison.py::579 _commit_pending_voice_turn]: Voice turn committed as context-only (no RESPONSE job).
[2026-09-04 00:08:20,768] [INFO ] [transcribe.py::881 transcribe]: Processing audio with duration 00:01.088
[2026-09-04 00:08:20,772] [INFO ] [transcribe.py::895 transcribe]: VAD filter removed 00:00.000 of audio
[2026-09-04 00:08:22,625] [INFO ] [jaison.py::441 create_job]: Queued new context_conversation_add_text job f87849ff-5855-401e-ad44-1d0f129906cb
[2026-09-04 00:08:22,625] [INFO ] [jaison.py::579 _commit_pending_voice_turn]: Voice turn committed as context-only (no RESPONSE job).
[2026-09-04 00:08:26,730] [INFO ] [transcribe.py::881 transcribe]: Processing audio with duration 00:03.936
[2026-09-04 00:08:26,737] [INFO ] [transcribe.py::895 transcribe]: VAD filter removed 00:00.000 of audio
[2026-09-04 00:08:27,317] [INFO ] [jaison.py::480 _interrupt_jobs]: Smart Barge-in: Interrupting and clearing queue due to: user_speaking_significant
[2026-09-04 00:08:27,828] [INFO ] [jaison.py::441 create_job]: Queued new context_conversation_add_text job b6aadcca-11a7-4220-8903-c3505e011957
[2026-09-04 00:08:27,829] [INFO ] [jaison.py::441 create_job]: Queued new response job db9f1d90-c8d4-4c72-869e-1e7668018a9d
[2026-09-04 00:08:29,578] [INFO ] [transcribe.py::881 transcribe]: Processing audio with duration 00:02.816
[2026-09-04 00:08:29,586] [INFO ] [transcribe.py::895 transcribe]: VAD filter removed 00:00.000 of audio
[2026-09-04 00:08:29,687] [INFO ] [operation.py::25 __call__]: T2T operation llamacpp completed in 1856.9830999476835 ms
[2026-09-04 00:08:30,171] [INFO ] [jaison.py::480 _interrupt_jobs]: Smart Barge-in: Interrupting and clearing queue due to: user_speaking_significant
[2026-09-04 00:08:30,171] [INFO ] [jaison.py::474 _clear_current_job]: Job db9f1d90-c8d4-4c72-869e-1e7668018a9d (response) is being cancelled due to: user_speaking_significant
[2026-09-04 00:08:30,172] [INFO ] [jaison.py::754 _process_job_loop]: Job db9f1d90-c8d4-4c72-869e-1e7668018a9d (response) was cancelled.
[2026-09-04 00:08:30,687] [INFO ] [jaison.py::441 create_job]: Queued new context_conversation_add_text job 464a74c5-d831-496c-bc0b-cf69766d5de9
[2026-09-04 00:08:30,688] [INFO ] [jaison.py::441 create_job]: Queued new response job cbb1a0d5-7659-40e8-8816-18f59080b2b1
[2026-09-04 00:08:30,888] [INFO ] [transcribe.py::881 transcribe]: Processing audio with duration 00:01.344
[2026-09-04 00:08:30,892] [INFO ] [transcribe.py::895 transcribe]: VAD filter removed 00:00.000 of audio
[2026-09-04 00:08:32,581] [INFO ] [transcribe.py::881 transcribe]: Processing audio with duration 00:00.992
[2026-09-04 00:08:32,584] [INFO ] [transcribe.py::895 transcribe]: VAD filter removed 00:00.992 of audio
[2026-09-04 00:08:32,750] [INFO ] [jaison.py::480 _interrupt_jobs]: Smart Barge-in: Interrupting and clearing queue due to: user_speaking_significant
[2026-09-04 00:08:32,750] [INFO ] [jaison.py::474 _clear_current_job]: Job cbb1a0d5-7659-40e8-8816-18f59080b2b1 (response) is being cancelled due to: user_speaking_significant
[2026-09-04 00:08:32,751] [INFO ] [jaison.py::754 _process_job_loop]: Job cbb1a0d5-7659-40e8-8816-18f59080b2b1 (response) was cancelled.
[2026-09-04 00:08:34,050] [INFO ] [transcribe.py::881 transcribe]: Processing audio with duration 00:01.408
[2026-09-04 00:08:34,053] [INFO ] [transcribe.py::895 transcribe]: VAD filter removed 00:00.000 of audio
[2026-09-04 00:08:34,328] [INFO ] [jaison.py::480 _interrupt_jobs]: Smart Barge-in: Interrupting and clearing queue due to: user_speaking_significant
[2026-09-04 00:08:34,329] [INFO ] [jaison.py::441 create_job]: Queued new context_conversation_add_text job 6a254935-c4bd-4fb8-8c89-aac092b94e6a
[2026-09-04 00:08:34,329] [INFO ] [jaison.py::441 create_job]: Queued new response job 7d142e4a-9abf-4e77-9fe4-30cc58be2d42
[2026-09-04 00:08:34,840] [INFO ] [jaison.py::441 create_job]: Queued new context_conversation_add_text job 00296fb2-bd42-49f1-a6ef-3d1e69e53530
[2026-09-04 00:08:34,840] [INFO ] [jaison.py::441 create_job]: Queued new response job 330cd877-9f0c-4e1c-9cd5-c4155b4652ec
[2026-09-04 00:08:36,145] [INFO ] [operation.py::25 __call__]: T2T operation llamacpp completed in 1814.9285999825224 ms
[2026-09-04 00:08:38,144] [INFO ] [operation.py::25 __call__]: TTS operation fish_audio completed in 1985.9195000026375 ms
[2026-09-04 00:08:38,468] [INFO ] [transcribe.py::881 transcribe]: Processing audio with duration 00:01.824
[2026-09-04 00:08:38,473] [INFO ] [transcribe.py::895 transcribe]: VAD filter removed 00:00.000 of audio
[2026-09-04 00:08:38,746] [INFO ] [jaison.py::480 _interrupt_jobs]: Smart Barge-in: Interrupting and clearing queue due to: user_speaking_significant
[2026-09-04 00:08:38,746] [INFO ] [jaison.py::474 _clear_current_job]: Job 7d142e4a-9abf-4e77-9fe4-30cc58be2d42 (response) is being cancelled due to: user_speaking_significant
[2026-09-04 00:08:38,747] [INFO ] [jaison.py::754 _process_job_loop]: Job 7d142e4a-9abf-4e77-9fe4-30cc58be2d42 (response) was cancelled.
[2026-09-04 00:08:39,253] [INFO ] [jaison.py::441 create_job]: Queued new context_conversation_add_text job a0e50f55-3ab5-432c-8d00-c242d211d7c0
[2026-09-04 00:08:39,253] [INFO ] [jaison.py::441 create_job]: Queued new response job d2bbeae7-5bd6-4565-bd51-b098043f2b94
[2026-09-04 00:08:40,814] [INFO ] [transcribe.py::881 transcribe]: Processing audio with duration 00:01.568
[2026-09-04 00:08:40,819] [INFO ] [transcribe.py::895 transcribe]: VAD filter removed 00:00.000 of audio
[2026-09-04 00:08:41,111] [INFO ] [operation.py::25 __call__]: T2T operation llamacpp completed in 1856.9586999947205 ms
[2026-09-04 00:08:43,265] [INFO ] [jaison.py::441 create_job]: Queued new context_conversation_add_text job 2d557ad1-800e-4ab2-9dbe-0eacd6da1fe2
[2026-09-04 00:08:43,265] [INFO ] [jaison.py::579 _commit_pending_voice_turn]: Voice turn committed as context-only (no RESPONSE job).
[2026-09-04 00:08:43,500] [INFO ] [operation.py::25 __call__]: TTS operation fish_audio completed in 2368.2411001063883 ms
[2026-09-04 00:08:45,338] [INFO ] [operation.py::25 __call__]: TTS operation fish_audio completed in 1837.5735000008717 ms
[2026-09-04 00:08:45,338] [INFO ] [operation.py::25 __call__]: FILTER_TEXT operation chunker_sentence completed in 4226.908799959347 ms
[2026-09-04 00:08:45,338] [INFO ] [operation.py::25 __call__]: FILTER_TEXT operation filter_clean completed in 4227.032900089398 ms
[2026-09-04 00:08:45,339] [INFO ] [jaison.py::963 response_pipeline]: Response job d2bbeae7-5bd6-4565-bd51-b098043f2b94 completed. Content: 'Понял, ты будешь ждать Эмиля в таберке, проверять его на наличие ран и царапин. Держись там, мы тоже...'
[2026-09-04 00:08:45,607] [INFO ] [transcribe.py::881 transcribe]: Processing audio with duration 00:00.992
[2026-09-04 00:08:45,608] [INFO ] [transcribe.py::895 transcribe]: VAD filter removed 00:00.000 of audio
[2026-09-04 00:08:47,354] [INFO ] [jaison.py::441 create_job]: Queued new context_conversation_add_text job ef74b155-5ba3-4b28-8a66-ba76594480d1
[2026-09-04 00:08:47,354] [INFO ] [jaison.py::579 _commit_pending_voice_turn]: Voice turn committed as context-only (no RESPONSE job).
[2026-09-04 00:08:48,197] [INFO ] [transcribe.py::881 transcribe]: Processing audio with duration 00:00.928
[2026-09-04 00:08:48,200] [INFO ] [transcribe.py::895 transcribe]: VAD filter removed 00:00.928 of audio
[2026-09-04 00:09:11,096] [INFO ] [transcribe.py::881 transcribe]: Processing audio with duration 00:00.992
[2026-09-04 00:09:11,098] [INFO ] [transcribe.py::895 transcribe]: VAD filter removed 00:00.000 of audio
[2026-09-04 00:09:15,879] [INFO ] [transcribe.py::881 transcribe]: Processing audio with duration 00:03.200
[2026-09-04 00:09:15,885] [INFO ] [transcribe.py::895 transcribe]: VAD filter removed 00:00.000 of audio
[2026-09-04 00:09:16,369] [INFO ] [jaison.py::480 _interrupt_jobs]: Smart Barge-in: Interrupting and clearing queue due to: user_speaking_significant
[2026-09-04 00:09:18,789] [INFO ] [transcribe.py::881 transcribe]: Processing audio with duration 00:02.848
[2026-09-04 00:09:18,794] [INFO ] [transcribe.py::895 transcribe]: VAD filter removed 00:00.000 of audio
[2026-09-04 00:09:19,166] [INFO ] [jaison.py::480 _interrupt_jobs]: Smart Barge-in: Interrupting and clearing queue due to: user_speaking_significant
[2026-09-04 00:09:19,166] [INFO ] [jaison.py::441 create_job]: Queued new context_conversation_add_text job c03f4c2d-ed20-4f3c-92a6-3b9956e94549
[2026-09-04 00:09:19,166] [INFO ] [jaison.py::441 create_job]: Queued new response job 9708809b-8604-424a-af9a-5199a891fb6e
[2026-09-04 00:09:19,681] [INFO ] [jaison.py::441 create_job]: Queued new context_conversation_add_text job 504236ac-e335-4369-8e48-acdcd7b5b333
[2026-09-04 00:09:19,681] [INFO ] [jaison.py::441 create_job]: Queued new response job 0559fad7-aad3-4122-9cf4-6801fcdedee9
[2026-09-04 00:09:20,610] [INFO ] [operation.py::25 __call__]: T2T operation llamacpp completed in 1442.5971999298781 ms
[2026-09-04 00:09:22,944] [INFO ] [operation.py::25 __call__]: TTS operation fish_audio completed in 2321.452400065027 ms
[2026-09-04 00:09:24,816] [INFO ] [operation.py::25 __call__]: TTS operation fish_audio completed in 1872.3306999308988 ms
[2026-09-04 00:09:26,440] [INFO ] [operation.py::25 __call__]: TTS operation fish_audio completed in 1623.346299980767 ms
[2026-09-04 00:09:26,440] [INFO ] [operation.py::25 __call__]: FILTER_TEXT operation chunker_sentence completed in 5829.43060004618 ms
[2026-09-04 00:09:26,440] [INFO ] [operation.py::25 __call__]: FILTER_TEXT operation filter_clean completed in 5829.565199906938 ms
[2026-09-04 00:09:26,441] [INFO ] [jaison.py::963 response_pipeline]: Response job 9708809b-8604-424a-af9a-5199a891fb6e completed. Content: 'Ой, не волнуйся, я поняла, что происходит. Эмир уже в безопасности в таберне. Всё будет хорошо....'
[2026-09-04 00:09:27,940] [INFO ] [operation.py::25 __call__]: T2T operation llamacpp completed in 1498.0926999123767 ms
[2026-09-04 00:09:30,155] [INFO ] [operation.py::25 __call__]: TTS operation fish_audio completed in 2201.8955999519676 ms
[2026-09-04 00:09:30,507] [INFO ] [transcribe.py::881 transcribe]: Processing audio with duration 00:04.832
[2026-09-04 00:09:30,515] [INFO ] [transcribe.py::895 transcribe]: VAD filter removed 00:00.000 of audio
[2026-09-04 00:09:31,007] [INFO ] [jaison.py::480 _interrupt_jobs]: Smart Barge-in: Interrupting and clearing queue due to: user_speaking_significant
[2026-09-04 00:09:31,008] [INFO ] [jaison.py::474 _clear_current_job]: Job 0559fad7-aad3-4122-9cf4-6801fcdedee9 (response) is being cancelled due to: user_speaking_significant
[2026-09-04 00:09:31,195] [INFO ] [jaison.py::754 _process_job_loop]: Job 0559fad7-aad3-4122-9cf4-6801fcdedee9 (response) was cancelled.
[2026-09-04 00:09:31,521] [INFO ] [jaison.py::441 create_job]: Queued new context_conversation_add_text job cc8c2558-306f-4232-9536-9f6d36c676fa
[2026-09-04 00:09:31,522] [INFO ] [jaison.py::441 create_job]: Queued new response job b80bd633-8cad-4511-b76f-b023e607e230
[2026-09-04 00:09:32,197] [INFO ] [transcribe.py::881 transcribe]: Processing audio with duration 00:01.824
[2026-09-04 00:09:32,200] [INFO ] [transcribe.py::895 transcribe]: VAD filter removed 00:01.824 of audio
[2026-09-04 00:09:32,206] [INFO ] [jaison.py::266 _record_stt_metrics]: STT metrics(window=60): avg_latency_ms=1272 empty_rate=0.183 stop_cmd_recall=0.000
[2026-09-04 00:09:33,653] [INFO ] [operation.py::25 __call__]: T2T operation llamacpp completed in 2130.668899975717 ms
[2026-09-04 00:09:35,782] [INFO ] [operation.py::25 __call__]: TTS operation fish_audio completed in 2114.6998000331223 ms
[2026-09-04 00:09:36,767] [INFO ] [transcribe.py::881 transcribe]: Processing audio with duration 00:01.536
[2026-09-04 00:09:36,771] [INFO ] [transcribe.py::895 transcribe]: VAD filter removed 00:00.304 of audio
[2026-09-04 00:09:37,553] [INFO ] [operation.py::25 __call__]: TTS operation fish_audio completed in 1771.2036999873817 ms
[2026-09-04 00:09:39,397] [INFO ] [operation.py::25 __call__]: TTS operation fish_audio completed in 1843.2134999893606 ms
[2026-09-04 00:09:39,397] [INFO ] [operation.py::25 __call__]: FILTER_TEXT operation chunker_sentence completed in 5743.423300096765 ms
[2026-09-04 00:09:39,397] [INFO ] [operation.py::25 __call__]: FILTER_TEXT operation filter_clean completed in 5743.558900081553 ms
[2026-09-04 00:09:39,398] [INFO ] [jaison.py::963 response_pipeline]: Response job b80bd633-8cad-4511-b76f-b023e607e230 completed. Content: 'Ох, и правда видно, что я не в лучшем состоянии. Но не волнуйся, я справлюсь. Забирай меня в таберну...'
[2026-09-04 00:09:50,696] [INFO ] [transcribe.py::881 transcribe]: Processing audio with duration 00:06.752
[2026-09-04 00:09:50,708] [INFO ] [transcribe.py::895 transcribe]: VAD filter removed 00:00.000 of audio
[2026-09-04 00:09:51,302] [INFO ] [jaison.py::480 _interrupt_jobs]: Smart Barge-in: Interrupting and clearing queue due to: user_speaking_significant
[2026-09-04 00:09:51,809] [INFO ] [jaison.py::441 create_job]: Queued new context_conversation_add_text job 721c8389-698f-4d5b-8288-f0ff7c6b1a2d
[2026-09-04 00:09:51,809] [INFO ] [jaison.py::441 create_job]: Queued new response job d0aa92f8-c065-4103-9ba0-4c1239a876ca
[2026-09-04 00:09:53,186] [INFO ] [operation.py::25 __call__]: T2T operation llamacpp completed in 1376.0002000490203 ms
[2026-09-04 00:09:55,021] [INFO ] [operation.py::25 __call__]: TTS operation fish_audio completed in 1821.1121000349522 ms
[2026-09-04 00:09:56,698] [INFO ] [operation.py::25 __call__]: TTS operation fish_audio completed in 1676.6289999941364 ms
[2026-09-04 00:09:58,575] [INFO ] [operation.py::25 __call__]: TTS operation fish_audio completed in 1877.2492000134662 ms
[2026-09-04 00:09:58,575] [INFO ] [operation.py::25 __call__]: FILTER_TEXT operation chunker_sentence completed in 5388.867800007574 ms
[2026-09-04 00:09:58,575] [INFO ] [operation.py::25 __call__]: FILTER_TEXT operation filter_clean completed in 5388.9915000181645 ms
[2026-09-04 00:09:58,576] [INFO ] [jaison.py::963 response_pipeline]: Response job d0aa92f8-c065-4103-9ba0-4c1239a876ca completed. Content: 'Ничего страшного, спасибо, что заботишься. Это точно помогает! Сейчас я в безопасности, и это главно...'
[2026-09-04 00:10:11,548] [INFO ] [transcribe.py::881 transcribe]: Processing audio with duration 00:00.960
[2026-09-04 00:10:11,551] [INFO ] [transcribe.py::895 transcribe]: VAD filter removed 00:00.000 of audio
[2026-09-04 00:10:13,609] [INFO ] [jaison.py::441 create_job]: Queued new context_conversation_add_text job 74cb579d-a2d0-4017-88f0-6512cf57c0fd
[2026-09-04 00:10:13,609] [INFO ] [jaison.py::579 _commit_pending_voice_turn]: Voice turn committed as context-only (no RESPONSE job).
[2026-09-04 00:10:15,427] [INFO ] [transcribe.py::881 transcribe]: Processing audio with duration 00:01.440
[2026-09-04 00:10:15,430] [INFO ] [transcribe.py::895 transcribe]: VAD filter removed 00:00.000 of audio
[2026-09-04 00:10:15,818] [INFO ] [jaison.py::480 _interrupt_jobs]: Smart Barge-in: Interrupting and clearing queue due to: user_speaking_significant
[2026-09-04 00:10:16,325] [INFO ] [jaison.py::441 create_job]: Queued new context_conversation_add_text job 17d10238-f032-4ee5-8b65-7bbd4f7a8470
[2026-09-04 00:10:16,325] [INFO ] [jaison.py::441 create_job]: Queued new response job 13990c4d-1604-48b3-a10e-cafef0894ca0
[2026-09-04 00:10:17,729] [INFO ] [operation.py::25 __call__]: T2T operation llamacpp completed in 1402.335400111042 ms
[2026-09-04 00:10:17,958] [INFO ] [transcribe.py::881 transcribe]: Processing audio with duration 00:01.472
[2026-09-04 00:10:17,962] [INFO ] [transcribe.py::895 transcribe]: VAD filter removed 00:00.000 of audio
[2026-09-04 00:10:18,243] [INFO ] [jaison.py::480 _interrupt_jobs]: Smart Barge-in: Interrupting and clearing queue due to: user_speaking_significant
[2026-09-04 00:10:18,243] [INFO ] [jaison.py::474 _clear_current_job]: Job 13990c4d-1604-48b3-a10e-cafef0894ca0 (response) is being cancelled due to: user_speaking_significant
[2026-09-04 00:10:18,245] [INFO ] [jaison.py::754 _process_job_loop]: Job 13990c4d-1604-48b3-a10e-cafef0894ca0 (response) was cancelled.
[2026-09-04 00:10:18,761] [INFO ] [jaison.py::441 create_job]: Queued new context_conversation_add_text job cfb5e5c1-b58a-4bea-a5ea-ef49cc133be8
[2026-09-04 00:10:18,761] [INFO ] [jaison.py::441 create_job]: Queued new response job 4afab286-44e8-49ab-b5cb-221e34f7b78c
[2026-09-04 00:10:20,190] [INFO ] [operation.py::25 __call__]: T2T operation llamacpp completed in 1428.4133999608457 ms
[2026-09-04 00:10:22,032] [INFO ] [operation.py::25 __call__]: TTS operation fish_audio completed in 1830.5537999840453 ms
[2026-09-04 00:10:23,757] [INFO ] [operation.py::25 __call__]: TTS operation fish_audio completed in 1724.4146999437362 ms
[2026-09-04 00:10:25,570] [INFO ] [operation.py::25 __call__]: TTS operation fish_audio completed in 1812.355599948205 ms
[2026-09-04 00:10:25,570] [INFO ] [operation.py::25 __call__]: FILTER_TEXT operation chunker_sentence completed in 5379.307999974117 ms
[2026-09-04 00:10:25,570] [INFO ] [operation.py::25 __call__]: FILTER_TEXT operation filter_clean completed in 5379.45539993234 ms
[2026-09-04 00:10:25,571] [INFO ] [jaison.py::963 response_pipeline]: Response job 4afab286-44e8-49ab-b5cb-221e34f7b78c completed. Content: 'Эмир, похоже, мы с тобой в одной лодке. Ну что ж, в бой! Вместе справимся с любой проблемой....'
[2026-09-04 00:11:13,509] [INFO ] [transcribe.py::881 transcribe]: Processing audio with duration 00:02.240
[2026-09-04 00:11:13,514] [INFO ] [transcribe.py::895 transcribe]: VAD filter removed 00:00.176 of audio
[2026-09-04 00:11:13,772] [INFO ] [jaison.py::480 _interrupt_jobs]: Smart Barge-in: Interrupting and clearing queue due to: user_speaking_significant
[2026-09-04 00:11:14,287] [INFO ] [jaison.py::441 create_job]: Queued new context_conversation_add_text job 4bc2d3fc-5953-4b5e-972b-db9cbf4ea09c
[2026-09-04 00:11:14,287] [INFO ] [jaison.py::441 create_job]: Queued new response job d81ebe82-ad64-4201-8b40-82919daaabda
[2026-09-04 00:11:15,374] [INFO ] [operation.py::25 __call__]: T2T operation llamacpp completed in 1084.7520000534132 ms
[2026-09-04 00:11:16,199] [INFO ] [transcribe.py::881 transcribe]: Processing audio with duration 00:02.720
[2026-09-04 00:11:16,205] [INFO ] [transcribe.py::895 transcribe]: VAD filter removed 00:00.000 of audio
[2026-09-04 00:11:16,502] [INFO ] [jaison.py::480 _interrupt_jobs]: Smart Barge-in: Interrupting and clearing queue due to: user_speaking_significant
[2026-09-04 00:11:16,502] [INFO ] [jaison.py::474 _clear_current_job]: Job d81ebe82-ad64-4201-8b40-82919daaabda (response) is being cancelled due to: user_speaking_significant
[2026-09-04 00:11:16,924] [INFO ] [jaison.py::754 _process_job_loop]: Job d81ebe82-ad64-4201-8b40-82919daaabda (response) was cancelled.
[2026-09-04 00:11:17,007] [INFO ] [jaison.py::441 create_job]: Queued new context_conversation_add_text job f64a38d3-833f-45f0-be59-166fa4d54d2f
[2026-09-04 00:11:17,007] [INFO ] [jaison.py::441 create_job]: Queued new response job a575c4cf-739c-4075-866d-e1b25ba6e637
[2026-09-04 00:11:17,893] [INFO ] [operation.py::25 __call__]: T2T operation llamacpp completed in 884.2226999113336 ms
[2026-09-04 00:11:19,687] [INFO ] [transcribe.py::881 transcribe]: Processing audio with duration 00:01.568
[2026-09-04 00:11:19,691] [INFO ] [transcribe.py::895 transcribe]: VAD filter removed 00:00.000 of audio
[2026-09-04 00:11:19,840] [INFO ] [operation.py::25 __call__]: TTS operation fish_audio completed in 1934.7284999676049 ms
[2026-09-04 00:11:21,575] [INFO ] [operation.py::25 __call__]: TTS operation fish_audio completed in 1734.813699964434 ms
[2026-09-04 00:11:21,575] [INFO ] [operation.py::25 __call__]: FILTER_TEXT operation chunker_sentence completed in 3682.087199995294 ms
[2026-09-04 00:11:21,575] [INFO ] [operation.py::25 __call__]: FILTER_TEXT operation filter_clean completed in 3682.251499965787 ms
[2026-09-04 00:11:21,575] [INFO ] [jaison.py::963 response_pipeline]: Response job a575c4cf-739c-4075-866d-e1b25ba6e637 completed. Content: 'Давай, не теряем времени! Вместе мы сила!...'
[2026-09-04 00:11:31,377] [INFO ] [jaison.py::441 create_job]: Queued new context_conversation_add_text job 36a9e1e5-1d2b-4797-b0ac-9e51d148b5b8
[2026-09-04 00:11:31,377] [INFO ] [jaison.py::579 _commit_pending_voice_turn]: Voice turn committed as context-only (no RESPONSE job).
[2026-09-04 00:11:33,423] [INFO ] [transcribe.py::881 transcribe]: Processing audio with duration 00:10.496
[2026-09-04 00:11:33,448] [INFO ] [transcribe.py::895 transcribe]: VAD filter removed 00:00.000 of audio
[2026-09-04 00:11:34,248] [INFO ] [transcribe.py::881 transcribe]: Processing audio with duration 00:02.880
[2026-09-04 00:11:34,254] [INFO ] [transcribe.py::895 transcribe]: VAD filter removed 00:00.000 of audio
[2026-09-04 00:11:34,343] [INFO ] [jaison.py::480 _interrupt_jobs]: Smart Barge-in: Interrupting and clearing queue due to: user_speaking_significant
[2026-09-04 00:11:34,676] [INFO ] [jaison.py::480 _interrupt_jobs]: Smart Barge-in: Interrupting and clearing queue due to: user_speaking_significant
[2026-09-04 00:11:34,677] [INFO ] [jaison.py::441 create_job]: Queued new context_conversation_add_text job 533879ab-1273-43f6-a85b-b531b46c1206
[2026-09-04 00:11:34,677] [INFO ] [jaison.py::441 create_job]: Queued new response job a2d3f3ed-fa0e-4648-949b-b77cde77ffe7
[2026-09-04 00:11:35,183] [INFO ] [jaison.py::441 create_job]: Queued new context_conversation_add_text job 51cae117-c247-45cb-89e8-3fdf2a33786e
[2026-09-04 00:11:35,184] [INFO ] [jaison.py::441 create_job]: Queued new response job 3181b3c9-c98e-47cb-beb0-52cca841b853
[2026-09-04 00:11:35,949] [INFO ] [operation.py::25 __call__]: T2T operation llamacpp completed in 1270.6247000023723 ms
[2026-09-04 00:11:38,018] [INFO ] [operation.py::25 __call__]: TTS operation fish_audio completed in 2056.1754999216646 ms
[2026-09-04 00:11:39,506] [INFO ] [operation.py::25 __call__]: TTS operation fish_audio completed in 1488.533700001426 ms
[2026-09-04 00:11:40,069] [INFO ] [transcribe.py::881 transcribe]: Processing audio with duration 00:04.800
[2026-09-04 00:11:40,080] [INFO ] [transcribe.py::895 transcribe]: VAD filter removed 00:00.000 of audio
[2026-09-04 00:11:40,815] [INFO ] [jaison.py::480 _interrupt_jobs]: Smart Barge-in: Interrupting and clearing queue due to: user_speaking_significant
[2026-09-04 00:11:40,815] [INFO ] [jaison.py::474 _clear_current_job]: Job a2d3f3ed-fa0e-4648-949b-b77cde77ffe7 (response) is being cancelled due to: user_speaking_significant
[2026-09-04 00:11:40,996] [INFO ] [jaison.py::754 _process_job_loop]: Job a2d3f3ed-fa0e-4648-949b-b77cde77ffe7 (response) was cancelled.
[2026-09-04 00:11:42,565] [INFO ] [transcribe.py::881 transcribe]: Processing audio with duration 00:01.824
[2026-09-04 00:11:42,569] [INFO ] [transcribe.py::895 transcribe]: VAD filter removed 00:00.000 of audio
[2026-09-04 00:11:42,827] [INFO ] [jaison.py::480 _interrupt_jobs]: Smart Barge-in: Interrupting and clearing queue due to: user_speaking_significant
[2026-09-04 00:11:42,828] [INFO ] [jaison.py::441 create_job]: Queued new context_conversation_add_text job af901515-3222-4c81-9178-f3bd68b0e5bc
[2026-09-04 00:11:42,828] [INFO ] [jaison.py::441 create_job]: Queued new response job 13786b90-8b5a-4832-974c-a9894674cef9
[2026-09-04 00:11:43,332] [INFO ] [jaison.py::441 create_job]: Queued new context_conversation_add_text job 449499aa-44a8-42bc-9fc1-6bb2c183a183
[2026-09-04 00:11:43,332] [INFO ] [jaison.py::441 create_job]: Queued new response job f8108df2-a1f6-4004-9ce7-296ff1ed2c20
[2026-09-04 00:11:44,349] [INFO ] [operation.py::25 __call__]: T2T operation llamacpp completed in 1519.5445999270305 ms
[2026-09-04 00:11:45,054] [INFO ] [transcribe.py::881 transcribe]: Processing audio with duration 00:00.928
[2026-09-04 00:11:45,056] [INFO ] [transcribe.py::895 transcribe]: VAD filter removed 00:00.928 of audio
[2026-09-04 00:11:46,171] [INFO ] [operation.py::25 __call__]: TTS operation fish_audio completed in 1811.846200027503 ms
[2026-09-04 00:11:48,210] [INFO ] [operation.py::25 __call__]: TTS operation fish_audio completed in 2038.0629999563098 ms
[2026-09-04 00:11:50,066] [INFO ] [operation.py::25 __call__]: TTS operation fish_audio completed in 1856.0671999584883 ms
[2026-09-04 00:11:51,743] [INFO ] [operation.py::25 __call__]: TTS operation fish_audio completed in 1676.710300031118 ms
[2026-09-04 00:11:51,743] [INFO ] [operation.py::25 __call__]: FILTER_TEXT operation chunker_sentence completed in 7394.119300064631 ms
[2026-09-04 00:11:51,743] [INFO ] [operation.py::25 __call__]: FILTER_TEXT operation filter_clean completed in 7394.2131999647245 ms
[2026-09-04 00:11:51,743] [INFO ] [jaison.py::963 response_pipeline]: Response job 13786b90-8b5a-4832-974c-a9894674cef9 completed. Content: 'Ох, похоже, он не сдается без боя! Но мы его отвлечем, пока Алина напишет все, что нужно. Не отступа...'
[2026-09-04 00:11:52,608] [INFO ] [app_server.py::86 ws]: Closed websocket connection
