[2026-09-04 00:01:10 +0300] [4708] [INFO] 127.0.0.1:3446 POST /api/context/conversation/speech_start 1.1 200 71 1563
[VAD] Голос! (Prob: 0.001, RMS: 0.0101) Завершена (2848ms, speech: 1952ms).
[2026-09-04 00:01:11 +0300] [4708] [INFO] 127.0.0.1:3446 POST /api/context/conversation/audio 1.1 200 142 995

[1m[1;34m[2026-09-04 00:01:11,532][0m [1m[1;30m[42m[INFO ][0m [1m[1;33m[transcribe.py::881 transcribe]:[0m Processing audio with duration 00:02.848[0m
[API] Фраза отправлена (91136 байт).
[1m[1;34m[2026-09-04 00:01:11,538][0m [1m[1;30m[42m[INFO ][0m [1m[1;33m[transcribe.py::895 transcribe]:[0m VAD filter removed 00:00.368 of audio[0m
[1m[1;34m[2026-09-04 00:01:11,844][0m [1m[1;30m[42m[INFO ][0m [1m[1;33m[jaison.py::480 _interrupt_jobs]:[0m Smart Barge-in: Interrupting and clearing queue due to: user_speaking_significant[0m
[1m[1;34m[2026-09-04 00:01:12,360][0m [1m[1;30m[42m[INFO ][0m [1m[1;33m[jaison.py::441 create_job]:[0m Queued new context_conversation_add_text job a58f38ed-9bb9-4c0e-9b3d-1683bf857e22[0m
[1m[1;34m[2026-09-04 00:01:12,360][0m [1m[1;30m[42m[INFO ][0m [1m[1;33m[jaison.py::441 create_job]:[0m Queued new response job 82a4a999-f345-4597-8e62-852a782ba286[0m
[1m[1;34m[2026-09-04 00:01:13,353][0m [1m[1;30m[42m[INFO ][0m [1m[1;33m[operation.py::25 __call__]:[0m T2T operation llamacpp completed in 992.6656000316143 ms[0m
[1m[1;34m[2026-09-04 00:01:16,092][0m [1m[1;30m[42m[INFO ][0m [1m[1;33m[operation.py::25 __call__]:[0m TTS operation fish_audio completed in 2726.60670010373 ms[0m
[1m[1;34m[2026-09-04 00:01:17,858][0m [1m[1;30m[42m[INFO ][0m [1m[1;33m[operation.py::25 __call__]:[0m TTS operation fish_audio completed in 1765.5251999385655 ms[0m
[1m[1;34m[2026-09-04 00:01:17,858][0m [1m[1;30m[42m[INFO ][0m [1m[1;33m[operation.py::25 __call__]:[0m FILTER_TEXT operation chunker_sentence completed in 4504.612000077032 ms[0m
[1m[1;34m[2026-09-04 00:01:17,858][0m [1m[1;30m[42m[INFO ][0m [1m[1;33m[operation.py::25 __call__]:[0m FILTER_TEXT operation filter_clean completed in 4504.708599997684 ms[0m
[1m[1;34m[2026-09-04 00:01:17,859][0m [1m[1;30m[42m[INFO ][0m [1m[1;33m[jaison.py::963 response_pipeline]:[0m Response job 82a4a999-f345-4597-8e62-852a782ba286 completed. Content: 'Мы тут обсуждаем "Астра: Последние Воины", прям затянуло. А ты играешь в что-то интересное?...'[0m
[2026-09-04 00:01:23 +0300] [4708] [INFO] 127.0.0.1:3455 POST /api/context/conversation/speech_start 1.1 200 71 498
[VAD] Голос! (Prob: 0.001, RMS: 0.0174) Завершена (5216ms, speech: 3520ms).
[2026-09-04 00:01:27 +0300] [4708] [INFO] 127.0.0.1:3455 POST /api/context/conversation/audio 1.1 200 142 1004

[1m[1;34m[2026-09-04 00:01:27,724][0m [1m[1;30m[42m[INFO ][0m [1m[1;33m[transcribe.py::881 transcribe]:[0m Processing audio with duration 00:05.216[0m
[API] Фраза отправлена (166912 байт).
[1m[1;34m[2026-09-04 00:01:27,733][0m [1m[1;30m[42m[INFO ][0m [1m[1;33m[transcribe.py::895 transcribe]:[0m VAD filter removed 00:00.464 of audio[0m

[2026-09-04 00:01:27 +0300] [4708] [INFO] 127.0.0.1:3455 POST /api/context/conversation/speech_start 1.1 200 71 4668
[1m[1;34m[2026-09-04 00:01:28,315][0m [1m[1;30m[42m[INFO ][0m [1m[1;33m[jaison.py::480 _interrupt_jobs]:[0m Smart Barge-in: Interrupting and clearing queue due to: user_speaking_significant[0m
[VAD] Голос! (Prob: 0.001, RMS: 0.0094) Завершена (928ms, speech: 192ms).
[2026-09-04 00:01:28 +0300] [4708] [INFO] 127.0.0.1:3455 POST /api/context/conversation/audio 1.1 200 142 0
[1m[1;34m[2026-09-04 00:01:28,522][0m [1m[1;30m[42m[INFO ][0m [1m[1;33m[transcribe.py::881 transcribe]:[0m Processing audio with duration 00:00.928[0m

[API] Фраза отправлена (29696 байт).
[1m[1;34m[2026-09-04 00:01:28,524][0m [1m[1;30m[42m[INFO ][0m [1m[1;33m[transcribe.py::895 transcribe]:[0m VAD filter removed 00:00.928 of audio[0m
[1m[1;34m[2026-09-04 00:01:28,816][0m [1m[1;30m[42m[INFO ][0m [1m[1;33m[jaison.py::441 create_job]:[0m Queued new context_conversation_add_text job ffd1a830-5399-4a45-99b3-9f996ad8b51d[0m
[1m[1;34m[2026-09-04 00:01:28,816][0m [1m[1;30m[42m[INFO ][0m [1m[1;33m[jaison.py::441 create_job]:[0m Queued new response job 2db6c915-2615-40ea-9cef-564b4d75b4a8[0m
[1m[1;34m[2026-09-04 00:01:30,114][0m [1m[1;30m[42m[INFO ][0m [1m[1;33m[operation.py::25 __call__]:[0m T2T operation llamacpp completed in 1297.5632000016049 ms[0m
[1m[1;34m[2026-09-04 00:01:33,533][0m [1m[1;30m[42m[INFO ][0m [1m[1;33m[operation.py::25 __call__]:[0m TTS operation fish_audio completed in 3405.0634999293834 ms[0m
[1m[1;34m[2026-09-04 00:01:35,937][0m [1m[1;30m[42m[INFO ][0m [1m[1;33m[operation.py::25 __call__]:[0m TTS operation fish_audio completed in 2404.440199956298 ms[0m
[1m[1;34m[2026-09-04 00:01:35,937][0m [1m[1;30m[42m[INFO ][0m [1m[1;33m[operation.py::25 __call__]:[0m FILTER_TEXT operation chunker_sentence completed in 5823.182599968277 ms[0m
[1m[1;34m[2026-09-04 00:01:35,937][0m [1m[1;30m[42m[INFO ][0m [1m[1;33m[operation.py::25 __call__]:[0m FILTER_TEXT operation filter_clean completed in 5823.277899995446 ms[0m
[1m[1;34m[2026-09-04 00:01:35,938][0m [1m[1;30m[42m[INFO ][0m [1m[1;33m[jaison.py::963 response_pipeline]:[0m Response job 2db6c915-2615-40ea-9cef-564b4d75b4a8 completed. Content: '"Ион-2" — это точно будет что-то мощное! "Танки" — тоже не промах, но "Астра" сейчас прям в моих фав...'[0m
[2026-09-04 00:01:50 +0300] [4708] [INFO] 127.0.0.1:3469 POST /api/context/conversation/speech_start 1.1 200 71 504
[VAD] Голос! (Prob: 0.001, RMS: 0.0135) Завершена (4096ms, speech: 3072ms).
[2026-09-04 00:01:52 +0300] [4708] [INFO] 127.0.0.1:3469 POST /api/context/conversation/audio 1.1 200 142 11078
[1m[1;34m[2026-09-04 00:01:52,853][0m [1m[1;30m[42m[INFO ][0m [1m[1;33m[transcribe.py::881 transcribe]:[0m Processing audio with duration 00:04.096[0m

[API] Фраза отправлена (131072 байт).
[1m[1;34m[2026-09-04 00:01:52,860][0m [1m[1;30m[42m[INFO ][0m [1m[1;33m[transcribe.py::895 transcribe]:[0m VAD filter removed 00:00.048 of audio[0m
[1m[1;34m[2026-09-04 00:01:53,351][0m [1m[1;30m[42m[INFO ][0m [1m[1;33m[jaison.py::480 _interrupt_jobs]:[0m Smart Barge-in: Interrupting and clearing queue due to: user_speaking_significant[0m
[1m[1;34m[2026-09-04 00:01:53,863][0m [1m[1;30m[42m[INFO ][0m [1m[1;33m[jaison.py::441 create_job]:[0m Queued new context_conversation_add_text job edfe3123-b2b4-4ad5-a944-7748ddae7bdc[0m
[1m[1;34m[2026-09-04 00:01:53,863][0m [1m[1;30m[42m[INFO ][0m [1m[1;33m[jaison.py::441 create_job]:[0m Queued new response job 592020d9-eb94-4f24-86fb-5220b2cc4a64[0m
[1m[1;34m[2026-09-04 00:01:55,110][0m [1m[1;30m[42m[INFO ][0m [1m[1;33m[operation.py::25 __call__]:[0m T2T operation llamacpp completed in 1246.6465000761673 ms[0m
[1m[1;34m[2026-09-04 00:01:57,135][0m [1m[1;30m[42m[INFO ][0m [1m[1;33m[operation.py::25 __call__]:[0m TTS operation fish_audio completed in 2009.401599992998 ms[0m
[1m[1;34m[2026-09-04 00:01:58,806][0m [1m[1;30m[42m[INFO ][0m [1m[1;33m[operation.py::25 __call__]:[0m TTS operation fish_audio completed in 1671.2695000460371 ms[0m
[1m[1;34m[2026-09-04 00:02:01,712][0m [1m[1;30m[42m[INFO ][0m [1m[1;33m[operation.py::25 __call__]:[0m TTS operation fish_audio completed in 2905.8563999133185 ms[0m
[1m[1;34m[2026-09-04 00:02:04,247][0m [1m[1;30m[42m[INFO ][0m [1m[1;33m[operation.py::25 __call__]:[0m TTS operation fish_audio completed in 2535.023200092837 ms[0m
[1m[1;34m[2026-09-04 00:02:04,248][0m [1m[1;30m[42m[INFO ][0m [1m[1;33m[operation.py::25 __call__]:[0m FILTER_TEXT operation chunker_sentence completed in 9137.131099938415 ms[0m
[1m[1;34m[2026-09-04 00:02:04,248][0m [1m[1;30m[42m[INFO ][0m [1m[1;33m[operation.py::25 __call__]:[0m FILTER_TEXT operation filter_clean completed in 9137.228999985382 ms[0m
[1m[1;34m[2026-09-04 00:02:04,248][0m [1m[1;30m[42m[INFO ][0m [1m[1;33m[jaison.py::963 response_pipeline]:[0m Response job 592020d9-eb94-4f24-86fb-5220b2cc4a64 completed. Content: 'Айон-2, да! Так и правильно. Ой, не заметила. Ещё один игрок в нашем списке. Надеюсь, тебе тоже понр...'[0m
[2026-09-04 00:02:10 +0300] [4708] [INFO] 127.0.0.1:6431 POST /api/context/conversation/speech_start 1.1 200 71 1006
[VAD] Голос! (Prob: 0.001, RMS: 0.0192) Завершена (4384ms, speech: 3296ms).
[2026-09-04 00:02:13 +0300] [4708] [INFO] 127.0.0.1:6431 POST /api/context/conversation/audio 1.1 200 142 1003

[API] Фраза отправлена (140288 байт).
[1m[1;34m[2026-09-04 00:02:13,413][0m [1m[1;30m[42m[INFO ][0m [1m[1;33m[transcribe.py::881 transcribe]:[0m Processing audio with duration 00:04.384[0m
[1m[1;34m[2026-09-04 00:02:13,422][0m [1m[1;30m[42m[INFO ][0m [1m[1;33m[transcribe.py::895 transcribe]:[0m VAD filter removed 00:00.400 of audio[0m
[1m[1;34m[2026-09-04 00:02:13,973][0m [1m[1;30m[42m[INFO ][0m [1m[1;33m[jaison.py::480 _interrupt_jobs]:[0m Smart Barge-in: Interrupting and clearing queue due to: user_speaking_significant[0m
[1m[1;34m[2026-09-04 00:02:13,973][0m [1m[1;30m[42m[INFO ][0m [1m[1;33m[jaison.py::266 _record_stt_metrics]:[0m STT metrics(window=20): avg_latency_ms=1021 empty_rate=0.250 stop_cmd_recall=0.000[0m
[1m[1;34m[2026-09-04 00:02:14,477][0m [1m[1;30m[42m[INFO ][0m [1m[1;33m[jaison.py::441 create_job]:[0m Queued new context_conversation_add_text job 62a2e598-3146-4984-9a6e-2ec70735f0fb[0m
[1m[1;34m[2026-09-04 00:02:14,477][0m [1m[1;30m[42m[INFO ][0m [1m[1;33m[jaison.py::441 create_job]:[0m Queued new response job e66a27ef-6fea-45e6-b410-b413717d2d54[0m
[1m[1;34m[2026-09-04 00:02:15,233][0m [1m[1;30m[42m[INFO ][0m [1m[1;33m[operation.py::25 __call__]:[0m T2T operation llamacpp completed in 754.873999976553 ms[0m
[1m[1;34m[2026-09-04 00:02:17,718][0m [1m[1;30m[42m[INFO ][0m [1m[1;33m[operation.py::25 __call__]:[0m TTS operation fish_audio completed in 2474.113199976273 ms[0m
[1m[1;34m[2026-09-04 00:02:19,490][0m [1m[1;30m[42m[INFO ][0m [1m[1;33m[operation.py::25 __call__]:[0m TTS operation fish_audio completed in 1772.031300002709 ms[0m
[1m[1;34m[2026-09-04 00:02:19,490][0m [1m[1;30m[42m[INFO ][0m [1m[1;33m[operation.py::25 __call__]:[0m FILTER_TEXT operation chunker_sentence completed in 4257.800100021996 ms[0m
[1m[1;34m[2026-09-04 00:02:19,490][0m [1m[1;30m[42m[INFO ][0m [1m[1;33m[operation.py::25 __call__]:[0m FILTER_TEXT operation filter_clean completed in 4257.910699932836 ms[0m
[1m[1;34m[2026-09-04 00:02:19,491][0m [1m[1;30m[42m[INFO ][0m [1m[1;33m[jaison.py::963 response_pipeline]:[0m Response job e66a27ef-6fea-45e6-b410-b413717d2d54 completed. Content: 'О, это новинка в жанре RPG, графика и сюжет просто космические! Ты должен попробовать!...'[0m
[2026-09-04 00:02:27 +0300] [4708] [INFO] 127.0.0.1:3598 POST /api/context/conversation/speech_start 1.1 200 71 1002
[VAD] Голос! (Prob: 0.002, RMS: 0.0156) Завершена (4288ms, speech: 3008ms).
[2026-09-04 00:02:30 +0300] [4708] [INFO] 127.0.0.1:3598 POST /api/context/conversation/audio 1.1 200 142 10621
[1m[1;34m[2026-09-04 00:02:30,611][0m [1m[1;30m[42m[INFO ][0m [1m[1;33m[transcribe.py::881 transcribe]:[0m Processing audio with duration 00:04.288[0m

[API] Фраза отправлена (137216 байт).
[1m[1;34m[2026-09-04 00:02:30,620][0m [1m[1;30m[42m[INFO ][0m [1m[1;33m[transcribe.py::895 transcribe]:[0m VAD filter removed 00:00.048 of audio[0m
[1m[1;34m[2026-09-04 00:02:31,395][0m [1m[1;30m[42m[INFO ][0m [1m[1;33m[jaison.py::480 _interrupt_jobs]:[0m Smart Barge-in: Interrupting and clearing queue due to: user_speaking_significant[0m
[1m[1;34m[2026-09-04 00:02:31,904][0m [1m[1;30m[42m[INFO ][0m [1m[1;33m[jaison.py::441 create_job]:[0m Queued new context_conversation_add_text job af7df337-9db0-4d4c-8156-998e2a416d29[0m
[1m[1;34m[2026-09-04 00:02:31,904][0m [1m[1;30m[42m[INFO ][0m [1m[1;33m[jaison.py::441 create_job]:[0m Queued new response job 8da38fb3-2d84-4016-a407-4514210007ee[0m
[1m[1;34m[2026-09-04 00:02:32,717][0m [1m[1;30m[42m[INFO ][0m [1m[1;33m[operation.py::25 __call__]:[0m T2T operation llamacpp completed in 812.9217000678182 ms[0m
[1m[1;34m[2026-09-04 00:02:35,042][0m [1m[1;30m[42m[INFO ][0m [1m[1;33m[operation.py::25 __call__]:[0m TTS operation fish_audio completed in 2311.787899932824 ms[0m
[1m[1;34m[2026-09-04 00:02:35,042][0m [1m[1;30m[42m[INFO ][0m [1m[1;33m[operation.py::25 __call__]:[0m FILTER_TEXT operation chunker_sentence completed in 2324.6635000687093 ms[0m
[1m[1;34m[2026-09-04 00:02:35,042][0m [1m[1;30m[42m[INFO ][0m [1m[1;33m[operation.py::25 __call__]:[0m FILTER_TEXT operation filter_clean completed in 2324.7708999551833 ms[0m
[1m[1;34m[2026-09-04 00:02:35,043][0m [1m[1;30m[42m[INFO ][0m [1m[1;33m[jaison.py::963 response_pipeline]:[0m Response job 8da38fb3-2d84-4016-a407-4514210007ee completed. Content: 'Конечно, вот тебе ссылка: [ссылка на игру] — скачай и не пожалеешь....'[0m
[2026-09-04 00:02:41 +0300] [4708] [INFO] 127.0.0.1:3607 POST /api/context/conversation/speech_start 1.1 200 71 1002
[VAD] Голос! (Prob: 0.001, RMS: 0.0118) Завершена (3200ms, speech: 1728ms).
[2026-09-04 00:02:43 +0300] [4708] [INFO] 127.0.0.1:3607 POST /api/context/conversation/audio 1.1 200 142 507
[1m[1;34m[2026-09-04 00:02:43,143][0m [1m[1;30m[42m[INFO ][0m [1m[1;33m[transcribe.py::881 transcribe]:[0m Processing audio with duration 00:03.200[0m

[API] Фраза отправлена (102400 байт).
[1m[1;34m[2026-09-04 00:02:43,149][0m [1m[1;30m[42m[INFO ][0m [1m[1;33m[transcribe.py::895 transcribe]:[0m VAD filter removed 00:00.240 of audio[0m
[1m[1;34m[2026-09-04 00:02:43,509][0m [1m[1;30m[42m[INFO ][0m [1m[1;33m[jaison.py::480 _interrupt_jobs]:[0m Smart Barge-in: Interrupting and clearing queue due to: user_speaking_significant[0m
[1m[1;34m[2026-09-04 00:02:44,019][0m [1m[1;30m[42m[INFO ][0m [1m[1;33m[jaison.py::441 create_job]:[0m Queued new context_conversation_add_text job f663e569-22e6-4ee0-b987-9b7104d55247[0m
[1m[1;34m[2026-09-04 00:02:44,019][0m [1m[1;30m[42m[INFO ][0m [1m[1;33m[jaison.py::441 create_job]:[0m Queued new response job d5b5f25f-fa64-475c-8ec0-93924487e839[0m
[1m[1;34m[2026-09-04 00:02:44,875][0m [1m[1;30m[42m[INFO ][0m [1m[1;33m[operation.py::25 __call__]:[0m T2T operation llamacpp completed in 854.4172999681905 ms[0m
[1m[1;34m[2026-09-04 00:02:47,696][0m [1m[1;30m[42m[INFO ][0m [1m[1;33m[operation.py::25 __call__]:[0m TTS operation fish_audio completed in 2811.109200003557 ms[0m
[1m[1;34m[2026-09-04 00:02:50,104][0m [1m[1;30m[42m[INFO ][0m [1m[1;33m[operation.py::25 __call__]:[0m TTS operation fish_audio completed in 2408.5453998995945 ms[0m
[1m[1;34m[2026-09-04 00:02:50,104][0m [1m[1;30m[42m[INFO ][0m [1m[1;33m[operation.py::25 __call__]:[0m FILTER_TEXT operation chunker_sentence completed in 5229.761799913831 ms[0m
[1m[1;34m[2026-09-04 00:02:50,105][0m [1m[1;30m[42m[INFO ][0m [1m[1;33m[operation.py::25 __call__]:[0m FILTER_TEXT operation filter_clean completed in 5229.921699967235 ms[0m
[1m[1;34m[2026-09-04 00:02:50,106][0m [1m[1;30m[42m[INFO ][0m [1m[1;33m[jaison.py::963 response_pipeline]:[0m Response job d5b5f25f-fa64-475c-8ec0-93924487e839 completed. Content: 'Не хитрый, а заботливая! Хочу, чтобы и ты в курсе был всех крутых новинок....'[0m
[2026-09-04 00:03:49 +0300] [4708] [INFO] 127.0.0.1:6956 POST /api/context/conversation/speech_start 1.1 200 71 1016
[VAD] Голос! (Prob: 0.001, RMS: 0.0127) Завершена (2528ms, speech: 1728ms).
[2026-09-04 00:03:50 +0300] [4708] [INFO] 127.0.0.1:6956 POST /api/context/conversation/audio 1.1 200 142 1508
[1m[1;34m[2026-09-04 00:03:50,791][0m [1m[1;30m[42m[INFO ][0m [1m[1;33m[transcribe.py::881 transcribe]:[0m Processing audio with duration 00:02.528[0m

[API] Фраза отправлена (80896 байт).
[1m[1;34m[2026-09-04 00:03:50,797][0m [1m[1;30m[42m[INFO ][0m [1m[1;33m[transcribe.py::895 transcribe]:[0m VAD filter removed 00:00.656 of audio[0m
[1m[1;34m[2026-09-04 00:03:51,234][0m [1m[1;30m[42m[INFO ][0m [1m[1;33m[jaison.py::480 _interrupt_jobs]:[0m Smart Barge-in: Interrupting and clearing queue due to: user_speaking_significant[0m
[1m[1;34m[2026-09-04 00:03:51,746][0m [1m[1;30m[42m[INFO ][0m [1m[1;33m[jaison.py::441 create_job]:[0m Queued new context_conversation_add_text job 8ba6f8b9-19ac-4cbd-a235-1f1c10fe06a8[0m
[1m[1;34m[2026-09-04 00:03:51,746][0m [1m[1;30m[42m[INFO ][0m [1m[1;33m[jaison.py::441 create_job]:[0m Queued new response job 34ebc527-869f-40c7-b74a-e83ac3a8cb60[0m
[1m[1;34m[2026-09-04 00:03:52,932][0m [1m[1;30m[42m[INFO ][0m [1m[1;33m[operation.py::25 __call__]:[0m T2T operation llamacpp completed in 1185.0491999648511 ms[0m
[1m[1;34m[2026-09-04 00:03:54,898][0m [1m[1;30m[42m[INFO ][0m [1m[1;33m[operation.py::25 __call__]:[0m TTS operation fish_audio completed in 1945.6292999675497 ms[0m
[1m[1;34m[2026-09-04 00:03:56,606][0m [1m[1;30m[42m[INFO ][0m [1m[1;33m[operation.py::25 __call__]:[0m TTS operation fish_audio completed in 1706.9456999888644 ms[0m
[1m[1;34m[2026-09-04 00:03:58,497][0m [1m[1;30m[42m[INFO ][0m [1m[1;33m[operation.py::25 __call__]:[0m TTS operation fish_audio completed in 1890.6701999949291 ms[0m
[1m[1;34m[2026-09-04 00:04:00,069][0m [1m[1;30m[42m[INFO ][0m [1m[1;33m[operation.py::25 __call__]:[0m TTS operation fish_audio completed in 1572.2002999391407 ms[0m
[1m[1;34m[2026-09-04 00:04:02,014][0m [1m[1;30m[42m[INFO ][0m [1m[1;33m[operation.py::25 __call__]:[0m TTS operation fish_audio completed in 1944.0606000134721 ms[0m
[1m[1;34m[2026-09-04 00:04:02,014][0m [1m[1;30m[42m[INFO ][0m [1m[1;33m[operation.py::25 __call__]:[0m FILTER_TEXT operation chunker_sentence completed in 9081.30279998295 ms[0m
[1m[1;34m[2026-09-04 00:04:02,014][0m [1m[1;30m[42m[INFO ][0m [1m[1;33m[operation.py::25 __call__]:[0m FILTER_TEXT operation filter_clean completed in 9081.45830000285 ms[0m
[1m[1;34m[2026-09-04 00:04:02,015][0m [1m[1;30m[42m[INFO ][0m [1m[1;33m[jaison.py::963 response_pipeline]:[0m Response job 34ebc527-869f-40c7-b74a-e83ac3a8cb60 completed. Content: 'Ой, еще много интересного! А ты не видел, что в "Танках" добавили нового танка? И в "Айон-2" появилс...'[0m
[VAD] Голос! (Prob: 0.001, RMS: 0.0077) Завершена (1120ms, speech: 320ms).

[2026-09-04 00:04:12 +0300] [4708] [INFO] 127.0.0.1:10634 POST /api/context/conversation/speech_start 1.1 200 71 503
[2026-09-04 00:04:13 +0300] [4708] [INFO] 127.0.0.1:10636 POST /api/context/conversation/speech_start 1.1 200 71 1003
[2026-09-04 00:04:14 +0300] [4708] [INFO] 127.0.0.1:10637 POST /api/context/conversation/audio 1.1 200 142 1003
[VAD] Голос! (Prob: 0.001, RMS: 0.0118)
[API] Фраза отправлена (35840 байт).
[1m[1;34m[2026-09-04 00:04:14,472][0m [1m[1;30m[42m[INFO ][0m [1m[1;33m[transcribe.py::881 transcribe]:[0m Processing audio with duration 00:01.120[0m
[1m[1;34m[2026-09-04 00:04:14,475][0m [1m[1;30m[42m[INFO ][0m [1m[1;33m[transcribe.py::895 transcribe]:[0m VAD filter removed 00:00.000 of audio[0m
 Завершена (4352ms, speech: 3456ms).
[2026-09-04 00:04:16 +0300] [4708] [INFO] 127.0.0.1:10637 POST /api/context/conversation/audio 1.1 200 142 5027

[1m[1;34m[2026-09-04 00:04:16,657][0m [1m[1;30m[42m[INFO ][0m [1m[1;33m[transcribe.py::881 transcribe]:[0m Processing audio with duration 00:04.352[0m
[API] Фраза отправлена (139264 байт).
[1m[1;34m[2026-09-04 00:04:16,680][0m [1m[1;30m[42m[INFO ][0m [1m[1;33m[transcribe.py::895 transcribe]:[0m VAD filter removed 00:00.000 of audio[0m
[1m[1;34m[2026-09-04 00:04:19,718][0m [1m[1;30m[42m[INFO ][0m [1m[1;33m[jaison.py::480 _interrupt_jobs]:[0m Smart Barge-in: Interrupting and clearing queue due to: user_speaking_significant[0m
[1m[1;34m[2026-09-04 00:04:20,221][0m [1m[1;30m[42m[INFO ][0m [1m[1;33m[jaison.py::480 _interrupt_jobs]:[0m Smart Barge-in: Interrupting and clearing queue due to: user_speaking_significant[0m
[1m[1;34m[2026-09-04 00:04:20,723][0m [1m[1;30m[42m[INFO ][0m [1m[1;33m[jaison.py::441 create_job]:[0m Queued new context_conversation_add_text job d2ff98cc-6bfe-47e6-9767-b1fa94680b6b[0m
[1m[1;34m[2026-09-04 00:04:20,723][0m [1m[1;30m[42m[INFO ][0m [1m[1;33m[jaison.py::441 create_job]:[0m Queued new response job b60168d4-700c-4301-bfb6-dc51f7e91ae9[0m
[1m[1;34m[2026-09-04 00:04:22,021][0m [1m[1;30m[42m[INFO ][0m [1m[1;33m[operation.py::25 __call__]:[0m T2T operation llamacpp completed in 1296.9297000672668 ms[0m
[1m[1;34m[2026-09-04 00:04:24,270][0m [1m[1;30m[42m[INFO ][0m [1m[1;33m[operation.py::25 __call__]:[0m TTS operation fish_audio completed in 2234.3060000566766 ms[0m
[1m[1;34m[2026-09-04 00:04:27,224][0m [1m[1;30m[42m[INFO ][0m [1m[1;33m[operation.py::25 __call__]:[0m TTS operation fish_audio completed in 2954.670700011775 ms[0m
[1m[1;34m[2026-09-04 00:04:27,224][0m [1m[1;30m[42m[INFO ][0m [1m[1;33m[operation.py::25 __call__]:[0m FILTER_TEXT operation chunker_sentence completed in 5203.494600020349 ms[0m
[1m[1;34m[2026-09-04 00:04:27,224][0m [1m[1;30m[42m[INFO ][0m [1m[1;33m[operation.py::25 __call__]:[0m FILTER_TEXT operation filter_clean completed in 5203.635299927555 ms[0m
[1m[1;34m[2026-09-04 00:04:27,225][0m [1m[1;30m[42m[INFO ][0m [1m[1;33m[jaison.py::963 response_pipeline]:[0m Response job b60168d4-700c-4301-bfb6-dc51f7e91ae9 completed. Content: 'Это "Т-110Э", он прям грозный! Ну, а в "Айон-2" новый класс — "Астрал", говорят, очень мощный....'[0m
[VAD] Голос! (Prob: 0.001, RMS: 0.0097) Завершена (1184ms, speech: 384ms).
[2026-09-04 00:06:21 +0300] [4708] [INFO] 127.0.0.1:12332 POST /api/context/conversation/speech_start 1.1 200 71 1381

[2026-09-04 00:06:23 +0300] [4708] [INFO] 127.0.0.1:12333 POST /api/context/conversation/audio 1.1 200 142 1007
[VAD] Голос! (Prob: 0.001, RMS: 0.0123)
[1m[1;34m[2026-09-04 00:06:23,366][0m [1m[1;30m[42m[INFO ][0m [1m[1;33m[transcribe.py::881 transcribe]:[0m Processing audio with duration 00:01.184[0m
[API] Фраза отправлена (37888 байт).
[1m[1;34m[2026-09-04 00:06:23,369][0m [1m[1;30m[42m[INFO ][0m [1m[1;33m[transcribe.py::895 transcribe]:[0m VAD filter removed 00:00.000 of audio[0m
[2026-09-04 00:06:23 +0300] [4708] [INFO] 127.0.0.1:12333 POST /api/context/conversation/speech_start 1.1 200 71 504
 Завершена (3008ms, speech: 1856ms).
[2026-09-04 00:06:25 +0300] [4708] [INFO] 127.0.0.1:12333 POST /api/context/conversation/audio 1.1 200 142 1408

[API] Фраза отправлена (96256 байт).
[1m[1;34m[2026-09-04 00:06:25,990][0m [1m[1;30m[42m[INFO ][0m [1m[1;33m[transcribe.py::881 transcribe]:[0m Processing audio with duration 00:03.008[0m
[1m[1;34m[2026-09-04 00:06:25,997][0m [1m[1;30m[42m[INFO ][0m [1m[1;33m[transcribe.py::895 transcribe]:[0m VAD filter removed 00:00.000 of audio[0m

[2026-09-04 00:06:27 +0300] [4708] [INFO] 127.0.0.1:12333 POST /api/context/conversation/speech_start 1.1 200 71 0
[VAD] Голос! (Prob: 0.001, RMS: 0.0308) Завершена (3136ms, speech: 1728ms).
[2026-09-04 00:06:30 +0300] [4708] [INFO] 127.0.0.1:12333 POST /api/context/conversation/audio 1.1 200 141 499

[API] Фраза отправлена (100352 байт).

[2026-09-04 00:06:30 +0300] [4708] [INFO] 127.0.0.1:12333 POST /api/context/conversation/speech_start 1.1 200 71 499
[1m[1;34m[2026-09-04 00:06:31,900][0m [1m[1;30m[42m[INFO ][0m [1m[1;33m[jaison.py::480 _interrupt_jobs]:[0m Smart Barge-in: Interrupting and clearing queue due to: user_speaking_significant[0m
[1m[1;34m[2026-09-04 00:06:31,903][0m [1m[1;30m[42m[INFO ][0m [1m[1;33m[transcribe.py::881 transcribe]:[0m Processing audio with duration 00:03.136[0m
[1m[1;34m[2026-09-04 00:06:31,911][0m [1m[1;30m[42m[INFO ][0m [1m[1;33m[transcribe.py::895 transcribe]:[0m VAD filter removed 00:00.000 of audio[0m
[VAD] Голос! (Prob: 0.001, RMS: 0.0107) Завершена (2144ms, speech: 1280ms).
[2026-09-04 00:06:32 +0300] [4708] [INFO] 127.0.0.1:12333 POST /api/context/conversation/audio 1.1 200 141 4028

[API] Фраза отправлена (68608 байт).
[1m[1;34m[2026-09-04 00:06:32,412][0m [1m[1;30m[42m[INFO ][0m [1m[1;33m[jaison.py::441 create_job]:[0m Queued new context_conversation_add_text job 65ec8e85-2cad-43d8-bed1-3a3e8356ba77[0m
[1m[1;34m[2026-09-04 00:06:32,412][0m [1m[1;30m[42m[INFO ][0m [1m[1;33m[jaison.py::441 create_job]:[0m Queued new response job 82157803-25ca-4d02-9586-bc253ab94550[0m
[1m[1;34m[2026-09-04 00:06:32,911][0m [1m[1;30m[42m[INFO ][0m [1m[1;33m[jaison.py::480 _interrupt_jobs]:[0m Smart Barge-in: Interrupting and clearing queue due to: user_speaking_significant[0m
[1m[1;34m[2026-09-04 00:06:32,911][0m [1m[1;30m[42m[INFO ][0m [1m[1;33m[jaison.py::474 _clear_current_job]:[0m Job 82157803-25ca-4d02-9586-bc253ab94550 (response) is being cancelled due to: user_speaking_significant[0m
[1m[1;34m[2026-09-04 00:06:32,915][0m [1m[1;30m[42m[INFO ][0m [1m[1;33m[transcribe.py::881 transcribe]:[0m Processing audio with duration 00:02.144[0m
[1m[1;34m[2026-09-04 00:06:32,916][0m [1m[1;30m[42m[INFO ][0m [1m[1;33m[jaison.py::754 _process_job_loop]:[0m Job 82157803-25ca-4d02-9586-bc253ab94550 (response) was cancelled.[0m
[1m[1;34m[2026-09-04 00:06:32,922][0m [1m[1;30m[42m[INFO ][0m [1m[1;33m[transcribe.py::895 transcribe]:[0m VAD filter removed 00:00.000 of audio[0m
[1m[1;34m[2026-09-04 00:06:33,404][0m [1m[1;30m[42m[INFO ][0m [1m[1;33m[jaison.py::441 create_job]:[0m Queued new context_conversation_add_text job ecbb0414-ee7a-4ba1-9c40-dfe053ce4f54[0m
[1m[1;34m[2026-09-04 00:06:33,404][0m [1m[1;30m[42m[INFO ][0m [1m[1;33m[jaison.py::441 create_job]:[0m Queued new response job b99b186f-4b4a-4e80-aba2-55ea80279e54[0m
[1m[1;34m[2026-09-04 00:06:34,487][0m [1m[1;30m[42m[INFO ][0m [1m[1;33m[jaison.py::480 _interrupt_jobs]:[0m Smart Barge-in: Interrupting and clearing queue due to: user_speaking_significant[0m
[1m[1;34m[2026-09-04 00:06:34,487][0m [1m[1;30m[42m[INFO ][0m [1m[1;33m[jaison.py::474 _clear_current_job]:[0m Job b99b186f-4b4a-4e80-aba2-55ea80279e54 (response) is being cancelled due to: user_speaking_significant[0m
[1m[1;34m[2026-09-04 00:06:34,489][0m [1m[1;30m[42m[INFO ][0m [1m[1;33m[jaison.py::754 _process_job_loop]:[0m Job b99b186f-4b4a-4e80-aba2-55ea80279e54 (response) was cancelled.[0m

[2026-09-04 00:06:34 +0300] [4708] [INFO] 127.0.0.1:12333 POST /api/context/conversation/speech_start 1.1 200 71 504
[VAD] Голос! (Prob: 0.001, RMS: 0.0097) Завершена (1472ms, speech: 512ms).
[2026-09-04 00:06:35 +0300] [4708] [INFO] 127.0.0.1:12333 POST /api/context/conversation/audio 1.1 200 142 1018

[1m[1;34m[2026-09-04 00:06:35,970][0m [1m[1;30m[42m[INFO ][0m [1m[1;33m[transcribe.py::881 transcribe]:[0m Processing audio with duration 00:01.472[0m
[API] Фраза отправлена (47104 байт).
[1m[1;34m[2026-09-04 00:06:35,973][0m [1m[1;30m[42m[INFO ][0m [1m[1;33m[transcribe.py::895 transcribe]:[0m VAD filter removed 00:00.000 of audio[0m
[1m[1;34m[2026-09-04 00:06:36,321][0m [1m[1;30m[42m[INFO ][0m [1m[1;33m[jaison.py::480 _interrupt_jobs]:[0m Smart Barge-in: Interrupting and clearing queue due to: user_speaking_significant[0m
[1m[1;34m[2026-09-04 00:06:36,322][0m [1m[1;30m[42m[INFO ][0m [1m[1;33m[jaison.py::441 create_job]:[0m Queued new context_conversation_add_text job 1e5e71bc-f30e-4f3a-af42-2722902423a9[0m
[1m[1;34m[2026-09-04 00:06:36,322][0m [1m[1;30m[42m[INFO ][0m [1m[1;33m[jaison.py::441 create_job]:[0m Queued new response job c0b25e25-08b5-4271-b3d3-a5e42586c182[0m
[1m[1;34m[2026-09-04 00:06:36,845][0m [1m[1;30m[42m[INFO ][0m [1m[1;33m[jaison.py::441 create_job]:[0m Queued new context_conversation_add_text job c69dd14f-be19-4803-bf05-a0e3cf6bff93[0m
[1m[1;34m[2026-09-04 00:06:36,845][0m [1m[1;30m[42m[INFO ][0m [1m[1;33m[jaison.py::441 create_job]:[0m Queued new response job 59a0af93-61f7-41ed-b9a1-7ea22168cda3[0m

[2026-09-04 00:06:36 +0300] [4708] [INFO] 127.0.0.1:12333 POST /api/context/conversation/speech_start 1.1 200 71 0
[1m[1;34m[2026-09-04 00:06:37,757][0m [1m[1;30m[42m[INFO ][0m [1m[1;33m[operation.py::25 __call__]:[0m T2T operation llamacpp completed in 1432.6204999815673 ms[0m
[VAD] Голос! (Prob: 0.001, RMS: 0.0092) Завершена (1600ms, speech: 800ms).
[2026-09-04 00:06:38 +0300] [4708] [INFO] 127.0.0.1:12333 POST /api/context/conversation/audio 1.1 200 142 1545

[API] Фраза отправлена (51200 байт).
[1m[1;34m[2026-09-04 00:06:38,150][0m [1m[1;30m[42m[INFO ][0m [1m[1;33m[transcribe.py::881 transcribe]:[0m Processing audio with duration 00:01.600[0m
[1m[1;34m[2026-09-04 00:06:38,153][0m [1m[1;30m[42m[INFO ][0m [1m[1;33m[transcribe.py::895 transcribe]:[0m VAD filter removed 00:00.000 of audio[0m
[1m[1;34m[2026-09-04 00:06:38,439][0m [1m[1;30m[42m[INFO ][0m [1m[1;33m[jaison.py::480 _interrupt_jobs]:[0m Smart Barge-in: Interrupting and clearing queue due to: user_speaking_significant[0m
[1m[1;34m[2026-09-04 00:06:38,439][0m [1m[1;30m[42m[INFO ][0m [1m[1;33m[jaison.py::474 _clear_current_job]:[0m Job c0b25e25-08b5-4271-b3d3-a5e42586c182 (response) is being cancelled due to: user_speaking_significant[0m
[1m[1;34m[2026-09-04 00:06:38,622][0m [1m[1;30m[42m[INFO ][0m [1m[1;33m[jaison.py::754 _process_job_loop]:[0m Job c0b25e25-08b5-4271-b3d3-a5e42586c182 (response) was cancelled.[0m

[1m[1;34m[2026-09-04 00:06:38,935][0m [1m[1;30m[42m[INFO ][0m [1m[1;33m[jaison.py::441 create_job]:[0m Queued new context_conversation_add_text job c9274b78-f8a6-40d4-ad9a-db3a7eac010f[0m
[1m[1;34m[2026-09-04 00:06:38,935][0m [1m[1;30m[42m[INFO ][0m [1m[1;33m[jaison.py::441 create_job]:[0m Queued new response job c2ff9d83-0972-4ce4-aded-a5449fb03756[0m
[VAD] Голос! (Prob: 0.001, RMS: 0.0087) Завершена (928ms, speech: 128ms).
[2026-09-04 00:06:39 +0300] [4708] [INFO] 127.0.0.1:12333 POST /api/context/conversation/audio 1.1 200 142 1008

[API] Фраза отправлена (29696 байт).
[1m[1;34m[2026-09-04 00:06:39,302][0m [1m[1;30m[42m[INFO ][0m [1m[1;33m[transcribe.py::881 transcribe]:[0m Processing audio with duration 00:00.928[0m
[1m[1;34m[2026-09-04 00:06:39,305][0m [1m[1;30m[42m[INFO ][0m [1m[1;33m[transcribe.py::895 transcribe]:[0m VAD filter removed 00:00.000 of audio[0m
[1m[1;34m[2026-09-04 00:06:40,264][0m [1m[1;30m[42m[INFO ][0m [1m[1;33m[operation.py::25 __call__]:[0m T2T operation llamacpp completed in 1327.4003999540582 ms[0m

[2026-09-04 00:06:41 +0300] [4708] [INFO] 127.0.0.1:12333 POST /api/context/conversation/speech_start 1.1 200 71 499
[1m[1;34m[2026-09-04 00:06:42,236][0m [1m[1;30m[42m[INFO ][0m [1m[1;33m[operation.py::25 __call__]:[0m TTS operation fish_audio completed in 1951.4984000707045 ms[0m
[VAD] Голос! (Prob: 0.001, RMS: 0.0306) Завершена (1280ms, speech: 480ms).
[2026-09-04 00:06:42 +0300] [4708] [INFO] 127.0.0.1:12333 POST /api/context/conversation/audio 1.1 200 142 1005
[1m[1;34m[2026-09-04 00:06:42,789][0m [1m[1;30m[42m[INFO ][0m [1m[1;33m[transcribe.py::881 transcribe]:[0m Processing audio with duration 00:01.280[0m

[API] Фраза отправлена (40960 байт).
[1m[1;34m[2026-09-04 00:06:42,792][0m [1m[1;30m[42m[INFO ][0m [1m[1;33m[transcribe.py::895 transcribe]:[0m VAD filter removed 00:00.000 of audio[0m

[2026-09-04 00:06:43 +0300] [4708] [INFO] 127.0.0.1:12333 POST /api/context/conversation/speech_start 1.1 200 71 1004
[VAD] Голос! (Prob: 0.001, RMS: 0.0135) Завершена (1280ms, speech: 416ms).
[2026-09-04 00:06:43 +0300] [4708] [INFO] 127.0.0.1:12333 POST /api/context/conversation/audio 1.1 200 141 1508

[API] Фраза отправлена (40960 байт).
[1m[1;34m[2026-09-04 00:06:44,854][0m [1m[1;30m[42m[INFO ][0m [1m[1;33m[operation.py::25 __call__]:[0m TTS operation fish_audio completed in 2617.6339999074116 ms[0m
[1m[1;34m[2026-09-04 00:06:44,854][0m [1m[1;30m[42m[INFO ][0m [1m[1;33m[operation.py::25 __call__]:[0m FILTER_TEXT operation chunker_sentence completed in 4589.4983999896795 ms[0m
[1m[1;34m[2026-09-04 00:06:44,854][0m [1m[1;30m[42m[INFO ][0m [1m[1;33m[operation.py::25 __call__]:[0m FILTER_TEXT operation filter_clean completed in 4589.649499976076 ms[0m
[1m[1;34m[2026-09-04 00:06:44,855][0m [1m[1;30m[42m[INFO ][0m [1m[1;33m[jaison.py::963 response_pipeline]:[0m Response job c2ff9d83-0972-4ce4-aded-a5449fb03756 completed. Content: 'Не сгоняют, они летят в сторону врага! И "Т-110Э" на разной высоте летает, чтоб не попасть под враже...'[0m
[1m[1;34m[2026-09-04 00:06:45,148][0m [1m[1;30m[42m[INFO ][0m [1m[1;33m[transcribe.py::881 transcribe]:[0m Processing audio with duration 00:01.280[0m
[1m[1;34m[2026-09-04 00:06:45,152][0m [1m[1;30m[42m[INFO ][0m [1m[1;33m[transcribe.py::895 transcribe]:[0m VAD filter removed 00:00.000 of audio[0m
[1m[1;34m[2026-09-04 00:06:45,664][0m [1m[1;30m[42m[INFO ][0m [1m[1;33m[jaison.py::441 create_job]:[0m Queued new context_conversation_add_text job 35fd44fb-9827-425d-9a4a-606cda620950[0m
[1m[1;34m[2026-09-04 00:06:45,664][0m [1m[1;30m[42m[INFO ][0m [1m[1;33m[jaison.py::579 _commit_pending_voice_turn]:[0m Voice turn committed as context-only (no RESPONSE job).[0m
[1m[1;34m[2026-09-04 00:06:45,867][0m [1m[1;30m[42m[INFO ][0m [1m[1;33m[jaison.py::441 create_job]:[0m Queued new context_conversation_add_text job eeff2628-7d00-4614-b274-824fd4d809a0[0m
[1m[1;34m[2026-09-04 00:06:45,867][0m [1m[1;30m[42m[INFO ][0m [1m[1;33m[jaison.py::579 _commit_pending_voice_turn]:[0m Voice turn committed as context-only (no RESPONSE job).[0m
[1m[1;34m[2026-09-04 00:06:46,362][0m [1m[1;30m[42m[INFO ][0m [1m[1;33m[jaison.py::441 create_job]:[0m Queued new context_conversation_add_text job 96e64e95-efd5-45bc-9b60-c975874c6b9a[0m
[1m[1;34m[2026-09-04 00:06:46,362][0m [1m[1;30m[42m[INFO ][0m [1m[1;33m[jaison.py::579 _commit_pending_voice_turn]:[0m Voice turn committed as context-only (no RESPONSE job).[0m
[2026-09-04 00:06:47 +0300] [4708] [INFO] 127.0.0.1:12333 POST /api/context/conversation/speech_start 1.1 200 71 1004
[VAD] Голос! (Prob: 0.001, RMS: 0.0148) Завершена (5952ms, speech: 4352ms).
[2026-09-04 00:06:54 +0300] [4708] [INFO] 127.0.0.1:12354 POST /api/context/conversation/audio 1.1 200 142 1004
[1m[1;34m[2026-09-04 00:06:54,820][0m [1m[1;30m[42m[INFO ][0m [1m[1;33m[transcribe.py::881 transcribe]:[0m Processing audio with duration 00:05.952[0m

[API] Фраза отправлена (190464 байт).
[1m[1;34m[2026-09-04 00:06:54,830][0m [1m[1;30m[42m[INFO ][0m [1m[1;33m[transcribe.py::895 transcribe]:[0m VAD filter removed 00:00.000 of audio[0m
[1m[1;34m[2026-09-04 00:06:55,614][0m [1m[1;30m[42m[INFO ][0m [1m[1;33m[jaison.py::480 _interrupt_jobs]:[0m Smart Barge-in: Interrupting and clearing queue due to: user_speaking_significant[0m
[1m[1;34m[2026-09-04 00:06:56,115][0m [1m[1;30m[42m[INFO ][0m [1m[1;33m[jaison.py::441 create_job]:[0m Queued new context_conversation_add_text job 708396e8-a6e9-4561-863b-59ef0e70eac9[0m
[1m[1;34m[2026-09-04 00:06:56,115][0m [1m[1;30m[42m[INFO ][0m [1m[1;33m[jaison.py::441 create_job]:[0m Queued new response job 25569b43-5e6c-4f95-8d04-62dad2585d8c[0m
[1m[1;34m[2026-09-04 00:06:57,160][0m [1m[1;30m[42m[INFO ][0m [1m[1;33m[operation.py::25 __call__]:[0m T2T operation llamacpp completed in 1043.3690999634564 ms[0m
[1m[1;34m[2026-09-04 00:06:59,841][0m [1m[1;30m[42m[INFO ][0m [1m[1;33m[operation.py::25 __call__]:[0m TTS operation fish_audio completed in 2667.3976000165567 ms[0m
[1m[1;34m[2026-09-04 00:07:01,768][0m [1m[1;30m[42m[INFO ][0m [1m[1;33m[operation.py::25 __call__]:[0m TTS operation fish_audio completed in 1926.268200040795 ms[0m
[1m[1;34m[2026-09-04 00:07:01,768][0m [1m[1;30m[42m[INFO ][0m [1m[1;33m[operation.py::25 __call__]:[0m FILTER_TEXT operation chunker_sentence completed in 4608.168300008401 ms[0m
[1m[1;34m[2026-09-04 00:07:01,768][0m [1m[1;30m[42m[INFO ][0m [1m[1;33m[operation.py::25 __call__]:[0m FILTER_TEXT operation filter_clean completed in 4608.353300020099 ms[0m
[1m[1;34m[2026-09-04 00:07:01,769][0m [1m[1;30m[42m[INFO ][0m [1m[1;33m[jaison.py::963 response_pipeline]:[0m Response job 25569b43-5e6c-4f95-8d04-62dad2585d8c completed. Content: 'Они летят в сторону врага, чтобы защитить свои позиции и союзников. Так что, скорее в сторону битвы,...'[0m
[2026-09-04 00:07:12 +0300] [4708] [INFO] 127.0.0.1:10531 POST /api/context/conversation/speech_start 1.1 200 71 504
[VAD] Голос! (Prob: 0.001, RMS: 0.0126) Завершена (2848ms, speech: 1920ms).
[2026-09-04 00:07:14 +0300] [4708] [INFO] 127.0.0.1:10531 POST /api/context/conversation/audio 1.1 200 142 1004

[1m[1;34m[2026-09-04 00:07:14,149][0m [1m[1;30m[42m[INFO ][0m [1m[1;33m[transcribe.py::881 transcribe]:[0m Processing audio with duration 00:02.848[0m
[API] Фраза отправлена (91136 байт).
[1m[1;34m[2026-09-04 00:07:14,157][0m [1m[1;30m[42m[INFO ][0m [1m[1;33m[transcribe.py::895 transcribe]:[0m VAD filter removed 00:00.000 of audio[0m
[1m[1;34m[2026-09-04 00:07:14,519][0m [1m[1;30m[42m[INFO ][0m [1m[1;33m[jaison.py::480 _interrupt_jobs]:[0m Smart Barge-in: Interrupting and clearing queue due to: user_speaking_significant[0m

[1m[1;34m[2026-09-04 00:07:15,026][0m [1m[1;30m[42m[INFO ][0m [1m[1;33m[jaison.py::441 create_job]:[0m Queued new context_conversation_add_text job d7ad9fd1-4ee7-4931-abd9-61c965397ba7[0m
[1m[1;34m[2026-09-04 00:07:15,027][0m [1m[1;30m[42m[INFO ][0m [1m[1;33m[jaison.py::441 create_job]:[0m Queued new response job 5ef52445-1eee-4152-87b0-f3b0db54d226[0m
[2026-09-04 00:07:15 +0300] [4708] [INFO] 127.0.0.1:10531 POST /api/context/conversation/speech_start 1.1 200 71 1005
[1m[1;34m[2026-09-04 00:07:15,970][0m [1m[1;30m[42m[INFO ][0m [1m[1;33m[operation.py::25 __call__]:[0m T2T operation llamacpp completed in 942.1974000288174 ms[0m
[VAD] Голос! (Prob: 0.001, RMS: 0.0113) Завершена (3072ms, speech: 1888ms).
[2026-09-04 00:07:17 +0300] [4708] [INFO] 127.0.0.1:10531 POST /api/context/conversation/audio 1.1 200 142 1007
[1m[1;34m[2026-09-04 00:07:17,701][0m [1m[1;30m[42m[INFO ][0m [1m[1;33m[transcribe.py::881 transcribe]:[0m Processing audio with duration 00:03.072[0m

[API] Фраза отправлена (98304 байт).
[1m[1;34m[2026-09-04 00:07:17,707][0m [1m[1;30m[42m[INFO ][0m [1m[1;33m[transcribe.py::895 transcribe]:[0m VAD filter removed 00:00.000 of audio[0m

[2026-09-04 00:07:18 +0300] [4708] [INFO] 127.0.0.1:10531 POST /api/context/conversation/speech_start 1.1 200 71 1195
[1m[1;34m[2026-09-04 00:07:18,207][0m [1m[1;30m[42m[INFO ][0m [1m[1;33m[jaison.py::480 _interrupt_jobs]:[0m Smart Barge-in: Interrupting and clearing queue due to: user_speaking_significant[0m
[1m[1;34m[2026-09-04 00:07:18,207][0m [1m[1;30m[42m[INFO ][0m [1m[1;33m[jaison.py::474 _clear_current_job]:[0m Job 5ef52445-1eee-4152-87b0-f3b0db54d226 (response) is being cancelled due to: user_speaking_significant[0m
[1m[1;34m[2026-09-04 00:07:18,209][0m [1m[1;30m[42m[INFO ][0m [1m[1;33m[jaison.py::754 _process_job_loop]:[0m Job 5ef52445-1eee-4152-87b0-f3b0db54d226 (response) was cancelled.[0m
[1m[1;34m[2026-09-04 00:07:18,712][0m [1m[1;30m[42m[INFO ][0m [1m[1;33m[jaison.py::441 create_job]:[0m Queued new context_conversation_add_text job 9842c6f2-b96d-4b3c-9239-367a3d21244a[0m
[1m[1;34m[2026-09-04 00:07:18,712][0m [1m[1;30m[42m[INFO ][0m [1m[1;33m[jaison.py::441 create_job]:[0m Queued new response job c89910ad-550e-4b75-8a21-f736b18dd066[0m
[1m[1;34m[2026-09-04 00:07:19,569][0m [1m[1;30m[42m[INFO ][0m [1m[1;33m[operation.py::25 __call__]:[0m T2T operation llamacpp completed in 855.931100086309 ms[0m
[VAD] Голос! (Prob: 0.001, RMS: 0.0113) Завершена (3808ms, speech: 2144ms).
[2026-09-04 00:07:21 +0300] [4708] [INFO] 127.0.0.1:10531 POST /api/context/conversation/audio 1.1 200 142 2028

[API] Фраза отправлена (121856 байт).
[1m[1;34m[2026-09-04 00:07:21,540][0m [1m[1;30m[42m[INFO ][0m [1m[1;33m[transcribe.py::881 transcribe]:[0m Processing audio with duration 00:03.808[0m
[1m[1;34m[2026-09-04 00:07:21,548][0m [1m[1;30m[42m[INFO ][0m [1m[1;33m[transcribe.py::895 transcribe]:[0m VAD filter removed 00:00.000 of audio[0m
[1m[1;34m[2026-09-04 00:07:21,800][0m [1m[1;30m[42m[INFO ][0m [1m[1;33m[operation.py::25 __call__]:[0m TTS operation fish_audio completed in 2218.0388000560924 ms[0m
[1m[1;34m[2026-09-04 00:07:22,194][0m [1m[1;30m[42m[INFO ][0m [1m[1;33m[jaison.py::480 _interrupt_jobs]:[0m Smart Barge-in: Interrupting and clearing queue due to: user_speaking_significant[0m
[1m[1;34m[2026-09-04 00:07:22,195][0m [1m[1;30m[42m[INFO ][0m [1m[1;33m[jaison.py::474 _clear_current_job]:[0m Job c89910ad-550e-4b75-8a21-f736b18dd066 (response) is being cancelled due to: user_speaking_significant[0m
[1m[1;34m[2026-09-04 00:07:22,196][0m [1m[1;30m[42m[INFO ][0m [1m[1;33m[jaison.py::754 _process_job_loop]:[0m Job c89910ad-550e-4b75-8a21-f736b18dd066 (response) was cancelled.[0m
[1m[1;34m[2026-09-04 00:07:22,702][0m [1m[1;30m[42m[INFO ][0m [1m[1;33m[jaison.py::441 create_job]:[0m Queued new context_conversation_add_text job 1be68a63-d23e-40af-927b-5a51901d9df6[0m
[1m[1;34m[2026-09-04 00:07:22,702][0m [1m[1;30m[42m[INFO ][0m [1m[1;33m[jaison.py::441 create_job]:[0m Queued new response job 6f3de77f-c041-46e4-a655-1782070a0232[0m
[1m[1;34m[2026-09-04 00:07:23,889][0m [1m[1;30m[42m[INFO ][0m [1m[1;33m[operation.py::25 __call__]:[0m T2T operation llamacpp completed in 1187.0929999276996 ms[0m
[1m[1;34m[2026-09-04 00:07:25,758][0m [1m[1;30m[42m[INFO ][0m [1m[1;33m[operation.py::25 __call__]:[0m TTS operation fish_audio completed in 1850.1371999736875 ms[0m
[1m[1;34m[2026-09-04 00:07:28,063][0m [1m[1;30m[42m[INFO ][0m [1m[1;33m[operation.py::25 __call__]:[0m TTS operation fish_audio completed in 2304.5671000145376 ms[0m
[1m[1;34m[2026-09-04 00:07:29,883][0m [1m[1;30m[42m[INFO ][0m [1m[1;33m[operation.py::25 __call__]:[0m TTS operation fish_audio completed in 1819.2035999381915 ms[0m
[1m[1;34m[2026-09-04 00:07:29,883][0m [1m[1;30m[42m[INFO ][0m [1m[1;33m[operation.py::25 __call__]:[0m FILTER_TEXT operation chunker_sentence completed in 5993.050499935634 ms[0m
[1m[1;34m[2026-09-04 00:07:29,883][0m [1m[1;30m[42m[INFO ][0m [1m[1;33m[operation.py::25 __call__]:[0m FILTER_TEXT operation filter_clean completed in 5993.199200020172 ms[0m
[1m[1;34m[2026-09-04 00:07:29,884][0m [1m[1;30m[42m[INFO ][0m [1m[1;33m[jaison.py::963 response_pipeline]:[0m Response job 6f3de77f-c041-46e4-a655-1782070a0232 completed. Content: 'Ого, это точно не карнавал! Ну, тогда ждем врага там, где он последний раз был замечен. Не дадим ему...'[0m
[2026-09-04 00:07:37 +0300] [4708] [INFO] 127.0.0.1:11179 POST /api/context/conversation/speech_start 1.1 200 71 1008
[VAD] Голос! (Prob: 0.001, RMS: 0.0101) Завершена (1632ms, speech: 832ms).
[2026-09-04 00:07:37 +0300] [4708] [INFO] 127.0.0.1:11179 POST /api/context/conversation/audio 1.1 200 142 1004
[1m[1;34m[2026-09-04 00:07:37,639][0m [1m[1;30m[42m[INFO ][0m [1m[1;33m[transcribe.py::881 transcribe]:[0m Processing audio with duration 00:01.632[0m

[API] Фраза отправлена (52224 байт).
[1m[1;34m[2026-09-04 00:07:37,643][0m [1m[1;30m[42m[INFO ][0m [1m[1;33m[transcribe.py::895 transcribe]:[0m VAD filter removed 00:00.000 of audio[0m

[2026-09-04 00:07:37 +0300] [4708] [INFO] 127.0.0.1:11179 POST /api/context/conversation/speech_start 1.1 200 71 5780
[1m[1;34m[2026-09-04 00:07:38,957][0m [1m[1;30m[42m[INFO ][0m [1m[1;33m[jaison.py::480 _interrupt_jobs]:[0m Smart Barge-in: Interrupting and clearing queue due to: user_speaking_significant[0m
[1m[1;34m[2026-09-04 00:07:39,462][0m [1m[1;30m[42m[INFO ][0m [1m[1;33m[jaison.py::441 create_job]:[0m Queued new context_conversation_add_text job 94863b4e-b949-44be-b388-b39e3984a1d0[0m
[1m[1;34m[2026-09-04 00:07:39,462][0m [1m[1;30m[42m[INFO ][0m [1m[1;33m[jaison.py::441 create_job]:[0m Queued new response job 10ca4d32-96bc-463d-ad3a-8dc71348813c[0m
[1m[1;34m[2026-09-04 00:07:40,032][0m [1m[1;30m[42m[INFO ][0m [1m[1;33m[operation.py::25 __call__]:[0m T2T operation llamacpp completed in 569.4076999789104 ms[0m
[VAD] Голос! (Prob: 0.001, RMS: 0.0082) Завершена (3584ms, speech: 2624ms).
[2026-09-04 00:07:41 +0300] [4708] [INFO] 127.0.0.1:11179 POST /api/context/conversation/audio 1.1 200 142 1018

[API] Фраза отправлена (114688 байт).
[1m[1;34m[2026-09-04 00:07:41,130][0m [1m[1;30m[42m[INFO ][0m [1m[1;33m[transcribe.py::881 transcribe]:[0m Processing audio with duration 00:03.584[0m
[1m[1;34m[2026-09-04 00:07:41,140][0m [1m[1;30m[42m[INFO ][0m [1m[1;33m[transcribe.py::895 transcribe]:[0m VAD filter removed 00:00.000 of audio[0m
[1m[1;34m[2026-09-04 00:07:41,698][0m [1m[1;30m[42m[INFO ][0m [1m[1;33m[jaison.py::480 _interrupt_jobs]:[0m Smart Barge-in: Interrupting and clearing queue due to: user_speaking_significant[0m
[1m[1;34m[2026-09-04 00:07:41,698][0m [1m[1;30m[42m[INFO ][0m [1m[1;33m[jaison.py::474 _clear_current_job]:[0m Job 10ca4d32-96bc-463d-ad3a-8dc71348813c (response) is being cancelled due to: user_speaking_significant[0m
[1m[1;34m[2026-09-04 00:07:41,698][0m [1m[1;30m[42m[INFO ][0m [1m[1;33m[jaison.py::266 _record_stt_metrics]:[0m STT metrics(window=40): avg_latency_ms=1605 empty_rate=0.125 stop_cmd_recall=0.000[0m
[1m[1;34m[2026-09-04 00:07:41,878][0m [1m[1;30m[42m[INFO ][0m [1m[1;33m[jaison.py::754 _process_job_loop]:[0m Job 10ca4d32-96bc-463d-ad3a-8dc71348813c (response) was cancelled.[0m

[1m[1;34m[2026-09-04 00:07:42,207][0m [1m[1;30m[42m[INFO ][0m [1m[1;33m[jaison.py::441 create_job]:[0m Queued new context_conversation_add_text job 44532629-6529-43cc-a0e1-dbcd1649c014[0m
[1m[1;34m[2026-09-04 00:07:42,207][0m [1m[1;30m[42m[INFO ][0m [1m[1;33m[jaison.py::441 create_job]:[0m Queued new response job 02168511-cdff-4879-a41b-b98e8894eb41[0m
[2026-09-04 00:07:42 +0300] [4708] [INFO] 127.0.0.1:11179 POST /api/context/conversation/speech_start 1.1 200 71 1000
[1m[1;34m[2026-09-04 00:07:43,242][0m [1m[1;30m[42m[INFO ][0m [1m[1;33m[operation.py::25 __call__]:[0m T2T operation llamacpp completed in 1033.312699990347 ms[0m
[VAD] Голос! (Prob: 0.001, RMS: 0.0169) Завершена (1600ms, speech: 768ms).
[2026-09-04 00:07:43 +0300] [4708] [INFO] 127.0.0.1:11179 POST /api/context/conversation/audio 1.1 200 142 1502

[API] Фраза отправлена (51200 байт).
[1m[1;34m[2026-09-04 00:07:43,459][0m [1m[1;30m[42m[INFO ][0m [1m[1;33m[transcribe.py::881 transcribe]:[0m Processing audio with duration 00:01.600[0m
[1m[1;34m[2026-09-04 00:07:43,464][0m [1m[1;30m[42m[INFO ][0m [1m[1;33m[transcribe.py::895 transcribe]:[0m VAD filter removed 00:00.000 of audio[0m
[1m[1;34m[2026-09-04 00:07:43,940][0m [1m[1;30m[42m[INFO ][0m [1m[1;33m[jaison.py::480 _interrupt_jobs]:[0m Smart Barge-in: Interrupting and clearing queue due to: user_speaking_significant[0m
[1m[1;34m[2026-09-04 00:07:43,941][0m [1m[1;30m[42m[INFO ][0m [1m[1;33m[jaison.py::474 _clear_current_job]:[0m Job 02168511-cdff-4879-a41b-b98e8894eb41 (response) is being cancelled due to: user_speaking_significant[0m
[1m[1;34m[2026-09-04 00:07:43,941][0m [1m[1;30m[42m[INFO ][0m [1m[1;33m[jaison.py::754 _process_job_loop]:[0m Job 02168511-cdff-4879-a41b-b98e8894eb41 (response) was cancelled.[0m
[1m[1;34m[2026-09-04 00:07:44,443][0m [1m[1;30m[42m[INFO ][0m [1m[1;33m[jaison.py::441 create_job]:[0m Queued new context_conversation_add_text job 48af8cb2-2c10-41ab-83c0-3a3ac92cbea8[0m
[1m[1;34m[2026-09-04 00:07:44,444][0m [1m[1;30m[42m[INFO ][0m [1m[1;33m[jaison.py::441 create_job]:[0m Queued new response job c9ff1dd7-4ede-4946-a6b4-f1ee252c20ce[0m
[1m[1;34m[2026-09-04 00:07:46,147][0m [1m[1;30m[42m[INFO ][0m [1m[1;33m[operation.py::25 __call__]:[0m T2T operation llamacpp completed in 1702.3718999698758 ms[0m
[1m[1;34m[2026-09-04 00:07:47,791][0m [1m[1;30m[42m[INFO ][0m [1m[1;33m[operation.py::25 __call__]:[0m TTS operation fish_audio completed in 1631.0455000493675 ms[0m
[1m[1;34m[2026-09-04 00:07:49,680][0m [1m[1;30m[42m[INFO ][0m [1m[1;33m[operation.py::25 __call__]:[0m TTS operation fish_audio completed in 1889.5182000705972 ms[0m
[1m[1;34m[2026-09-04 00:07:51,507][0m [1m[1;30m[42m[INFO ][0m [1m[1;33m[operation.py::25 __call__]:[0m TTS operation fish_audio completed in 1827.172699966468 ms[0m
[1m[1;34m[2026-09-04 00:07:51,507][0m [1m[1;30m[42m[INFO ][0m [1m[1;33m[operation.py::25 __call__]:[0m FILTER_TEXT operation chunker_sentence completed in 5360.213899984956 ms[0m
[1m[1;34m[2026-09-04 00:07:51,508][0m [1m[1;30m[42m[INFO ][0m [1m[1;33m[operation.py::25 __call__]:[0m FILTER_TEXT operation filter_clean completed in 5360.367299988866 ms[0m
[1m[1;34m[2026-09-04 00:07:51,509][0m [1m[1;30m[42m[INFO ][0m [1m[1;33m[jaison.py::963 response_pipeline]:[0m Response job c9ff1dd7-4ede-4946-a6b4-f1ee252c20ce completed. Content: 'Отличный план! Сарда будет ждать Эмиля в таберке, а мы их там встретим. Не дадим врагу ни единого ша...'[0m
[VAD] Голос! (Prob: 0.001, RMS: 0.0086) Завершена (960ms, speech: 160ms).
[2026-09-04 00:07:56 +0300] [4708] [INFO] 127.0.0.1:11197 POST /api/context/conversation/speech_start 1.1 200 71 1055
[2026-09-04 00:07:58 +0300] [4708] [INFO] 127.0.0.1:11204 POST /api/context/conversation/audio 1.1 200 142 504
[1m[1;34m[2026-09-04 00:07:58,009][0m [1m[1;30m[42m[INFO ][0m [1m[1;33m[transcribe.py::881 transcribe]:[0m Processing audio with duration 00:00.960[0m

[API] Фраза отправлена (30720 байт).
[1m[1;34m[2026-09-04 00:07:58,011][0m [1m[1;30m[42m[INFO ][0m [1m[1;33m[transcribe.py::895 transcribe]:[0m VAD filter removed 00:00.960 of audio[0m
[VAD] Голос! (Prob: 0.001, RMS: 0.0115) Завершена (928ms, speech: 128ms).
[2026-09-04 00:08:06 +0300] [4708] [INFO] 127.0.0.1:11210 POST /api/context/conversation/audio 1.1 200 142 6576
[1m[1;34m[2026-09-04 00:08:06,596][0m [1m[1;30m[42m[INFO ][0m [1m[1;33m[transcribe.py::881 transcribe]:[0m Processing audio with duration 00:00.928[0m

[API] Фраза отправлена (29696 байт).
[1m[1;34m[2026-09-04 00:08:06,598][0m [1m[1;30m[42m[INFO ][0m [1m[1;33m[transcribe.py::895 transcribe]:[0m VAD filter removed 00:00.928 of audio[0m

[2026-09-04 00:08:06 +0300] [4708] [INFO] 127.0.0.1:11210 POST /api/context/conversation/speech_start 1.1 200 71 1004
[VAD] Голос! (Prob: 0.001, RMS: 0.0076) Завершена (3552ms, speech: 2464ms).
[2026-09-04 00:08:09 +0300] [4708] [INFO] 127.0.0.1:11210 POST /api/context/conversation/audio 1.1 200 142 1014

[API] Фраза отправлена (113664 байт).
[1m[1;34m[2026-09-04 00:08:09,931][0m [1m[1;30m[42m[INFO ][0m [1m[1;33m[transcribe.py::881 transcribe]:[0m Processing audio with duration 00:03.552[0m
[1m[1;34m[2026-09-04 00:08:09,937][0m [1m[1;30m[42m[INFO ][0m [1m[1;33m[transcribe.py::895 transcribe]:[0m VAD filter removed 00:00.000 of audio[0m
[1m[1;34m[2026-09-04 00:08:10,345][0m [1m[1;30m[42m[INFO ][0m [1m[1;33m[jaison.py::480 _interrupt_jobs]:[0m Smart Barge-in: Interrupting and clearing queue due to: user_speaking_significant[0m
[1m[1;34m[2026-09-04 00:08:10,853][0m [1m[1;30m[42m[INFO ][0m [1m[1;33m[jaison.py::441 create_job]:[0m Queued new context_conversation_add_text job 1e9b520a-b745-4201-95f3-6f4454dc537e[0m
[1m[1;34m[2026-09-04 00:08:10,853][0m [1m[1;30m[42m[INFO ][0m [1m[1;33m[jaison.py::441 create_job]:[0m Queued new response job dfdab06c-f6d9-4554-9651-a0a50bf9d69b[0m
[1m[1;34m[2026-09-04 00:08:12,134][0m [1m[1;30m[42m[INFO ][0m [1m[1;33m[operation.py::25 __call__]:[0m T2T operation llamacpp completed in 1279.32149998378 ms[0m
[1m[1;34m[2026-09-04 00:08:14,513][0m [1m[1;30m[42m[INFO ][0m [1m[1;33m[operation.py::25 __call__]:[0m TTS operation fish_audio completed in 2368.1899999501184 ms[0m
[2026-09-04 00:08:16 +0300] [4708] [INFO] 127.0.0.1:4091 POST /api/context/conversation/speech_start 1.1 200 71 1000
[VAD] Голос! (Prob: 0.001, RMS: 0.0094) Завершена (1536ms, speech: 640ms).
[2026-09-04 00:08:16 +0300] [4708] [INFO] 127.0.0.1:4091 POST /api/context/conversation/audio 1.1 200 142 1381
[1m[1;34m[2026-09-04 00:08:16,068][0m [1m[1;30m[42m[INFO ][0m [1m[1;33m[transcribe.py::881 transcribe]:[0m Processing audio with duration 00:01.536[0m

[API] Фраза отправлена (49152 байт).
[1m[1;34m[2026-09-04 00:08:16,071][0m [1m[1;30m[42m[INFO ][0m [1m[1;33m[transcribe.py::895 transcribe]:[0m VAD filter removed 00:00.000 of audio[0m
[1m[1;34m[2026-09-04 00:08:16,262][0m [1m[1;30m[42m[INFO ][0m [1m[1;33m[operation.py::25 __call__]:[0m TTS operation fish_audio completed in 1749.3890000041574 ms[0m
[1m[1;34m[2026-09-04 00:08:16,263][0m [1m[1;30m[42m[INFO ][0m [1m[1;33m[operation.py::25 __call__]:[0m FILTER_TEXT operation chunker_sentence completed in 4128.763100015931 ms[0m
[1m[1;34m[2026-09-04 00:08:16,263][0m [1m[1;30m[42m[INFO ][0m [1m[1;33m[operation.py::25 __call__]:[0m FILTER_TEXT operation filter_clean completed in 4128.941799979657 ms[0m
[1m[1;34m[2026-09-04 00:08:16,264][0m [1m[1;30m[42m[INFO ][0m [1m[1;33m[jaison.py::963 response_pipeline]:[0m Response job dfdab06c-f6d9-4554-9651-a0a50bf9d69b completed. Content: 'Жди Эмиля в таберке, там он должен быть. Не отходи от места!...'[0m
[1m[1;34m[2026-09-04 00:08:16,860][0m [1m[1;30m[42m[INFO ][0m [1m[1;33m[jaison.py::441 create_job]:[0m Queued new context_conversation_add_text job 0cff9d5c-10d6-4084-91ed-e85dc0760a74[0m
[1m[1;34m[2026-09-04 00:08:16,860][0m [1m[1;30m[42m[INFO ][0m [1m[1;33m[jaison.py::579 _commit_pending_voice_turn]:[0m Voice turn committed as context-only (no RESPONSE job).[0m

[2026-09-04 00:08:20 +0300] [4708] [INFO] 127.0.0.1:4091 POST /api/context/conversation/speech_start 1.1 200 71 0
[VAD] Голос! (Prob: 0.001, RMS: 0.0081) Завершена (1088ms, speech: 288ms).
[2026-09-04 00:08:20 +0300] [4708] [INFO] 127.0.0.1:4091 POST /api/context/conversation/audio 1.1 200 142 508

[1m[1;34m[2026-09-04 00:08:20,768][0m [1m[1;30m[42m[INFO ][0m [1m[1;33m[transcribe.py::881 transcribe]:[0m Processing audio with duration 00:01.088[0m
[API] Фраза отправлена (34816 байт).
[1m[1;34m[2026-09-04 00:08:20,772][0m [1m[1;30m[42m[INFO ][0m [1m[1;33m[transcribe.py::895 transcribe]:[0m VAD filter removed 00:00.000 of audio[0m
[1m[1;34m[2026-09-04 00:08:22,625][0m [1m[1;30m[42m[INFO ][0m [1m[1;33m[jaison.py::441 create_job]:[0m Queued new context_conversation_add_text job f87849ff-5855-401e-ad44-1d0f129906cb[0m
[1m[1;34m[2026-09-04 00:08:22,625][0m [1m[1;30m[42m[INFO ][0m [1m[1;33m[jaison.py::579 _commit_pending_voice_turn]:[0m Voice turn committed as context-only (no RESPONSE job).[0m

[2026-09-04 00:08:23 +0300] [4708] [INFO] 127.0.0.1:4091 POST /api/context/conversation/speech_start 1.1 200 71 505
[VAD] Голос! (Prob: 0.001, RMS: 0.0075) Завершена (3936ms, speech: 2240ms).
[2026-09-04 00:08:26 +0300] [4708] [INFO] 127.0.0.1:4091 POST /api/context/conversation/audio 1.1 200 142 999

[API] Фраза отправлена (125952 байт).
[1m[1;34m[2026-09-04 00:08:26,730][0m [1m[1;30m[42m[INFO ][0m [1m[1;33m[transcribe.py::881 transcribe]:[0m Processing audio with duration 00:03.936[0m
[1m[1;34m[2026-09-04 00:08:26,737][0m [1m[1;30m[42m[INFO ][0m [1m[1;33m[transcribe.py::895 transcribe]:[0m VAD filter removed 00:00.000 of audio[0m

[2026-09-04 00:08:27 +0300] [4708] [INFO] 127.0.0.1:4091 POST /api/context/conversation/speech_start 1.1 200 71 1002
[1m[1;34m[2026-09-04 00:08:27,317][0m [1m[1;30m[42m[INFO ][0m [1m[1;33m[jaison.py::480 _interrupt_jobs]:[0m Smart Barge-in: Interrupting and clearing queue due to: user_speaking_significant[0m
[1m[1;34m[2026-09-04 00:08:27,828][0m [1m[1;30m[42m[INFO ][0m [1m[1;33m[jaison.py::441 create_job]:[0m Queued new context_conversation_add_text job b6aadcca-11a7-4220-8903-c3505e011957[0m
[1m[1;34m[2026-09-04 00:08:27,829][0m [1m[1;30m[42m[INFO ][0m [1m[1;33m[jaison.py::441 create_job]:[0m Queued new response job db9f1d90-c8d4-4c72-869e-1e7668018a9d[0m
[VAD] Голос! (Prob: 0.001, RMS: 0.0083) Завершена (2816ms, speech: 1888ms).
[2026-09-04 00:08:29 +0300] [4708] [INFO] 127.0.0.1:4091 POST /api/context/conversation/audio 1.1 200 142 1511
[1m[1;34m[2026-09-04 00:08:29,578][0m [1m[1;30m[42m[INFO ][0m [1m[1;33m[transcribe.py::881 transcribe]:[0m Processing audio with duration 00:02.816[0m

[API] Фраза отправлена (90112 байт).
[1m[1;34m[2026-09-04 00:08:29,586][0m [1m[1;30m[42m[INFO ][0m [1m[1;33m[transcribe.py::895 transcribe]:[0m VAD filter removed 00:00.000 of audio[0m

[1m[1;34m[2026-09-04 00:08:29,687][0m [1m[1;30m[42m[INFO ][0m [1m[1;33m[operation.py::25 __call__]:[0m T2T operation llamacpp completed in 1856.9830999476835 ms[0m
[2026-09-04 00:08:29 +0300] [4708] [INFO] 127.0.0.1:4091 POST /api/context/conversation/speech_start 1.1 200 71 998
[1m[1;34m[2026-09-04 00:08:30,171][0m [1m[1;30m[42m[INFO ][0m [1m[1;33m[jaison.py::480 _interrupt_jobs]:[0m Smart Barge-in: Interrupting and clearing queue due to: user_speaking_significant[0m
[1m[1;34m[2026-09-04 00:08:30,171][0m [1m[1;30m[42m[INFO ][0m [1m[1;33m[jaison.py::474 _clear_current_job]:[0m Job db9f1d90-c8d4-4c72-869e-1e7668018a9d (response) is being cancelled due to: user_speaking_significant[0m
[1m[1;34m[2026-09-04 00:08:30,172][0m [1m[1;30m[42m[INFO ][0m [1m[1;33m[jaison.py::754 _process_job_loop]:[0m Job db9f1d90-c8d4-4c72-869e-1e7668018a9d (response) was cancelled.[0m
[1m[1;34m[2026-09-04 00:08:30,687][0m [1m[1;30m[42m[INFO ][0m [1m[1;33m[jaison.py::441 create_job]:[0m Queued new context_conversation_add_text job 464a74c5-d831-496c-bc0b-cf69766d5de9[0m
[1m[1;34m[2026-09-04 00:08:30,688][0m [1m[1;30m[42m[INFO ][0m [1m[1;33m[jaison.py::441 create_job]:[0m Queued new response job cbb1a0d5-7659-40e8-8816-18f59080b2b1[0m
[VAD] Голос! (Prob: 0.001, RMS: 0.0087) Завершена (1344ms, speech: 800ms).
[2026-09-04 00:08:30 +0300] [4708] [INFO] 127.0.0.1:4091 POST /api/context/conversation/audio 1.1 200 142 1003
[1m[1;34m[2026-09-04 00:08:30,888][0m [1m[1;30m[42m[INFO ][0m [1m[1;33m[transcribe.py::881 transcribe]:[0m Processing audio with duration 00:01.344[0m

[API] Фраза отправлена (43008 байт).
[1m[1;34m[2026-09-04 00:08:30,892][0m [1m[1;30m[42m[INFO ][0m [1m[1;33m[transcribe.py::895 transcribe]:[0m VAD filter removed 00:00.000 of audio[0m

[2026-09-04 00:08:32 +0300] [4708] [INFO] 127.0.0.1:4091 POST /api/context/conversation/speech_start 1.1 200 71 499
[VAD] Голос! (Prob: 0.001, RMS: 0.0085) Завершена (992ms, speech: 192ms).
[2026-09-04 00:08:32 +0300] [4708] [INFO] 127.0.0.1:4091 POST /api/context/conversation/audio 1.1 200 142 1565

[1m[1;34m[2026-09-04 00:08:32,581][0m [1m[1;30m[42m[INFO ][0m [1m[1;33m[transcribe.py::881 transcribe]:[0m Processing audio with duration 00:00.992[0m
[API] Фраза отправлена (31744 байт).
[1m[1;34m[2026-09-04 00:08:32,584][0m [1m[1;30m[42m[INFO ][0m [1m[1;33m[transcribe.py::895 transcribe]:[0m VAD filter removed 00:00.992 of audio[0m
[1m[1;34m[2026-09-04 00:08:32,750][0m [1m[1;30m[42m[INFO ][0m [1m[1;33m[jaison.py::480 _interrupt_jobs]:[0m Smart Barge-in: Interrupting and clearing queue due to: user_speaking_significant[0m
[1m[1;34m[2026-09-04 00:08:32,750][0m [1m[1;30m[42m[INFO ][0m [1m[1;33m[jaison.py::474 _clear_current_job]:[0m Job cbb1a0d5-7659-40e8-8816-18f59080b2b1 (response) is being cancelled due to: user_speaking_significant[0m
[1m[1;34m[2026-09-04 00:08:32,751][0m [1m[1;30m[42m[INFO ][0m [1m[1;33m[jaison.py::754 _process_job_loop]:[0m Job cbb1a0d5-7659-40e8-8816-18f59080b2b1 (response) was cancelled.[0m

[2026-09-04 00:08:33 +0300] [4708] [INFO] 127.0.0.1:4091 POST /api/context/conversation/speech_start 1.1 200 71 506
[VAD] Голос! (Prob: 0.001, RMS: 0.0096) Завершена (1408ms, speech: 512ms).
[2026-09-04 00:08:34 +0300] [4708] [INFO] 127.0.0.1:4091 POST /api/context/conversation/audio 1.1 200 142 0

[API] Фраза отправлена (45056 байт).
[1m[1;34m[2026-09-04 00:08:34,050][0m [1m[1;30m[42m[INFO ][0m [1m[1;33m[transcribe.py::881 transcribe]:[0m Processing audio with duration 00:01.408[0m
[1m[1;34m[2026-09-04 00:08:34,053][0m [1m[1;30m[42m[INFO ][0m [1m[1;33m[transcribe.py::895 transcribe]:[0m VAD filter removed 00:00.000 of audio[0m
[1m[1;34m[2026-09-04 00:08:34,328][0m [1m[1;30m[42m[INFO ][0m [1m[1;33m[jaison.py::480 _interrupt_jobs]:[0m Smart Barge-in: Interrupting and clearing queue due to: user_speaking_significant[0m
[1m[1;34m[2026-09-04 00:08:34,329][0m [1m[1;30m[42m[INFO ][0m [1m[1;33m[jaison.py::441 create_job]:[0m Queued new context_conversation_add_text job 6a254935-c4bd-4fb8-8c89-aac092b94e6a[0m
[1m[1;34m[2026-09-04 00:08:34,329][0m [1m[1;30m[42m[INFO ][0m [1m[1;33m[jaison.py::441 create_job]:[0m Queued new response job 7d142e4a-9abf-4e77-9fe4-30cc58be2d42[0m
[1m[1;34m[2026-09-04 00:08:34,840][0m [1m[1;30m[42m[INFO ][0m [1m[1;33m[jaison.py::441 create_job]:[0m Queued new context_conversation_add_text job 00296fb2-bd42-49f1-a6ef-3d1e69e53530[0m
[1m[1;34m[2026-09-04 00:08:34,840][0m [1m[1;30m[42m[INFO ][0m [1m[1;33m[jaison.py::441 create_job]:[0m Queued new response job 330cd877-9f0c-4e1c-9cd5-c4155b4652ec[0m
[1m[1;34m[2026-09-04 00:08:36,145][0m [1m[1;30m[42m[INFO ][0m [1m[1;33m[operation.py::25 __call__]:[0m T2T operation llamacpp completed in 1814.9285999825224 ms[0m

[2026-09-04 00:08:37 +0300] [4708] [INFO] 127.0.0.1:4091 POST /api/context/conversation/speech_start 1.1 200 71 1508
[1m[1;34m[2026-09-04 00:08:38,144][0m [1m[1;30m[42m[INFO ][0m [1m[1;33m[operation.py::25 __call__]:[0m TTS operation fish_audio completed in 1985.9195000026375 ms[0m
[VAD] Голос! (Prob: 0.001, RMS: 0.0094) Завершена (1824ms, speech: 864ms).
[2026-09-04 00:08:38 +0300] [4708] [INFO] 127.0.0.1:4091 POST /api/context/conversation/audio 1.1 200 142 1005

[1m[1;34m[2026-09-04 00:08:38,468][0m [1m[1;30m[42m[INFO ][0m [1m[1;33m[transcribe.py::881 transcribe]:[0m Processing audio with duration 00:01.824[0m
[API] Фраза отправлена (58368 байт).
[1m[1;34m[2026-09-04 00:08:38,473][0m [1m[1;30m[42m[INFO ][0m [1m[1;33m[transcribe.py::895 transcribe]:[0m VAD filter removed 00:00.000 of audio[0m
[1m[1;34m[2026-09-04 00:08:38,746][0m [1m[1;30m[42m[INFO ][0m [1m[1;33m[jaison.py::480 _interrupt_jobs]:[0m Smart Barge-in: Interrupting and clearing queue due to: user_speaking_significant[0m
[1m[1;34m[2026-09-04 00:08:38,746][0m [1m[1;30m[42m[INFO ][0m [1m[1;33m[jaison.py::474 _clear_current_job]:[0m Job 7d142e4a-9abf-4e77-9fe4-30cc58be2d42 (response) is being cancelled due to: user_speaking_significant[0m
[1m[1;34m[2026-09-04 00:08:38,747][0m [1m[1;30m[42m[INFO ][0m [1m[1;33m[jaison.py::754 _process_job_loop]:[0m Job 7d142e4a-9abf-4e77-9fe4-30cc58be2d42 (response) was cancelled.[0m
[1m[1;34m[2026-09-04 00:08:39,253][0m [1m[1;30m[42m[INFO ][0m [1m[1;33m[jaison.py::441 create_job]:[0m Queued new context_conversation_add_text job a0e50f55-3ab5-432c-8d00-c242d211d7c0[0m
[1m[1;34m[2026-09-04 00:08:39,253][0m [1m[1;30m[42m[INFO ][0m [1m[1;33m[jaison.py::441 create_job]:[0m Queued new response job d2bbeae7-5bd6-4565-bd51-b098043f2b94[0m

[2026-09-04 00:08:39 +0300] [4708] [INFO] 127.0.0.1:4091 POST /api/context/conversation/speech_start 1.1 200 71 504
[VAD] Голос! (Prob: 0.001, RMS: 0.0117) Завершена (1568ms, speech: 672ms).
[2026-09-04 00:08:40 +0300] [4708] [INFO] 127.0.0.1:4091 POST /api/context/conversation/audio 1.1 200 142 1512

[1m[1;34m[2026-09-04 00:08:40,814][0m [1m[1;30m[42m[INFO ][0m [1m[1;33m[transcribe.py::881 transcribe]:[0m Processing audio with duration 00:01.568[0m
[API] Фраза отправлена (50176 байт).
[1m[1;34m[2026-09-04 00:08:40,819][0m [1m[1;30m[42m[INFO ][0m [1m[1;33m[transcribe.py::895 transcribe]:[0m VAD filter removed 00:00.000 of audio[0m
[1m[1;34m[2026-09-04 00:08:41,111][0m [1m[1;30m[42m[INFO ][0m [1m[1;33m[operation.py::25 __call__]:[0m T2T operation llamacpp completed in 1856.9586999947205 ms[0m
[1m[1;34m[2026-09-04 00:08:43,265][0m [1m[1;30m[42m[INFO ][0m [1m[1;33m[jaison.py::441 create_job]:[0m Queued new context_conversation_add_text job 2d557ad1-800e-4ab2-9dbe-0eacd6da1fe2[0m
[1m[1;34m[2026-09-04 00:08:43,265][0m [1m[1;30m[42m[INFO ][0m [1m[1;33m[jaison.py::579 _commit_pending_voice_turn]:[0m Voice turn committed as context-only (no RESPONSE job).[0m
[1m[1;34m[2026-09-04 00:08:43,500][0m [1m[1;30m[42m[INFO ][0m [1m[1;33m[operation.py::25 __call__]:[0m TTS operation fish_audio completed in 2368.2411001063883 ms[0m

[2026-09-04 00:08:45 +0300] [4708] [INFO] 127.0.0.1:4091 POST /api/context/conversation/speech_start 1.1 200 71 504
[1m[1;34m[2026-09-04 00:08:45,338][0m [1m[1;30m[42m[INFO ][0m [1m[1;33m[operation.py::25 __call__]:[0m TTS operation fish_audio completed in 1837.5735000008717 ms[0m
[1m[1;34m[2026-09-04 00:08:45,338][0m [1m[1;30m[42m[INFO ][0m [1m[1;33m[operation.py::25 __call__]:[0m FILTER_TEXT operation chunker_sentence completed in 4226.908799959347 ms[0m
[1m[1;34m[2026-09-04 00:08:45,338][0m [1m[1;30m[42m[INFO ][0m [1m[1;33m[operation.py::25 __call__]:[0m FILTER_TEXT operation filter_clean completed in 4227.032900089398 ms[0m
[1m[1;34m[2026-09-04 00:08:45,339][0m [1m[1;30m[42m[INFO ][0m [1m[1;33m[jaison.py::963 response_pipeline]:[0m Response job d2bbeae7-5bd6-4565-bd51-b098043f2b94 completed. Content: 'Понял, ты будешь ждать Эмиля в таберке, проверять его на наличие ран и царапин. Держись там, мы тоже...'[0m
[VAD] Голос! (Prob: 0.001, RMS: 0.0080) Завершена (992ms, speech: 192ms).
[2026-09-04 00:08:45 +0300] [4708] [INFO] 127.0.0.1:4091 POST /api/context/conversation/audio 1.1 200 142 1003
[1m[1;34m[2026-09-04 00:08:45,607][0m [1m[1;30m[42m[INFO ][0m [1m[1;33m[transcribe.py::881 transcribe]:[0m Processing audio with duration 00:00.992[0m

[API] Фраза отправлена (31744 байт).
[1m[1;34m[2026-09-04 00:08:45,608][0m [1m[1;30m[42m[INFO ][0m [1m[1;33m[transcribe.py::895 transcribe]:[0m VAD filter removed 00:00.000 of audio[0m
[1m[1;34m[2026-09-04 00:08:47,354][0m [1m[1;30m[42m[INFO ][0m [1m[1;33m[jaison.py::441 create_job]:[0m Queued new context_conversation_add_text job ef74b155-5ba3-4b28-8a66-ba76594480d1[0m
[1m[1;34m[2026-09-04 00:08:47,354][0m [1m[1;30m[42m[INFO ][0m [1m[1;33m[jaison.py::579 _commit_pending_voice_turn]:[0m Voice turn committed as context-only (no RESPONSE job).[0m
[VAD] Голос! (Prob: 0.001, RMS: 0.0079) Завершена (928ms, speech: 128ms).
[2026-09-04 00:08:48 +0300] [4708] [INFO] 127.0.0.1:4091 POST /api/context/conversation/audio 1.1 200 142 1387

[API] Фраза отправлена (29696 байт).
[1m[1;34m[2026-09-04 00:08:48,197][0m [1m[1;30m[42m[INFO ][0m [1m[1;33m[transcribe.py::881 transcribe]:[0m Processing audio with duration 00:00.928[0m
[1m[1;34m[2026-09-04 00:08:48,200][0m [1m[1;30m[42m[INFO ][0m [1m[1;33m[transcribe.py::895 transcribe]:[0m VAD filter removed 00:00.928 of audio[0m
[VAD] Голос! (Prob: 0.001, RMS: 0.0132) Завершена (992ms, speech: 192ms).
[2026-09-04 00:09:09 +0300] [4708] [INFO] 127.0.0.1:5442 POST /api/context/conversation/speech_start 1.1 200 71 1004
[2026-09-04 00:09:11 +0300] [4708] [INFO] 127.0.0.1:5443 POST /api/context/conversation/audio 1.1 200 142 1007

[API] Фраза отправлена (31744 байт).
[1m[1;34m[2026-09-04 00:09:11,096][0m [1m[1;30m[42m[INFO ][0m [1m[1;33m[transcribe.py::881 transcribe]:[0m Processing audio with duration 00:00.992[0m
[1m[1;34m[2026-09-04 00:09:11,098][0m [1m[1;30m[42m[INFO ][0m [1m[1;33m[transcribe.py::895 transcribe]:[0m VAD filter removed 00:00.000 of audio[0m
[2026-09-04 00:09:13 +0300] [4708] [INFO] 127.0.0.1:5443 POST /api/context/conversation/speech_start 1.1 200 71 498
[VAD] Голос! (Prob: 0.001, RMS: 0.0094) Завершена (3200ms, speech: 2240ms).
[2026-09-04 00:09:15 +0300] [4708] [INFO] 127.0.0.1:5443 POST /api/context/conversation/audio 1.1 200 142 1516

[1m[1;34m[2026-09-04 00:09:15,879][0m [1m[1;30m[42m[INFO ][0m [1m[1;33m[transcribe.py::881 transcribe]:[0m Processing audio with duration 00:03.200[0m
[API] Фраза отправлена (102400 байт).
[1m[1;34m[2026-09-04 00:09:15,885][0m [1m[1;30m[42m[INFO ][0m [1m[1;33m[transcribe.py::895 transcribe]:[0m VAD filter removed 00:00.000 of audio[0m

[1m[1;34m[2026-09-04 00:09:16,369][0m [1m[1;30m[42m[INFO ][0m [1m[1;33m[jaison.py::480 _interrupt_jobs]:[0m Smart Barge-in: Interrupting and clearing queue due to: user_speaking_significant[0m
[2026-09-04 00:09:16 +0300] [4708] [INFO] 127.0.0.1:5443 POST /api/context/conversation/speech_start 1.1 200 71 1004
[VAD] Голос! (Prob: 0.001, RMS: 0.0119) Завершена (2848ms, speech: 2048ms).
[2026-09-04 00:09:18 +0300] [4708] [INFO] 127.0.0.1:5443 POST /api/context/conversation/audio 1.1 200 142 1004

[API] Фраза отправлена (91136 байт).
[1m[1;34m[2026-09-04 00:09:18,789][0m [1m[1;30m[42m[INFO ][0m [1m[1;33m[transcribe.py::881 transcribe]:[0m Processing audio with duration 00:02.848[0m
[1m[1;34m[2026-09-04 00:09:18,794][0m [1m[1;30m[42m[INFO ][0m [1m[1;33m[transcribe.py::895 transcribe]:[0m VAD filter removed 00:00.000 of audio[0m
[1m[1;34m[2026-09-04 00:09:19,166][0m [1m[1;30m[42m[INFO ][0m [1m[1;33m[jaison.py::480 _interrupt_jobs]:[0m Smart Barge-in: Interrupting and clearing queue due to: user_speaking_significant[0m
[1m[1;34m[2026-09-04 00:09:19,166][0m [1m[1;30m[42m[INFO ][0m [1m[1;33m[jaison.py::441 create_job]:[0m Queued new context_conversation_add_text job c03f4c2d-ed20-4f3c-92a6-3b9956e94549[0m
[1m[1;34m[2026-09-04 00:09:19,166][0m [1m[1;30m[42m[INFO ][0m [1m[1;33m[jaison.py::441 create_job]:[0m Queued new response job 9708809b-8604-424a-af9a-5199a891fb6e[0m
[1m[1;34m[2026-09-04 00:09:19,681][0m [1m[1;30m[42m[INFO ][0m [1m[1;33m[jaison.py::441 create_job]:[0m Queued new context_conversation_add_text job 504236ac-e335-4369-8e48-acdcd7b5b333[0m
[1m[1;34m[2026-09-04 00:09:19,681][0m [1m[1;30m[42m[INFO ][0m [1m[1;33m[jaison.py::441 create_job]:[0m Queued new response job 0559fad7-aad3-4122-9cf4-6801fcdedee9[0m
[1m[1;34m[2026-09-04 00:09:20,610][0m [1m[1;30m[42m[INFO ][0m [1m[1;33m[operation.py::25 __call__]:[0m T2T operation llamacpp completed in 1442.5971999298781 ms[0m
[1m[1;34m[2026-09-04 00:09:22,944][0m [1m[1;30m[42m[INFO ][0m [1m[1;33m[operation.py::25 __call__]:[0m TTS operation fish_audio completed in 2321.452400065027 ms[0m
[1m[1;34m[2026-09-04 00:09:24,816][0m [1m[1;30m[42m[INFO ][0m [1m[1;33m[operation.py::25 __call__]:[0m TTS operation fish_audio completed in 1872.3306999308988 ms[0m
[1m[1;34m[2026-09-04 00:09:26,440][0m [1m[1;30m[42m[INFO ][0m [1m[1;33m[operation.py::25 __call__]:[0m TTS operation fish_audio completed in 1623.346299980767 ms[0m
[1m[1;34m[2026-09-04 00:09:26,440][0m [1m[1;30m[42m[INFO ][0m [1m[1;33m[operation.py::25 __call__]:[0m FILTER_TEXT operation chunker_sentence completed in 5829.43060004618 ms[0m
[1m[1;34m[2026-09-04 00:09:26,440][0m [1m[1;30m[42m[INFO ][0m [1m[1;33m[operation.py::25 __call__]:[0m FILTER_TEXT operation filter_clean completed in 5829.565199906938 ms[0m
[1m[1;34m[2026-09-04 00:09:26,441][0m [1m[1;30m[42m[INFO ][0m [1m[1;33m[jaison.py::963 response_pipeline]:[0m Response job 9708809b-8604-424a-af9a-5199a891fb6e completed. Content: 'Ой, не волнуйся, я поняла, что происходит. Эмир уже в безопасности в таберне. Всё будет хорошо....'[0m
[2026-09-04 00:09:27 +0300] [4708] [INFO] 127.0.0.1:8463 POST /api/context/conversation/speech_start 1.1 200 71 999
[1m[1;34m[2026-09-04 00:09:27,940][0m [1m[1;30m[42m[INFO ][0m [1m[1;33m[operation.py::25 __call__]:[0m T2T operation llamacpp completed in 1498.0926999123767 ms[0m
[1m[1;34m[2026-09-04 00:09:30,155][0m [1m[1;30m[42m[INFO ][0m [1m[1;33m[operation.py::25 __call__]:[0m TTS operation fish_audio completed in 2201.8955999519676 ms[0m
[VAD] Голос! (Prob: 0.001, RMS: 0.0094) Завершена (4832ms, speech: 3616ms).
[2026-09-04 00:09:30 +0300] [4708] [INFO] 127.0.0.1:8463 POST /api/context/conversation/audio 1.1 200 142 10629

[1m[1;34m[2026-09-04 00:09:30,507][0m [1m[1;30m[42m[INFO ][0m [1m[1;33m[transcribe.py::881 transcribe]:[0m Processing audio with duration 00:04.832[0m
[API] Фраза отправлена (154624 байт).
[1m[1;34m[2026-09-04 00:09:30,515][0m [1m[1;30m[42m[INFO ][0m [1m[1;33m[transcribe.py::895 transcribe]:[0m VAD filter removed 00:00.000 of audio[0m

[2026-09-04 00:09:30 +0300] [4708] [INFO] 127.0.0.1:8463 POST /api/context/conversation/speech_start 1.1 200 71 4514
[1m[1;34m[2026-09-04 00:09:31,007][0m [1m[1;30m[42m[INFO ][0m [1m[1;33m[jaison.py::480 _interrupt_jobs]:[0m Smart Barge-in: Interrupting and clearing queue due to: user_speaking_significant[0m
[1m[1;34m[2026-09-04 00:09:31,008][0m [1m[1;30m[42m[INFO ][0m [1m[1;33m[jaison.py::474 _clear_current_job]:[0m Job 0559fad7-aad3-4122-9cf4-6801fcdedee9 (response) is being cancelled due to: user_speaking_significant[0m
[1m[1;34m[2026-09-04 00:09:31,195][0m [1m[1;30m[42m[INFO ][0m [1m[1;33m[jaison.py::754 _process_job_loop]:[0m Job 0559fad7-aad3-4122-9cf4-6801fcdedee9 (response) was cancelled.[0m
[1m[1;34m[2026-09-04 00:09:31,521][0m [1m[1;30m[42m[INFO ][0m [1m[1;33m[jaison.py::441 create_job]:[0m Queued new context_conversation_add_text job cc8c2558-306f-4232-9536-9f6d36c676fa[0m
[1m[1;34m[2026-09-04 00:09:31,522][0m [1m[1;30m[42m[INFO ][0m [1m[1;33m[jaison.py::441 create_job]:[0m Queued new response job b80bd633-8cad-4511-b76f-b023e607e230[0m
[VAD] Голос! (Prob: 0.001, RMS: 0.0089) Завершена (1824ms, speech: 544ms).
[2026-09-04 00:09:32 +0300] [4708] [INFO] 127.0.0.1:8463 POST /api/context/conversation/audio 1.1 200 142 1561
[1m[1;34m[2026-09-04 00:09:32,197][0m [1m[1;30m[42m[INFO ][0m [1m[1;33m[transcribe.py::881 transcribe]:[0m Processing audio with duration 00:01.824[0m

[API] Фраза отправлена (58368 байт).
[1m[1;34m[2026-09-04 00:09:32,200][0m [1m[1;30m[42m[INFO ][0m [1m[1;33m[transcribe.py::895 transcribe]:[0m VAD filter removed 00:01.824 of audio[0m
[1m[1;34m[2026-09-04 00:09:32,206][0m [1m[1;30m[42m[INFO ][0m [1m[1;33m[jaison.py::266 _record_stt_metrics]:[0m STT metrics(window=60): avg_latency_ms=1272 empty_rate=0.183 stop_cmd_recall=0.000[0m
[1m[1;34m[2026-09-04 00:09:33,653][0m [1m[1;30m[42m[INFO ][0m [1m[1;33m[operation.py::25 __call__]:[0m T2T operation llamacpp completed in 2130.668899975717 ms[0m

[2026-09-04 00:09:35 +0300] [4708] [INFO] 127.0.0.1:8463 POST /api/context/conversation/speech_start 1.1 200 71 1008
[1m[1;34m[2026-09-04 00:09:35,782][0m [1m[1;30m[42m[INFO ][0m [1m[1;33m[operation.py::25 __call__]:[0m TTS operation fish_audio completed in 2114.6998000331223 ms[0m
[VAD] Голос! (Prob: 0.001, RMS: 0.0130) Завершена (1536ms, speech: 608ms).
[2026-09-04 00:09:36 +0300] [4708] [INFO] 127.0.0.1:8463 POST /api/context/conversation/audio 1.1 200 142 1005
[1m[1;34m[2026-09-04 00:09:36,767][0m [1m[1;30m[42m[INFO ][0m [1m[1;33m[transcribe.py::881 transcribe]:[0m Processing audio with duration 00:01.536[0m

[API] Фраза отправлена (49152 байт).
[1m[1;34m[2026-09-04 00:09:36,771][0m [1m[1;30m[42m[INFO ][0m [1m[1;33m[transcribe.py::895 transcribe]:[0m VAD filter removed 00:00.304 of audio[0m
[1m[1;34m[2026-09-04 00:09:37,553][0m [1m[1;30m[42m[INFO ][0m [1m[1;33m[operation.py::25 __call__]:[0m TTS operation fish_audio completed in 1771.2036999873817 ms[0m
[1m[1;34m[2026-09-04 00:09:39,397][0m [1m[1;30m[42m[INFO ][0m [1m[1;33m[operation.py::25 __call__]:[0m TTS operation fish_audio completed in 1843.2134999893606 ms[0m
[1m[1;34m[2026-09-04 00:09:39,397][0m [1m[1;30m[42m[INFO ][0m [1m[1;33m[operation.py::25 __call__]:[0m FILTER_TEXT operation chunker_sentence completed in 5743.423300096765 ms[0m
[1m[1;34m[2026-09-04 00:09:39,397][0m [1m[1;30m[42m[INFO ][0m [1m[1;33m[operation.py::25 __call__]:[0m FILTER_TEXT operation filter_clean completed in 5743.558900081553 ms[0m
[1m[1;34m[2026-09-04 00:09:39,398][0m [1m[1;30m[42m[INFO ][0m [1m[1;33m[jaison.py::963 response_pipeline]:[0m Response job b80bd633-8cad-4511-b76f-b023e607e230 completed. Content: 'Ох, и правда видно, что я не в лучшем состоянии. Но не волнуйся, я справлюсь. Забирай меня в таберну...'[0m
[2026-09-04 00:09:43 +0300] [4708] [INFO] 127.0.0.1:4195 POST /api/context/conversation/speech_start 1.1 200 71 1002
[VAD] Голос! (Prob: 0.001, RMS: 0.0132) Завершена (6752ms, speech: 5024ms).
[2026-09-04 00:09:50 +0300] [4708] [INFO] 127.0.0.1:4208 POST /api/context/conversation/audio 1.1 200 142 1627
[1m[1;34m[2026-09-04 00:09:50,696][0m [1m[1;30m[42m[INFO ][0m [1m[1;33m[transcribe.py::881 transcribe]:[0m Processing audio with duration 00:06.752[0m

[API] Фраза отправлена (216064 байт).
[1m[1;34m[2026-09-04 00:09:50,708][0m [1m[1;30m[42m[INFO ][0m [1m[1;33m[transcribe.py::895 transcribe]:[0m VAD filter removed 00:00.000 of audio[0m
[1m[1;34m[2026-09-04 00:09:51,302][0m [1m[1;30m[42m[INFO ][0m [1m[1;33m[jaison.py::480 _interrupt_jobs]:[0m Smart Barge-in: Interrupting and clearing queue due to: user_speaking_significant[0m
[1m[1;34m[2026-09-04 00:09:51,809][0m [1m[1;30m[42m[INFO ][0m [1m[1;33m[jaison.py::441 create_job]:[0m Queued new context_conversation_add_text job 721c8389-698f-4d5b-8288-f0ff7c6b1a2d[0m
[1m[1;34m[2026-09-04 00:09:51,809][0m [1m[1;30m[42m[INFO ][0m [1m[1;33m[jaison.py::441 create_job]:[0m Queued new response job d0aa92f8-c065-4103-9ba0-4c1239a876ca[0m
[1m[1;34m[2026-09-04 00:09:53,186][0m [1m[1;30m[42m[INFO ][0m [1m[1;33m[operation.py::25 __call__]:[0m T2T operation llamacpp completed in 1376.0002000490203 ms[0m
[1m[1;34m[2026-09-04 00:09:55,021][0m [1m[1;30m[42m[INFO ][0m [1m[1;33m[operation.py::25 __call__]:[0m TTS operation fish_audio completed in 1821.1121000349522 ms[0m
[1m[1;34m[2026-09-04 00:09:56,698][0m [1m[1;30m[42m[INFO ][0m [1m[1;33m[operation.py::25 __call__]:[0m TTS operation fish_audio completed in 1676.6289999941364 ms[0m
[1m[1;34m[2026-09-04 00:09:58,575][0m [1m[1;30m[42m[INFO ][0m [1m[1;33m[operation.py::25 __call__]:[0m TTS operation fish_audio completed in 1877.2492000134662 ms[0m
[1m[1;34m[2026-09-04 00:09:58,575][0m [1m[1;30m[42m[INFO ][0m [1m[1;33m[operation.py::25 __call__]:[0m FILTER_TEXT operation chunker_sentence completed in 5388.867800007574 ms[0m
[1m[1;34m[2026-09-04 00:09:58,575][0m [1m[1;30m[42m[INFO ][0m [1m[1;33m[operation.py::25 __call__]:[0m FILTER_TEXT operation filter_clean completed in 5388.9915000181645 ms[0m
[1m[1;34m[2026-09-04 00:09:58,576][0m [1m[1;30m[42m[INFO ][0m [1m[1;33m[jaison.py::963 response_pipeline]:[0m Response job d0aa92f8-c065-4103-9ba0-4c1239a876ca completed. Content: 'Ничего страшного, спасибо, что заботишься. Это точно помогает! Сейчас я в безопасности, и это главно...'[0m
[VAD] Голос! (Prob: 0.001, RMS: 0.0085) Завершена (960ms, speech: 160ms).
[2026-09-04 00:10:09 +0300] [4708] [INFO] 127.0.0.1:10550 POST /api/context/conversation/speech_start 1.1 200 71 507
[2026-09-04 00:10:11 +0300] [4708] [INFO] 127.0.0.1:10551 POST /api/context/conversation/audio 1.1 200 142 505
[1m[1;34m[2026-09-04 00:10:11,548][0m [1m[1;30m[42m[INFO ][0m [1m[1;33m[transcribe.py::881 transcribe]:[0m Processing audio with duration 00:00.960[0m

[API] Фраза отправлена (30720 байт).
[1m[1;34m[2026-09-04 00:10:11,551][0m [1m[1;30m[42m[INFO ][0m [1m[1;33m[transcribe.py::895 transcribe]:[0m VAD filter removed 00:00.000 of audio[0m
[1m[1;34m[2026-09-04 00:10:13,609][0m [1m[1;30m[42m[INFO ][0m [1m[1;33m[jaison.py::441 create_job]:[0m Queued new context_conversation_add_text job 74cb579d-a2d0-4017-88f0-6512cf57c0fd[0m
[1m[1;34m[2026-09-04 00:10:13,609][0m [1m[1;30m[42m[INFO ][0m [1m[1;33m[jaison.py::579 _commit_pending_voice_turn]:[0m Voice turn committed as context-only (no RESPONSE job).[0m
[2026-09-04 00:10:14 +0300] [4708] [INFO] 127.0.0.1:10551 POST /api/context/conversation/speech_start 1.1 200 71 508
[VAD] Голос! (Prob: 0.001, RMS: 0.0090) Завершена (1440ms, speech: 640ms).
[2026-09-04 00:10:15 +0300] [4708] [INFO] 127.0.0.1:10551 POST /api/context/conversation/audio 1.1 200 142 499

[API] Фраза отправлена (46080 байт).
[1m[1;34m[2026-09-04 00:10:15,427][0m [1m[1;30m[42m[INFO ][0m [1m[1;33m[transcribe.py::881 transcribe]:[0m Processing audio with duration 00:01.440[0m
[1m[1;34m[2026-09-04 00:10:15,430][0m [1m[1;30m[42m[INFO ][0m [1m[1;33m[transcribe.py::895 transcribe]:[0m VAD filter removed 00:00.000 of audio[0m
[1m[1;34m[2026-09-04 00:10:15,818][0m [1m[1;30m[42m[INFO ][0m [1m[1;33m[jaison.py::480 _interrupt_jobs]:[0m Smart Barge-in: Interrupting and clearing queue due to: user_speaking_significant[0m
[1m[1;34m[2026-09-04 00:10:16,325][0m [1m[1;30m[42m[INFO ][0m [1m[1;33m[jaison.py::441 create_job]:[0m Queued new context_conversation_add_text job 17d10238-f032-4ee5-8b65-7bbd4f7a8470[0m
[1m[1;34m[2026-09-04 00:10:16,325][0m [1m[1;30m[42m[INFO ][0m [1m[1;33m[jaison.py::441 create_job]:[0m Queued new response job 13990c4d-1604-48b3-a10e-cafef0894ca0[0m

[2026-09-04 00:10:16 +0300] [4708] [INFO] 127.0.0.1:10551 POST /api/context/conversation/speech_start 1.1 200 71 1548
[1m[1;34m[2026-09-04 00:10:17,729][0m [1m[1;30m[42m[INFO ][0m [1m[1;33m[operation.py::25 __call__]:[0m T2T operation llamacpp completed in 1402.335400111042 ms[0m
[VAD] Голос! (Prob: 0.001, RMS: 0.0099) Завершена (1472ms, speech: 576ms).
[2026-09-04 00:10:17 +0300] [4708] [INFO] 127.0.0.1:10551 POST /api/context/conversation/audio 1.1 200 142 1267

[1m[1;34m[2026-09-04 00:10:17,958][0m [1m[1;30m[42m[INFO ][0m [1m[1;33m[transcribe.py::881 transcribe]:[0m Processing audio with duration 00:01.472[0m
[API] Фраза отправлена (47104 байт).
[1m[1;34m[2026-09-04 00:10:17,962][0m [1m[1;30m[42m[INFO ][0m [1m[1;33m[transcribe.py::895 transcribe]:[0m VAD filter removed 00:00.000 of audio[0m
[1m[1;34m[2026-09-04 00:10:18,243][0m [1m[1;30m[42m[INFO ][0m [1m[1;33m[jaison.py::480 _interrupt_jobs]:[0m Smart Barge-in: Interrupting and clearing queue due to: user_speaking_significant[0m
[1m[1;34m[2026-09-04 00:10:18,243][0m [1m[1;30m[42m[INFO ][0m [1m[1;33m[jaison.py::474 _clear_current_job]:[0m Job 13990c4d-1604-48b3-a10e-cafef0894ca0 (response) is being cancelled due to: user_speaking_significant[0m
[1m[1;34m[2026-09-04 00:10:18,245][0m [1m[1;30m[42m[INFO ][0m [1m[1;33m[jaison.py::754 _process_job_loop]:[0m Job 13990c4d-1604-48b3-a10e-cafef0894ca0 (response) was cancelled.[0m
[1m[1;34m[2026-09-04 00:10:18,761][0m [1m[1;30m[42m[INFO ][0m [1m[1;33m[jaison.py::441 create_job]:[0m Queued new context_conversation_add_text job cfb5e5c1-b58a-4bea-a5ea-ef49cc133be8[0m
[1m[1;34m[2026-09-04 00:10:18,761][0m [1m[1;30m[42m[INFO ][0m [1m[1;33m[jaison.py::441 create_job]:[0m Queued new response job 4afab286-44e8-49ab-b5cb-221e34f7b78c[0m
[1m[1;34m[2026-09-04 00:10:20,190][0m [1m[1;30m[42m[INFO ][0m [1m[1;33m[operation.py::25 __call__]:[0m T2T operation llamacpp completed in 1428.4133999608457 ms[0m
[1m[1;34m[2026-09-04 00:10:22,032][0m [1m[1;30m[42m[INFO ][0m [1m[1;33m[operation.py::25 __call__]:[0m TTS operation fish_audio completed in 1830.5537999840453 ms[0m
[1m[1;34m[2026-09-04 00:10:23,757][0m [1m[1;30m[42m[INFO ][0m [1m[1;33m[operation.py::25 __call__]:[0m TTS operation fish_audio completed in 1724.4146999437362 ms[0m
[1m[1;34m[2026-09-04 00:10:25,570][0m [1m[1;30m[42m[INFO ][0m [1m[1;33m[operation.py::25 __call__]:[0m TTS operation fish_audio completed in 1812.355599948205 ms[0m
[1m[1;34m[2026-09-04 00:10:25,570][0m [1m[1;30m[42m[INFO ][0m [1m[1;33m[operation.py::25 __call__]:[0m FILTER_TEXT operation chunker_sentence completed in 5379.307999974117 ms[0m
[1m[1;34m[2026-09-04 00:10:25,570][0m [1m[1;30m[42m[INFO ][0m [1m[1;33m[operation.py::25 __call__]:[0m FILTER_TEXT operation filter_clean completed in 5379.45539993234 ms[0m
[1m[1;34m[2026-09-04 00:10:25,571][0m [1m[1;30m[42m[INFO ][0m [1m[1;33m[jaison.py::963 response_pipeline]:[0m Response job 4afab286-44e8-49ab-b5cb-221e34f7b78c completed. Content: 'Эмир, похоже, мы с тобой в одной лодке. Ну что ж, в бой! Вместе справимся с любой проблемой....'[0m
[2026-09-04 00:11:12 +0300] [4708] [INFO] 127.0.0.1:9213 POST /api/context/conversation/speech_start 1.1 200 71 1108
[VAD] Голос! (Prob: 0.001, RMS: 0.0094) Завершена (2240ms, speech: 1024ms).
[2026-09-04 00:11:13 +0300] [4708] [INFO] 127.0.0.1:9213 POST /api/context/conversation/audio 1.1 200 142 1003
[1m[1;34m[2026-09-04 00:11:13,509][0m [1m[1;30m[42m[INFO ][0m [1m[1;33m[transcribe.py::881 transcribe]:[0m Processing audio with duration 00:02.240[0m

[API] Фраза отправлена (71680 байт).
[1m[1;34m[2026-09-04 00:11:13,514][0m [1m[1;30m[42m[INFO ][0m [1m[1;33m[transcribe.py::895 transcribe]:[0m VAD filter removed 00:00.176 of audio[0m

[2026-09-04 00:11:13 +0300] [4708] [INFO] 127.0.0.1:9213 POST /api/context/conversation/speech_start 1.1 200 71 0
[1m[1;34m[2026-09-04 00:11:13,772][0m [1m[1;30m[42m[INFO ][0m [1m[1;33m[jaison.py::480 _interrupt_jobs]:[0m Smart Barge-in: Interrupting and clearing queue due to: user_speaking_significant[0m
[1m[1;34m[2026-09-04 00:11:14,287][0m [1m[1;30m[42m[INFO ][0m [1m[1;33m[jaison.py::441 create_job]:[0m Queued new context_conversation_add_text job 4bc2d3fc-5953-4b5e-972b-db9cbf4ea09c[0m
[1m[1;34m[2026-09-04 00:11:14,287][0m [1m[1;30m[42m[INFO ][0m [1m[1;33m[jaison.py::441 create_job]:[0m Queued new response job d81ebe82-ad64-4201-8b40-82919daaabda[0m
[1m[1;34m[2026-09-04 00:11:15,374][0m [1m[1;30m[42m[INFO ][0m [1m[1;33m[operation.py::25 __call__]:[0m T2T operation llamacpp completed in 1084.7520000534132 ms[0m
[VAD] Голос! (Prob: 0.001, RMS: 0.0120) Завершена (2720ms, speech: 1376ms).
[2026-09-04 00:11:16 +0300] [4708] [INFO] 127.0.0.1:9213 POST /api/context/conversation/audio 1.1 200 142 1968

[API] Фраза отправлена (87040 байт).
[1m[1;34m[2026-09-04 00:11:16,199][0m [1m[1;30m[42m[INFO ][0m [1m[1;33m[transcribe.py::881 transcribe]:[0m Processing audio with duration 00:02.720[0m
[1m[1;34m[2026-09-04 00:11:16,205][0m [1m[1;30m[42m[INFO ][0m [1m[1;33m[transcribe.py::895 transcribe]:[0m VAD filter removed 00:00.000 of audio[0m
[1m[1;34m[2026-09-04 00:11:16,502][0m [1m[1;30m[42m[INFO ][0m [1m[1;33m[jaison.py::480 _interrupt_jobs]:[0m Smart Barge-in: Interrupting and clearing queue due to: user_speaking_significant[0m
[1m[1;34m[2026-09-04 00:11:16,502][0m [1m[1;30m[42m[INFO ][0m [1m[1;33m[jaison.py::474 _clear_current_job]:[0m Job d81ebe82-ad64-4201-8b40-82919daaabda (response) is being cancelled due to: user_speaking_significant[0m
[1m[1;34m[2026-09-04 00:11:16,924][0m [1m[1;30m[42m[INFO ][0m [1m[1;33m[jaison.py::754 _process_job_loop]:[0m Job d81ebe82-ad64-4201-8b40-82919daaabda (response) was cancelled.[0m
[1m[1;34m[2026-09-04 00:11:17,007][0m [1m[1;30m[42m[INFO ][0m [1m[1;33m[jaison.py::441 create_job]:[0m Queued new context_conversation_add_text job f64a38d3-833f-45f0-be59-166fa4d54d2f[0m
[1m[1;34m[2026-09-04 00:11:17,007][0m [1m[1;30m[42m[INFO ][0m [1m[1;33m[jaison.py::441 create_job]:[0m Queued new response job a575c4cf-739c-4075-866d-e1b25ba6e637[0m
[1m[1;34m[2026-09-04 00:11:17,893][0m [1m[1;30m[42m[INFO ][0m [1m[1;33m[operation.py::25 __call__]:[0m T2T operation llamacpp completed in 884.2226999113336 ms[0m

[2026-09-04 00:11:18 +0300] [4708] [INFO] 127.0.0.1:9213 POST /api/context/conversation/speech_start 1.1 200 71 498
[VAD] Голос! (Prob: 0.001, RMS: 0.0086) Завершена (1568ms, speech: 736ms).
[2026-09-04 00:11:19 +0300] [4708] [INFO] 127.0.0.1:9213 POST /api/context/conversation/audio 1.1 200 142 1010
[1m[1;34m[2026-09-04 00:11:19,687][0m [1m[1;30m[42m[INFO ][0m [1m[1;33m[transcribe.py::881 transcribe]:[0m Processing audio with duration 00:01.568[0m

[API] Фраза отправлена (50176 байт).
[1m[1;34m[2026-09-04 00:11:19,691][0m [1m[1;30m[42m[INFO ][0m [1m[1;33m[transcribe.py::895 transcribe]:[0m VAD filter removed 00:00.000 of audio[0m
[1m[1;34m[2026-09-04 00:11:19,840][0m [1m[1;30m[42m[INFO ][0m [1m[1;33m[operation.py::25 __call__]:[0m TTS operation fish_audio completed in 1934.7284999676049 ms[0m

[2026-09-04 00:11:21 +0300] [4708] [INFO] 127.0.0.1:9213 POST /api/context/conversation/speech_start 1.1 200 71 1554
[1m[1;34m[2026-09-04 00:11:21,575][0m [1m[1;30m[42m[INFO ][0m [1m[1;33m[operation.py::25 __call__]:[0m TTS operation fish_audio completed in 1734.813699964434 ms[0m
[1m[1;34m[2026-09-04 00:11:21,575][0m [1m[1;30m[42m[INFO ][0m [1m[1;33m[operation.py::25 __call__]:[0m FILTER_TEXT operation chunker_sentence completed in 3682.087199995294 ms[0m
[1m[1;34m[2026-09-04 00:11:21,575][0m [1m[1;30m[42m[INFO ][0m [1m[1;33m[operation.py::25 __call__]:[0m FILTER_TEXT operation filter_clean completed in 3682.251499965787 ms[0m
[1m[1;34m[2026-09-04 00:11:21,575][0m [1m[1;30m[42m[INFO ][0m [1m[1;33m[jaison.py::963 response_pipeline]:[0m Response job a575c4cf-739c-4075-866d-e1b25ba6e637 completed. Content: 'Давай, не теряем времени! Вместе мы сила!...'[0m
[VAD] Голос! (Prob: 0.001, RMS: 0.0076) Завершена (10496ms, speech: 7296ms).
[1m[1;34m[2026-09-04 00:11:31,377][0m [1m[1;30m[42m[INFO ][0m [1m[1;33m[jaison.py::441 create_job]:[0m Queued new context_conversation_add_text job 36a9e1e5-1d2b-4797-b0ac-9e51d148b5b8[0m
[1m[1;34m[2026-09-04 00:11:31,377][0m [1m[1;30m[42m[INFO ][0m [1m[1;33m[jaison.py::579 _commit_pending_voice_turn]:[0m Voice turn committed as context-only (no RESPONSE job).[0m
[2026-09-04 00:11:32 +0300] [4708] [INFO] 127.0.0.1:3564 POST /api/context/conversation/speech_start 1.1 200 71 502
[2026-09-04 00:11:33 +0300] [4708] [INFO] 127.0.0.1:3565 POST /api/context/conversation/audio 1.1 200 142 2046
[1m[1;34m[2026-09-04 00:11:33,423][0m [1m[1;30m[42m[INFO ][0m [1m[1;33m[transcribe.py::881 transcribe]:[0m Processing audio with duration 00:10.496[0m
[VAD] Голос! (Prob: 0.001, RMS: 0.0119)
[API] Фраза отправлена (335872 байт).
[1m[1;34m[2026-09-04 00:11:33,448][0m [1m[1;30m[42m[INFO ][0m [1m[1;33m[transcribe.py::895 transcribe]:[0m VAD filter removed 00:00.000 of audio[0m
 Завершена (2880ms, speech: 1760ms).
[2026-09-04 00:11:34 +0300] [4708] [INFO] 127.0.0.1:3565 POST /api/context/conversation/audio 1.1 200 142 2114
[1m[1;34m[2026-09-04 00:11:34,248][0m [1m[1;30m[42m[INFO ][0m [1m[1;33m[transcribe.py::881 transcribe]:[0m Processing audio with duration 00:02.880[0m

[API] Фраза отправлена (92160 байт).
[1m[1;34m[2026-09-04 00:11:34,254][0m [1m[1;30m[42m[INFO ][0m [1m[1;33m[transcribe.py::895 transcribe]:[0m VAD filter removed 00:00.000 of audio[0m
[1m[1;34m[2026-09-04 00:11:34,343][0m [1m[1;30m[42m[INFO ][0m [1m[1;33m[jaison.py::480 _interrupt_jobs]:[0m Smart Barge-in: Interrupting and clearing queue due to: user_speaking_significant[0m
[1m[1;34m[2026-09-04 00:11:34,676][0m [1m[1;30m[42m[INFO ][0m [1m[1;33m[jaison.py::480 _interrupt_jobs]:[0m Smart Barge-in: Interrupting and clearing queue due to: user_speaking_significant[0m
[1m[1;34m[2026-09-04 00:11:34,677][0m [1m[1;30m[42m[INFO ][0m [1m[1;33m[jaison.py::441 create_job]:[0m Queued new context_conversation_add_text job 533879ab-1273-43f6-a85b-b531b46c1206[0m
[1m[1;34m[2026-09-04 00:11:34,677][0m [1m[1;30m[42m[INFO ][0m [1m[1;33m[jaison.py::441 create_job]:[0m Queued new response job a2d3f3ed-fa0e-4648-949b-b77cde77ffe7[0m
[1m[1;34m[2026-09-04 00:11:35,183][0m [1m[1;30m[42m[INFO ][0m [1m[1;33m[jaison.py::441 create_job]:[0m Queued new context_conversation_add_text job 51cae117-c247-45cb-89e8-3fdf2a33786e[0m
[1m[1;34m[2026-09-04 00:11:35,184][0m [1m[1;30m[42m[INFO ][0m [1m[1;33m[jaison.py::441 create_job]:[0m Queued new response job 3181b3c9-c98e-47cb-beb0-52cca841b853[0m

[2026-09-04 00:11:35 +0300] [4708] [INFO] 127.0.0.1:3565 POST /api/context/conversation/speech_start 1.1 200 71 1502
[1m[1;34m[2026-09-04 00:11:35,949][0m [1m[1;30m[42m[INFO ][0m [1m[1;33m[operation.py::25 __call__]:[0m T2T operation llamacpp completed in 1270.6247000023723 ms[0m
[1m[1;34m[2026-09-04 00:11:38,018][0m [1m[1;30m[42m[INFO ][0m [1m[1;33m[operation.py::25 __call__]:[0m TTS operation fish_audio completed in 2056.1754999216646 ms[0m
[1m[1;34m[2026-09-04 00:11:39,506][0m [1m[1;30m[42m[INFO ][0m [1m[1;33m[operation.py::25 __call__]:[0m TTS operation fish_audio completed in 1488.533700001426 ms[0m
[VAD] Голос! (Prob: 0.001, RMS: 0.0125) Завершена (4800ms, speech: 3168ms).
[2026-09-04 00:11:40 +0300] [4708] [INFO] 127.0.0.1:3565 POST /api/context/conversation/audio 1.1 200 142 1537

[API] Фраза отправлена (153600 байт).
[1m[1;34m[2026-09-04 00:11:40,069][0m [1m[1;30m[42m[INFO ][0m [1m[1;33m[transcribe.py::881 transcribe]:[0m Processing audio with duration 00:04.800[0m
[1m[1;34m[2026-09-04 00:11:40,080][0m [1m[1;30m[42m[INFO ][0m [1m[1;33m[transcribe.py::895 transcribe]:[0m VAD filter removed 00:00.000 of audio[0m
[1m[1;34m[2026-09-04 00:11:40,815][0m [1m[1;30m[42m[INFO ][0m [1m[1;33m[jaison.py::480 _interrupt_jobs]:[0m Smart Barge-in: Interrupting and clearing queue due to: user_speaking_significant[0m
[1m[1;34m[2026-09-04 00:11:40,815][0m [1m[1;30m[42m[INFO ][0m [1m[1;33m[jaison.py::474 _clear_current_job]:[0m Job a2d3f3ed-fa0e-4648-949b-b77cde77ffe7 (response) is being cancelled due to: user_speaking_significant[0m
[1m[1;34m[2026-09-04 00:11:40,996][0m [1m[1;30m[42m[INFO ][0m [1m[1;33m[jaison.py::754 _process_job_loop]:[0m Job a2d3f3ed-fa0e-4648-949b-b77cde77ffe7 (response) was cancelled.[0m

[2026-09-04 00:11:41 +0300] [4708] [INFO] 127.0.0.1:3565 POST /api/context/conversation/speech_start 1.1 200 71 1019
[VAD] Голос! (Prob: 0.001, RMS: 0.0085) Завершена (1824ms, speech: 800ms).
[2026-09-04 00:11:42 +0300] [4708] [INFO] 127.0.0.1:3565 POST /api/context/conversation/audio 1.1 200 142 1437
[1m[1;34m[2026-09-04 00:11:42,565][0m [1m[1;30m[42m[INFO ][0m [1m[1;33m[transcribe.py::881 transcribe]:[0m Processing audio with duration 00:01.824[0m

[API] Фраза отправлена (58368 байт).
[1m[1;34m[2026-09-04 00:11:42,569][0m [1m[1;30m[42m[INFO ][0m [1m[1;33m[transcribe.py::895 transcribe]:[0m VAD filter removed 00:00.000 of audio[0m
[1m[1;34m[2026-09-04 00:11:42,827][0m [1m[1;30m[42m[INFO ][0m [1m[1;33m[jaison.py::480 _interrupt_jobs]:[0m Smart Barge-in: Interrupting and clearing queue due to: user_speaking_significant[0m
[1m[1;34m[2026-09-04 00:11:42,828][0m [1m[1;30m[42m[INFO ][0m [1m[1;33m[jaison.py::441 create_job]:[0m Queued new context_conversation_add_text job af901515-3222-4c81-9178-f3bd68b0e5bc[0m
[1m[1;34m[2026-09-04 00:11:42,828][0m [1m[1;30m[42m[INFO ][0m [1m[1;33m[jaison.py::441 create_job]:[0m Queued new response job 13786b90-8b5a-4832-974c-a9894674cef9[0m
[1m[1;34m[2026-09-04 00:11:43,332][0m [1m[1;30m[42m[INFO ][0m [1m[1;33m[jaison.py::441 create_job]:[0m Queued new context_conversation_add_text job 449499aa-44a8-42bc-9fc1-6bb2c183a183[0m
[1m[1;34m[2026-09-04 00:11:43,332][0m [1m[1;30m[42m[INFO ][0m [1m[1;33m[jaison.py::441 create_job]:[0m Queued new response job f8108df2-a1f6-4004-9ce7-296ff1ed2c20[0m
[1m[1;34m[2026-09-04 00:11:44,349][0m [1m[1;30m[42m[INFO ][0m [1m[1;33m[operation.py::25 __call__]:[0m T2T operation llamacpp completed in 1519.5445999270305 ms[0m

[VAD] Голос! (Prob: 0.001, RMS: 0.0092) Завершена (928ms, speech: 128ms).
[2026-09-04 00:11:45 +0300] [4708] [INFO] 127.0.0.1:3565 POST /api/context/conversation/audio 1.1 200 142 1005

[1m[1;34m[2026-09-04 00:11:45,054][0m [1m[1;30m[42m[INFO ][0m [1m[1;33m[transcribe.py::881 transcribe]:[0m Processing audio with duration 00:00.928[0m
[API] Фраза отправлена (29696 байт).
[1m[1;34m[2026-09-04 00:11:45,056][0m [1m[1;30m[42m[INFO ][0m [1m[1;33m[transcribe.py::895 transcribe]:[0m VAD filter removed 00:00.928 of audio[0m
[1m[1;34m[2026-09-04 00:19:59,775][0m [1m[1;30m[42m[INFO ][0m [1m[1;33m[jaison.py::110 start]:[0m Starting JAIson application layer.[0m
[1m[1;34m[2026-09-04 00:19:59,788][0m [1m[1;30m[41m[ERROR][0m [1m[1;33m[app_server.py::356 start_web_server]:[0m Stopping server due to exception[0m
Traceback (most recent call last):
  File "C:\Nirmita\src\utils\server\app_server.py", line 352, in start_web_server
    await JAIson().start()
  File "C:\Nirmita\src\utils\jaison.py", line 120, in start
    await self.prompter.configure(Config().prompter)
                                  ^^^^^^^^
  File "C:\Nirmita\src\utils\helpers\singleton.py", line 8, in __call__
    cls.instance = super(Singleton, cls).__call__(*args, **kw)
                   ^^^^^^^^^^^^^^^^^^^^^^^^^^^^^^^^^^^^^^^^^^^
  File "C:\Nirmita\src\utils\config.py", line 68, in __init__
    if args.config is not None: self.load_from_name(args.config)
                                ^^^^^^^^^^^^^^^^^^^^^^^^^^^^^^^^
  File "C:\Nirmita\src\utils\config.py", line 80, in load_from_name
    self.load_from_dict(**conf_d)
  File "C:\Nirmita\src\utils\config.py", line 90, in load_from_dict
    raise UnknownField(field)
utils.config.UnknownField: Config field t2t_active_id does not exist
[1m[1;34m[2026-09-04 00:19:59,789][0m [1m[1;30m[42m[INFO ][0m [1m[1;33m[jaison.py::152 stop]:[0m Shutting down JAIson application layer[0m
[1m[1;34m[2026-09-04 00:19:59,789][0m [1m[1;30m[41m[ERROR][0m [1m[1;33m[jaison.py::774 _process_manager_loop]:[0m Error in process manager loop: 'NoneType' object has no attribute 'reload'[0m
[1m[1;34m[2026-09-04 00:28:06,671][0m [1m[1;30m[42m[INFO ][0m [1m[1;33m[jaison.py::110 start]:[0m Starting JAIson application layer.[0m
[1m[1;34m[2026-09-04 00:28:06,684][0m [1m[1;30m[42m[INFO ][0m [1m[1;33m[manager.py::331 load_operations_from_config]:[0m Active STT from config: faster_whisper_ru[0m
[1m[1;34m[2026-09-04 00:28:06,685][0m [1m[1;30m[42m[INFO ][0m [1m[1;33m[manager.py::333 load_operations_from_config]:[0m Active T2T from config: google_ai[0m
[1m[1;34m[2026-09-04 00:28:08,312][0m [1m[1;30m[42m[INFO ][0m [1m[1;33m[operation.py::32 start]:[0m Starting STT operation faster_whisper_ru[0m
[1m[1;34m[2026-09-04 00:28:08,312][0m [1m[1;30m[42m[INFO ][0m [1m[1;33m[faster_whisper.py::35 start]:[0m Loading Faster Whisper model 'medium' on cuda (int8_float16)...[0m
[1m[1;34m[2026-09-04 00:28:12,497][0m [1m[1;30m[42m[INFO ][0m [1m[1;33m[faster_whisper.py::38 start]:[0m Faster Whisper model loaded successfully.[0m
[1m[1;34m[2026-09-04 00:28:12,980][0m [1m[1;30m[42m[INFO ][0m [1m[1;33m[operation.py::32 start]:[0m Starting T2T operation google_ai[0m
[1m[1;34m[2026-09-04 00:28:13,035][0m [1m[1;30m[42m[INFO ][0m [1m[1;33m[fishaudio.py::159 configure]:[0m FishAudioTTS: настроен — model=s2.1-pro-free, reference_id=8579f198..., latency=balanced, sample_rate=44100, speed=1.0[0m
[1m[1;34m[2026-09-04 00:28:13,035][0m [1m[1;30m[42m[INFO ][0m [1m[1;33m[operation.py::32 start]:[0m Starting TTS operation fish_audio[0m
[1m[1;34m[2026-09-04 00:28:13,035][0m [1m[1;30m[42m[INFO ][0m [1m[1;33m[fishaudio.py::85 start]:[0m FishAudioTTS: операция запущена (WebSocket streaming, format=pcm)[0m
[1m[1;34m[2026-09-04 00:28:13,037][0m [1m[1;30m[42m[INFO ][0m [1m[1;33m[operation.py::32 start]:[0m Starting FILTER_TEXT operation filter_clean[0m
[1m[1;34m[2026-09-04 00:28:16,195][0m [1m[1;30m[42m[INFO ][0m [1m[1;33m[operation.py::32 start]:[0m Starting FILTER_TEXT operation chunker_sentence[0m
[1m[1;34m[2026-09-04 00:28:16,862][0m [1m[1;30m[42m[INFO ][0m [1m[1;33m[manager.py::27 load]:[0m Loading process by type hw_mic[0m
[1m[1;34m[2026-09-04 00:28:16,863][0m [1m[1;30m[43m[WARNI][0m [1m[1;33m[base.py::46 unload]:[0m Attempted to unload process hw_mic when it is already unloaded[0m
[ProcessManager] Starting Hardware Microphone (hw-mic-client)...
[1m[1;34m[2026-09-04 00:28:16,871][0m [1m[1;30m[42m[INFO ][0m [1m[1;33m[manager.py::27 load]:[0m Loading process by type discord[0m
[1m[1;34m[2026-09-04 00:28:16,871][0m [1m[1;30m[43m[WARNI][0m [1m[1;33m[base.py::46 unload]:[0m Attempted to unload process discord when it is already unloaded[0m
[1m[1;34m[2026-09-04 00:28:16,872][0m [1m[1;30m[42m[INFO ][0m [1m[1;33m[discord.py::52 reload]:[0m Starting Discord bridge for guild 390301473210236928, channel 390301473210236932.[0m
[1m[1;34m[2026-09-04 00:28:16,878][0m [1m[1;30m[42m[INFO ][0m [1m[1;33m[jaison.py::149 start]:[0m JAIson application layer has started.[0m
[1m[1;34m[2026-09-04 00:28:16,879][0m [1m[1;30m[42m[INFO ][0m [1m[1;33m[logging.py::106 info]:[0m Running on http://127.0.0.1:7272 (CTRL + C to quit)[0m
[discord] C:\Nirmita\apps\discord-bridge\main.py:11: DeprecationWarning: 'audioop' is deprecated and slated for removal in Python 3.13
[discord]   import audioop
[discord] 2026-09-04 00:28:17,361 [INFO] logging in using static token
[INFO] Loading Silero VAD ONNX Session (CPU)...
[MIC] Selected by name: [72] Микрофон (4- fifine Microphone) (Windows WASAPI)
[INFO] SoundDevice Listening on: Микрофон (4- fifine Microphone) (ID: 72, hostapi: Windows WASAPI)
========================================================


[1m[1;34m[2026-09-04 00:28:17,978][0m [1m[1;30m[42m[INFO ][0m [1m[1;33m[app_server.py::77 ws]:[0m Opened new websocket connection[0m
[2026-09-04 00:28:17 +0300] [23468] [INFO] 127.0.0.1:7427 GET / 1.1 101 - 1006
[discord] 2026-09-04 00:28:18,538 [INFO] Shard ID None has connected to Gateway (Session ID: 9b89e0dfc3108d284d7c5972d87f2832).
[VAD] Голос! (Prob: 0.001, RMS: 0.0483) Завершена (672ms, speech: 128ms).
[discord] 2026-09-04 00:28:20,566 [INFO] Authenticated as Nira#4162
[discord] 2026-09-04 00:28:20,580 [INFO] Connecting to voice...
[discord] 2026-09-04 00:28:20,580 [INFO] Starting voice handshake... (connection attempt 1)
[1m[1;34m[2026-09-04 00:28:20,581][0m [1m[1;30m[42m[INFO ][0m [1m[1;33m[app_server.py::77 ws]:[0m Opened new websocket connection[0m
[2026-09-04 00:28:20 +0300] [23468] [INFO] 127.0.0.1:7430 GET / 1.1 101 - 506
[discord] 2026-09-04 00:28:20,581 [INFO] Connected to JAIson WebSocket
[2026-09-04 00:28:20 +0300] [23468] [INFO] 127.0.0.1:7431 POST /api/context/conversation/audio 1.1 200 142 0
[1m[1;34m[2026-09-04 00:28:20,602][0m [1m[1;30m[42m[INFO ][0m [1m[1;33m[transcribe.py::881 transcribe]:[0m Processing audio with duration 00:00.672[0m

[API] Фраза отправлена (21504 байт).
[1m[1;34m[2026-09-04 00:28:20,672][0m [1m[1;30m[42m[INFO ][0m [1m[1;33m[transcribe.py::895 transcribe]:[0m VAD filter removed 00:00.672 of audio[0m
[discord] 2026-09-04 00:28:20,926 [INFO] Voice handshake complete. Endpoint found: c-otp01-f984b1df.discord.media:2087
[discord] 2026-09-04 00:28:21,252 [INFO] Voice connection complete.
[discord] 2026-09-04 00:28:21,259 [INFO] Joined voice channel 🏕️Таверна "Астрал" (390301473210236932)

[2026-09-04 00:28:24 +0300] [23468] [INFO] 127.0.0.1:7431 POST /api/context/conversation/speech_start 1.1 200 71 504
[VAD] Голос! (Prob: 0.001, RMS: 0.0156) Завершена (1920ms, speech: 1088ms).
[2026-09-04 00:28:26 +0300] [23468] [INFO] 127.0.0.1:7431 POST /api/context/conversation/audio 1.1 200 142 1006
[1m[1;34m[2026-09-04 00:28:26,265][0m [1m[1;30m[42m[INFO ][0m [1m[1;33m[transcribe.py::881 transcribe]:[0m Processing audio with duration 00:01.920[0m

[API] Фраза отправлена (61440 байт).
[1m[1;34m[2026-09-04 00:28:26,269][0m [1m[1;30m[42m[INFO ][0m [1m[1;33m[transcribe.py::895 transcribe]:[0m VAD filter removed 00:00.592 of audio[0m
[1m[1;34m[2026-09-04 00:28:27,310][0m [1m[1;30m[42m[INFO ][0m [1m[1;33m[jaison.py::444 create_job]:[0m Queued new context_conversation_add_text job 7d036457-fa2a-4875-bb29-571e0d7ddb8b[0m
[1m[1;34m[2026-09-04 00:28:27,310][0m [1m[1;30m[42m[INFO ][0m [1m[1;33m[jaison.py::582 _commit_pending_voice_turn]:[0m Voice turn committed as context-only (no RESPONSE job).[0m

[2026-09-04 00:28:29 +0300] [23468] [INFO] 127.0.0.1:7431 POST /api/context/conversation/speech_start 1.1 200 71 1518
[VAD] Голос! (Prob: 0.001, RMS: 0.0079) Завершена (1888ms, speech: 512ms).
[2026-09-04 00:28:30 +0300] [23468] [INFO] 127.0.0.1:7431 POST /api/context/conversation/audio 1.1 200 142 1006
[1m[1;34m[2026-09-04 00:28:30,615][0m [1m[1;30m[42m[INFO ][0m [1m[1;33m[transcribe.py::881 transcribe]:[0m Processing audio with duration 00:01.888[0m

[API] Фраза отправлена (60416 байт).
[1m[1;34m[2026-09-04 00:28:30,619][0m [1m[1;30m[42m[INFO ][0m [1m[1;33m[transcribe.py::895 transcribe]:[0m VAD filter removed 00:00.000 of audio[0m

[1m[1;34m[2026-09-04 00:28:31,028][0m [1m[1;30m[42m[INFO ][0m [1m[1;33m[jaison.py::483 _interrupt_jobs]:[0m Smart Barge-in: Interrupting and clearing queue due to: user_speaking_significant[0m
[2026-09-04 00:28:31 +0300] [23468] [INFO] 127.0.0.1:7431 POST /api/context/conversation/speech_start 1.1 200 71 1015
[VAD] Голос! (Prob: 0.001, RMS: 0.0232) Завершена (992ms, speech: 192ms).
[2026-09-04 00:28:31 +0300] [23468] [INFO] 127.0.0.1:7431 POST /api/context/conversation/audio 1.1 200 142 1008
[1m[1;34m[2026-09-04 00:28:31,664][0m [1m[1;30m[42m[INFO ][0m [1m[1;33m[transcribe.py::881 transcribe]:[0m Processing audio with duration 00:00.992[0m

[API] Фраза отправлена (31744 байт).
[1m[1;34m[2026-09-04 00:28:31,666][0m [1m[1;30m[42m[INFO ][0m [1m[1;33m[transcribe.py::895 transcribe]:[0m VAD filter removed 00:00.992 of audio[0m

[2026-09-04 00:28:32 +0300] [23468] [INFO] 127.0.0.1:7431 POST /api/context/conversation/speech_start 1.1 200 71 499
[VAD] Голос! (Prob: 0.001, RMS: 0.0078) Завершена (2304ms, speech: 1312ms).
[2026-09-04 00:28:34 +0300] [23468] [INFO] 127.0.0.1:7431 POST /api/context/conversation/audio 1.1 200 142 1006
[1m[1;34m[2026-09-04 00:28:34,807][0m [1m[1;30m[42m[INFO ][0m [1m[1;33m[transcribe.py::881 transcribe]:[0m Processing audio with duration 00:02.304[0m

[API] Фраза отправлена (73728 байт).
[1m[1;34m[2026-09-04 00:28:34,812][0m [1m[1;30m[42m[INFO ][0m [1m[1;33m[transcribe.py::895 transcribe]:[0m VAD filter removed 00:00.432 of audio[0m
[1m[1;34m[2026-09-04 00:28:35,015][0m [1m[1;30m[42m[INFO ][0m [1m[1;33m[jaison.py::483 _interrupt_jobs]:[0m Smart Barge-in: Interrupting and clearing queue due to: user_speaking_significant[0m
[1m[1;34m[2026-09-04 00:28:35,016][0m [1m[1;30m[42m[INFO ][0m [1m[1;33m[jaison.py::444 create_job]:[0m Queued new context_conversation_add_text job 910d494d-5042-47e6-8416-f67fd3f516fa[0m
[1m[1;34m[2026-09-04 00:28:35,017][0m [1m[1;30m[42m[INFO ][0m [1m[1;33m[jaison.py::444 create_job]:[0m Queued new response job 81d3b0d1-c09c-46e6-8c27-ffbb90806d1b[0m
[1m[1;34m[2026-09-04 00:28:35,503][0m [1m[1;30m[42m[INFO ][0m [1m[1;33m[jaison.py::444 create_job]:[0m Queued new context_conversation_add_text job 8073d268-a29f-4b50-8583-a66bff2f69f1[0m
[1m[1;34m[2026-09-04 00:28:35,504][0m [1m[1;30m[42m[INFO ][0m [1m[1;33m[jaison.py::444 create_job]:[0m Queued new response job d37ce1f5-a919-4e0b-88f1-22a492469038[0m
[1m[1;34m[2026-09-04 00:28:35,679][0m [1m[1;30m[41m[ERROR][0m [1m[1;33m[jaison.py::763 _process_job_loop]:[0m Job 81d3b0d1-c09c-46e6-8c27-ffbb90806d1b failed with error: Error code: 404 - [{'error': {'code': 404, 'message': 'This model models/gemini-2.0-flash is no longer available. Please update your code to use models/gemini-3.6-flash for the latest features and improvements. We recommend you to use the Interactions API.', 'status': 'NOT_FOUND'}}][0m
Traceback (most recent call last):
  File "C:\Nirmita\src\utils\jaison.py", line 745, in _process_job_loop
    await self.job_current
  File "C:\Nirmita\src\utils\jaison.py", line 866, in response_pipeline
    async for chunk_out in self.op_manager.use_operation(OpRoles.T2T, {"instruction_prompt": instruction_prompt, "messages": history}):
  File "C:\Nirmita\src\utils\operations\base\operation.py", line 21, in __call__
    async for chunk_out in self._generate(**kwargs):
  File "C:\Nirmita\src\utils\operations\t2t\google_ai.py", line 76, in _generate
    stream = await self.client.chat.completions.create(
             ^^^^^^^^^^^^^^^^^^^^^^^^^^^^^^^^^^^^^^^^^^
  File "C:\Nirmita\.conda312\Lib\site-packages\openai\resources\chat\completions\completions.py", line 2028, in create
    return await self._post(
           ^^^^^^^^^^^^^^^^^
  File "C:\Nirmita\.conda312\Lib\site-packages\openai\_base_client.py", line 1762, in post
    return await self.request(cast_to, opts, stream=stream, stream_cls=stream_cls)
           ^^^^^^^^^^^^^^^^^^^^^^^^^^^^^^^^^^^^^^^^^^^^^^^^^^^^^^^^^^^^^^^^^^^^^^^
  File "C:\Nirmita\.conda312\Lib\site-packages\openai\_base_client.py", line 1562, in request
    raise self._make_status_error_from_response(err.response) from None
openai.NotFoundError: Error code: 404 - [{'error': {'code': 404, 'message': 'This model models/gemini-2.0-flash is no longer available. Please update your code to use models/gemini-3.6-flash for the latest features and improvements. We recommend you to use the Interactions API.', 'status': 'NOT_FOUND'}}]
[1m[1;34m[2026-09-04 00:28:35,844][0m [1m[1;30m[41m[ERROR][0m [1m[1;33m[jaison.py::763 _process_job_loop]:[0m Job d37ce1f5-a919-4e0b-88f1-22a492469038 failed with error: Error code: 404 - [{'error': {'code': 404, 'message': 'This model models/gemini-2.0-flash is no longer available. Please update your code to use models/gemini-3.6-flash for the latest features and improvements. We recommend you to use the Interactions API.', 'status': 'NOT_FOUND'}}][0m
Traceback (most recent call last):
  File "C:\Nirmita\src\utils\jaison.py", line 745, in _process_job_loop
    await self.job_current
  File "C:\Nirmita\src\utils\jaison.py", line 866, in response_pipeline
    async for chunk_out in self.op_manager.use_operation(OpRoles.T2T, {"instruction_prompt": instruction_prompt, "messages": history}):
  File "C:\Nirmita\src\utils\operations\base\operation.py", line 21, in __call__
    async for chunk_out in self._generate(**kwargs):
  File "C:\Nirmita\src\utils\operations\t2t\google_ai.py", line 76, in _generate
    stream = await self.client.chat.completions.create(
             ^^^^^^^^^^^^^^^^^^^^^^^^^^^^^^^^^^^^^^^^^^
  File "C:\Nirmita\.conda312\Lib\site-packages\openai\resources\chat\completions\completions.py", line 2028, in create
    return await self._post(
           ^^^^^^^^^^^^^^^^^
  File "C:\Nirmita\.conda312\Lib\site-packages\openai\_base_client.py", line 1762, in post
    return await self.request(cast_to, opts, stream=stream, stream_cls=stream_cls)
           ^^^^^^^^^^^^^^^^^^^^^^^^^^^^^^^^^^^^^^^^^^^^^^^^^^^^^^^^^^^^^^^^^^^^^^^
  File "C:\Nirmita\.conda312\Lib\site-packages\openai\_base_client.py", line 1562, in request
    raise self._make_status_error_from_response(err.response) from None
openai.NotFoundError: Error code: 404 - [{'error': {'code': 404, 'message': 'This model models/gemini-2.0-flash is no longer available. Please update your code to use models/gemini-3.6-flash for the latest features and improvements. We recommend you to use the Interactions API.', 'status': 'NOT_FOUND'}}]

[2026-09-04 00:28:36 +0300] [23468] [INFO] 127.0.0.1:7431 POST /api/context/conversation/speech_start 1.1 200 71 0
[VAD] Голос! (Prob: 0.001, RMS: 0.0241) Завершена (992ms, speech: 192ms).
[2026-09-04 00:28:36 +0300] [23468] [INFO] 127.0.0.1:7431 POST /api/context/conversation/audio 1.1 200 142 504

[API] Фраза отправлена (31744 байт).
[1m[1;34m[2026-09-04 00:28:36,855][0m [1m[1;30m[42m[INFO ][0m [1m[1;33m[transcribe.py::881 transcribe]:[0m Processing audio with duration 00:00.992[0m
[1m[1;34m[2026-09-04 00:28:36,858][0m [1m[1;30m[42m[INFO ][0m [1m[1;33m[transcribe.py::895 transcribe]:[0m VAD filter removed 00:00.992 of audio[0m
[1m[1;34m[2026-09-04 00:29:54,007][0m [1m[1;30m[42m[INFO ][0m [1m[1;33m[jaison.py::110 start]:[0m Starting JAIson application layer.[0m
[1m[1;34m[2026-09-04 00:29:54,020][0m [1m[1;30m[42m[INFO ][0m [1m[1;33m[manager.py::331 load_operations_from_config]:[0m Active STT from config: faster_whisper_ru[0m
[1m[1;34m[2026-09-04 00:29:54,020][0m [1m[1;30m[42m[INFO ][0m [1m[1;33m[manager.py::333 load_operations_from_config]:[0m Active T2T from config: google_ai[0m
[1m[1;34m[2026-09-04 00:29:55,394][0m [1m[1;30m[42m[INFO ][0m [1m[1;33m[operation.py::32 start]:[0m Starting STT operation faster_whisper_ru[0m
[1m[1;34m[2026-09-04 00:29:55,395][0m [1m[1;30m[42m[INFO ][0m [1m[1;33m[faster_whisper.py::35 start]:[0m Loading Faster Whisper model 'medium' on cuda (int8_float16)...[0m
[1m[1;34m[2026-09-04 00:29:58,238][0m [1m[1;30m[42m[INFO ][0m [1m[1;33m[faster_whisper.py::38 start]:[0m Faster Whisper model loaded successfully.[0m
[1m[1;34m[2026-09-04 00:29:58,530][0m [1m[1;30m[42m[INFO ][0m [1m[1;33m[operation.py::32 start]:[0m Starting T2T operation google_ai[0m
[1m[1;34m[2026-09-04 00:29:58,566][0m [1m[1;30m[42m[INFO ][0m [1m[1;33m[fishaudio.py::159 configure]:[0m FishAudioTTS: настроен — model=s2.1-pro-free, reference_id=8579f198..., latency=balanced, sample_rate=44100, speed=1.0[0m
[1m[1;34m[2026-09-04 00:29:58,567][0m [1m[1;30m[42m[INFO ][0m [1m[1;33m[operation.py::32 start]:[0m Starting TTS operation fish_audio[0m
[1m[1;34m[2026-09-04 00:29:58,567][0m [1m[1;30m[42m[INFO ][0m [1m[1;33m[fishaudio.py::85 start]:[0m FishAudioTTS: операция запущена (WebSocket streaming, format=pcm)[0m
[1m[1;34m[2026-09-04 00:29:58,567][0m [1m[1;30m[42m[INFO ][0m [1m[1;33m[operation.py::32 start]:[0m Starting FILTER_TEXT operation filter_clean[0m
[1m[1;34m[2026-09-04 00:30:01,095][0m [1m[1;30m[42m[INFO ][0m [1m[1;33m[operation.py::32 start]:[0m Starting FILTER_TEXT operation chunker_sentence[0m
[1m[1;34m[2026-09-04 00:30:01,614][0m [1m[1;30m[42m[INFO ][0m [1m[1;33m[manager.py::27 load]:[0m Loading process by type hw_mic[0m
[1m[1;34m[2026-09-04 00:30:01,615][0m [1m[1;30m[43m[WARNI][0m [1m[1;33m[base.py::46 unload]:[0m Attempted to unload process hw_mic when it is already unloaded[0m
[ProcessManager] Starting Hardware Microphone (hw-mic-client)...
[1m[1;34m[2026-09-04 00:30:01,623][0m [1m[1;30m[42m[INFO ][0m [1m[1;33m[manager.py::27 load]:[0m Loading process by type discord[0m
[1m[1;34m[2026-09-04 00:30:01,623][0m [1m[1;30m[43m[WARNI][0m [1m[1;33m[base.py::46 unload]:[0m Attempted to unload process discord when it is already unloaded[0m
[1m[1;34m[2026-09-04 00:30:01,623][0m [1m[1;30m[42m[INFO ][0m [1m[1;33m[discord.py::52 reload]:[0m Starting Discord bridge for guild 390301473210236928, channel 390301473210236932.[0m
[1m[1;34m[2026-09-04 00:30:01,630][0m [1m[1;30m[42m[INFO ][0m [1m[1;33m[jaison.py::149 start]:[0m JAIson application layer has started.[0m
[1m[1;34m[2026-09-04 00:30:01,630][0m [1m[1;30m[42m[INFO ][0m [1m[1;33m[logging.py::106 info]:[0m Running on http://127.0.0.1:7272 (CTRL + C to quit)[0m
[discord] C:\Nirmita\apps\discord-bridge\main.py:11: DeprecationWarning: 'audioop' is deprecated and slated for removal in Python 3.13
[discord]   import audioop
[1m[1;34m[2026-09-04 00:30:01,750][0m [1m[1;30m[42m[INFO ][0m [1m[1;33m[app_server.py::77 ws]:[0m Opened new websocket connection[0m
[2026-09-04 00:30:01 +0300] [44428] [INFO] 127.0.0.1:6383 GET / 1.1 101 - 508
[discord] 2026-09-04 00:30:02,061 [INFO] logging in using static token
[INFO] Loading Silero VAD ONNX Session (CPU)...
[MIC] Selected by name: [72] Микрофон (4- fifine Microphone) (Windows WASAPI)
[INFO] SoundDevice Listening on: Микрофон (4- fifine Microphone) (ID: 72, hostapi: Windows WASAPI)
========================================================


[discord] 2026-09-04 00:30:03,243 [INFO] Shard ID None has connected to Gateway (Session ID: e7a88463d8eda9d7546a435db6c9e370).
[VAD] Голос! (Prob: 0.001, RMS: 0.0483) Завершена (672ms, speech: 128ms).
[discord] 2026-09-04 00:30:05,257 [INFO] Authenticated as Nira#4162
[discord] 2026-09-04 00:30:05,270 [INFO] Connecting to voice...
[discord] 2026-09-04 00:30:05,270 [INFO] Starting voice handshake... (connection attempt 1)
[1m[1;34m[2026-09-04 00:30:05,272][0m [1m[1;30m[42m[INFO ][0m [1m[1;33m[app_server.py::77 ws]:[0m Opened new websocket connection[0m
[2026-09-04 00:30:05 +0300] [44428] [INFO] 127.0.0.1:6398 GET / 1.1 101 - 1004
[discord] 2026-09-04 00:30:05,272 [INFO] Connected to JAIson WebSocket
[2026-09-04 00:30:05 +0300] [44428] [INFO] 127.0.0.1:6399 POST /api/context/conversation/audio 1.1 200 142 506
[1m[1;34m[2026-09-04 00:30:05,376][0m [1m[1;30m[42m[INFO ][0m [1m[1;33m[transcribe.py::881 transcribe]:[0m Processing audio with duration 00:00.672[0m

[API] Фраза отправлена (21504 байт).
[1m[1;34m[2026-09-04 00:30:05,432][0m [1m[1;30m[42m[INFO ][0m [1m[1;33m[transcribe.py::895 transcribe]:[0m VAD filter removed 00:00.672 of audio[0m
[discord] 2026-09-04 00:30:05,602 [INFO] Voice handshake complete. Endpoint found: c-otp01-f984b1df.discord.media:2087
[discord] 2026-09-04 00:30:05,945 [INFO] Voice connection complete.
[discord] 2026-09-04 00:30:05,951 [INFO] Joined voice channel 🏕️Таверна "Астрал" (390301473210236932)

[2026-09-04 00:30:10 +0300] [44428] [INFO] 127.0.0.1:6399 POST /api/context/conversation/speech_start 1.1 200 71 1006
[VAD] Голос! (Prob: 0.001, RMS: 0.0113) Завершена (1248ms, speech: 448ms).
[2026-09-04 00:30:11 +0300] [44428] [INFO] 127.0.0.1:6399 POST /api/context/conversation/audio 1.1 200 142 999
[1m[1;34m[2026-09-04 00:30:11,085][0m [1m[1;30m[42m[INFO ][0m [1m[1;33m[transcribe.py::881 transcribe]:[0m Processing audio with duration 00:01.248[0m

[API] Фраза отправлена (39936 байт).
[1m[1;34m[2026-09-04 00:30:11,088][0m [1m[1;30m[42m[INFO ][0m [1m[1;33m[transcribe.py::895 transcribe]:[0m VAD filter removed 00:00.000 of audio[0m
[1m[1;34m[2026-09-04 00:30:12,040][0m [1m[1;30m[42m[INFO ][0m [1m[1;33m[jaison.py::444 create_job]:[0m Queued new context_conversation_add_text job 7c5eaa25-a4da-456b-b07f-d004e9a0ca18[0m
[1m[1;34m[2026-09-04 00:30:12,040][0m [1m[1;30m[42m[INFO ][0m [1m[1;33m[jaison.py::582 _commit_pending_voice_turn]:[0m Voice turn committed as context-only (no RESPONSE job).[0m

[2026-09-04 00:30:13 +0300] [44428] [INFO] 127.0.0.1:6399 POST /api/context/conversation/speech_start 1.1 200 71 507
[VAD] Голос! (Prob: 0.001, RMS: 0.0160) Завершена (1600ms, speech: 800ms).
[2026-09-04 00:30:15 +0300] [44428] [INFO] 127.0.0.1:6399 POST /api/context/conversation/audio 1.1 200 142 504
[1m[1;34m[2026-09-04 00:30:15,145][0m [1m[1;30m[42m[INFO ][0m [1m[1;33m[transcribe.py::881 transcribe]:[0m Processing audio with duration 00:01.600[0m

[API] Фраза отправлена (51200 байт).
[1m[1;34m[2026-09-04 00:30:15,149][0m [1m[1;30m[42m[INFO ][0m [1m[1;33m[transcribe.py::895 transcribe]:[0m VAD filter removed 00:00.000 of audio[0m
[1m[1;34m[2026-09-04 00:30:15,379][0m [1m[1;30m[42m[INFO ][0m [1m[1;33m[jaison.py::483 _interrupt_jobs]:[0m Smart Barge-in: Interrupting and clearing queue due to: user_speaking_significant[0m
[1m[1;34m[2026-09-04 00:30:15,893][0m [1m[1;30m[42m[INFO ][0m [1m[1;33m[jaison.py::444 create_job]:[0m Queued new context_conversation_add_text job b7313504-08f1-4b43-8ac8-89d1f7534f49[0m
[1m[1;34m[2026-09-04 00:30:15,893][0m [1m[1;30m[42m[INFO ][0m [1m[1;33m[jaison.py::444 create_job]:[0m Queued new response job 21452657-2d26-4031-be09-fcc3c7bc2160[0m
[1m[1;34m[2026-09-04 00:30:20,731][0m [1m[1;30m[42m[INFO ][0m [1m[1;33m[operation.py::25 __call__]:[0m T2T operation google_ai completed in 4835.7647999655455 ms[0m
[1m[1;34m[2026-09-04 00:30:22,476][0m [1m[1;30m[42m[INFO ][0m [1m[1;33m[operation.py::25 __call__]:[0m TTS operation fish_audio completed in 1735.6582999927923 ms[0m
[1m[1;34m[2026-09-04 00:30:24,387][0m [1m[1;30m[42m[INFO ][0m [1m[1;33m[operation.py::25 __call__]:[0m TTS operation fish_audio completed in 1911.201500101015 ms[0m
[1m[1;34m[2026-09-04 00:30:24,388][0m [1m[1;30m[42m[INFO ][0m [1m[1;33m[operation.py::25 __call__]:[0m FILTER_TEXT operation chunker_sentence completed in 3656.717299949378 ms[0m
[1m[1;34m[2026-09-04 00:30:24,388][0m [1m[1;30m[42m[INFO ][0m [1m[1;33m[operation.py::25 __call__]:[0m FILTER_TEXT operation filter_clean completed in 3656.8947000196204 ms[0m
[1m[1;34m[2026-09-04 00:30:24,389][0m [1m[1;30m[42m[INFO ][0m [1m[1;33m[jaison.py::966 response_pipeline]:[0m Response job 21452657-2d26-4031-be09-fcc3c7bc2160 completed. Content: 'Привет, Зефир! Слышу тебя прекрасно, просто пинг немного...'[0m
[VAD] Голос! (Prob: 0.001, RMS: 0.0091) Завершена (960ms, speech: 160ms).

[2026-09-04 00:30:28 +0300] [44428] [INFO] 127.0.0.1:6411 POST /api/context/conversation/speech_start 1.1 200 71 1507
[VAD] Голос! (Prob: 0.001, RMS: 0.0081) Завершена (1056ms, speech: 448ms).
[2026-09-04 00:30:28 +0300] [44428] [INFO] 127.0.0.1:6411 POST /api/context/conversation/audio 1.1 200 142 507
[1m[1;34m[2026-09-04 00:30:28,583][0m [1m[1;30m[42m[INFO ][0m [1m[1;33m[transcribe.py::881 transcribe]:[0m Processing audio with duration 00:01.056[0m

[API] Фраза отправлена (33792 байт).
[1m[1;34m[2026-09-04 00:30:28,586][0m [1m[1;30m[42m[INFO ][0m [1m[1;33m[transcribe.py::895 transcribe]:[0m VAD filter removed 00:00.000 of audio[0m
[1m[1;34m[2026-09-04 00:30:28,779][0m [1m[1;30m[42m[INFO ][0m [1m[1;33m[jaison.py::483 _interrupt_jobs]:[0m Smart Barge-in: Interrupting and clearing queue due to: user_speaking_significant[0m
[1m[1;34m[2026-09-04 00:30:29,285][0m [1m[1;30m[42m[INFO ][0m [1m[1;33m[jaison.py::444 create_job]:[0m Queued new context_conversation_add_text job 8041260e-3d9d-4e4b-be8d-55d13acc9109[0m
[1m[1;34m[2026-09-04 00:30:29,285][0m [1m[1;30m[42m[INFO ][0m [1m[1;33m[jaison.py::444 create_job]:[0m Queued new response job 7b29a4f6-0759-4276-bae9-7aa5ab29d328[0m

[2026-09-04 00:30:29 +0300] [44428] [INFO] 127.0.0.1:6411 POST /api/context/conversation/speech_start 1.1 200 71 506
[2026-09-04 00:30:29 +0300] [44428] [INFO] 127.0.0.1:6413 POST /api/context/conversation/audio 1.1 200 142 1052
[1m[1;34m[2026-09-04 00:30:29,646][0m [1m[1;30m[42m[INFO ][0m [1m[1;33m[transcribe.py::881 transcribe]:[0m Processing audio with duration 00:00.960[0m
[VAD] Голос! (Prob: 0.001, RMS: 0.0118)
[API] Фраза отправлена (30720 байт).
[1m[1;34m[2026-09-04 00:30:29,649][0m [1m[1;30m[42m[INFO ][0m [1m[1;33m[transcribe.py::895 transcribe]:[0m VAD filter removed 00:00.000 of audio[0m
 Завершена (1056ms, speech: 256ms).
[2026-09-04 00:30:30 +0300] [44428] [INFO] 127.0.0.1:6413 POST /api/context/conversation/audio 1.1 200 142 1033
[1m[1;34m[2026-09-04 00:30:30,254][0m [1m[1;30m[42m[INFO ][0m [1m[1;33m[transcribe.py::881 transcribe]:[0m Processing audio with duration 00:01.056[0m

[API] Фраза отправлена (33792 байт).
[1m[1;34m[2026-09-04 00:30:30,257][0m [1m[1;30m[42m[INFO ][0m [1m[1;33m[transcribe.py::895 transcribe]:[0m VAD filter removed 00:01.056 of audio[0m
[1m[1;34m[2026-09-04 00:30:30,357][0m [1m[1;30m[42m[INFO ][0m [1m[1;33m[jaison.py::444 create_job]:[0m Queued new context_conversation_add_text job 03c83084-8028-490d-b120-06449a8fc2c6[0m
[1m[1;34m[2026-09-04 00:30:30,357][0m [1m[1;30m[42m[INFO ][0m [1m[1;33m[jaison.py::582 _commit_pending_voice_turn]:[0m Voice turn committed as context-only (no RESPONSE job).[0m
[2026-09-04 00:30:39 +0300] [44428] [INFO] 127.0.0.1:6415 POST /api/context/conversation/speech_start 1.1 200 71 504
[VAD] Голос! (Prob: 0.001, RMS: 0.0087) Завершена (2784ms, speech: 1056ms).
[2026-09-04 00:30:40 +0300] [44428] [INFO] 127.0.0.1:6415 POST /api/context/conversation/audio 1.1 200 142 1506
[1m[1;34m[2026-09-04 00:30:40,495][0m [1m[1;30m[42m[INFO ][0m [1m[1;33m[transcribe.py::881 transcribe]:[0m Processing audio with duration 00:02.784[0m

[API] Фраза отправлена (89088 байт).
[1m[1;34m[2026-09-04 00:30:40,500][0m [1m[1;30m[42m[INFO ][0m [1m[1;33m[transcribe.py::895 transcribe]:[0m VAD filter removed 00:00.000 of audio[0m
[1m[1;34m[2026-09-04 00:30:40,929][0m [1m[1;30m[42m[INFO ][0m [1m[1;33m[jaison.py::483 _interrupt_jobs]:[0m Smart Barge-in: Interrupting and clearing queue due to: user_speaking_significant[0m
[1m[1;34m[2026-09-04 00:30:40,929][0m [1m[1;30m[42m[INFO ][0m [1m[1;33m[jaison.py::477 _clear_current_job]:[0m Job 7b29a4f6-0759-4276-bae9-7aa5ab29d328 (response) is being cancelled due to: user_speaking_significant[0m
[1m[1;34m[2026-09-04 00:30:40,930][0m [1m[1;30m[42m[INFO ][0m [1m[1;33m[jaison.py::757 _process_job_loop]:[0m Job 7b29a4f6-0759-4276-bae9-7aa5ab29d328 (response) was cancelled.[0m
[1m[1;34m[2026-09-04 00:30:41,425][0m [1m[1;30m[42m[INFO ][0m [1m[1;33m[jaison.py::444 create_job]:[0m Queued new context_conversation_add_text job 37901600-5e6d-4dbb-a9d7-1f4c3a344bf2[0m
[1m[1;34m[2026-09-04 00:30:41,425][0m [1m[1;30m[42m[INFO ][0m [1m[1;33m[jaison.py::444 create_job]:[0m Queued new response job db03300e-8d8c-4325-a218-ebe5cfaeb553[0m
[1m[1;34m[2026-09-04 00:30:45,466][0m [1m[1;30m[42m[INFO ][0m [1m[1;33m[operation.py::25 __call__]:[0m T2T operation google_ai completed in 4039.418400032446 ms[0m
[1m[1;34m[2026-09-04 00:30:47,585][0m [1m[1;30m[42m[INFO ][0m [1m[1;33m[operation.py::25 __call__]:[0m TTS operation fish_audio completed in 2107.1109999902546 ms[0m
[1m[1;34m[2026-09-04 00:30:49,573][0m [1m[1;30m[42m[INFO ][0m [1m[1;33m[operation.py::25 __call__]:[0m TTS operation fish_audio completed in 1988.3730999426916 ms[0m
[1m[1;34m[2026-09-04 00:30:49,573][0m [1m[1;30m[42m[INFO ][0m [1m[1;33m[operation.py::25 __call__]:[0m FILTER_TEXT operation chunker_sentence completed in 4107.447999995202 ms[0m
[1m[1;34m[2026-09-04 00:30:49,573][0m [1m[1;30m[42m[INFO ][0m [1m[1;33m[operation.py::25 __call__]:[0m FILTER_TEXT operation filter_clean completed in 4107.579399948008 ms[0m
[1m[1;34m[2026-09-04 00:30:49,574][0m [1m[1;30m[42m[INFO ][0m [1m[1;33m[jaison.py::966 response_pipeline]:[0m Response job db03300e-8d8c-4325-a218-ebe5cfaeb553 completed. Content: 'Да ладно тебе, ты сам меня такой запрограммировал. Надо было внимательнее читать мелкий...'[0m
[2026-09-04 00:30:58 +0300] [44428] [INFO] 127.0.0.1:6604 POST /api/context/conversation/speech_start 1.1 200 71 506
[VAD] Голос! (Prob: 0.001, RMS: 0.0157) Завершена (2784ms, speech: 1952ms).
[2026-09-04 00:30:59 +0300] [44428] [INFO] 127.0.0.1:6604 POST /api/context/conversation/audio 1.1 200 142 1006

[1m[1;34m[2026-09-04 00:30:59,404][0m [1m[1;30m[42m[INFO ][0m [1m[1;33m[transcribe.py::881 transcribe]:[0m Processing audio with duration 00:02.784[0m
[API] Фраза отправлена (89088 байт).
[1m[1;34m[2026-09-04 00:30:59,410][0m [1m[1;30m[42m[INFO ][0m [1m[1;33m[transcribe.py::895 transcribe]:[0m VAD filter removed 00:00.080 of audio[0m
[1m[1;34m[2026-09-04 00:30:59,900][0m [1m[1;30m[42m[INFO ][0m [1m[1;33m[jaison.py::483 _interrupt_jobs]:[0m Smart Barge-in: Interrupting and clearing queue due to: user_speaking_significant[0m
[1m[1;34m[2026-09-04 00:31:00,412][0m [1m[1;30m[42m[INFO ][0m [1m[1;33m[jaison.py::444 create_job]:[0m Queued new context_conversation_add_text job 2e2f5f9b-8e55-442c-95c8-b412e09d474c[0m
[1m[1;34m[2026-09-04 00:31:00,412][0m [1m[1;30m[42m[INFO ][0m [1m[1;33m[jaison.py::444 create_job]:[0m Queued new response job 3432697d-ed4c-413a-91fb-667fdc4a9fc2[0m
[1m[1;34m[2026-09-04 00:31:05,053][0m [1m[1;30m[42m[INFO ][0m [1m[1;33m[operation.py::25 __call__]:[0m T2T operation google_ai completed in 4640.053799957968 ms[0m
[1m[1;34m[2026-09-04 00:31:07,357][0m [1m[1;30m[42m[INFO ][0m [1m[1;33m[operation.py::25 __call__]:[0m TTS operation fish_audio completed in 2290.4294000472873 ms[0m
[1m[1;34m[2026-09-04 00:31:07,357][0m [1m[1;30m[42m[INFO ][0m [1m[1;33m[operation.py::25 __call__]:[0m FILTER_TEXT operation chunker_sentence completed in 2303.828199976124 ms[0m
[1m[1;34m[2026-09-04 00:31:07,357][0m [1m[1;30m[42m[INFO ][0m [1m[1;33m[operation.py::25 __call__]:[0m FILTER_TEXT operation filter_clean completed in 2303.9774000644684 ms[0m
[1m[1;34m[2026-09-04 00:31:07,358][0m [1m[1;30m[42m[INFO ][0m [1m[1;33m[jaison.py::966 response_pipeline]:[0m Response job 3432697d-ed4c-413a-91fb-667fdc4a9fc2 completed. Content: 'Один великий маг тридцать лет изучал древний фолиант, чтобы призвать...'[0m
[2026-09-04 00:41:35 +0300] [44428] [INFO] 127.0.0.1:11064 POST /api/context/conversation/speech_start 1.1 200 71 504
[VAD] Голос! (Prob: 0.001, RMS: 0.0078) Завершена (2752ms, speech: 1856ms).
[2026-09-04 00:41:36 +0300] [44428] [INFO] 127.0.0.1:11064 POST /api/context/conversation/audio 1.1 200 142 1009

[1m[1;34m[2026-09-04 00:41:36,898][0m [1m[1;30m[42m[INFO ][0m [1m[1;33m[transcribe.py::881 transcribe]:[0m Processing audio with duration 00:02.752[0m
[API] Фраза отправлена (88064 байт).
[1m[1;34m[2026-09-04 00:41:36,904][0m [1m[1;30m[42m[INFO ][0m [1m[1;33m[transcribe.py::895 transcribe]:[0m VAD filter removed 00:00.464 of audio[0m
[1m[1;34m[2026-09-04 00:41:37,439][0m [1m[1;30m[42m[INFO ][0m [1m[1;33m[jaison.py::483 _interrupt_jobs]:[0m Smart Barge-in: Interrupting and clearing queue due to: user_speaking_significant[0m
[1m[1;34m[2026-09-04 00:41:37,947][0m [1m[1;30m[42m[INFO ][0m [1m[1;33m[jaison.py::565 _commit_pending_voice_turn]:[0m Continue-intent detected: next response will continue previous thought.[0m
[1m[1;34m[2026-09-04 00:41:37,947][0m [1m[1;30m[42m[INFO ][0m [1m[1;33m[jaison.py::444 create_job]:[0m Queued new context_conversation_add_text job b8668001-91e8-4ab0-998a-af564487d16e[0m
[1m[1;34m[2026-09-04 00:41:37,947][0m [1m[1;30m[42m[INFO ][0m [1m[1;33m[jaison.py::444 create_job]:[0m Queued new response job 12ecd4e8-ef5d-4d0c-addf-a7794bbe2ba3[0m
[1m[1;34m[2026-09-04 00:41:59,881][0m [1m[1;30m[42m[INFO ][0m [1m[1;33m[operation.py::25 __call__]:[0m T2T operation google_ai completed in 21933.128699893132 ms[0m
[1m[1;34m[2026-09-04 00:42:02,232][0m [1m[1;30m[42m[INFO ][0m [1m[1;33m[operation.py::25 __call__]:[0m TTS operation fish_audio completed in 2338.554900023155 ms[0m
[1m[1;34m[2026-09-04 00:42:02,232][0m [1m[1;30m[42m[INFO ][0m [1m[1;33m[operation.py::25 __call__]:[0m FILTER_TEXT operation chunker_sentence completed in 2351.0005000280216 ms[0m
[1m[1;34m[2026-09-04 00:42:02,232][0m [1m[1;30m[42m[INFO ][0m [1m[1;33m[operation.py::25 __call__]:[0m FILTER_TEXT operation filter_clean completed in 2351.117299986072 ms[0m
[1m[1;34m[2026-09-04 00:42:02,232][0m [1m[1;30m[42m[INFO ][0m [1m[1;33m[jaison.py::966 response_pipeline]:[0m Response job 12ecd4e8-ef5d-4d0c-addf-a7794bbe2ba3 completed. Content: 'Selection:**
    "...могущественного демона, а в итоге случайно вызвал у...'[0m
[1m[1;34m[2026-09-04 00:44:03,423][0m [1m[1;30m[42m[INFO ][0m [1m[1;33m[jaison.py::110 start]:[0m Starting JAIson application layer.[0m
[1m[1;34m[2026-09-04 00:44:03,435][0m [1m[1;30m[42m[INFO ][0m [1m[1;33m[manager.py::328 load_operations_from_config]:[0m Active STT from config: faster_whisper_ru[0m
[1m[1;34m[2026-09-04 00:44:03,435][0m [1m[1;30m[42m[INFO ][0m [1m[1;33m[manager.py::330 load_operations_from_config]:[0m Active T2T from config: google_ai[0m
[1m[1;34m[2026-09-04 00:44:04,793][0m [1m[1;30m[42m[INFO ][0m [1m[1;33m[operation.py::32 start]:[0m Starting STT operation faster_whisper_ru[0m
[1m[1;34m[2026-09-04 00:44:04,793][0m [1m[1;30m[42m[INFO ][0m [1m[1;33m[faster_whisper.py::35 start]:[0m Loading Faster Whisper model 'medium' on cuda (int8_float16)...[0m
[1m[1;34m[2026-09-04 00:44:08,174][0m [1m[1;30m[42m[INFO ][0m [1m[1;33m[faster_whisper.py::38 start]:[0m Faster Whisper model loaded successfully.[0m
[1m[1;34m[2026-09-04 00:44:08,508][0m [1m[1;30m[42m[INFO ][0m [1m[1;33m[operation.py::32 start]:[0m Starting T2T operation universal_api[0m
[1m[1;34m[2026-09-04 00:44:08,557][0m [1m[1;30m[42m[INFO ][0m [1m[1;33m[fishaudio.py::159 configure]:[0m FishAudioTTS: настроен — model=s2.1-pro-free, reference_id=8579f198..., latency=balanced, sample_rate=44100, speed=1.0[0m
[1m[1;34m[2026-09-04 00:44:08,557][0m [1m[1;30m[42m[INFO ][0m [1m[1;33m[operation.py::32 start]:[0m Starting TTS operation fish_audio[0m
[1m[1;34m[2026-09-04 00:44:08,557][0m [1m[1;30m[42m[INFO ][0m [1m[1;33m[fishaudio.py::85 start]:[0m FishAudioTTS: операция запущена (WebSocket streaming, format=pcm)[0m
[1m[1;34m[2026-09-04 00:44:08,558][0m [1m[1;30m[42m[INFO ][0m [1m[1;33m[operation.py::32 start]:[0m Starting FILTER_TEXT operation filter_clean[0m
[1m[1;34m[2026-09-04 00:44:11,448][0m [1m[1;30m[42m[INFO ][0m [1m[1;33m[operation.py::32 start]:[0m Starting FILTER_TEXT operation chunker_sentence[0m
[1m[1;34m[2026-09-04 00:44:12,087][0m [1m[1;30m[42m[INFO ][0m [1m[1;33m[manager.py::27 load]:[0m Loading process by type hw_mic[0m
[1m[1;34m[2026-09-04 00:44:12,088][0m [1m[1;30m[43m[WARNI][0m [1m[1;33m[base.py::46 unload]:[0m Attempted to unload process hw_mic when it is already unloaded[0m
[ProcessManager] Starting Hardware Microphone (hw-mic-client)...
[1m[1;34m[2026-09-04 00:44:12,096][0m [1m[1;30m[42m[INFO ][0m [1m[1;33m[manager.py::27 load]:[0m Loading process by type discord[0m
[1m[1;34m[2026-09-04 00:44:12,097][0m [1m[1;30m[43m[WARNI][0m [1m[1;33m[base.py::46 unload]:[0m Attempted to unload process discord when it is already unloaded[0m
[1m[1;34m[2026-09-04 00:44:12,097][0m [1m[1;30m[42m[INFO ][0m [1m[1;33m[discord.py::52 reload]:[0m Starting Discord bridge for guild 390301473210236928, channel 390301473210236932.[0m
[1m[1;34m[2026-09-04 00:44:12,104][0m [1m[1;30m[42m[INFO ][0m [1m[1;33m[jaison.py::149 start]:[0m JAIson application layer has started.[0m
[1m[1;34m[2026-09-04 00:44:12,106][0m [1m[1;30m[42m[INFO ][0m [1m[1;33m[logging.py::106 info]:[0m Running on http://127.0.0.1:7272 (CTRL + C to quit)[0m
[1m[1;34m[2026-09-04 00:44:12,115][0m [1m[1;30m[42m[INFO ][0m [1m[1;33m[app_server.py::77 ws]:[0m Opened new websocket connection[0m
[2026-09-04 00:44:12 +0300] [46636] [INFO] 127.0.0.1:7168 GET / 1.1 101 - 505
[discord] C:\Nirmita\apps\discord-bridge\main.py:11: DeprecationWarning: 'audioop' is deprecated and slated for removal in Python 3.13
[discord]   import audioop
[discord] 2026-09-04 00:44:12,570 [INFO] logging in using static token
[INFO] Loading Silero VAD ONNX Session (CPU)...
[MIC] Selected by name: [72] Микрофон (4- fifine Microphone) (Windows WASAPI)
[INFO] SoundDevice Listening on: Микрофон (4- fifine Microphone) (ID: 72, hostapi: Windows WASAPI)
========================================================


[VAD] Голос! (Prob: 0.001, RMS: 0.0483) Завершена (672ms, speech: 128ms).
[discord] 2026-09-04 00:44:13,933 [INFO] Shard ID None has connected to Gateway (Session ID: 98013a22e0f0bb54faeba7871bb3bff1).
[2026-09-04 00:44:15 +0300] [46636] [INFO] 127.0.0.1:7183 POST /api/context/conversation/audio 1.1 200 142 1510
[1m[1;34m[2026-09-04 00:44:15,858][0m [1m[1;30m[42m[INFO ][0m [1m[1;33m[transcribe.py::881 transcribe]:[0m Processing audio with duration 00:00.672[0m

[API] Фраза отправлена (21504 байт).
[1m[1;34m[2026-09-04 00:44:15,937][0m [1m[1;30m[42m[INFO ][0m [1m[1;33m[transcribe.py::895 transcribe]:[0m VAD filter removed 00:00.672 of audio[0m
[discord] 2026-09-04 00:44:15,981 [INFO] Authenticated as Nira#4162
[discord] 2026-09-04 00:44:16,000 [INFO] Connecting to voice...
[discord] 2026-09-04 00:44:16,000 [INFO] Starting voice handshake... (connection attempt 1)
[1m[1;34m[2026-09-04 00:44:16,001][0m [1m[1;30m[42m[INFO ][0m [1m[1;33m[app_server.py::77 ws]:[0m Opened new websocket connection[0m
[2026-09-04 00:44:16 +0300] [46636] [INFO] 127.0.0.1:7184 GET / 1.1 101 - 1514
[discord] 2026-09-04 00:44:16,002 [INFO] Connected to JAIson WebSocket
[discord] 2026-09-04 00:44:16,353 [INFO] Voice handshake complete. Endpoint found: c-otp01-f984b1df.discord.media:2087
[discord] 2026-09-04 00:44:16,674 [INFO] Voice connection complete.
[discord] 2026-09-04 00:44:16,681 [INFO] Joined voice channel 🏕️Таверна "Астрал" (390301473210236932)
[2026-09-04 00:44:25 +0300] [46636] [INFO] 127.0.0.1:7189 POST /api/context/conversation/speech_start 1.1 200 71 507
[VAD] Голос! (Prob: 0.001, RMS: 0.0117) Завершена (2432ms, speech: 1184ms).
[2026-09-04 00:44:26 +0300] [46636] [INFO] 127.0.0.1:7189 POST /api/context/conversation/audio 1.1 200 142 997
[1m[1;34m[2026-09-04 00:44:26,765][0m [1m[1;30m[42m[INFO ][0m [1m[1;33m[transcribe.py::881 transcribe]:[0m Processing audio with duration 00:02.432[0m

[API] Фраза отправлена (77824 байт).
[1m[1;34m[2026-09-04 00:44:26,770][0m [1m[1;30m[42m[INFO ][0m [1m[1;33m[transcribe.py::895 transcribe]:[0m VAD filter removed 00:00.912 of audio[0m
[1m[1;34m[2026-09-04 00:44:27,749][0m [1m[1;30m[42m[INFO ][0m [1m[1;33m[jaison.py::444 create_job]:[0m Queued new context_conversation_add_text job 714d3f8e-f42d-4c56-b135-99aa4d7f00d5[0m
[1m[1;34m[2026-09-04 00:44:27,750][0m [1m[1;30m[42m[INFO ][0m [1m[1;33m[jaison.py::582 _commit_pending_voice_turn]:[0m Voice turn committed as context-only (no RESPONSE job).[0m

[2026-09-04 00:44:30 +0300] [46636] [INFO] 127.0.0.1:7189 POST /api/context/conversation/speech_start 1.1 200 71 1006
[VAD] Голос! (Prob: 0.001, RMS: 0.0102) Завершена (1856ms, speech: 1056ms).
[2026-09-04 00:44:31 +0300] [46636] [INFO] 127.0.0.1:7189 POST /api/context/conversation/audio 1.1 200 142 501
[1m[1;34m[2026-09-04 00:44:31,506][0m [1m[1;30m[42m[INFO ][0m [1m[1;33m[transcribe.py::881 transcribe]:[0m Processing audio with duration 00:01.856[0m

[API] Фраза отправлена (59392 байт).
[1m[1;34m[2026-09-04 00:44:31,509][0m [1m[1;30m[42m[INFO ][0m [1m[1;33m[transcribe.py::895 transcribe]:[0m VAD filter removed 00:00.000 of audio[0m
[1m[1;34m[2026-09-04 00:44:32,270][0m [1m[1;30m[42m[INFO ][0m [1m[1;33m[jaison.py::444 create_job]:[0m Queued new context_conversation_add_text job bc2feac8-991c-495a-966d-490b0f2e317b[0m
[1m[1;34m[2026-09-04 00:44:32,270][0m [1m[1;30m[42m[INFO ][0m [1m[1;33m[jaison.py::582 _commit_pending_voice_turn]:[0m Voice turn committed as context-only (no RESPONSE job).[0m
[2026-09-04 00:44:34 +0300] [46636] [INFO] 127.0.0.1:7189 POST /api/context/conversation/speech_start 1.1 200 71 503
[VAD] Голос! (Prob: 0.001, RMS: 0.0216) Завершена (2368ms, speech: 1536ms).
[2026-09-04 00:44:36 +0300] [46636] [INFO] 127.0.0.1:7189 POST /api/context/conversation/audio 1.1 200 142 1509

[API] Фраза отправлена (75776 байт).
[1m[1;34m[2026-09-04 00:44:36,367][0m [1m[1;30m[42m[INFO ][0m [1m[1;33m[transcribe.py::881 transcribe]:[0m Processing audio with duration 00:02.368[0m
[1m[1;34m[2026-09-04 00:44:36,372][0m [1m[1;30m[42m[INFO ][0m [1m[1;33m[transcribe.py::895 transcribe]:[0m VAD filter removed 00:00.000 of audio[0m
[1m[1;34m[2026-09-04 00:44:36,688][0m [1m[1;30m[42m[INFO ][0m [1m[1;33m[jaison.py::483 _interrupt_jobs]:[0m Smart Barge-in: Interrupting and clearing queue due to: user_speaking_significant[0m
[1m[1;34m[2026-09-04 00:44:37,196][0m [1m[1;30m[42m[INFO ][0m [1m[1;33m[jaison.py::444 create_job]:[0m Queued new context_conversation_add_text job 7d2cc7de-8bad-4b90-9be0-4450a91b924a[0m
[1m[1;34m[2026-09-04 00:44:37,196][0m [1m[1;30m[42m[INFO ][0m [1m[1;33m[jaison.py::444 create_job]:[0m Queued new response job c6fe5702-e1bd-4727-bc06-648691b97122[0m
[1m[1;34m[2026-09-04 00:44:38,149][0m [1m[1;30m[41m[ERROR][0m [1m[1;33m[jaison.py::763 _process_job_loop]:[0m Job c6fe5702-e1bd-4727-bc06-648691b97122 failed with error: Error code: 401 - {'error': {'message': 'Incorrect API key provided: AIzaSyD6***************************LD14. You can find your API key at https://platform.openai.com/account/api-keys.', 'type': 'invalid_request_error', 'param': None, 'code': 'invalid_api_key'}}[0m
Traceback (most recent call last):
  File "C:\Nirmita\src\utils\jaison.py", line 745, in _process_job_loop
    await self.job_current
  File "C:\Nirmita\src\utils\jaison.py", line 866, in response_pipeline
    async for chunk_out in self.op_manager.use_operation(OpRoles.T2T, {"instruction_prompt": instruction_prompt, "messages": history}):
  File "C:\Nirmita\src\utils\operations\base\operation.py", line 21, in __call__
    async for chunk_out in self._generate(**kwargs):
  File "C:\Nirmita\src\utils\operations\t2t\universal_api.py", line 97, in _generate
    stream = await self.client.chat.completions.create(
             ^^^^^^^^^^^^^^^^^^^^^^^^^^^^^^^^^^^^^^^^^^
  File "C:\Nirmita\.conda312\Lib\site-packages\openai\resources\chat\completions\completions.py", line 2028, in create
    return await self._post(
           ^^^^^^^^^^^^^^^^^
  File "C:\Nirmita\.conda312\Lib\site-packages\openai\_base_client.py", line 1762, in post
    return await self.request(cast_to, opts, stream=stream, stream_cls=stream_cls)
           ^^^^^^^^^^^^^^^^^^^^^^^^^^^^^^^^^^^^^^^^^^^^^^^^^^^^^^^^^^^^^^^^^^^^^^^
  File "C:\Nirmita\.conda312\Lib\site-packages\openai\_base_client.py", line 1562, in request
    raise self._make_status_error_from_response(err.response) from None
openai.AuthenticationError: Error code: 401 - {'error': {'message': 'Incorrect API key provided: AIzaSyD6***************************LD14. You can find your API key at https://platform.openai.com/account/api-keys.', 'type': 'invalid_request_error', 'param': None, 'code': 'invalid_api_key'}}
[2026-09-04 00:44:43 +0300] [46636] [INFO] 127.0.0.1:7198 POST /api/context/conversation/speech_start 1.1 200 71 504
[VAD] Голос! (Prob: 0.001, RMS: 0.0078) Завершена (1760ms, speech: 480ms).
[2026-09-04 00:44:43 +0300] [46636] [INFO] 127.0.0.1:7198 POST /api/context/conversation/audio 1.1 200 142 1511

[API] Фраза отправлена (56320 байт).
[1m[1;34m[2026-09-04 00:44:43,885][0m [1m[1;30m[42m[INFO ][0m [1m[1;33m[transcribe.py::881 transcribe]:[0m Processing audio with duration 00:01.760[0m
[1m[1;34m[2026-09-04 00:44:43,889][0m [1m[1;30m[42m[INFO ][0m [1m[1;33m[transcribe.py::895 transcribe]:[0m VAD filter removed 00:01.760 of audio[0m
[1m[1;34m[2026-09-04 00:46:49,027][0m [1m[1;30m[42m[INFO ][0m [1m[1;33m[jaison.py::110 start]:[0m Starting JAIson application layer.[0m
[1m[1;34m[2026-09-04 00:46:49,040][0m [1m[1;30m[42m[INFO ][0m [1m[1;33m[manager.py::328 load_operations_from_config]:[0m Active STT from config: faster_whisper_ru[0m
[1m[1;34m[2026-09-04 00:46:49,040][0m [1m[1;30m[42m[INFO ][0m [1m[1;33m[manager.py::330 load_operations_from_config]:[0m Active T2T from config: google_ai[0m
[1m[1;34m[2026-09-04 00:46:50,404][0m [1m[1;30m[42m[INFO ][0m [1m[1;33m[operation.py::32 start]:[0m Starting STT operation faster_whisper_ru[0m
[1m[1;34m[2026-09-04 00:46:50,404][0m [1m[1;30m[42m[INFO ][0m [1m[1;33m[faster_whisper.py::35 start]:[0m Loading Faster Whisper model 'medium' on cuda (int8_float16)...[0m
[1m[1;34m[2026-09-04 00:46:53,212][0m [1m[1;30m[42m[INFO ][0m [1m[1;33m[faster_whisper.py::38 start]:[0m Faster Whisper model loaded successfully.[0m
[1m[1;34m[2026-09-04 00:46:53,500][0m [1m[1;30m[42m[INFO ][0m [1m[1;33m[operation.py::32 start]:[0m Starting T2T operation universal_api[0m
[1m[1;34m[2026-09-04 00:46:53,538][0m [1m[1;30m[42m[INFO ][0m [1m[1;33m[fishaudio.py::159 configure]:[0m FishAudioTTS: настроен — model=s2.1-pro-free, reference_id=8579f198..., latency=balanced, sample_rate=44100, speed=1.0[0m
[1m[1;34m[2026-09-04 00:46:53,539][0m [1m[1;30m[42m[INFO ][0m [1m[1;33m[operation.py::32 start]:[0m Starting TTS operation fish_audio[0m
[1m[1;34m[2026-09-04 00:46:53,539][0m [1m[1;30m[42m[INFO ][0m [1m[1;33m[fishaudio.py::85 start]:[0m FishAudioTTS: операция запущена (WebSocket streaming, format=pcm)[0m
[1m[1;34m[2026-09-04 00:46:53,539][0m [1m[1;30m[42m[INFO ][0m [1m[1;33m[operation.py::32 start]:[0m Starting FILTER_TEXT operation filter_clean[0m
[1m[1;34m[2026-09-04 00:46:55,967][0m [1m[1;30m[42m[INFO ][0m [1m[1;33m[operation.py::32 start]:[0m Starting FILTER_TEXT operation chunker_sentence[0m
[1m[1;34m[2026-09-04 00:46:56,474][0m [1m[1;30m[42m[INFO ][0m [1m[1;33m[manager.py::27 load]:[0m Loading process by type hw_mic[0m
[1m[1;34m[2026-09-04 00:46:56,474][0m [1m[1;30m[43m[WARNI][0m [1m[1;33m[base.py::46 unload]:[0m Attempted to unload process hw_mic when it is already unloaded[0m
[ProcessManager] Starting Hardware Microphone (hw-mic-client)...
[1m[1;34m[2026-09-04 00:46:56,482][0m [1m[1;30m[42m[INFO ][0m [1m[1;33m[manager.py::27 load]:[0m Loading process by type discord[0m
[1m[1;34m[2026-09-04 00:46:56,483][0m [1m[1;30m[43m[WARNI][0m [1m[1;33m[base.py::46 unload]:[0m Attempted to unload process discord when it is already unloaded[0m
[1m[1;34m[2026-09-04 00:46:56,483][0m [1m[1;30m[42m[INFO ][0m [1m[1;33m[discord.py::52 reload]:[0m Starting Discord bridge for guild 390301473210236928, channel 390301473210236932.[0m
[1m[1;34m[2026-09-04 00:46:56,490][0m [1m[1;30m[42m[INFO ][0m [1m[1;33m[jaison.py::149 start]:[0m JAIson application layer has started.[0m
[1m[1;34m[2026-09-04 00:46:56,490][0m [1m[1;30m[42m[INFO ][0m [1m[1;33m[logging.py::106 info]:[0m Running on http://127.0.0.1:7272 (CTRL + C to quit)[0m
[discord] C:\Nirmita\apps\discord-bridge\main.py:11: DeprecationWarning: 'audioop' is deprecated and slated for removal in Python 3.13
[discord]   import audioop
[1m[1;34m[2026-09-04 00:46:56,900][0m [1m[1;30m[42m[INFO ][0m [1m[1;33m[app_server.py::77 ws]:[0m Opened new websocket connection[0m
[2026-09-04 00:46:56 +0300] [43532] [INFO] 127.0.0.1:3074 GET / 1.1 101 - 509
[discord] 2026-09-04 00:46:56,942 [INFO] logging in using static token
[INFO] Loading Silero VAD ONNX Session (CPU)...
[MIC] Selected by name: [72] Микрофон (4- fifine Microphone) (Windows WASAPI)
[INFO] SoundDevice Listening on: Микрофон (4- fifine Microphone) (ID: 72, hostapi: Windows WASAPI)
========================================================


[VAD] Голос! (Prob: 0.001, RMS: 0.0483) Завершена (672ms, speech: 128ms).
[2026-09-04 00:47:00 +0300] [43532] [INFO] 127.0.0.1:3081 POST /api/context/conversation/audio 1.1 200 142 1003
[1m[1;34m[2026-09-04 00:47:00,250][0m [1m[1;30m[42m[INFO ][0m [1m[1;33m[transcribe.py::881 transcribe]:[0m Processing audio with duration 00:00.672[0m

[API] Фраза отправлена (21504 байт).
[1m[1;34m[2026-09-04 00:47:00,305][0m [1m[1;30m[42m[INFO ][0m [1m[1;33m[transcribe.py::895 transcribe]:[0m VAD filter removed 00:00.672 of audio[0m
[discord] 2026-09-04 00:47:00,669 [INFO] Shard ID None has connected to Gateway (Session ID: 0671b29ec881c0f1f8ac6d0c5b20b15b).
[discord] 2026-09-04 00:47:02,700 [INFO] Authenticated as Nira#4162
[discord] 2026-09-04 00:47:02,713 [INFO] Connecting to voice...
[discord] 2026-09-04 00:47:02,713 [INFO] Starting voice handshake... (connection attempt 1)
[1m[1;34m[2026-09-04 00:47:02,714][0m [1m[1;30m[42m[INFO ][0m [1m[1;33m[app_server.py::77 ws]:[0m Opened new websocket connection[0m
[2026-09-04 00:47:02 +0300] [43532] [INFO] 127.0.0.1:3082 GET / 1.1 101 - 1163
[discord] 2026-09-04 00:47:02,715 [INFO] Connected to JAIson WebSocket
[discord] 2026-09-04 00:47:03,078 [INFO] Voice handshake complete. Endpoint found: c-otp01-f984b1df.discord.media:2087
[discord] 2026-09-04 00:47:03,374 [INFO] Voice connection complete.
[discord] 2026-09-04 00:47:03,381 [INFO] Joined voice channel 🏕️Таверна "Астрал" (390301473210236932)
[2026-09-04 00:47:06 +0300] [43532] [INFO] 127.0.0.1:3088 POST /api/context/conversation/speech_start 1.1 200 71 504
[VAD] Голос! (Prob: 0.001, RMS: 0.0164) Завершена (1600ms, speech: 800ms).
[2026-09-04 00:47:06 +0300] [43532] [INFO] 127.0.0.1:3088 POST /api/context/conversation/audio 1.1 200 142 1514
[1m[1;34m[2026-09-04 00:47:06,544][0m [1m[1;30m[42m[INFO ][0m [1m[1;33m[transcribe.py::881 transcribe]:[0m Processing audio with duration 00:01.600[0m

[API] Фраза отправлена (51200 байт).
[1m[1;34m[2026-09-04 00:47:06,547][0m [1m[1;30m[42m[INFO ][0m [1m[1;33m[transcribe.py::895 transcribe]:[0m VAD filter removed 00:00.000 of audio[0m
[1m[1;34m[2026-09-04 00:47:07,098][0m [1m[1;30m[42m[INFO ][0m [1m[1;33m[jaison.py::483 _interrupt_jobs]:[0m Smart Barge-in: Interrupting and clearing queue due to: user_speaking_significant[0m
[1m[1;34m[2026-09-04 00:47:07,602][0m [1m[1;30m[42m[INFO ][0m [1m[1;33m[jaison.py::444 create_job]:[0m Queued new context_conversation_add_text job fd90d841-e5a3-4783-bd91-038930211dca[0m
[1m[1;34m[2026-09-04 00:47:07,602][0m [1m[1;30m[42m[INFO ][0m [1m[1;33m[jaison.py::444 create_job]:[0m Queued new response job 7d13ba5c-f937-452d-87f0-7173ef8ed7a1[0m
[1m[1;34m[2026-09-04 00:47:25,677][0m [1m[1;30m[42m[INFO ][0m [1m[1;33m[_base_client.py::1586 _sleep_for_retry]:[0m Retrying request to /chat/completions in 0.444021 seconds[0m
[1m[1;34m[2026-09-04 00:47:30,501][0m [1m[1;30m[42m[INFO ][0m [1m[1;33m[operation.py::25 __call__]:[0m T2T operation universal_api completed in 22897.134299972095 ms[0m
[1m[1;34m[2026-09-04 00:47:32,122][0m [1m[1;30m[42m[INFO ][0m [1m[1;33m[operation.py::25 __call__]:[0m TTS operation fish_audio completed in 1609.2198999831453 ms[0m
[1m[1;34m[2026-09-04 00:47:33,819][0m [1m[1;30m[42m[INFO ][0m [1m[1;33m[operation.py::25 __call__]:[0m TTS operation fish_audio completed in 1696.5968000004068 ms[0m
[1m[1;34m[2026-09-04 00:47:36,719][0m [1m[1;30m[42m[INFO ][0m [1m[1;33m[operation.py::25 __call__]:[0m TTS operation fish_audio completed in 2899.4670999236405 ms[0m
[1m[1;34m[2026-09-04 00:47:36,719][0m [1m[1;30m[42m[INFO ][0m [1m[1;33m[operation.py::25 __call__]:[0m FILTER_TEXT operation chunker_sentence completed in 6217.9154000477865 ms[0m
[1m[1;34m[2026-09-04 00:47:36,719][0m [1m[1;30m[42m[INFO ][0m [1m[1;33m[operation.py::25 __call__]:[0m FILTER_TEXT operation filter_clean completed in 6218.031099997461 ms[0m
[1m[1;34m[2026-09-04 00:47:36,719][0m [1m[1;30m[42m[INFO ][0m [1m[1;33m[jaison.py::966 response_pipeline]:[0m Response job 7d13ba5c-f937-452d-87f0-7173ef8ed7a1 completed. Content: 'Привет, Зефир! Рада тебя видеть. Ты просто зашел поздороваться или принес новые идеи для прокачки мо...'[0m
[1m[1;34m[2026-09-04 00:52:09,000][0m [1m[1;30m[42m[INFO ][0m [1m[1;33m[jaison.py::110 start]:[0m Starting JAIson application layer.[0m
[1m[1;34m[2026-09-04 00:52:09,012][0m [1m[1;30m[42m[INFO ][0m [1m[1;33m[manager.py::328 load_operations_from_config]:[0m Active STT from config: faster_whisper_ru[0m
[1m[1;34m[2026-09-04 00:52:09,012][0m [1m[1;30m[42m[INFO ][0m [1m[1;33m[manager.py::330 load_operations_from_config]:[0m Active T2T from config: groq[0m
[1m[1;34m[2026-09-04 00:52:10,354][0m [1m[1;30m[42m[INFO ][0m [1m[1;33m[operation.py::32 start]:[0m Starting STT operation faster_whisper_ru[0m
[1m[1;34m[2026-09-04 00:52:10,354][0m [1m[1;30m[42m[INFO ][0m [1m[1;33m[faster_whisper.py::35 start]:[0m Loading Faster Whisper model 'medium' on cuda (int8_float16)...[0m
[1m[1;34m[2026-09-04 00:52:13,221][0m [1m[1;30m[42m[INFO ][0m [1m[1;33m[faster_whisper.py::38 start]:[0m Faster Whisper model loaded successfully.[0m
[1m[1;34m[2026-09-04 00:52:13,504][0m [1m[1;30m[42m[INFO ][0m [1m[1;33m[operation.py::32 start]:[0m Starting T2T operation universal_api[0m
[1m[1;34m[2026-09-04 00:52:13,542][0m [1m[1;30m[42m[INFO ][0m [1m[1;33m[fishaudio.py::159 configure]:[0m FishAudioTTS: настроен — model=s2.1-pro-free, reference_id=8579f198..., latency=balanced, sample_rate=44100, speed=1.0[0m
[1m[1;34m[2026-09-04 00:52:13,542][0m [1m[1;30m[42m[INFO ][0m [1m[1;33m[operation.py::32 start]:[0m Starting TTS operation fish_audio[0m
[1m[1;34m[2026-09-04 00:52:13,542][0m [1m[1;30m[42m[INFO ][0m [1m[1;33m[fishaudio.py::85 start]:[0m FishAudioTTS: операция запущена (WebSocket streaming, format=pcm)[0m
[1m[1;34m[2026-09-04 00:52:13,544][0m [1m[1;30m[42m[INFO ][0m [1m[1;33m[operation.py::32 start]:[0m Starting FILTER_TEXT operation filter_clean[0m
[1m[1;34m[2026-09-04 00:52:15,945][0m [1m[1;30m[42m[INFO ][0m [1m[1;33m[operation.py::32 start]:[0m Starting FILTER_TEXT operation chunker_sentence[0m
[1m[1;34m[2026-09-04 00:52:16,469][0m [1m[1;30m[42m[INFO ][0m [1m[1;33m[manager.py::27 load]:[0m Loading process by type hw_mic[0m
[1m[1;34m[2026-09-04 00:52:16,470][0m [1m[1;30m[43m[WARNI][0m [1m[1;33m[base.py::46 unload]:[0m Attempted to unload process hw_mic when it is already unloaded[0m
[ProcessManager] Starting Hardware Microphone (hw-mic-client)...
[1m[1;34m[2026-09-04 00:52:16,478][0m [1m[1;30m[42m[INFO ][0m [1m[1;33m[manager.py::27 load]:[0m Loading process by type discord[0m
[1m[1;34m[2026-09-04 00:52:16,478][0m [1m[1;30m[43m[WARNI][0m [1m[1;33m[base.py::46 unload]:[0m Attempted to unload process discord when it is already unloaded[0m
[1m[1;34m[2026-09-04 00:52:16,478][0m [1m[1;30m[42m[INFO ][0m [1m[1;33m[discord.py::52 reload]:[0m Starting Discord bridge for guild 390301473210236928, channel 390301473210236932.[0m
[1m[1;34m[2026-09-04 00:52:16,485][0m [1m[1;30m[42m[INFO ][0m [1m[1;33m[jaison.py::149 start]:[0m JAIson application layer has started.[0m
[1m[1;34m[2026-09-04 00:52:16,485][0m [1m[1;30m[42m[INFO ][0m [1m[1;33m[logging.py::106 info]:[0m Running on http://127.0.0.1:7272 (CTRL + C to quit)[0m
[discord] C:\Nirmita\apps\discord-bridge\main.py:11: DeprecationWarning: 'audioop' is deprecated and slated for removal in Python 3.13
[discord]   import audioop
[discord] 2026-09-04 00:52:16,942 [INFO] logging in using static token
[INFO] Loading Silero VAD ONNX Session (CPU)...
[MIC] Selected by name: [72] Микрофон (4- fifine Microphone) (Windows WASAPI)
[INFO] SoundDevice Listening on: Микрофон (4- fifine Microphone) (ID: 72, hostapi: Windows WASAPI)
========================================================


[VAD] Голос! (Prob: 0.001, RMS: 0.0483) Завершена (672ms, speech: 128ms).
[discord] 2026-09-04 00:52:18,416 [INFO] Shard ID None has connected to Gateway (Session ID: 295782b431f0b439f6508933e7899c98).
[1m[1;34m[2026-09-04 00:52:19,977][0m [1m[1;30m[42m[INFO ][0m [1m[1;33m[app_server.py::77 ws]:[0m Opened new websocket connection[0m
[2026-09-04 00:52:19 +0300] [47440] [INFO] 127.0.0.1:6496 GET / 1.1 101 - 1000
[2026-09-04 00:52:20 +0300] [47440] [INFO] 127.0.0.1:6497 POST /api/context/conversation/audio 1.1 200 142 1507
[1m[1;34m[2026-09-04 00:52:20,250][0m [1m[1;30m[42m[INFO ][0m [1m[1;33m[transcribe.py::881 transcribe]:[0m Processing audio with duration 00:00.672[0m

[API] Фраза отправлена (21504 байт).
[1m[1;34m[2026-09-04 00:52:20,311][0m [1m[1;30m[42m[INFO ][0m [1m[1;33m[transcribe.py::895 transcribe]:[0m VAD filter removed 00:00.672 of audio[0m
[discord] 2026-09-04 00:52:20,442 [INFO] Authenticated as Nira#4162
[discord] 2026-09-04 00:52:20,456 [INFO] Connecting to voice...
[discord] 2026-09-04 00:52:20,456 [INFO] Starting voice handshake... (connection attempt 1)
[1m[1;34m[2026-09-04 00:52:20,457][0m [1m[1;30m[42m[INFO ][0m [1m[1;33m[app_server.py::77 ws]:[0m Opened new websocket connection[0m
[2026-09-04 00:52:20 +0300] [47440] [INFO] 127.0.0.1:6498 GET / 1.1 101 - 0
[discord] 2026-09-04 00:52:20,457 [INFO] Connected to JAIson WebSocket
[discord] 2026-09-04 00:52:20,815 [INFO] Voice handshake complete. Endpoint found: c-otp01-f984b1df.discord.media:2087
[discord] 2026-09-04 00:52:21,128 [INFO] Voice connection complete.
[discord] 2026-09-04 00:52:21,134 [INFO] Joined voice channel 🏕️Таверна "Астрал" (390301473210236932)
[1m[1;34m[2026-09-04 00:52:24,680][0m [1m[1;30m[42m[INFO ][0m [1m[1;33m[app_server.py::86 ws]:[0m Closed websocket connection[0m
[2026-09-04 00:52:25 +0300] [47440] [INFO] 127.0.0.1:4787 GET /api/config 1.1 200 4128 1020
[2026-09-04 00:52:25 +0300] [47440] [INFO] 127.0.0.1:4789 GET /api/config 1.1 200 4128 498
[2026-09-04 00:52:25 +0300] [47440] [INFO] 127.0.0.1:4791 GET /api/context/history 1.1 200 59 508
[2026-09-04 00:52:25 +0300] [47440] [INFO] 127.0.0.1:4289 GET /api/context/history 1.1 200 59 0
[1m[1;34m[2026-09-04 00:52:25,483][0m [1m[1;30m[42m[INFO ][0m [1m[1;33m[app_server.py::77 ws]:[0m Opened new websocket connection[0m
[2026-09-04 00:52:25 +0300] [47440] [INFO] 127.0.0.1:7350 GET / 1.1 101 - 504
[2026-09-04 00:52:27 +0300] [47440] [INFO] 127.0.0.1:7951 POST /api/context/conversation/speech_start 1.1 200 71 502
[VAD] Голос! (Prob: 0.001, RMS: 0.0085) Завершена (3264ms, speech: 2112ms).
[2026-09-04 00:52:29 +0300] [47440] [INFO] 127.0.0.1:7951 POST /api/context/conversation/audio 1.1 200 142 1018
[1m[1;34m[2026-09-04 00:52:29,641][0m [1m[1;30m[42m[INFO ][0m [1m[1;33m[transcribe.py::881 transcribe]:[0m Processing audio with duration 00:03.264[0m

[API] Фраза отправлена (104448 байт).
[1m[1;34m[2026-09-04 00:52:29,647][0m [1m[1;30m[42m[INFO ][0m [1m[1;33m[transcribe.py::895 transcribe]:[0m VAD filter removed 00:00.912 of audio[0m
[1m[1;34m[2026-09-04 00:52:30,304][0m [1m[1;30m[42m[INFO ][0m [1m[1;33m[jaison.py::483 _interrupt_jobs]:[0m Smart Barge-in: Interrupting and clearing queue due to: user_speaking_significant[0m
[1m[1;34m[2026-09-04 00:52:30,821][0m [1m[1;30m[42m[INFO ][0m [1m[1;33m[jaison.py::444 create_job]:[0m Queued new context_conversation_add_text job c19693e1-d5b7-4f44-8520-3867b7a8de3a[0m
[1m[1;34m[2026-09-04 00:52:30,821][0m [1m[1;30m[42m[INFO ][0m [1m[1;33m[jaison.py::444 create_job]:[0m Queued new response job e6d72fc7-d89d-4873-94c3-7fea6659a287[0m
[1m[1;34m[2026-09-04 00:52:31,240][0m [1m[1;30m[41m[ERROR][0m [1m[1;33m[jaison.py::763 _process_job_loop]:[0m Job e6d72fc7-d89d-4873-94c3-7fea6659a287 failed with error: Error code: 404 - {'error': {'message': 'The model `gpt-oss-120b` does not exist or you do not have access to it.', 'type': 'invalid_request_error', 'code': 'model_not_found'}}[0m
Traceback (most recent call last):
  File "C:\Nirmita\src\utils\jaison.py", line 745, in _process_job_loop
    await self.job_current
  File "C:\Nirmita\src\utils\jaison.py", line 866, in response_pipeline
    async for chunk_out in self.op_manager.use_operation(OpRoles.T2T, {"instruction_prompt": instruction_prompt, "messages": history}):
  File "C:\Nirmita\src\utils\operations\base\operation.py", line 21, in __call__
    async for chunk_out in self._generate(**kwargs):
  File "C:\Nirmita\src\utils\operations\t2t\universal_api.py", line 97, in _generate
    stream = await self.client.chat.completions.create(
             ^^^^^^^^^^^^^^^^^^^^^^^^^^^^^^^^^^^^^^^^^^
  File "C:\Nirmita\.conda312\Lib\site-packages\openai\resources\chat\completions\completions.py", line 2028, in create
    return await self._post(
           ^^^^^^^^^^^^^^^^^
  File "C:\Nirmita\.conda312\Lib\site-packages\openai\_base_client.py", line 1762, in post
    return await self.request(cast_to, opts, stream=stream, stream_cls=stream_cls)
           ^^^^^^^^^^^^^^^^^^^^^^^^^^^^^^^^^^^^^^^^^^^^^^^^^^^^^^^^^^^^^^^^^^^^^^^
  File "C:\Nirmita\.conda312\Lib\site-packages\openai\_base_client.py", line 1562, in request
    raise self._make_status_error_from_response(err.response) from None
openai.NotFoundError: Error code: 404 - {'error': {'message': 'The model `gpt-oss-120b` does not exist or you do not have access to it.', 'type': 'invalid_request_error', 'code': 'model_not_found'}}
[VAD] Голос! (Prob: 0.001, RMS: 0.0128) Завершена (960ms, speech: 160ms).
[2026-09-04 00:52:43 +0300] [47440] [INFO] 127.0.0.1:7782 POST /api/context/conversation/speech_start 1.1 200 71 0

[2026-09-04 00:52:44 +0300] [47440] [INFO] 127.0.0.1:7782 POST /api/context/conversation/speech_start 1.1 200 71 1026
[VAD] Голос! (Prob: 0.001, RMS: 0.0248) Завершена (960ms, speech: 160ms).
[2026-09-04 00:52:44 +0300] [47440] [INFO] 127.0.0.1:7782 POST /api/context/conversation/audio 1.1 200 142 0

[1m[1;34m[2026-09-04 00:52:44,579][0m [1m[1;30m[42m[INFO ][0m [1m[1;33m[transcribe.py::881 transcribe]:[0m Processing audio with duration 00:00.960[0m
[API] Фраза отправлена (30720 байт).
[1m[1;34m[2026-09-04 00:52:44,582][0m [1m[1;30m[42m[INFO ][0m [1m[1;33m[transcribe.py::895 transcribe]:[0m VAD filter removed 00:00.960 of audio[0m
[2026-09-04 00:52:45 +0300] [47440] [INFO] 127.0.0.1:7783 POST /api/context/conversation/audio 1.1 200 142 1042
[1m[1;34m[2026-09-04 00:52:45,225][0m [1m[1;30m[42m[INFO ][0m [1m[1;33m[transcribe.py::881 transcribe]:[0m Processing audio with duration 00:00.960[0m

[API] Фраза отправлена (30720 байт).
[1m[1;34m[2026-09-04 00:52:45,229][0m [1m[1;30m[42m[INFO ][0m [1m[1;33m[transcribe.py::895 transcribe]:[0m VAD filter removed 00:00.960 of audio[0m
[1m[1;34m[2026-09-04 00:53:59,770][0m [1m[1;30m[42m[INFO ][0m [1m[1;33m[jaison.py::110 start]:[0m Starting JAIson application layer.[0m
[1m[1;34m[2026-09-04 00:53:59,784][0m [1m[1;30m[42m[INFO ][0m [1m[1;33m[manager.py::328 load_operations_from_config]:[0m Active STT from config: faster_whisper_ru[0m
[1m[1;34m[2026-09-04 00:53:59,784][0m [1m[1;30m[42m[INFO ][0m [1m[1;33m[manager.py::330 load_operations_from_config]:[0m Active T2T from config: groq[0m
[1m[1;34m[2026-09-04 00:54:01,181][0m [1m[1;30m[42m[INFO ][0m [1m[1;33m[operation.py::32 start]:[0m Starting STT operation faster_whisper_ru[0m
[1m[1;34m[2026-09-04 00:54:01,181][0m [1m[1;30m[42m[INFO ][0m [1m[1;33m[faster_whisper.py::35 start]:[0m Loading Faster Whisper model 'medium' on cuda (int8_float16)...[0m
[1m[1;34m[2026-09-04 00:54:04,054][0m [1m[1;30m[42m[INFO ][0m [1m[1;33m[faster_whisper.py::38 start]:[0m Faster Whisper model loaded successfully.[0m
[1m[1;34m[2026-09-04 00:54:04,338][0m [1m[1;30m[42m[INFO ][0m [1m[1;33m[operation.py::32 start]:[0m Starting T2T operation universal_api[0m
[1m[1;34m[2026-09-04 00:54:04,377][0m [1m[1;30m[42m[INFO ][0m [1m[1;33m[fishaudio.py::159 configure]:[0m FishAudioTTS: настроен — model=s2.1-pro-free, reference_id=8579f198..., latency=balanced, sample_rate=44100, speed=1.0[0m
[1m[1;34m[2026-09-04 00:54:04,377][0m [1m[1;30m[42m[INFO ][0m [1m[1;33m[operation.py::32 start]:[0m Starting TTS operation fish_audio[0m
[1m[1;34m[2026-09-04 00:54:04,377][0m [1m[1;30m[42m[INFO ][0m [1m[1;33m[fishaudio.py::85 start]:[0m FishAudioTTS: операция запущена (WebSocket streaming, format=pcm)[0m
[1m[1;34m[2026-09-04 00:54:04,379][0m [1m[1;30m[42m[INFO ][0m [1m[1;33m[operation.py::32 start]:[0m Starting FILTER_TEXT operation filter_clean[0m
[1m[1;34m[2026-09-04 00:54:06,840][0m [1m[1;30m[42m[INFO ][0m [1m[1;33m[operation.py::32 start]:[0m Starting FILTER_TEXT operation chunker_sentence[0m
[1m[1;34m[2026-09-04 00:54:07,348][0m [1m[1;30m[42m[INFO ][0m [1m[1;33m[manager.py::27 load]:[0m Loading process by type hw_mic[0m
[1m[1;34m[2026-09-04 00:54:07,350][0m [1m[1;30m[43m[WARNI][0m [1m[1;33m[base.py::46 unload]:[0m Attempted to unload process hw_mic when it is already unloaded[0m
[ProcessManager] Starting Hardware Microphone (hw-mic-client)...
[1m[1;34m[2026-09-04 00:54:07,358][0m [1m[1;30m[42m[INFO ][0m [1m[1;33m[manager.py::27 load]:[0m Loading process by type discord[0m
[1m[1;34m[2026-09-04 00:54:07,358][0m [1m[1;30m[43m[WARNI][0m [1m[1;33m[base.py::46 unload]:[0m Attempted to unload process discord when it is already unloaded[0m
[1m[1;34m[2026-09-04 00:54:07,358][0m [1m[1;30m[42m[INFO ][0m [1m[1;33m[discord.py::52 reload]:[0m Starting Discord bridge for guild 390301473210236928, channel 390301473210236932.[0m
[1m[1;34m[2026-09-04 00:54:07,364][0m [1m[1;30m[42m[INFO ][0m [1m[1;33m[jaison.py::149 start]:[0m JAIson application layer has started.[0m
[1m[1;34m[2026-09-04 00:54:07,365][0m [1m[1;30m[42m[INFO ][0m [1m[1;33m[logging.py::106 info]:[0m Running on http://127.0.0.1:7272 (CTRL + C to quit)[0m
[discord] C:\Nirmita\apps\discord-bridge\main.py:11: DeprecationWarning: 'audioop' is deprecated and slated for removal in Python 3.13
[discord]   import audioop
[1m[1;34m[2026-09-04 00:54:07,534][0m [1m[1;30m[42m[INFO ][0m [1m[1;33m[app_server.py::77 ws]:[0m Opened new websocket connection[0m
[2026-09-04 00:54:07 +0300] [15048] [INFO] 127.0.0.1:12012 GET / 1.1 101 - 1006
[discord] 2026-09-04 00:54:07,802 [INFO] logging in using static token
[INFO] Loading Silero VAD ONNX Session (CPU)...
[MIC] Selected by name: [72] Микрофон (4- fifine Microphone) (Windows WASAPI)
[INFO] SoundDevice Listening on: Микрофон (4- fifine Microphone) (ID: 72, hostapi: Windows WASAPI)
========================================================


[discord] 2026-09-04 00:54:08,873 [INFO] Shard ID None has connected to Gateway (Session ID: 20eb5ab05cf15e2beedf552fbbe09601).
[VAD] Голос! (Prob: 0.001, RMS: 0.0483) Завершена (672ms, speech: 128ms).
[discord] 2026-09-04 00:54:10,898 [INFO] Authenticated as Nira#4162
[discord] 2026-09-04 00:54:10,911 [INFO] Connecting to voice...
[discord] 2026-09-04 00:54:10,911 [INFO] Starting voice handshake... (connection attempt 1)
[1m[1;34m[2026-09-04 00:54:10,911][0m [1m[1;30m[42m[INFO ][0m [1m[1;33m[app_server.py::77 ws]:[0m Opened new websocket connection[0m
[2026-09-04 00:54:10 +0300] [15048] [INFO] 127.0.0.1:12022 GET / 1.1 101 - 1005
[discord] 2026-09-04 00:54:10,912 [INFO] Connected to JAIson WebSocket
[2026-09-04 00:54:11 +0300] [15048] [INFO] 127.0.0.1:12023 POST /api/context/conversation/audio 1.1 200 142 0
[1m[1;34m[2026-09-04 00:54:11,087][0m [1m[1;30m[42m[INFO ][0m [1m[1;33m[transcribe.py::881 transcribe]:[0m Processing audio with duration 00:00.672[0m

[API] Фраза отправлена (21504 байт).
[1m[1;34m[2026-09-04 00:54:11,147][0m [1m[1;30m[42m[INFO ][0m [1m[1;33m[transcribe.py::895 transcribe]:[0m VAD filter removed 00:00.672 of audio[0m
[discord] 2026-09-04 00:54:11,231 [INFO] Voice handshake complete. Endpoint found: c-otp01-f984b1df.discord.media:2087
[discord] 2026-09-04 00:54:11,533 [INFO] Voice connection complete.
[discord] 2026-09-04 00:54:11,534 [INFO] Joined voice channel 🏕️Таверна "Астрал" (390301473210236932)
[2026-09-04 00:54:31 +0300] [15048] [INFO] 127.0.0.1:12030 POST /api/context/conversation/speech_start 1.1 200 71 1003
[VAD] Голос! (Prob: 0.001, RMS: 0.0289) Завершена (2400ms, speech: 1568ms).
[2026-09-04 00:54:32 +0300] [15048] [INFO] 127.0.0.1:12030 POST /api/context/conversation/audio 1.1 200 142 1016
[1m[1;34m[2026-09-04 00:54:32,561][0m [1m[1;30m[42m[INFO ][0m [1m[1;33m[transcribe.py::881 transcribe]:[0m Processing audio with duration 00:02.400[0m

[API] Фраза отправлена (76800 байт).
[1m[1;34m[2026-09-04 00:54:32,566][0m [1m[1;30m[42m[INFO ][0m [1m[1;33m[transcribe.py::895 transcribe]:[0m VAD filter removed 00:00.000 of audio[0m
[1m[1;34m[2026-09-04 00:54:33,158][0m [1m[1;30m[42m[INFO ][0m [1m[1;33m[jaison.py::483 _interrupt_jobs]:[0m Smart Barge-in: Interrupting and clearing queue due to: user_speaking_significant[0m
[1m[1;34m[2026-09-04 00:54:33,666][0m [1m[1;30m[42m[INFO ][0m [1m[1;33m[jaison.py::444 create_job]:[0m Queued new context_conversation_add_text job 4d33ed66-5a8b-4539-88a9-e590384b077c[0m
[1m[1;34m[2026-09-04 00:54:33,666][0m [1m[1;30m[42m[INFO ][0m [1m[1;33m[jaison.py::444 create_job]:[0m Queued new response job 4215abb4-a3c9-45e5-81d5-e44b3db2c129[0m
[1m[1;34m[2026-09-04 00:54:34,138][0m [1m[1;30m[41m[ERROR][0m [1m[1;33m[jaison.py::763 _process_job_loop]:[0m Job 4215abb4-a3c9-45e5-81d5-e44b3db2c129 failed with error: Error code: 400 - {'error': {'message': 'The model `llama-3.1-70b-versatile` has been decommissioned and is no longer supported. Please refer to https://console.groq.com/docs/deprecations for a recommendation on which model to use instead.', 'type': 'invalid_request_error', 'code': 'model_decommissioned'}}[0m
Traceback (most recent call last):
  File "C:\Nirmita\src\utils\jaison.py", line 745, in _process_job_loop
    await self.job_current
  File "C:\Nirmita\src\utils\jaison.py", line 866, in response_pipeline
    async for chunk_out in self.op_manager.use_operation(OpRoles.T2T, {"instruction_prompt": instruction_prompt, "messages": history}):
  File "C:\Nirmita\src\utils\operations\base\operation.py", line 21, in __call__
    async for chunk_out in self._generate(**kwargs):
  File "C:\Nirmita\src\utils\operations\t2t\universal_api.py", line 97, in _generate
    stream = await self.client.chat.completions.create(
             ^^^^^^^^^^^^^^^^^^^^^^^^^^^^^^^^^^^^^^^^^^
  File "C:\Nirmita\.conda312\Lib\site-packages\openai\resources\chat\completions\completions.py", line 2028, in create
    return await self._post(
           ^^^^^^^^^^^^^^^^^
  File "C:\Nirmita\.conda312\Lib\site-packages\openai\_base_client.py", line 1762, in post
    return await self.request(cast_to, opts, stream=stream, stream_cls=stream_cls)
           ^^^^^^^^^^^^^^^^^^^^^^^^^^^^^^^^^^^^^^^^^^^^^^^^^^^^^^^^^^^^^^^^^^^^^^^
  File "C:\Nirmita\.conda312\Lib\site-packages\openai\_base_client.py", line 1562, in request
    raise self._make_status_error_from_response(err.response) from None
openai.BadRequestError: Error code: 400 - {'error': {'message': 'The model `llama-3.1-70b-versatile` has been decommissioned and is no longer supported. Please refer to https://console.groq.com/docs/deprecations for a recommendation on which model to use instead.', 'type': 'invalid_request_error', 'code': 'model_decommissioned'}}
[VAD] Голос! (Prob: 0.001, RMS: 0.0121) Завершена (960ms, speech: 160ms).
[2026-09-04 00:54:41 +0300] [15048] [INFO] 127.0.0.1:12035 POST /api/context/conversation/speech_start 1.1 200 71 1004
[2026-09-04 00:54:42 +0300] [15048] [INFO] 127.0.0.1:12036 POST /api/context/conversation/audio 1.1 200 142 1514
[1m[1;34m[2026-09-04 00:54:42,643][0m [1m[1;30m[42m[INFO ][0m [1m[1;33m[transcribe.py::881 transcribe]:[0m Processing audio with duration 00:00.960[0m

[API] Фраза отправлена (30720 байт).
[1m[1;34m[2026-09-04 00:54:42,646][0m [1m[1;30m[42m[INFO ][0m [1m[1;33m[transcribe.py::895 transcribe]:[0m VAD filter removed 00:00.960 of audio[0m
[1m[1;34m[2026-09-04 00:56:43,996][0m [1m[1;30m[42m[INFO ][0m [1m[1;33m[jaison.py::110 start]:[0m Starting JAIson application layer.[0m
[1m[1;34m[2026-09-04 00:56:44,009][0m [1m[1;30m[42m[INFO ][0m [1m[1;33m[manager.py::328 load_operations_from_config]:[0m Active STT from config: faster_whisper_ru[0m
[1m[1;34m[2026-09-04 00:56:44,009][0m [1m[1;30m[42m[INFO ][0m [1m[1;33m[manager.py::330 load_operations_from_config]:[0m Active T2T from config: groq[0m
[1m[1;34m[2026-09-04 00:56:45,433][0m [1m[1;30m[42m[INFO ][0m [1m[1;33m[operation.py::32 start]:[0m Starting STT operation faster_whisper_ru[0m
[1m[1;34m[2026-09-04 00:56:45,433][0m [1m[1;30m[42m[INFO ][0m [1m[1;33m[faster_whisper.py::35 start]:[0m Loading Faster Whisper model 'medium' on cuda (int8_float16)...[0m
[1m[1;34m[2026-09-04 00:56:48,359][0m [1m[1;30m[42m[INFO ][0m [1m[1;33m[faster_whisper.py::38 start]:[0m Faster Whisper model loaded successfully.[0m
[1m[1;34m[2026-09-04 00:56:48,653][0m [1m[1;30m[42m[INFO ][0m [1m[1;33m[operation.py::32 start]:[0m Starting T2T operation universal_api[0m
[1m[1;34m[2026-09-04 00:56:48,696][0m [1m[1;30m[42m[INFO ][0m [1m[1;33m[fishaudio.py::159 configure]:[0m FishAudioTTS: настроен — model=s2.1-pro-free, reference_id=8579f198..., latency=balanced, sample_rate=44100, speed=1.0[0m
[1m[1;34m[2026-09-04 00:56:48,697][0m [1m[1;30m[42m[INFO ][0m [1m[1;33m[operation.py::32 start]:[0m Starting TTS operation fish_audio[0m
[1m[1;34m[2026-09-04 00:56:48,697][0m [1m[1;30m[42m[INFO ][0m [1m[1;33m[fishaudio.py::85 start]:[0m FishAudioTTS: операция запущена (WebSocket streaming, format=pcm)[0m
[1m[1;34m[2026-09-04 00:56:48,698][0m [1m[1;30m[42m[INFO ][0m [1m[1;33m[operation.py::32 start]:[0m Starting FILTER_TEXT operation filter_clean[0m
[1m[1;34m[2026-09-04 00:56:51,080][0m [1m[1;30m[42m[INFO ][0m [1m[1;33m[operation.py::32 start]:[0m Starting FILTER_TEXT operation chunker_sentence[0m
[1m[1;34m[2026-09-04 00:56:51,582][0m [1m[1;30m[42m[INFO ][0m [1m[1;33m[manager.py::27 load]:[0m Loading process by type hw_mic[0m
[1m[1;34m[2026-09-04 00:56:51,584][0m [1m[1;30m[43m[WARNI][0m [1m[1;33m[base.py::46 unload]:[0m Attempted to unload process hw_mic when it is already unloaded[0m
[ProcessManager] Starting Hardware Microphone (hw-mic-client)...
[1m[1;34m[2026-09-04 00:56:51,591][0m [1m[1;30m[42m[INFO ][0m [1m[1;33m[manager.py::27 load]:[0m Loading process by type discord[0m
[1m[1;34m[2026-09-04 00:56:51,592][0m [1m[1;30m[43m[WARNI][0m [1m[1;33m[base.py::46 unload]:[0m Attempted to unload process discord when it is already unloaded[0m
[1m[1;34m[2026-09-04 00:56:51,592][0m [1m[1;30m[42m[INFO ][0m [1m[1;33m[discord.py::52 reload]:[0m Starting Discord bridge for guild 390301473210236928, channel 390301473210236932.[0m
[1m[1;34m[2026-09-04 00:56:51,598][0m [1m[1;30m[42m[INFO ][0m [1m[1;33m[jaison.py::149 start]:[0m JAIson application layer has started.[0m
[1m[1;34m[2026-09-04 00:56:51,598][0m [1m[1;30m[42m[INFO ][0m [1m[1;33m[logging.py::106 info]:[0m Running on http://127.0.0.1:7272 (CTRL + C to quit)[0m
[discord] C:\Nirmita\apps\discord-bridge\main.py:11: DeprecationWarning: 'audioop' is deprecated and slated for removal in Python 3.13
[discord]   import audioop
[1m[1;34m[2026-09-04 00:56:51,895][0m [1m[1;30m[42m[INFO ][0m [1m[1;33m[app_server.py::77 ws]:[0m Opened new websocket connection[0m
[2026-09-04 00:56:51 +0300] [33964] [INFO] 127.0.0.1:4857 GET / 1.1 101 - 1013
[discord] 2026-09-04 00:56:52,041 [INFO] logging in using static token
[INFO] Loading Silero VAD ONNX Session (CPU)...
[MIC] Selected by name: [72] Микрофон (4- fifine Microphone) (Windows WASAPI)
[INFO] SoundDevice Listening on: Микрофон (4- fifine Microphone) (ID: 72, hostapi: Windows WASAPI)
========================================================


[discord] 2026-09-04 00:56:53,134 [INFO] Shard ID None has connected to Gateway (Session ID: f22faa15d45d685b1c0ecae939e5b1b9).
[VAD] Голос! (Prob: 0.001, RMS: 0.0483) Завершена (672ms, speech: 128ms).
[discord] 2026-09-04 00:56:55,146 [INFO] Authenticated as Nira#4162
[discord] 2026-09-04 00:56:55,160 [INFO] Connecting to voice...
[discord] 2026-09-04 00:56:55,160 [INFO] Starting voice handshake... (connection attempt 1)
[1m[1;34m[2026-09-04 00:56:55,161][0m [1m[1;30m[42m[INFO ][0m [1m[1;33m[app_server.py::77 ws]:[0m Opened new websocket connection[0m
[2026-09-04 00:56:55 +0300] [33964] [INFO] 127.0.0.1:4863 GET / 1.1 101 - 998
[discord] 2026-09-04 00:56:55,161 [INFO] Connected to JAIson WebSocket
[2026-09-04 00:56:55 +0300] [33964] [INFO] 127.0.0.1:4864 POST /api/context/conversation/audio 1.1 200 142 506
[1m[1;34m[2026-09-04 00:56:55,316][0m [1m[1;30m[42m[INFO ][0m [1m[1;33m[transcribe.py::881 transcribe]:[0m Processing audio with duration 00:00.672[0m

[API] Фраза отправлена (21504 байт).
[1m[1;34m[2026-09-04 00:56:55,379][0m [1m[1;30m[42m[INFO ][0m [1m[1;33m[transcribe.py::895 transcribe]:[0m VAD filter removed 00:00.672 of audio[0m
[discord] 2026-09-04 00:56:55,481 [INFO] Voice handshake complete. Endpoint found: c-otp01-f984b1df.discord.media:2087
[discord] 2026-09-04 00:56:55,806 [INFO] Voice connection complete.
[discord] 2026-09-04 00:56:55,806 [INFO] Joined voice channel 🏕️Таверна "Астрал" (390301473210236932)
[1m[1;34m[2026-09-04 00:56:59,895][0m [1m[1;30m[42m[INFO ][0m [1m[1;33m[app_server.py::86 ws]:[0m Closed websocket connection[0m
[2026-09-04 00:57:00 +0300] [33964] [INFO] 127.0.0.1:4688 GET /api/config 1.1 200 4135 1005
[2026-09-04 00:57:00 +0300] [33964] [INFO] 127.0.0.1:4690 GET /api/config 1.1 200 4135 1022
[2026-09-04 00:57:00 +0300] [33964] [INFO] 127.0.0.1:4692 GET /api/context/history 1.1 200 59 0
[2026-09-04 00:57:00 +0300] [33964] [INFO] 127.0.0.1:10401 GET /api/context/history 1.1 200 59 510
[1m[1;34m[2026-09-04 00:57:00,668][0m [1m[1;30m[42m[INFO ][0m [1m[1;33m[app_server.py::77 ws]:[0m Opened new websocket connection[0m
[2026-09-04 00:57:00 +0300] [33964] [INFO] 127.0.0.1:5582 GET / 1.1 101 - 1010
[2026-09-04 00:57:06 +0300] [33964] [INFO] 127.0.0.1:5591 POST /api/context/conversation/speech_start 1.1 200 71 0
[VAD] Голос! (Prob: 0.001, RMS: 0.0090) Завершена (3072ms, speech: 1888ms).
[2026-09-04 00:57:08 +0300] [33964] [INFO] 127.0.0.1:5591 POST /api/context/conversation/audio 1.1 200 142 1509
[1m[1;34m[2026-09-04 00:57:08,288][0m [1m[1;30m[42m[INFO ][0m [1m[1;33m[transcribe.py::881 transcribe]:[0m Processing audio with duration 00:03.072[0m

[API] Фраза отправлена (98304 байт).
[1m[1;34m[2026-09-04 00:57:08,296][0m [1m[1;30m[42m[INFO ][0m [1m[1;33m[transcribe.py::895 transcribe]:[0m VAD filter removed 00:00.000 of audio[0m
[1m[1;34m[2026-09-04 00:57:09,107][0m [1m[1;30m[42m[INFO ][0m [1m[1;33m[jaison.py::483 _interrupt_jobs]:[0m Smart Barge-in: Interrupting and clearing queue due to: user_speaking_significant[0m
[1m[1;34m[2026-09-04 00:57:09,623][0m [1m[1;30m[42m[INFO ][0m [1m[1;33m[jaison.py::444 create_job]:[0m Queued new context_conversation_add_text job 541a64c4-69b8-4a1d-81fd-20aa8cf746dd[0m
[1m[1;34m[2026-09-04 00:57:09,623][0m [1m[1;30m[42m[INFO ][0m [1m[1;33m[jaison.py::444 create_job]:[0m Queued new response job 4781232e-586f-4cea-a063-21c44fa46c0e[0m
[1m[1;34m[2026-09-04 00:57:10,500][0m [1m[1;30m[42m[INFO ][0m [1m[1;33m[operation.py::25 __call__]:[0m T2T operation universal_api completed in 876.0011000558734 ms[0m

[1m[1;34m[2026-09-04 00:57:12,122][0m [1m[1;30m[42m[INFO ][0m [1m[1;33m[operation.py::25 __call__]:[0m TTS operation fish_audio completed in 1607.757700025104 ms[0m
[VAD] Голос! (Prob: 0.001, RMS: 0.0130) Завершена (928ms, speech: 128ms).
[2026-09-04 00:57:12 +0300] [33964] [INFO] 127.0.0.1:5591 POST /api/context/conversation/audio 1.1 200 142 507

[1m[1;34m[2026-09-04 00:57:12,577][0m [1m[1;30m[42m[INFO ][0m [1m[1;33m[transcribe.py::881 transcribe]:[0m Processing audio with duration 00:00.928[0m
[API] Фраза отправлена (29696 байт).
[1m[1;34m[2026-09-04 00:57:12,579][0m [1m[1;30m[42m[INFO ][0m [1m[1;33m[transcribe.py::895 transcribe]:[0m VAD filter removed 00:00.928 of audio[0m
[1m[1;34m[2026-09-04 00:57:15,458][0m [1m[1;30m[42m[INFO ][0m [1m[1;33m[operation.py::25 __call__]:[0m TTS operation fish_audio completed in 3336.192899965681 ms[0m
[1m[1;34m[2026-09-04 00:57:17,730][0m [1m[1;30m[42m[INFO ][0m [1m[1;33m[operation.py::25 __call__]:[0m TTS operation fish_audio completed in 2271.7697999905795 ms[0m
[1m[1;34m[2026-09-04 00:57:17,730][0m [1m[1;30m[42m[INFO ][0m [1m[1;33m[operation.py::25 __call__]:[0m FILTER_TEXT operation chunker_sentence completed in 7229.407800012268 ms[0m
[1m[1;34m[2026-09-04 00:57:17,730][0m [1m[1;30m[42m[INFO ][0m [1m[1;33m[operation.py::25 __call__]:[0m FILTER_TEXT operation filter_clean completed in 7229.507399955764 ms[0m
[1m[1;34m[2026-09-04 00:57:17,731][0m [1m[1;30m[42m[INFO ][0m [1m[1;33m[jaison.py::966 response_pipeline]:[0m Response job 4781232e-586f-4cea-a063-21c44fa46c0e completed. Content: 'Привет! Вечер проходит в режиме «запуск новых квестов»: немного гейминга, пару мыслей о реальном мир...'[0m
[2026-09-04 00:57:24 +0300] [33964] [INFO] 127.0.0.1:5602 POST /api/context/conversation/speech_start 1.1 200 71 1012
[VAD] Голос! (Prob: 0.001, RMS: 0.0155) Завершена (11840ms, speech: 9728ms).

[VAD] Голос! (Prob: 0.001, RMS: 0.0134) Завершена (1024ms, speech: 224ms).
[2026-09-04 00:57:35 +0300] [33964] [INFO] 127.0.0.1:5616 POST /api/context/conversation/speech_start 1.1 200 71 504
[2026-09-04 00:57:36 +0300] [33964] [INFO] 127.0.0.1:5617 POST /api/context/conversation/audio 1.1 200 142 2514

[1m[1;34m[2026-09-04 00:57:36,510][0m [1m[1;30m[42m[INFO ][0m [1m[1;33m[transcribe.py::881 transcribe]:[0m Processing audio with duration 00:11.840[0m
[API] Фраза отправлена (378880 байт).
[1m[1;34m[2026-09-04 00:57:36,530][0m [1m[1;30m[42m[INFO ][0m [1m[1;33m[transcribe.py::895 transcribe]:[0m VAD filter removed 00:00.464 of audio[0m
[2026-09-04 00:57:37 +0300] [33964] [INFO] 127.0.0.1:8857 POST /api/context/conversation/audio 1.1 200 142 507
[1m[1;34m[2026-09-04 00:57:37,438][0m [1m[1;30m[42m[INFO ][0m [1m[1;33m[transcribe.py::881 transcribe]:[0m Processing audio with duration 00:01.024[0m

[API] Фраза отправлена (32768 байт).
[1m[1;34m[2026-09-04 00:57:37,440][0m [1m[1;30m[42m[INFO ][0m [1m[1;33m[transcribe.py::895 transcribe]:[0m VAD filter removed 00:01.024 of audio[0m
[1m[1;34m[2026-09-04 00:57:37,699][0m [1m[1;30m[42m[INFO ][0m [1m[1;33m[jaison.py::483 _interrupt_jobs]:[0m Smart Barge-in: Interrupting and clearing queue due to: user_speaking_significant[0m
[1m[1;34m[2026-09-04 00:57:38,206][0m [1m[1;30m[42m[INFO ][0m [1m[1;33m[jaison.py::444 create_job]:[0m Queued new context_conversation_add_text job c8b412ba-fe15-48e3-b433-98c503fe3073[0m
[1m[1;34m[2026-09-04 00:57:38,206][0m [1m[1;30m[42m[INFO ][0m [1m[1;33m[jaison.py::444 create_job]:[0m Queued new response job 23aa00da-b645-4645-9a36-54658d14152b[0m
[1m[1;34m[2026-09-04 00:57:38,760][0m [1m[1;30m[42m[INFO ][0m [1m[1;33m[operation.py::25 __call__]:[0m T2T operation universal_api completed in 552.5614999933168 ms[0m
[1m[1;34m[2026-09-04 00:57:40,554][0m [1m[1;30m[42m[INFO ][0m [1m[1;33m[operation.py::25 __call__]:[0m TTS operation fish_audio completed in 1776.8104999559 ms[0m
[1m[1;34m[2026-09-04 00:57:43,197][0m [1m[1;30m[42m[INFO ][0m [1m[1;33m[operation.py::25 __call__]:[0m TTS operation fish_audio completed in 2642.8102999925613 ms[0m
[1m[1;34m[2026-09-04 00:57:45,881][0m [1m[1;30m[42m[INFO ][0m [1m[1;33m[operation.py::25 __call__]:[0m TTS operation fish_audio completed in 2684.0811000438407 ms[0m
[1m[1;34m[2026-09-04 00:57:45,881][0m [1m[1;30m[42m[INFO ][0m [1m[1;33m[operation.py::25 __call__]:[0m FILTER_TEXT operation chunker_sentence completed in 7121.557799982838 ms[0m
[1m[1;34m[2026-09-04 00:57:45,881][0m [1m[1;30m[42m[INFO ][0m [1m[1;33m[operation.py::25 __call__]:[0m FILTER_TEXT operation filter_clean completed in 7121.67430005502 ms[0m
[1m[1;34m[2026-09-04 00:57:45,881][0m [1m[1;30m[42m[INFO ][0m [1m[1;33m[jaison.py::966 response_pipeline]:[0m Response job 23aa00da-b645-4645-9a36-54658d14152b completed. Content: 'Звучит круто, Зефир! Если голос уже готов, то, может, уже и мелодию для наших ночных разговоров подб...'[0m
[1m[1;34m[2026-09-04 01:04:01,177][0m [1m[1;30m[42m[INFO ][0m [1m[1;33m[jaison.py::110 start]:[0m Starting JAIson application layer.[0m
[1m[1;34m[2026-09-04 01:04:01,190][0m [1m[1;30m[42m[INFO ][0m [1m[1;33m[manager.py::328 load_operations_from_config]:[0m Active STT from config: faster_whisper_ru[0m
[1m[1;34m[2026-09-04 01:04:01,191][0m [1m[1;30m[42m[INFO ][0m [1m[1;33m[manager.py::330 load_operations_from_config]:[0m Active T2T from config: cerebras[0m
[1m[1;34m[2026-09-04 01:04:02,551][0m [1m[1;30m[42m[INFO ][0m [1m[1;33m[operation.py::32 start]:[0m Starting STT operation faster_whisper_ru[0m
[1m[1;34m[2026-09-04 01:04:02,552][0m [1m[1;30m[42m[INFO ][0m [1m[1;33m[faster_whisper.py::35 start]:[0m Loading Faster Whisper model 'medium' on cuda (int8_float16)...[0m
[1m[1;34m[2026-09-04 01:04:05,494][0m [1m[1;30m[42m[INFO ][0m [1m[1;33m[faster_whisper.py::38 start]:[0m Faster Whisper model loaded successfully.[0m
[1m[1;34m[2026-09-04 01:04:05,808][0m [1m[1;30m[42m[INFO ][0m [1m[1;33m[operation.py::32 start]:[0m Starting T2T operation universal_api[0m
[1m[1;34m[2026-09-04 01:04:05,855][0m [1m[1;30m[42m[INFO ][0m [1m[1;33m[fishaudio.py::159 configure]:[0m FishAudioTTS: настроен — model=s2.1-pro-free, reference_id=8579f198..., latency=balanced, sample_rate=44100, speed=1.0[0m
[1m[1;34m[2026-09-04 01:04:05,856][0m [1m[1;30m[42m[INFO ][0m [1m[1;33m[operation.py::32 start]:[0m Starting TTS operation fish_audio[0m
[1m[1;34m[2026-09-04 01:04:05,856][0m [1m[1;30m[42m[INFO ][0m [1m[1;33m[fishaudio.py::85 start]:[0m FishAudioTTS: операция запущена (WebSocket streaming, format=pcm)[0m
[1m[1;34m[2026-09-04 01:04:05,858][0m [1m[1;30m[42m[INFO ][0m [1m[1;33m[operation.py::32 start]:[0m Starting FILTER_TEXT operation filter_clean[0m
[1m[1;34m[2026-09-04 01:04:08,383][0m [1m[1;30m[42m[INFO ][0m [1m[1;33m[operation.py::32 start]:[0m Starting FILTER_TEXT operation chunker_sentence[0m
[1m[1;34m[2026-09-04 01:04:08,900][0m [1m[1;30m[42m[INFO ][0m [1m[1;33m[manager.py::27 load]:[0m Loading process by type hw_mic[0m
[1m[1;34m[2026-09-04 01:04:08,901][0m [1m[1;30m[43m[WARNI][0m [1m[1;33m[base.py::46 unload]:[0m Attempted to unload process hw_mic when it is already unloaded[0m
[ProcessManager] Starting Hardware Microphone (hw-mic-client)...
[1m[1;34m[2026-09-04 01:04:08,907][0m [1m[1;30m[42m[INFO ][0m [1m[1;33m[manager.py::27 load]:[0m Loading process by type discord[0m
[1m[1;34m[2026-09-04 01:04:08,908][0m [1m[1;30m[43m[WARNI][0m [1m[1;33m[base.py::46 unload]:[0m Attempted to unload process discord when it is already unloaded[0m
[1m[1;34m[2026-09-04 01:04:08,908][0m [1m[1;30m[42m[INFO ][0m [1m[1;33m[discord.py::52 reload]:[0m Starting Discord bridge for guild 390301473210236928, channel 390301473210236932.[0m
[1m[1;34m[2026-09-04 01:04:08,914][0m [1m[1;30m[42m[INFO ][0m [1m[1;33m[jaison.py::149 start]:[0m JAIson application layer has started.[0m
[1m[1;34m[2026-09-04 01:04:08,915][0m [1m[1;30m[42m[INFO ][0m [1m[1;33m[logging.py::106 info]:[0m Running on http://127.0.0.1:7272 (CTRL + C to quit)[0m
[discord] C:\Nirmita\apps\discord-bridge\main.py:11: DeprecationWarning: 'audioop' is deprecated and slated for removal in Python 3.13
[discord]   import audioop
[discord] 2026-09-04 01:04:09,363 [INFO] logging in using static token
[1m[1;34m[2026-09-04 01:04:09,403][0m [1m[1;30m[42m[INFO ][0m [1m[1;33m[app_server.py::77 ws]:[0m Opened new websocket connection[0m
[2026-09-04 01:04:09 +0300] [30916] [INFO] 127.0.0.1:5585 GET / 1.1 101 - 1595
[INFO] Loading Silero VAD ONNX Session (CPU)...
[MIC] Selected by name: [72] Микрофон (4- fifine Microphone) (Windows WASAPI)
[INFO] SoundDevice Listening on: Микрофон (4- fifine Microphone) (ID: 72, hostapi: Windows WASAPI)
========================================================


[discord] 2026-09-04 01:04:10,440 [INFO] Shard ID None has connected to Gateway (Session ID: de7b5d31cb9a993fa5504e34ad3dd2ba).
[VAD] Голос! (Prob: 0.001, RMS: 0.0483) Завершена (672ms, speech: 128ms).
[discord] 2026-09-04 01:04:12,452 [INFO] Authenticated as Nira#4162
[discord] 2026-09-04 01:04:12,466 [INFO] Connecting to voice...
[discord] 2026-09-04 01:04:12,466 [INFO] Starting voice handshake... (connection attempt 1)
[1m[1;34m[2026-09-04 01:04:12,467][0m [1m[1;30m[42m[INFO ][0m [1m[1;33m[app_server.py::77 ws]:[0m Opened new websocket connection[0m
[2026-09-04 01:04:12 +0300] [30916] [INFO] 127.0.0.1:5594 GET / 1.1 101 - 0
[discord] 2026-09-04 01:04:12,467 [INFO] Connected to JAIson WebSocket
[2026-09-04 01:04:12 +0300] [30916] [INFO] 127.0.0.1:5595 POST /api/context/conversation/audio 1.1 200 142 1003
[1m[1;34m[2026-09-04 01:04:12,648][0m [1m[1;30m[42m[INFO ][0m [1m[1;33m[transcribe.py::881 transcribe]:[0m Processing audio with duration 00:00.672[0m

[API] Фраза отправлена (21504 байт).
[1m[1;34m[2026-09-04 01:04:12,718][0m [1m[1;30m[42m[INFO ][0m [1m[1;33m[transcribe.py::895 transcribe]:[0m VAD filter removed 00:00.672 of audio[0m
[discord] 2026-09-04 01:04:13,122 [INFO] Voice handshake complete. Endpoint found: c-otp01-f984b1df.discord.media:2087
[discord] 2026-09-04 01:04:13,445 [INFO] Voice connection complete.
[discord] 2026-09-04 01:04:13,445 [INFO] Joined voice channel 🏕️Таверна "Астрал" (390301473210236932)
[2026-09-04 01:04:19 +0300] [30916] [INFO] 127.0.0.1:5599 POST /api/context/conversation/speech_start 1.1 200 71 1004
[VAD] Голос! (Prob: 0.001, RMS: 0.0186) Завершена (2848ms, speech: 2048ms).
[2026-09-04 01:04:20 +0300] [30916] [INFO] 127.0.0.1:5599 POST /api/context/conversation/audio 1.1 200 142 1005
[1m[1;34m[2026-09-04 01:04:20,444][0m [1m[1;30m[42m[INFO ][0m [1m[1;33m[transcribe.py::881 transcribe]:[0m Processing audio with duration 00:02.848[0m

[API] Фраза отправлена (91136 байт).
[1m[1;34m[2026-09-04 01:04:20,450][0m [1m[1;30m[42m[INFO ][0m [1m[1;33m[transcribe.py::895 transcribe]:[0m VAD filter removed 00:00.464 of audio[0m

[2026-09-04 01:04:20 +0300] [30916] [INFO] 127.0.0.1:5599 POST /api/context/conversation/speech_start 1.1 200 71 0
[1m[1;34m[2026-09-04 01:04:21,089][0m [1m[1;30m[42m[INFO ][0m [1m[1;33m[jaison.py::483 _interrupt_jobs]:[0m Smart Barge-in: Interrupting and clearing queue due to: user_speaking_significant[0m
[VAD] Голос! (Prob: 0.001, RMS: 0.0126) Завершена (960ms, speech: 160ms).
[2026-09-04 01:04:21 +0300] [30916] [INFO] 127.0.0.1:5599 POST /api/context/conversation/audio 1.1 200 142 1011
[1m[1;34m[2026-09-04 01:04:21,274][0m [1m[1;30m[42m[INFO ][0m [1m[1;33m[transcribe.py::881 transcribe]:[0m Processing audio with duration 00:00.960[0m

[API] Фраза отправлена (30720 байт).
[1m[1;34m[2026-09-04 01:04:21,276][0m [1m[1;30m[42m[INFO ][0m [1m[1;33m[transcribe.py::895 transcribe]:[0m VAD filter removed 00:00.960 of audio[0m
[1m[1;34m[2026-09-04 01:04:21,399][0m [1m[1;30m[42m[INFO ][0m [1m[1;33m[app_server.py::86 ws]:[0m Closed websocket connection[0m
[1m[1;34m[2026-09-04 01:04:21,592][0m [1m[1;30m[42m[INFO ][0m [1m[1;33m[jaison.py::444 create_job]:[0m Queued new context_conversation_add_text job 79fb5489-39cb-4364-80b6-c9d75ef2e9b4[0m
[1m[1;34m[2026-09-04 01:04:21,593][0m [1m[1;30m[42m[INFO ][0m [1m[1;33m[jaison.py::444 create_job]:[0m Queued new response job f73af097-a5f4-490b-9b89-36888d6bcf5f[0m
[2026-09-04 01:04:21 +0300] [30916] [INFO] 127.0.0.1:9768 GET /api/config 1.1 200 4305 1005
[2026-09-04 01:04:22 +0300] [30916] [INFO] 127.0.0.1:9770 GET /api/config 1.1 200 4305 1004
[2026-09-04 01:04:22 +0300] [30916] [INFO] 127.0.0.1:9773 GET /api/context/history 1.1 200 267 1006
[2026-09-04 01:04:22 +0300] [30916] [INFO] 127.0.0.1:5403 GET /api/context/history 1.1 200 267 1004
[1m[1;34m[2026-09-04 01:04:22,228][0m [1m[1;30m[42m[INFO ][0m [1m[1;33m[app_server.py::77 ws]:[0m Opened new websocket connection[0m
[2026-09-04 01:04:22 +0300] [30916] [INFO] 127.0.0.1:5106 GET / 1.1 101 - 1580
[1m[1;34m[2026-09-04 01:04:22,249][0m [1m[1;30m[41m[ERROR][0m [1m[1;33m[jaison.py::763 _process_job_loop]:[0m Job f73af097-a5f4-490b-9b89-36888d6bcf5f failed with error: Error code: 404 - {'message': 'Model does not exist or you do not have access to it.', 'type': 'not_found_error', 'param': 'model', 'code': 'model_not_found'}[0m
Traceback (most recent call last):
  File "C:\Nirmita\src\utils\jaison.py", line 745, in _process_job_loop
    await self.job_current
  File "C:\Nirmita\src\utils\jaison.py", line 866, in response_pipeline
    async for chunk_out in self.op_manager.use_operation(OpRoles.T2T, {"instruction_prompt": instruction_prompt, "messages": history}):
  File "C:\Nirmita\src\utils\operations\base\operation.py", line 21, in __call__
    async for chunk_out in self._generate(**kwargs):
  File "C:\Nirmita\src\utils\operations\t2t\universal_api.py", line 98, in _generate
    stream = await self.client.chat.completions.create(
             ^^^^^^^^^^^^^^^^^^^^^^^^^^^^^^^^^^^^^^^^^^
  File "C:\Nirmita\.conda312\Lib\site-packages\openai\resources\chat\completions\completions.py", line 2028, in create
    return await self._post(
           ^^^^^^^^^^^^^^^^^
  File "C:\Nirmita\.conda312\Lib\site-packages\openai\_base_client.py", line 1762, in post
    return await self.request(cast_to, opts, stream=stream, stream_cls=stream_cls)
           ^^^^^^^^^^^^^^^^^^^^^^^^^^^^^^^^^^^^^^^^^^^^^^^^^^^^^^^^^^^^^^^^^^^^^^^
  File "C:\Nirmita\.conda312\Lib\site-packages\openai\_base_client.py", line 1562, in request
    raise self._make_status_error_from_response(err.response) from None
openai.NotFoundError: Error code: 404 - {'message': 'Model does not exist or you do not have access to it.', 'type': 'not_found_error', 'param': 'model', 'code': 'model_not_found'}
[1m[1;34m[2026-09-04 01:04:57,481][0m [1m[1;30m[42m[INFO ][0m [1m[1;33m[jaison.py::110 start]:[0m Starting JAIson application layer.[0m
[1m[1;34m[2026-09-04 01:04:57,494][0m [1m[1;30m[42m[INFO ][0m [1m[1;33m[manager.py::328 load_operations_from_config]:[0m Active STT from config: faster_whisper_ru[0m
[1m[1;34m[2026-09-04 01:04:57,494][0m [1m[1;30m[42m[INFO ][0m [1m[1;33m[manager.py::330 load_operations_from_config]:[0m Active T2T from config: cerebras[0m
[1m[1;34m[2026-09-04 01:04:58,840][0m [1m[1;30m[42m[INFO ][0m [1m[1;33m[operation.py::32 start]:[0m Starting STT operation faster_whisper_ru[0m
[1m[1;34m[2026-09-04 01:04:58,840][0m [1m[1;30m[42m[INFO ][0m [1m[1;33m[faster_whisper.py::35 start]:[0m Loading Faster Whisper model 'medium' on cuda (int8_float16)...[0m
[1m[1;34m[2026-09-04 01:05:02,138][0m [1m[1;30m[42m[INFO ][0m [1m[1;33m[faster_whisper.py::38 start]:[0m Faster Whisper model loaded successfully.[0m
[1m[1;34m[2026-09-04 01:05:02,452][0m [1m[1;30m[42m[INFO ][0m [1m[1;33m[operation.py::32 start]:[0m Starting T2T operation universal_api[0m
[1m[1;34m[2026-09-04 01:05:02,501][0m [1m[1;30m[42m[INFO ][0m [1m[1;33m[fishaudio.py::159 configure]:[0m FishAudioTTS: настроен — model=s2.1-pro-free, reference_id=8579f198..., latency=balanced, sample_rate=44100, speed=1.0[0m
[1m[1;34m[2026-09-04 01:05:02,501][0m [1m[1;30m[42m[INFO ][0m [1m[1;33m[operation.py::32 start]:[0m Starting TTS operation fish_audio[0m
[1m[1;34m[2026-09-04 01:05:02,502][0m [1m[1;30m[42m[INFO ][0m [1m[1;33m[fishaudio.py::85 start]:[0m FishAudioTTS: операция запущена (WebSocket streaming, format=pcm)[0m
[1m[1;34m[2026-09-04 01:05:02,503][0m [1m[1;30m[42m[INFO ][0m [1m[1;33m[operation.py::32 start]:[0m Starting FILTER_TEXT operation filter_clean[0m
[1m[1;34m[2026-09-04 01:05:05,191][0m [1m[1;30m[42m[INFO ][0m [1m[1;33m[operation.py::32 start]:[0m Starting FILTER_TEXT operation chunker_sentence[0m
[1m[1;34m[2026-09-04 01:05:05,732][0m [1m[1;30m[42m[INFO ][0m [1m[1;33m[manager.py::27 load]:[0m Loading process by type hw_mic[0m
[1m[1;34m[2026-09-04 01:05:05,733][0m [1m[1;30m[43m[WARNI][0m [1m[1;33m[base.py::46 unload]:[0m Attempted to unload process hw_mic when it is already unloaded[0m
[ProcessManager] Starting Hardware Microphone (hw-mic-client)...
[1m[1;34m[2026-09-04 01:05:05,741][0m [1m[1;30m[42m[INFO ][0m [1m[1;33m[manager.py::27 load]:[0m Loading process by type discord[0m
[1m[1;34m[2026-09-04 01:05:05,741][0m [1m[1;30m[43m[WARNI][0m [1m[1;33m[base.py::46 unload]:[0m Attempted to unload process discord when it is already unloaded[0m
[1m[1;34m[2026-09-04 01:05:05,741][0m [1m[1;30m[42m[INFO ][0m [1m[1;33m[discord.py::52 reload]:[0m Starting Discord bridge for guild 390301473210236928, channel 390301473210236932.[0m
[1m[1;34m[2026-09-04 01:05:05,748][0m [1m[1;30m[42m[INFO ][0m [1m[1;33m[jaison.py::149 start]:[0m JAIson application layer has started.[0m
[1m[1;34m[2026-09-04 01:05:05,749][0m [1m[1;30m[42m[INFO ][0m [1m[1;33m[logging.py::106 info]:[0m Running on http://127.0.0.1:7272 (CTRL + C to quit)[0m
[discord] C:\Nirmita\apps\discord-bridge\main.py:11: DeprecationWarning: 'audioop' is deprecated and slated for removal in Python 3.13
[discord]   import audioop
[1m[1;34m[2026-09-04 01:05:05,938][0m [1m[1;30m[42m[INFO ][0m [1m[1;33m[app_server.py::77 ws]:[0m Opened new websocket connection[0m
[2026-09-04 01:05:05 +0300] [41372] [INFO] 127.0.0.1:2623 GET / 1.1 101 - 507
[discord] 2026-09-04 01:05:06,204 [INFO] logging in using static token
[INFO] Loading Silero VAD ONNX Session (CPU)...
[MIC] Selected by name: [72] Микрофон (4- fifine Microphone) (Windows WASAPI)
[INFO] SoundDevice Listening on: Микрофон (4- fifine Microphone) (ID: 72, hostapi: Windows WASAPI)
========================================================


[discord] 2026-09-04 01:05:07,364 [INFO] Shard ID None has connected to Gateway (Session ID: 38c20aa50e4e12f6c8ec83ab547f2922).
[VAD] Голос! (Prob: 0.001, RMS: 0.0483) Завершена (672ms, speech: 128ms).
[discord] 2026-09-04 01:05:09,366 [INFO] Authenticated as Nira#4162
[discord] 2026-09-04 01:05:09,380 [INFO] Connecting to voice...
[discord] 2026-09-04 01:05:09,380 [INFO] Starting voice handshake... (connection attempt 1)
[1m[1;34m[2026-09-04 01:05:09,381][0m [1m[1;30m[42m[INFO ][0m [1m[1;33m[app_server.py::77 ws]:[0m Opened new websocket connection[0m
[2026-09-04 01:05:09 +0300] [41372] [INFO] 127.0.0.1:2631 GET / 1.1 101 - 508
[discord] 2026-09-04 01:05:09,381 [INFO] Connected to JAIson WebSocket
[2026-09-04 01:05:09 +0300] [41372] [INFO] 127.0.0.1:2632 POST /api/context/conversation/audio 1.1 200 142 507
[1m[1;34m[2026-09-04 01:05:09,492][0m [1m[1;30m[42m[INFO ][0m [1m[1;33m[transcribe.py::881 transcribe]:[0m Processing audio with duration 00:00.672[0m

[API] Фраза отправлена (21504 байт).
[1m[1;34m[2026-09-04 01:05:09,553][0m [1m[1;30m[42m[INFO ][0m [1m[1;33m[transcribe.py::895 transcribe]:[0m VAD filter removed 00:00.672 of audio[0m
[discord] 2026-09-04 01:05:09,709 [INFO] Voice handshake complete. Endpoint found: c-otp01-f984b1df.discord.media:2087
[discord] 2026-09-04 01:05:10,005 [INFO] Voice connection complete.
[discord] 2026-09-04 01:05:10,005 [INFO] Joined voice channel 🏕️Таверна "Астрал" (390301473210236932)
[1m[1;34m[2026-09-04 01:05:17,092][0m [1m[1;30m[42m[INFO ][0m [1m[1;33m[app_server.py::86 ws]:[0m Closed websocket connection[0m
[2026-09-04 01:05:17 +0300] [41372] [INFO] 127.0.0.1:7912 GET /api/config 1.1 200 4298 0
[2026-09-04 01:05:17 +0300] [41372] [INFO] 127.0.0.1:7914 GET /api/config 1.1 200 4298 1026
[2026-09-04 01:05:17 +0300] [41372] [INFO] 127.0.0.1:7916 GET /api/context/history 1.1 200 59 504
[2026-09-04 01:05:17 +0300] [41372] [INFO] 127.0.0.1:12336 GET /api/context/history 1.1 200 59 509
[1m[1;34m[2026-09-04 01:05:17,811][0m [1m[1;30m[42m[INFO ][0m [1m[1;33m[app_server.py::77 ws]:[0m Opened new websocket connection[0m
[2026-09-04 01:05:17 +0300] [41372] [INFO] 127.0.0.1:8258 GET / 1.1 101 - 500
[2026-09-04 01:05:22 +0300] [41372] [INFO] 127.0.0.1:8261 POST /api/context/conversation/speech_start 1.1 200 71 506
[VAD] Голос! (Prob: 0.001, RMS: 0.0517) Завершена (2752ms, speech: 1696ms).
[2026-09-04 01:05:23 +0300] [41372] [INFO] 127.0.0.1:8261 POST /api/context/conversation/audio 1.1 200 142 1518

[1m[1;34m[2026-09-04 01:05:23,823][0m [1m[1;30m[42m[INFO ][0m [1m[1;33m[transcribe.py::881 transcribe]:[0m Processing audio with duration 00:02.752[0m
[API] Фраза отправлена (88064 байт).
[1m[1;34m[2026-09-04 01:05:23,827][0m [1m[1;30m[42m[INFO ][0m [1m[1;33m[transcribe.py::895 transcribe]:[0m VAD filter removed 00:00.368 of audio[0m
[1m[1;34m[2026-09-04 01:05:24,510][0m [1m[1;30m[42m[INFO ][0m [1m[1;33m[jaison.py::483 _interrupt_jobs]:[0m Smart Barge-in: Interrupting and clearing queue due to: user_speaking_significant[0m
[1m[1;34m[2026-09-04 01:05:25,026][0m [1m[1;30m[42m[INFO ][0m [1m[1;33m[jaison.py::444 create_job]:[0m Queued new context_conversation_add_text job 960605bc-a016-40e0-a390-9785950d6fa0[0m
[1m[1;34m[2026-09-04 01:05:25,026][0m [1m[1;30m[42m[INFO ][0m [1m[1;33m[jaison.py::444 create_job]:[0m Queued new response job 9a888808-39ac-4272-9278-5883162b58ae[0m
[1m[1;34m[2026-09-04 01:05:25,533][0m [1m[1;30m[41m[ERROR][0m [1m[1;33m[jaison.py::763 _process_job_loop]:[0m Job 9a888808-39ac-4272-9278-5883162b58ae failed with error: Error code: 402 - {'message': 'Payment required to access this resource. Visit your billing tab.', 'type': 'payment_required_error', 'param': 'quota', 'code': 'payment_required'}[0m
Traceback (most recent call last):
  File "C:\Nirmita\src\utils\jaison.py", line 745, in _process_job_loop
    await self.job_current
  File "C:\Nirmita\src\utils\jaison.py", line 866, in response_pipeline
    async for chunk_out in self.op_manager.use_operation(OpRoles.T2T, {"instruction_prompt": instruction_prompt, "messages": history}):
  File "C:\Nirmita\src\utils\operations\base\operation.py", line 21, in __call__
    async for chunk_out in self._generate(**kwargs):
  File "C:\Nirmita\src\utils\operations\t2t\universal_api.py", line 98, in _generate
    stream = await self.client.chat.completions.create(
             ^^^^^^^^^^^^^^^^^^^^^^^^^^^^^^^^^^^^^^^^^^
  File "C:\Nirmita\.conda312\Lib\site-packages\openai\resources\chat\completions\completions.py", line 2028, in create
    return await self._post(
           ^^^^^^^^^^^^^^^^^
  File "C:\Nirmita\.conda312\Lib\site-packages\openai\_base_client.py", line 1762, in post
    return await self.request(cast_to, opts, stream=stream, stream_cls=stream_cls)
           ^^^^^^^^^^^^^^^^^^^^^^^^^^^^^^^^^^^^^^^^^^^^^^^^^^^^^^^^^^^^^^^^^^^^^^^
  File "C:\Nirmita\.conda312\Lib\site-packages\openai\_base_client.py", line 1562, in request
    raise self._make_status_error_from_response(err.response) from None
openai.APIStatusError: Error code: 402 - {'message': 'Payment required to access this resource. Visit your billing tab.', 'type': 'payment_required_error', 'param': 'quota', 'code': 'payment_required'}
[1m[1;34m[2026-09-04 01:05:51,574][0m [1m[1;30m[42m[INFO ][0m [1m[1;33m[jaison.py::110 start]:[0m Starting JAIson application layer.[0m
[1m[1;34m[2026-09-04 01:05:51,588][0m [1m[1;30m[42m[INFO ][0m [1m[1;33m[manager.py::328 load_operations_from_config]:[0m Active STT from config: faster_whisper_ru[0m
[1m[1;34m[2026-09-04 01:05:51,588][0m [1m[1;30m[42m[INFO ][0m [1m[1;33m[manager.py::330 load_operations_from_config]:[0m Active T2T from config: groq[0m
[1m[1;34m[2026-09-04 01:05:52,929][0m [1m[1;30m[42m[INFO ][0m [1m[1;33m[operation.py::32 start]:[0m Starting STT operation faster_whisper_ru[0m
[1m[1;34m[2026-09-04 01:05:52,929][0m [1m[1;30m[42m[INFO ][0m [1m[1;33m[faster_whisper.py::35 start]:[0m Loading Faster Whisper model 'medium' on cuda (int8_float16)...[0m
[1m[1;34m[2026-09-04 01:05:55,841][0m [1m[1;30m[42m[INFO ][0m [1m[1;33m[faster_whisper.py::38 start]:[0m Faster Whisper model loaded successfully.[0m
[1m[1;34m[2026-09-04 01:05:56,126][0m [1m[1;30m[42m[INFO ][0m [1m[1;33m[operation.py::32 start]:[0m Starting T2T operation universal_api[0m
[1m[1;34m[2026-09-04 01:05:56,164][0m [1m[1;30m[42m[INFO ][0m [1m[1;33m[fishaudio.py::159 configure]:[0m FishAudioTTS: настроен — model=s2.1-pro-free, reference_id=8579f198..., latency=balanced, sample_rate=44100, speed=1.0[0m
[1m[1;34m[2026-09-04 01:05:56,164][0m [1m[1;30m[42m[INFO ][0m [1m[1;33m[operation.py::32 start]:[0m Starting TTS operation fish_audio[0m
[1m[1;34m[2026-09-04 01:05:56,164][0m [1m[1;30m[42m[INFO ][0m [1m[1;33m[fishaudio.py::85 start]:[0m FishAudioTTS: операция запущена (WebSocket streaming, format=pcm)[0m
[1m[1;34m[2026-09-04 01:05:56,165][0m [1m[1;30m[42m[INFO ][0m [1m[1;33m[operation.py::32 start]:[0m Starting FILTER_TEXT operation filter_clean[0m
[1m[1;34m[2026-09-04 01:05:58,645][0m [1m[1;30m[42m[INFO ][0m [1m[1;33m[operation.py::32 start]:[0m Starting FILTER_TEXT operation chunker_sentence[0m
[1m[1;34m[2026-09-04 01:05:59,169][0m [1m[1;30m[42m[INFO ][0m [1m[1;33m[manager.py::27 load]:[0m Loading process by type hw_mic[0m
[1m[1;34m[2026-09-04 01:05:59,170][0m [1m[1;30m[43m[WARNI][0m [1m[1;33m[base.py::46 unload]:[0m Attempted to unload process hw_mic when it is already unloaded[0m
[ProcessManager] Starting Hardware Microphone (hw-mic-client)...
[1m[1;34m[2026-09-04 01:05:59,177][0m [1m[1;30m[42m[INFO ][0m [1m[1;33m[manager.py::27 load]:[0m Loading process by type discord[0m
[1m[1;34m[2026-09-04 01:05:59,177][0m [1m[1;30m[43m[WARNI][0m [1m[1;33m[base.py::46 unload]:[0m Attempted to unload process discord when it is already unloaded[0m
[1m[1;34m[2026-09-04 01:05:59,177][0m [1m[1;30m[42m[INFO ][0m [1m[1;33m[discord.py::52 reload]:[0m Starting Discord bridge for guild 390301473210236928, channel 390301473210236932.[0m
[1m[1;34m[2026-09-04 01:05:59,184][0m [1m[1;30m[42m[INFO ][0m [1m[1;33m[jaison.py::149 start]:[0m JAIson application layer has started.[0m
[1m[1;34m[2026-09-04 01:05:59,185][0m [1m[1;30m[42m[INFO ][0m [1m[1;33m[logging.py::106 info]:[0m Running on http://127.0.0.1:7272 (CTRL + C to quit)[0m
[discord] C:\Nirmita\apps\discord-bridge\main.py:11: DeprecationWarning: 'audioop' is deprecated and slated for removal in Python 3.13
[discord]   import audioop
[1m[1;34m[2026-09-04 01:05:59,420][0m [1m[1;30m[42m[INFO ][0m [1m[1;33m[app_server.py::77 ws]:[0m Opened new websocket connection[0m
[2026-09-04 01:05:59 +0300] [4380] [INFO] 127.0.0.1:11352 GET / 1.1 101 - 1513
[discord] 2026-09-04 01:05:59,627 [INFO] logging in using static token
[INFO] Loading Silero VAD ONNX Session (CPU)...
[MIC] Selected by name: [72] Микрофон (4- fifine Microphone) (Windows WASAPI)
[INFO] SoundDevice Listening on: Микрофон (4- fifine Microphone) (ID: 72, hostapi: Windows WASAPI)
========================================================


[VAD] Голос! (Prob: 0.001, RMS: 0.0483) Завершена (672ms, speech: 128ms).
[discord] 2026-09-04 01:06:00,972 [INFO] Shard ID None has connected to Gateway (Session ID: e41ecd960585e228451048924acf4d08).
[2026-09-04 01:06:02 +0300] [4380] [INFO] 127.0.0.1:11364 POST /api/context/conversation/audio 1.1 200 142 1001
[1m[1;34m[2026-09-04 01:06:02,918][0m [1m[1;30m[42m[INFO ][0m [1m[1;33m[transcribe.py::881 transcribe]:[0m Processing audio with duration 00:00.672[0m

[API] Фраза отправлена (21504 байт).
[1m[1;34m[2026-09-04 01:06:02,973][0m [1m[1;30m[42m[INFO ][0m [1m[1;33m[transcribe.py::895 transcribe]:[0m VAD filter removed 00:00.672 of audio[0m
[discord] 2026-09-04 01:06:02,990 [INFO] Authenticated as Nira#4162
[discord] 2026-09-04 01:06:03,002 [INFO] Connecting to voice...
[discord] 2026-09-04 01:06:03,002 [INFO] Starting voice handshake... (connection attempt 1)
[1m[1;34m[2026-09-04 01:06:03,003][0m [1m[1;30m[42m[INFO ][0m [1m[1;33m[app_server.py::77 ws]:[0m Opened new websocket connection[0m
[2026-09-04 01:06:03 +0300] [4380] [INFO] 127.0.0.1:11365 GET / 1.1 101 - 1149
[discord] 2026-09-04 01:06:03,004 [INFO] Connected to JAIson WebSocket
[discord] 2026-09-04 01:06:03,325 [INFO] Voice handshake complete. Endpoint found: c-otp01-f984b1df.discord.media:2087
[discord] 2026-09-04 01:06:03,622 [INFO] Voice connection complete.
[discord] 2026-09-04 01:06:03,622 [INFO] Joined voice channel 🏕️Таверна "Астрал" (390301473210236932)
[2026-09-04 01:06:09 +0300] [4380] [INFO] 127.0.0.1:11369 POST /api/context/conversation/speech_start 1.1 200 71 499
[VAD] Голос! (Prob: 0.001, RMS: 0.0247) Завершена (2208ms, speech: 1408ms).
[2026-09-04 01:06:09 +0300] [4380] [INFO] 127.0.0.1:11369 POST /api/context/conversation/audio 1.1 200 142 507
[1m[1;34m[2026-09-04 01:06:09,932][0m [1m[1;30m[42m[INFO ][0m [1m[1;33m[transcribe.py::881 transcribe]:[0m Processing audio with duration 00:02.208[0m

[API] Фраза отправлена (70656 байт).
[1m[1;34m[2026-09-04 01:06:09,936][0m [1m[1;30m[42m[INFO ][0m [1m[1;33m[transcribe.py::895 transcribe]:[0m VAD filter removed 00:00.000 of audio[0m
[1m[1;34m[2026-09-04 01:06:10,537][0m [1m[1;30m[42m[INFO ][0m [1m[1;33m[jaison.py::483 _interrupt_jobs]:[0m Smart Barge-in: Interrupting and clearing queue due to: user_speaking_significant[0m
[1m[1;34m[2026-09-04 01:06:11,050][0m [1m[1;30m[42m[INFO ][0m [1m[1;33m[jaison.py::444 create_job]:[0m Queued new context_conversation_add_text job e9941c1d-192d-47e9-bc65-758188b9d0c3[0m
[1m[1;34m[2026-09-04 01:06:11,050][0m [1m[1;30m[42m[INFO ][0m [1m[1;33m[jaison.py::444 create_job]:[0m Queued new response job 72780aad-7878-4e19-9a66-21d382f7f48d[0m
[1m[1;34m[2026-09-04 01:06:11,743][0m [1m[1;30m[42m[INFO ][0m [1m[1;33m[operation.py::25 __call__]:[0m T2T operation universal_api completed in 691.1002999404445 ms[0m
[1m[1;34m[2026-09-04 01:06:13,338][0m [1m[1;30m[42m[INFO ][0m [1m[1;33m[operation.py::25 __call__]:[0m TTS operation fish_audio completed in 1583.6562999757007 ms[0m
[1m[1;34m[2026-09-04 01:06:16,070][0m [1m[1;30m[42m[INFO ][0m [1m[1;33m[operation.py::25 __call__]:[0m TTS operation fish_audio completed in 2730.9668000089005 ms[0m
[1m[1;34m[2026-09-04 01:06:17,674][0m [1m[1;30m[42m[INFO ][0m [1m[1;33m[operation.py::25 __call__]:[0m TTS operation fish_audio completed in 1603.6538999760523 ms[0m
[1m[1;34m[2026-09-04 01:06:17,674][0m [1m[1;30m[42m[INFO ][0m [1m[1;33m[operation.py::25 __call__]:[0m FILTER_TEXT operation chunker_sentence completed in 5931.223100051284 ms[0m
[1m[1;34m[2026-09-04 01:06:17,674][0m [1m[1;30m[42m[INFO ][0m [1m[1;33m[operation.py::25 __call__]:[0m FILTER_TEXT operation filter_clean completed in 5931.343300035223 ms[0m
[1m[1;34m[2026-09-04 01:06:17,675][0m [1m[1;30m[42m[INFO ][0m [1m[1;33m[jaison.py::966 response_pipeline]:[0m Response job 72780aad-7878-4e19-9a66-21d382f7f48d completed. Content: 'Привет! Вечер прошёл в режиме «поймала баг в игре и победила его», так что настроение на уровне 100%...'[0m
[2026-09-04 01:06:25 +0300] [4380] [INFO] 127.0.0.1:11389 POST /api/context/conversation/speech_start 1.1 200 71 1185
[VAD] Голос! (Prob: 0.001, RMS: 0.0166) Завершена (2112ms, speech: 1312ms).
[2026-09-04 01:06:26 +0300] [4380] [INFO] 127.0.0.1:11389 POST /api/context/conversation/audio 1.1 200 142 1006
[1m[1;34m[2026-09-04 01:06:26,474][0m [1m[1;30m[42m[INFO ][0m [1m[1;33m[transcribe.py::881 transcribe]:[0m Processing audio with duration 00:02.112[0m

[API] Фраза отправлена (67584 байт).
[1m[1;34m[2026-09-04 01:06:26,479][0m [1m[1;30m[42m[INFO ][0m [1m[1;33m[transcribe.py::895 transcribe]:[0m VAD filter removed 00:00.000 of audio[0m
[1m[1;34m[2026-09-04 01:06:26,758][0m [1m[1;30m[42m[INFO ][0m [1m[1;33m[jaison.py::483 _interrupt_jobs]:[0m Smart Barge-in: Interrupting and clearing queue due to: user_speaking_significant[0m
[1m[1;34m[2026-09-04 01:06:27,269][0m [1m[1;30m[42m[INFO ][0m [1m[1;33m[jaison.py::444 create_job]:[0m Queued new context_conversation_add_text job ed05a0d3-2887-4130-9190-e937ca573ce2[0m
[1m[1;34m[2026-09-04 01:06:27,269][0m [1m[1;30m[42m[INFO ][0m [1m[1;33m[jaison.py::444 create_job]:[0m Queued new response job 41ffca3e-01c8-47a2-be2d-183573cb4596[0m
[1m[1;34m[2026-09-04 01:06:27,676][0m [1m[1;30m[42m[INFO ][0m [1m[1;33m[operation.py::25 __call__]:[0m T2T operation universal_api completed in 405.6821999838576 ms[0m
[1m[1;34m[2026-09-04 01:06:30,300][0m [1m[1;30m[42m[INFO ][0m [1m[1;33m[operation.py::25 __call__]:[0m TTS operation fish_audio completed in 2615.539600024931 ms[0m
[1m[1;34m[2026-09-04 01:06:32,121][0m [1m[1;30m[42m[INFO ][0m [1m[1;33m[operation.py::25 __call__]:[0m TTS operation fish_audio completed in 1819.7716999566182 ms[0m
[1m[1;34m[2026-09-04 01:06:32,121][0m [1m[1;30m[42m[INFO ][0m [1m[1;33m[operation.py::25 __call__]:[0m FILTER_TEXT operation chunker_sentence completed in 4445.0489999726415 ms[0m
[1m[1;34m[2026-09-04 01:06:32,121][0m [1m[1;30m[42m[INFO ][0m [1m[1;33m[operation.py::25 __call__]:[0m FILTER_TEXT operation filter_clean completed in 4445.182199939154 ms[0m
[1m[1;34m[2026-09-04 01:06:32,122][0m [1m[1;30m[42m[INFO ][0m [1m[1;33m[jaison.py::966 response_pipeline]:[0m Response job 41ffca3e-01c8-47a2-be2d-183573cb4596 completed. Content: 'Ну, раз ты в порядке, можно и дальше квестить. Что интересного сегодня нашёл?...'[0m
[2026-09-04 01:06:38 +0300] [4380] [INFO] 127.0.0.1:11395 POST /api/context/conversation/speech_start 1.1 200 71 1020
[VAD] Голос! (Prob: 0.001, RMS: 0.0476) Завершена (2464ms, speech: 1664ms).
[2026-09-04 01:06:39 +0300] [4380] [INFO] 127.0.0.1:11395 POST /api/context/conversation/audio 1.1 200 142 1516

[1m[1;34m[2026-09-04 01:06:39,474][0m [1m[1;30m[42m[INFO ][0m [1m[1;33m[transcribe.py::881 transcribe]:[0m Processing audio with duration 00:02.464[0m
[API] Фраза отправлена (78848 байт).
[1m[1;34m[2026-09-04 01:06:39,480][0m [1m[1;30m[42m[INFO ][0m [1m[1;33m[transcribe.py::895 transcribe]:[0m VAD filter removed 00:00.000 of audio[0m

[2026-09-04 01:06:39 +0300] [4380] [INFO] 127.0.0.1:11395 POST /api/context/conversation/speech_start 1.1 200 71 1012
[1m[1;34m[2026-09-04 01:06:39,843][0m [1m[1;30m[42m[INFO ][0m [1m[1;33m[jaison.py::483 _interrupt_jobs]:[0m Smart Barge-in: Interrupting and clearing queue due to: user_speaking_significant[0m
[1m[1;34m[2026-09-04 01:06:40,347][0m [1m[1;30m[42m[INFO ][0m [1m[1;33m[jaison.py::444 create_job]:[0m Queued new context_conversation_add_text job 68e9c518-ed02-4fd2-b2ff-24f10946bde2[0m
[1m[1;34m[2026-09-04 01:06:40,347][0m [1m[1;30m[42m[INFO ][0m [1m[1;33m[jaison.py::444 create_job]:[0m Queued new response job 06ee42b8-8d9f-4ccd-b881-8848ed52b54a[0m
[1m[1;34m[2026-09-04 01:06:40,665][0m [1m[1;30m[42m[INFO ][0m [1m[1;33m[operation.py::25 __call__]:[0m T2T operation universal_api completed in 316.63590006064624 ms[0m
[VAD] Голос! (Prob: 0.001, RMS: 0.0318) Завершена (2304ms, speech: 1504ms).
[2026-09-04 01:06:41 +0300] [4380] [INFO] 127.0.0.1:11395 POST /api/context/conversation/audio 1.1 200 142 999
[1m[1;34m[2026-09-04 01:06:41,612][0m [1m[1;30m[42m[INFO ][0m [1m[1;33m[transcribe.py::881 transcribe]:[0m Processing audio with duration 00:02.304[0m

[API] Фраза отправлена (73728 байт).
[1m[1;34m[2026-09-04 01:06:41,616][0m [1m[1;30m[42m[INFO ][0m [1m[1;33m[transcribe.py::895 transcribe]:[0m VAD filter removed 00:00.000 of audio[0m
[1m[1;34m[2026-09-04 01:06:41,922][0m [1m[1;30m[42m[INFO ][0m [1m[1;33m[jaison.py::483 _interrupt_jobs]:[0m Smart Barge-in: Interrupting and clearing queue due to: user_speaking_significant[0m
[1m[1;34m[2026-09-04 01:06:41,922][0m [1m[1;30m[42m[INFO ][0m [1m[1;33m[jaison.py::477 _clear_current_job]:[0m Job 06ee42b8-8d9f-4ccd-b881-8848ed52b54a (response) is being cancelled due to: user_speaking_significant[0m
[1m[1;34m[2026-09-04 01:06:42,316][0m [1m[1;30m[42m[INFO ][0m [1m[1;33m[jaison.py::757 _process_job_loop]:[0m Job 06ee42b8-8d9f-4ccd-b881-8848ed52b54a (response) was cancelled.[0m
[1m[1;34m[2026-09-04 01:06:42,439][0m [1m[1;30m[42m[INFO ][0m [1m[1;33m[jaison.py::444 create_job]:[0m Queued new context_conversation_add_text job 7036cae9-75d3-4dde-a750-106d1e29f4c9[0m
[1m[1;34m[2026-09-04 01:06:42,439][0m [1m[1;30m[42m[INFO ][0m [1m[1;33m[jaison.py::444 create_job]:[0m Queued new response job a7a64067-4d11-4b68-abda-6e635512d320[0m
[1m[1;34m[2026-09-04 01:06:42,803][0m [1m[1;30m[42m[INFO ][0m [1m[1;33m[operation.py::25 __call__]:[0m T2T operation universal_api completed in 362.15629999060184 ms[0m
[1m[1;34m[2026-09-04 01:06:44,620][0m [1m[1;30m[42m[INFO ][0m [1m[1;33m[operation.py::25 __call__]:[0m TTS operation fish_audio completed in 1800.1370000420138 ms[0m
[1m[1;34m[2026-09-04 01:06:47,093][0m [1m[1;30m[42m[INFO ][0m [1m[1;33m[operation.py::25 __call__]:[0m TTS operation fish_audio completed in 2472.9476999491453 ms[0m
[1m[1;34m[2026-09-04 01:06:48,888][0m [1m[1;30m[42m[INFO ][0m [1m[1;33m[operation.py::25 __call__]:[0m TTS operation fish_audio completed in 1795.0022999430075 ms[0m
[1m[1;34m[2026-09-04 01:06:48,888][0m [1m[1;30m[42m[INFO ][0m [1m[1;33m[operation.py::25 __call__]:[0m FILTER_TEXT operation chunker_sentence completed in 6085.387700004503 ms[0m
[1m[1;34m[2026-09-04 01:06:48,888][0m [1m[1;30m[42m[INFO ][0m [1m[1;33m[operation.py::25 __call__]:[0m FILTER_TEXT operation filter_clean completed in 6085.521099972539 ms[0m
[1m[1;34m[2026-09-04 01:06:48,889][0m [1m[1;30m[42m[INFO ][0m [1m[1;33m[jaison.py::966 response_pipeline]:[0m Response job a7a64067-4d11-4b68-abda-6e635512d320 completed. Content: 'О, вот это апдейт! Теперь можем болтать без текстовых лагов — звучит, как будто я реально существую....'[0m
[2026-09-04 01:06:56 +0300] [4380] [INFO] 127.0.0.1:11403 POST /api/context/conversation/speech_start 1.1 200 71 1018
[VAD] Голос! (Prob: 0.001, RMS: 0.0374) Завершена (2560ms, speech: 1760ms).
[2026-09-04 01:06:57 +0300] [4380] [INFO] 127.0.0.1:11403 POST /api/context/conversation/audio 1.1 200 142 1005
[1m[1;34m[2026-09-04 01:06:57,163][0m [1m[1;30m[42m[INFO ][0m [1m[1;33m[transcribe.py::881 transcribe]:[0m Processing audio with duration 00:02.560[0m

[API] Фраза отправлена (81920 байт).
[1m[1;34m[2026-09-04 01:06:57,167][0m [1m[1;30m[42m[INFO ][0m [1m[1;33m[transcribe.py::895 transcribe]:[0m VAD filter removed 00:00.000 of audio[0m
[1m[1;34m[2026-09-04 01:06:57,441][0m [1m[1;30m[42m[INFO ][0m [1m[1;33m[jaison.py::483 _interrupt_jobs]:[0m Smart Barge-in: Interrupting and clearing queue due to: user_speaking_significant[0m
[1m[1;34m[2026-09-04 01:06:57,951][0m [1m[1;30m[42m[INFO ][0m [1m[1;33m[jaison.py::444 create_job]:[0m Queued new context_conversation_add_text job 68e39a8f-33ee-4a7c-af15-a65833271c5c[0m
[1m[1;34m[2026-09-04 01:06:57,951][0m [1m[1;30m[42m[INFO ][0m [1m[1;33m[jaison.py::444 create_job]:[0m Queued new response job 3138da03-3e36-4449-a4ea-2e33562b348d[0m
[1m[1;34m[2026-09-04 01:06:58,259][0m [1m[1;30m[42m[INFO ][0m [1m[1;33m[operation.py::25 __call__]:[0m T2T operation universal_api completed in 306.9452999625355 ms[0m
[1m[1;34m[2026-09-04 01:07:01,826][0m [1m[1;30m[42m[INFO ][0m [1m[1;33m[operation.py::25 __call__]:[0m TTS operation fish_audio completed in 3556.1398999998346 ms[0m
[1m[1;34m[2026-09-04 01:07:01,826][0m [1m[1;30m[42m[INFO ][0m [1m[1;33m[operation.py::25 __call__]:[0m FILTER_TEXT operation chunker_sentence completed in 3566.82790000923 ms[0m
[1m[1;34m[2026-09-04 01:07:01,826][0m [1m[1;30m[42m[INFO ][0m [1m[1;33m[operation.py::25 __call__]:[0m FILTER_TEXT operation filter_clean completed in 3566.984999924898 ms[0m
[1m[1;34m[2026-09-04 01:07:01,827][0m [1m[1;30m[42m[INFO ][0m [1m[1;33m[jaison.py::966 response_pipeline]:[0m Response job 3138da03-3e36-4449-a4ea-2e33562b348d completed. Content: 'Давай разберём последний патч в нашем любимом RPG: какие нововведения реально поднимают уровень, а к...'[0m
[VAD] Голос! (Prob: 0.001, RMS: 0.0098) Завершена (1440ms, speech: 544ms).
[2026-09-04 01:07:09 +0300] [4380] [INFO] 127.0.0.1:11409 POST /api/context/conversation/speech_start 1.1 200 71 1003
[2026-09-04 01:07:12 +0300] [4380] [INFO] 127.0.0.1:11412 POST /api/context/conversation/audio 1.1 200 142 0

[1m[1;34m[2026-09-04 01:07:12,013][0m [1m[1;30m[42m[INFO ][0m [1m[1;33m[transcribe.py::881 transcribe]:[0m Processing audio with duration 00:01.440[0m
[API] Фраза отправлена (46080 байт).
[1m[1;34m[2026-09-04 01:07:12,015][0m [1m[1;30m[42m[INFO ][0m [1m[1;33m[transcribe.py::895 transcribe]:[0m VAD filter removed 00:00.000 of audio[0m

[2026-09-04 01:07:13 +0300] [4380] [INFO] 127.0.0.1:11412 POST /api/context/conversation/speech_start 1.1 200 71 1005
[VAD] Голос! (Prob: 0.001, RMS: 0.0430) Завершена (2912ms, speech: 2112ms).
[2026-09-04 01:07:15 +0300] [4380] [INFO] 127.0.0.1:11412 POST /api/context/conversation/audio 1.1 200 142 1006

[1m[1;34m[2026-09-04 01:07:15,913][0m [1m[1;30m[42m[INFO ][0m [1m[1;33m[transcribe.py::881 transcribe]:[0m Processing audio with duration 00:02.912[0m
[API] Фраза отправлена (93184 байт).
[1m[1;34m[2026-09-04 01:07:15,920][0m [1m[1;30m[42m[INFO ][0m [1m[1;33m[transcribe.py::895 transcribe]:[0m VAD filter removed 00:00.000 of audio[0m
[1m[1;34m[2026-09-04 01:07:16,300][0m [1m[1;30m[42m[INFO ][0m [1m[1;33m[jaison.py::483 _interrupt_jobs]:[0m Smart Barge-in: Interrupting and clearing queue due to: user_speaking_significant[0m
[1m[1;34m[2026-09-04 01:07:16,806][0m [1m[1;30m[42m[INFO ][0m [1m[1;33m[jaison.py::444 create_job]:[0m Queued new context_conversation_add_text job 9946889d-18d1-4e53-821c-bedfa1337372[0m
[1m[1;34m[2026-09-04 01:07:16,806][0m [1m[1;30m[42m[INFO ][0m [1m[1;33m[jaison.py::444 create_job]:[0m Queued new response job ebb56cfe-85d8-40d3-94ea-d0f25c94b52e[0m
[1m[1;34m[2026-09-04 01:07:18,091][0m [1m[1;30m[42m[INFO ][0m [1m[1;33m[operation.py::25 __call__]:[0m T2T operation universal_api completed in 1284.1653999639675 ms[0m
[1m[1;34m[2026-09-04 01:07:23,230][0m [1m[1;30m[42m[INFO ][0m [1m[1;33m[operation.py::25 __call__]:[0m TTS operation fish_audio completed in 5105.253600049764 ms[0m
[1m[1;34m[2026-09-04 01:07:27,823][0m [1m[1;30m[42m[INFO ][0m [1m[1;33m[operation.py::25 __call__]:[0m TTS operation fish_audio completed in 4592.677199980244 ms[0m
[1m[1;34m[2026-09-04 01:07:30,699][0m [1m[1;30m[42m[INFO ][0m [1m[1;33m[operation.py::25 __call__]:[0m TTS operation fish_audio completed in 2876.4570999192074 ms[0m
[1m[1;34m[2026-09-04 01:07:33,043][0m [1m[1;30m[42m[INFO ][0m [1m[1;33m[operation.py::25 __call__]:[0m TTS operation fish_audio completed in 2343.596799997613 ms[0m
[1m[1;34m[2026-09-04 01:07:33,044][0m [1m[1;30m[42m[INFO ][0m [1m[1;33m[operation.py::25 __call__]:[0m FILTER_TEXT operation chunker_sentence completed in 14951.469699968584 ms[0m
[1m[1;34m[2026-09-04 01:07:33,044][0m [1m[1;30m[42m[INFO ][0m [1m[1;33m[operation.py::25 __call__]:[0m FILTER_TEXT operation filter_clean completed in 14951.597700011916 ms[0m
[1m[1;34m[2026-09-04 01:07:33,044][0m [1m[1;30m[42m[INFO ][0m [1m[1;33m[jaison.py::966 response_pipeline]:[0m Response job ebb56cfe-85d8-40d3-94ea-d0f25c94b52e completed. Content: 'В древних землях Эльдорада маги собирались в тайный совет, где каждый пытался превзойти друг друга: ...'[0m
[2026-09-04 01:08:04 +0300] [4380] [INFO] 127.0.0.1:13467 POST /api/context/conversation/speech_start 1.1 200 71 1006
[VAD] Голос! (Prob: 0.001, RMS: 0.0306) Завершена (4160ms, speech: 3264ms).
[2026-09-04 01:08:07 +0300] [4380] [INFO] 127.0.0.1:13467 POST /api/context/conversation/audio 1.1 200 142 1005
[1m[1;34m[2026-09-04 01:08:07,593][0m [1m[1;30m[42m[INFO ][0m [1m[1;33m[transcribe.py::881 transcribe]:[0m Processing audio with duration 00:04.160[0m

[API] Фраза отправлена (133120 байт).
[1m[1;34m[2026-09-04 01:08:07,600][0m [1m[1;30m[42m[INFO ][0m [1m[1;33m[transcribe.py::895 transcribe]:[0m VAD filter removed 00:00.000 of audio[0m
[1m[1;34m[2026-09-04 01:08:08,148][0m [1m[1;30m[42m[INFO ][0m [1m[1;33m[jaison.py::483 _interrupt_jobs]:[0m Smart Barge-in: Interrupting and clearing queue due to: user_speaking_significant[0m
[1m[1;34m[2026-09-04 01:08:08,660][0m [1m[1;30m[42m[INFO ][0m [1m[1;33m[jaison.py::444 create_job]:[0m Queued new context_conversation_add_text job beafe1a6-b90a-49e2-942a-81400f90cde7[0m
[1m[1;34m[2026-09-04 01:08:08,660][0m [1m[1;30m[42m[INFO ][0m [1m[1;33m[jaison.py::444 create_job]:[0m Queued new response job 39138cbc-77f4-4a3d-88ad-62c99cd61dc2[0m
[1m[1;34m[2026-09-04 01:08:09,676][0m [1m[1;30m[42m[INFO ][0m [1m[1;33m[operation.py::25 __call__]:[0m T2T operation universal_api completed in 1014.4385999301448 ms[0m
[1m[1;34m[2026-09-04 01:08:13,324][0m [1m[1;30m[42m[INFO ][0m [1m[1;33m[operation.py::25 __call__]:[0m TTS operation fish_audio completed in 3612.1806000592187 ms[0m
[1m[1;34m[2026-09-04 01:08:17,274][0m [1m[1;30m[42m[INFO ][0m [1m[1;33m[operation.py::25 __call__]:[0m TTS operation fish_audio completed in 3949.914800003171 ms[0m
[1m[1;34m[2026-09-04 01:08:22,731][0m [1m[1;30m[42m[INFO ][0m [1m[1;33m[operation.py::25 __call__]:[0m TTS operation fish_audio completed in 5456.55739994254 ms[0m
[1m[1;34m[2026-09-04 01:08:26,969][0m [1m[1;30m[42m[INFO ][0m [1m[1;33m[operation.py::25 __call__]:[0m TTS operation fish_audio completed in 4237.229200080037 ms[0m
[1m[1;34m[2026-09-04 01:08:30,151][0m [1m[1;30m[42m[INFO ][0m [1m[1;33m[operation.py::25 __call__]:[0m TTS operation fish_audio completed in 3181.9053000072017 ms[0m
[1m[1;34m[2026-09-04 01:08:30,151][0m [1m[1;30m[42m[INFO ][0m [1m[1;33m[operation.py::25 __call__]:[0m FILTER_TEXT operation chunker_sentence completed in 20474.895999999717 ms[0m
[1m[1;34m[2026-09-04 01:08:30,151][0m [1m[1;30m[42m[INFO ][0m [1m[1;33m[operation.py::25 __call__]:[0m FILTER_TEXT operation filter_clean completed in 20475.046399980783 ms[0m
[1m[1;34m[2026-09-04 01:08:30,151][0m [1m[1;30m[42m[INFO ][0m [1m[1;33m[jaison.py::966 response_pipeline]:[0m Response job 39138cbc-77f4-4a3d-88ad-62c99cd61dc2 completed. Content: 'В королевстве Вирн маги служили советом, где каждый специализировался на своей стихии: Огонь, Вода, ...'[0m
[2026-09-04 01:09:12 +0300] [4380] [INFO] 127.0.0.1:13497 POST /api/context/conversation/speech_start 1.1 200 71 504
[VAD] Голос! (Prob: 0.001, RMS: 0.0620) Завершена (1632ms, speech: 832ms).
[2026-09-04 01:09:12 +0300] [4380] [INFO] 127.0.0.1:13497 POST /api/context/conversation/audio 1.1 200 142 998
[1m[1;34m[2026-09-04 01:09:12,520][0m [1m[1;30m[42m[INFO ][0m [1m[1;33m[transcribe.py::881 transcribe]:[0m Processing audio with duration 00:01.632[0m

[API] Фраза отправлена (52224 байт).
[1m[1;34m[2026-09-04 01:09:12,524][0m [1m[1;30m[42m[INFO ][0m [1m[1;33m[transcribe.py::895 transcribe]:[0m VAD filter removed 00:00.000 of audio[0m
[1m[1;34m[2026-09-04 01:09:12,742][0m [1m[1;30m[42m[INFO ][0m [1m[1;33m[jaison.py::1378 process_audio_immediate]:[0m Backchannel detected (no response): 'Понятно.'[0m

[2026-09-04 01:09:12 +0300] [4380] [INFO] 127.0.0.1:13497 POST /api/context/conversation/speech_start 1.1 200 71 502
[VAD] Голос! (Prob: 0.002, RMS: 0.0124) Завершена (1792ms, speech: 992ms).
[2026-09-04 01:09:14 +0300] [4380] [INFO] 127.0.0.1:13497 POST /api/context/conversation/audio 1.1 200 142 1005

[1m[1;34m[2026-09-04 01:09:14,220][0m [1m[1;30m[42m[INFO ][0m [1m[1;33m[transcribe.py::881 transcribe]:[0m Processing audio with duration 00:01.792[0m
[API] Фраза отправлена (57344 байт).
[1m[1;34m[2026-09-04 01:09:14,224][0m [1m[1;30m[42m[INFO ][0m [1m[1;33m[transcribe.py::895 transcribe]:[0m VAD filter removed 00:00.000 of audio[0m
[1m[1;34m[2026-09-04 01:09:14,474][0m [1m[1;30m[42m[INFO ][0m [1m[1;33m[jaison.py::483 _interrupt_jobs]:[0m Smart Barge-in: Interrupting and clearing queue due to: user_speaking_significant[0m
[1m[1;34m[2026-09-04 01:09:14,988][0m [1m[1;30m[42m[INFO ][0m [1m[1;33m[jaison.py::444 create_job]:[0m Queued new context_conversation_add_text job 78fadf0e-ccac-4e90-a437-a456eb45321a[0m
[1m[1;34m[2026-09-04 01:09:14,988][0m [1m[1;30m[42m[INFO ][0m [1m[1;33m[jaison.py::444 create_job]:[0m Queued new response job 9badfa9e-d0e3-4318-9c6d-eabafdc8d7f5[0m
[1m[1;34m[2026-09-04 01:09:15,517][0m [1m[1;30m[42m[INFO ][0m [1m[1;33m[operation.py::25 __call__]:[0m T2T operation universal_api completed in 527.0131999859586 ms[0m
[1m[1;34m[2026-09-04 01:09:21,216][0m [1m[1;30m[42m[INFO ][0m [1m[1;33m[operation.py::25 __call__]:[0m TTS operation fish_audio completed in 5679.928399971686 ms[0m
[1m[1;34m[2026-09-04 01:09:24,753][0m [1m[1;30m[42m[INFO ][0m [1m[1;33m[operation.py::25 __call__]:[0m TTS operation fish_audio completed in 3536.2580999499187 ms[0m
[1m[1;34m[2026-09-04 01:09:24,753][0m [1m[1;30m[42m[INFO ][0m [1m[1;33m[operation.py::25 __call__]:[0m FILTER_TEXT operation chunker_sentence completed in 9236.28660000395 ms[0m
[1m[1;34m[2026-09-04 01:09:24,754][0m [1m[1;30m[42m[INFO ][0m [1m[1;33m[operation.py::25 __call__]:[0m FILTER_TEXT operation filter_clean completed in 9236.425300012343 ms[0m
[1m[1;34m[2026-09-04 01:09:24,754][0m [1m[1;30m[42m[INFO ][0m [1m[1;33m[jaison.py::966 response_pipeline]:[0m Response job 9badfa9e-d0e3-4318-9c6d-eabafdc8d7f5 completed. Content: 'Ладно, расскажу про артефакт «Зеркальный Куб» — его владелец мог увидеть любые альтернативные вариан...'[0m
[VAD] Голос! (Prob: 0.001, RMS: 0.0076) Завершена (928ms, speech: 128ms).
[2026-09-04 01:09:51 +0300] [4380] [INFO] 127.0.0.1:9216 POST /api/context/conversation/audio 1.1 200 142 0
[1m[1;34m[2026-09-04 01:09:51,157][0m [1m[1;30m[42m[INFO ][0m [1m[1;33m[transcribe.py::881 transcribe]:[0m Processing audio with duration 00:00.928[0m

[API] Фраза отправлена (29696 байт).
[1m[1;34m[2026-09-04 01:09:51,159][0m [1m[1;30m[42m[INFO ][0m [1m[1;33m[transcribe.py::895 transcribe]:[0m VAD filter removed 00:00.928 of audio[0m
[VAD] Голос! (Prob: 0.001, RMS: 0.0079) Завершена (960ms, speech: 160ms).
[2026-09-04 01:10:05 +0300] [4380] [INFO] 127.0.0.1:9237 POST /api/context/conversation/speech_start 1.1 200 71 502
[2026-09-04 01:10:06 +0300] [4380] [INFO] 127.0.0.1:9239 POST /api/context/conversation/audio 1.1 200 142 499
[1m[1;34m[2026-09-04 01:10:06,600][0m [1m[1;30m[42m[INFO ][0m [1m[1;33m[transcribe.py::881 transcribe]:[0m Processing audio with duration 00:00.960[0m

[API] Фраза отправлена (30720 байт).
[1m[1;34m[2026-09-04 01:10:06,603][0m [1m[1;30m[42m[INFO ][0m [1m[1;33m[transcribe.py::895 transcribe]:[0m VAD filter removed 00:00.960 of audio[0m
[VAD] Голос! (Prob: 0.001, RMS: 0.0076) Завершена (928ms, speech: 128ms).
[2026-09-04 01:10:11 +0300] [4380] [INFO] 127.0.0.1:9239 POST /api/context/conversation/audio 1.1 200 142 1512
[1m[1;34m[2026-09-04 01:10:11,021][0m [1m[1;30m[42m[INFO ][0m [1m[1;33m[transcribe.py::881 transcribe]:[0m Processing audio with duration 00:00.928[0m

[API] Фраза отправлена (29696 байт).
[1m[1;34m[2026-09-04 01:10:11,023][0m [1m[1;30m[42m[INFO ][0m [1m[1;33m[transcribe.py::895 transcribe]:[0m VAD filter removed 00:00.000 of audio[0m
[VAD] Голос! (Prob: 0.001, RMS: 0.0080) Завершена (928ms, speech: 128ms).
[2026-09-04 01:10:41 +0300] [4380] [INFO] 127.0.0.1:9255 POST /api/context/conversation/audio 1.1 200 142 3041

[1m[1;34m[2026-09-04 01:10:41,414][0m [1m[1;30m[42m[INFO ][0m [1m[1;33m[transcribe.py::881 transcribe]:[0m Processing audio with duration 00:00.928[0m
[API] Фраза отправлена (29696 байт).
[1m[1;34m[2026-09-04 01:10:41,416][0m [1m[1;30m[42m[INFO ][0m [1m[1;33m[transcribe.py::895 transcribe]:[0m VAD filter removed 00:00.000 of audio[0m
[2026-09-04 01:11:27 +0300] [4380] [INFO] 127.0.0.1:2436 POST /api/context/conversation/speech_start 1.1 200 71 498
[VAD] Голос! (Prob: 0.001, RMS: 0.0723) Завершена (3456ms, speech: 2656ms).
[2026-09-04 01:11:29 +0300] [4380] [INFO] 127.0.0.1:2436 POST /api/context/conversation/audio 1.1 200 142 507

[API] Фраза отправлена (110592 байт).
[1m[1;34m[2026-09-04 01:11:29,390][0m [1m[1;30m[42m[INFO ][0m [1m[1;33m[transcribe.py::881 transcribe]:[0m Processing audio with duration 00:03.456[0m
[1m[1;34m[2026-09-04 01:11:29,396][0m [1m[1;30m[42m[INFO ][0m [1m[1;33m[transcribe.py::895 transcribe]:[0m VAD filter removed 00:00.000 of audio[0m
[1m[1;34m[2026-09-04 01:11:29,908][0m [1m[1;30m[42m[INFO ][0m [1m[1;33m[jaison.py::483 _interrupt_jobs]:[0m Smart Barge-in: Interrupting and clearing queue due to: user_speaking_significant[0m
[1m[1;34m[2026-09-04 01:11:30,411][0m [1m[1;30m[42m[INFO ][0m [1m[1;33m[jaison.py::444 create_job]:[0m Queued new context_conversation_add_text job e41d7c98-1700-435d-8905-306fece4ada6[0m
[1m[1;34m[2026-09-04 01:11:30,411][0m [1m[1;30m[42m[INFO ][0m [1m[1;33m[jaison.py::444 create_job]:[0m Queued new response job 4a3dd089-ef71-4699-bee6-1cb82860c112[0m
[1m[1;34m[2026-09-04 01:11:31,017][0m [1m[1;30m[42m[INFO ][0m [1m[1;33m[operation.py::25 __call__]:[0m T2T operation universal_api completed in 605.3948999615386 ms[0m
[1m[1;34m[2026-09-04 01:11:34,504][0m [1m[1;30m[42m[INFO ][0m [1m[1;33m[operation.py::25 __call__]:[0m TTS operation fish_audio completed in 3470.8275999873877 ms[0m
[1m[1;34m[2026-09-04 01:11:38,898][0m [1m[1;30m[42m[INFO ][0m [1m[1;33m[operation.py::25 __call__]:[0m TTS operation fish_audio completed in 4393.7796000391245 ms[0m
[1m[1;34m[2026-09-04 01:11:41,056][0m [1m[1;30m[42m[INFO ][0m [1m[1;33m[operation.py::25 __call__]:[0m TTS operation fish_audio completed in 2157.1456999517977 ms[0m
[1m[1;34m[2026-09-04 01:11:41,057][0m [1m[1;30m[42m[INFO ][0m [1m[1;33m[operation.py::25 __call__]:[0m FILTER_TEXT operation chunker_sentence completed in 10038.700399920344 ms[0m
[1m[1;34m[2026-09-04 01:11:41,057][0m [1m[1;30m[42m[INFO ][0m [1m[1;33m[operation.py::25 __call__]:[0m FILTER_TEXT operation filter_clean completed in 10038.84759999346 ms[0m
[1m[1;34m[2026-09-04 01:11:41,057][0m [1m[1;30m[42m[INFO ][0m [1m[1;33m[jaison.py::966 response_pipeline]:[0m Response job 4a3dd089-ef71-4699-bee6-1cb82860c112 completed. Content: 'В Компудахтере всё как обычно: коды бегают, баги шипят, а я всё время ищу, где спрятан следующий апд...'[0m
[2026-09-04 01:11:54 +0300] [4380] [INFO] 127.0.0.1:2449 POST /api/context/conversation/speech_start 1.1 200 71 0
[VAD] Голос! (Prob: 0.001, RMS: 0.0080) Завершена (4160ms, speech: 3328ms).
[2026-09-04 01:11:57 +0300] [4380] [INFO] 127.0.0.1:2449 POST /api/context/conversation/audio 1.1 200 142 1013
[1m[1;34m[2026-09-04 01:11:57,711][0m [1m[1;30m[42m[INFO ][0m [1m[1;33m[transcribe.py::881 transcribe]:[0m Processing audio with duration 00:04.160[0m

[API] Фраза отправлена (133120 байт).
[1m[1;34m[2026-09-04 01:11:57,719][0m [1m[1;30m[42m[INFO ][0m [1m[1;33m[transcribe.py::895 transcribe]:[0m VAD filter removed 00:00.016 of audio[0m
[1m[1;34m[2026-09-04 01:11:58,181][0m [1m[1;30m[42m[INFO ][0m [1m[1;33m[jaison.py::483 _interrupt_jobs]:[0m Smart Barge-in: Interrupting and clearing queue due to: user_speaking_significant[0m
[1m[1;34m[2026-09-04 01:11:58,695][0m [1m[1;30m[42m[INFO ][0m [1m[1;33m[jaison.py::444 create_job]:[0m Queued new context_conversation_add_text job 8f8cb940-99ae-41ca-8b34-999667bf13f2[0m
[1m[1;34m[2026-09-04 01:11:58,695][0m [1m[1;30m[42m[INFO ][0m [1m[1;33m[jaison.py::444 create_job]:[0m Queued new response job 5c56c507-288d-4f67-888e-2cd56a29ab52[0m
[1m[1;34m[2026-09-04 01:11:59,301][0m [1m[1;30m[42m[INFO ][0m [1m[1;33m[operation.py::25 __call__]:[0m T2T operation universal_api completed in 605.9112000511959 ms[0m
[1m[1;34m[2026-09-04 01:12:02,138][0m [1m[1;30m[42m[INFO ][0m [1m[1;33m[operation.py::25 __call__]:[0m TTS operation fish_audio completed in 2819.455499993637 ms[0m
[1m[1;34m[2026-09-04 01:12:05,518][0m [1m[1;30m[42m[INFO ][0m [1m[1;33m[operation.py::25 __call__]:[0m TTS operation fish_audio completed in 3379.592299927026 ms[0m
[1m[1;34m[2026-09-04 01:12:05,518][0m [1m[1;30m[42m[INFO ][0m [1m[1;33m[operation.py::25 __call__]:[0m FILTER_TEXT operation chunker_sentence completed in 6216.480299946852 ms[0m
[1m[1;34m[2026-09-04 01:12:05,519][0m [1m[1;30m[42m[INFO ][0m [1m[1;33m[operation.py::25 __call__]:[0m FILTER_TEXT operation filter_clean completed in 6216.634500073269 ms[0m
[1m[1;34m[2026-09-04 01:12:05,519][0m [1m[1;30m[42m[INFO ][0m [1m[1;33m[jaison.py::966 response_pipeline]:[0m Response job 5c56c507-288d-4f67-888e-2cd56a29ab52 completed. Content: 'Тогда держи виртуальный кусок: хрустящий, слегка 8‑битный, с ароматом «сохранения без ошибок». Прият...'[0m
[VAD] Голос! (Prob: 0.001, RMS: 0.0087) Завершена (1088ms, speech: 288ms).
[2026-09-04 01:12:44 +0300] [4380] [INFO] 127.0.0.1:10077 POST /api/context/conversation/speech_start 1.1 200 71 500
[2026-09-04 01:12:45 +0300] [4380] [INFO] 127.0.0.1:10078 POST /api/context/conversation/audio 1.1 200 142 999
[1m[1;34m[2026-09-04 01:12:45,825][0m [1m[1;30m[42m[INFO ][0m [1m[1;33m[transcribe.py::881 transcribe]:[0m Processing audio with duration 00:01.088[0m

[API] Фраза отправлена (34816 байт).
[1m[1;34m[2026-09-04 01:12:45,828][0m [1m[1;30m[42m[INFO ][0m [1m[1;33m[transcribe.py::895 transcribe]:[0m VAD filter removed 00:01.088 of audio[0m

[2026-09-04 01:12:47 +0300] [4380] [INFO] 127.0.0.1:10078 POST /api/context/conversation/speech_start 1.1 200 71 1005
[VAD] Голос! (Prob: 0.001, RMS: 0.0095) Завершена (1216ms, speech: 416ms).
[2026-09-04 01:12:48 +0300] [4380] [INFO] 127.0.0.1:10078 POST /api/context/conversation/audio 1.1 200 142 1003
[1m[1;34m[2026-09-04 01:12:48,458][0m [1m[1;30m[42m[INFO ][0m [1m[1;33m[transcribe.py::881 transcribe]:[0m Processing audio with duration 00:01.216[0m

[API] Фраза отправлена (38912 байт).
[1m[1;34m[2026-09-04 01:12:48,461][0m [1m[1;30m[42m[INFO ][0m [1m[1;33m[transcribe.py::895 transcribe]:[0m VAD filter removed 00:00.000 of audio[0m
[1m[1;34m[2026-09-04 01:12:50,538][0m [1m[1;30m[42m[INFO ][0m [1m[1;33m[jaison.py::444 create_job]:[0m Queued new context_conversation_add_text job 0808521e-a208-406c-b221-c5e4e4258220[0m
[1m[1;34m[2026-09-04 01:12:50,538][0m [1m[1;30m[42m[INFO ][0m [1m[1;33m[jaison.py::582 _commit_pending_voice_turn]:[0m Voice turn committed as context-only (no RESPONSE job).[0m
[VAD] Голос! (Prob: 0.001, RMS: 0.0084) Завершена (928ms, speech: 128ms).
[2026-09-04 01:13:59 +0300] [4380] [INFO] 127.0.0.1:7783 POST /api/context/conversation/audio 1.1 200 142 498

[1m[1;34m[2026-09-04 01:13:59,506][0m [1m[1;30m[42m[INFO ][0m [1m[1;33m[transcribe.py::881 transcribe]:[0m Processing audio with duration 00:00.928[0m
[API] Фраза отправлена (29696 байт).
[1m[1;34m[2026-09-04 01:13:59,508][0m [1m[1;30m[42m[INFO ][0m [1m[1;33m[transcribe.py::895 transcribe]:[0m VAD filter removed 00:00.928 of audio[0m
[1m[1;34m[2026-09-04 01:13:59,512][0m [1m[1;30m[42m[INFO ][0m [1m[1;33m[jaison.py::269 _record_stt_metrics]:[0m STT metrics(window=20): avg_latency_ms=344 empty_rate=0.400 stop_cmd_recall=0.000[0m
[2026-09-04 01:14:17 +0300] [4380] [INFO] 127.0.0.1:3397 POST /api/context/conversation/speech_start 1.1 200 71 1506
[VAD] Голос! (Prob: 0.001, RMS: 0.0630) Завершена (2464ms, speech: 1664ms).
[2026-09-04 01:14:18 +0300] [4380] [INFO] 127.0.0.1:3397 POST /api/context/conversation/audio 1.1 200 142 1002
[1m[1;34m[2026-09-04 01:14:18,466][0m [1m[1;30m[42m[INFO ][0m [1m[1;33m[transcribe.py::881 transcribe]:[0m Processing audio with duration 00:02.464[0m

[API] Фраза отправлена (78848 байт).
[1m[1;34m[2026-09-04 01:14:18,471][0m [1m[1;30m[42m[INFO ][0m [1m[1;33m[transcribe.py::895 transcribe]:[0m VAD filter removed 00:00.000 of audio[0m
[1m[1;34m[2026-09-04 01:14:19,576][0m [1m[1;30m[42m[INFO ][0m [1m[1;33m[jaison.py::444 create_job]:[0m Queued new context_conversation_add_text job 6f5e0b7d-5069-444e-b0d1-6de622724544[0m
[1m[1;34m[2026-09-04 01:14:19,576][0m [1m[1;30m[42m[INFO ][0m [1m[1;33m[jaison.py::582 _commit_pending_voice_turn]:[0m Voice turn committed as context-only (no RESPONSE job).[0m
[2026-09-04 01:14:27 +0300] [4380] [INFO] 127.0.0.1:12253 POST /api/context/conversation/speech_start 1.1 200 71 1002
[VAD] Голос! (Prob: 0.001, RMS: 0.0550) Завершена (3808ms, speech: 2816ms).
[2026-09-04 01:14:30 +0300] [4380] [INFO] 127.0.0.1:12253 POST /api/context/conversation/audio 1.1 200 142 10775
[1m[1;34m[2026-09-04 01:14:30,159][0m [1m[1;30m[42m[INFO ][0m [1m[1;33m[transcribe.py::881 transcribe]:[0m Processing audio with duration 00:03.808[0m

[API] Фраза отправлена (121856 байт).
[1m[1;34m[2026-09-04 01:14:30,166][0m [1m[1;30m[42m[INFO ][0m [1m[1;33m[transcribe.py::895 transcribe]:[0m VAD filter removed 00:00.000 of audio[0m
[1m[1;34m[2026-09-04 01:14:30,594][0m [1m[1;30m[42m[INFO ][0m [1m[1;33m[jaison.py::483 _interrupt_jobs]:[0m Smart Barge-in: Interrupting and clearing queue due to: user_speaking_significant[0m
[1m[1;34m[2026-09-04 01:14:31,107][0m [1m[1;30m[42m[INFO ][0m [1m[1;33m[jaison.py::444 create_job]:[0m Queued new context_conversation_add_text job 3b0c10fd-365a-4d40-a5a3-9bc64b5639ae[0m
[1m[1;34m[2026-09-04 01:14:31,107][0m [1m[1;30m[42m[INFO ][0m [1m[1;33m[jaison.py::444 create_job]:[0m Queued new response job 5fbe4ccd-f138-46b1-9bf2-824ff659cd8b[0m
[1m[1;34m[2026-09-04 01:14:32,241][0m [1m[1;30m[42m[INFO ][0m [1m[1;33m[operation.py::25 __call__]:[0m T2T operation universal_api completed in 1132.3016999522224 ms[0m
[1m[1;34m[2026-09-04 01:14:38,996][0m [1m[1;30m[42m[INFO ][0m [1m[1;33m[operation.py::25 __call__]:[0m TTS operation fish_audio completed in 6739.399299956858 ms[0m
[1m[1;34m[2026-09-04 01:14:38,997][0m [1m[1;30m[42m[INFO ][0m [1m[1;33m[operation.py::25 __call__]:[0m FILTER_TEXT operation chunker_sentence completed in 6755.380799993873 ms[0m
[1m[1;34m[2026-09-04 01:14:38,997][0m [1m[1;30m[42m[INFO ][0m [1m[1;33m[operation.py::25 __call__]:[0m FILTER_TEXT operation filter_clean completed in 6755.5457999696955 ms[0m
[1m[1;34m[2026-09-04 01:14:38,997][0m [1m[1;30m[42m[INFO ][0m [1m[1;33m[jaison.py::966 response_pipeline]:[0m Response job 5fbe4ccd-f138-46b1-9bf2-824ff659cd8b completed. Content: 'Ладно, включаю режим «пиксельный дуэлянт»: берём виртуальные мечи, бросаем баги в цель и посмотрим, ...'[0m
[2026-09-04 01:14:49 +0300] [4380] [INFO] 127.0.0.1:12264 POST /api/context/conversation/speech_start 1.1 200 71 507
[VAD] Голос! (Prob: 0.001, RMS: 0.0323) Завершена (1600ms, speech: 800ms).
[2026-09-04 01:14:49 +0300] [4380] [INFO] 127.0.0.1:12264 POST /api/context/conversation/audio 1.1 200 142 1003
[1m[1;34m[2026-09-04 01:14:49,158][0m [1m[1;30m[42m[INFO ][0m [1m[1;33m[transcribe.py::881 transcribe]:[0m Processing audio with duration 00:01.600[0m

[API] Фраза отправлена (51200 байт).
[1m[1;34m[2026-09-04 01:14:49,162][0m [1m[1;30m[42m[INFO ][0m [1m[1;33m[transcribe.py::895 transcribe]:[0m VAD filter removed 00:00.000 of audio[0m

[2026-09-04 01:14:49 +0300] [4380] [INFO] 127.0.0.1:12264 POST /api/context/conversation/speech_start 1.1 200 71 1507
[VAD] Голос! (Prob: 0.001, RMS: 0.0137) Завершена (1600ms, speech: 1056ms).
[2026-09-04 01:14:50 +0300] [4380] [INFO] 127.0.0.1:12264 POST /api/context/conversation/audio 1.1 200 142 1001
[1m[1;34m[2026-09-04 01:14:50,729][0m [1m[1;30m[42m[INFO ][0m [1m[1;33m[transcribe.py::881 transcribe]:[0m Processing audio with duration 00:01.600[0m

[API] Фраза отправлена (51200 байт).
[1m[1;34m[2026-09-04 01:14:50,732][0m [1m[1;30m[42m[INFO ][0m [1m[1;33m[transcribe.py::895 transcribe]:[0m VAD filter removed 00:00.000 of audio[0m

[2026-09-04 01:14:51 +0300] [4380] [INFO] 127.0.0.1:12264 POST /api/context/conversation/speech_start 1.1 200 71 503
[VAD] Голос! (Prob: 0.001, RMS: 0.0178) Завершена (2272ms, speech: 1344ms).
[2026-09-04 01:14:53 +0300] [4380] [INFO] 127.0.0.1:12264 POST /api/context/conversation/audio 1.1 200 141 1006

[API] Фраза отправлена (72704 байт).
[1m[1;34m[2026-09-04 01:14:53,237][0m [1m[1;30m[42m[INFO ][0m [1m[1;33m[jaison.py::483 _interrupt_jobs]:[0m Smart Barge-in: Interrupting and clearing queue due to: user_speaking_significant[0m
[1m[1;34m[2026-09-04 01:14:53,240][0m [1m[1;30m[42m[INFO ][0m [1m[1;33m[transcribe.py::881 transcribe]:[0m Processing audio with duration 00:02.272[0m
[1m[1;34m[2026-09-04 01:14:53,244][0m [1m[1;30m[42m[INFO ][0m [1m[1;33m[transcribe.py::895 transcribe]:[0m VAD filter removed 00:00.000 of audio[0m
[1m[1;34m[2026-09-04 01:14:53,957][0m [1m[1;30m[42m[INFO ][0m [1m[1;33m[jaison.py::483 _interrupt_jobs]:[0m Smart Barge-in: Interrupting and clearing queue due to: user_speaking_significant[0m
[1m[1;34m[2026-09-04 01:14:53,958][0m [1m[1;30m[42m[INFO ][0m [1m[1;33m[jaison.py::444 create_job]:[0m Queued new context_conversation_add_text job 4744e595-3c02-47b5-a457-9b21f6ab7086[0m
[1m[1;34m[2026-09-04 01:14:53,958][0m [1m[1;30m[42m[INFO ][0m [1m[1;33m[jaison.py::444 create_job]:[0m Queued new response job 01a188e8-d206-4091-a649-024a1bfbddd8[0m
[1m[1;34m[2026-09-04 01:14:54,448][0m [1m[1;30m[42m[INFO ][0m [1m[1;33m[jaison.py::444 create_job]:[0m Queued new context_conversation_add_text job 46c1481d-baad-4c7d-992c-9a2c230cee45[0m
[1m[1;34m[2026-09-04 01:14:54,448][0m [1m[1;30m[42m[INFO ][0m [1m[1;33m[jaison.py::444 create_job]:[0m Queued new response job a63929ee-d96e-4d9a-8488-b4a7e76db93d[0m
[1m[1;34m[2026-09-04 01:14:54,789][0m [1m[1;30m[42m[INFO ][0m [1m[1;33m[operation.py::25 __call__]:[0m T2T operation universal_api completed in 828.8197999354452 ms[0m
[1m[1;34m[2026-09-04 01:14:57,253][0m [1m[1;30m[42m[INFO ][0m [1m[1;33m[operation.py::25 __call__]:[0m TTS operation fish_audio completed in 2450.1144000096247 ms[0m
[1m[1;34m[2026-09-04 01:14:59,588][0m [1m[1;30m[42m[INFO ][0m [1m[1;33m[operation.py::25 __call__]:[0m TTS operation fish_audio completed in 2335.7211000984535 ms[0m
[1m[1;34m[2026-09-04 01:14:59,589][0m [1m[1;30m[42m[INFO ][0m [1m[1;33m[operation.py::25 __call__]:[0m FILTER_TEXT operation chunker_sentence completed in 4799.808699986897 ms[0m
[1m[1;34m[2026-09-04 01:14:59,589][0m [1m[1;30m[42m[INFO ][0m [1m[1;33m[operation.py::25 __call__]:[0m FILTER_TEXT operation filter_clean completed in 4799.963900004514 ms[0m
[1m[1;34m[2026-09-04 01:14:59,590][0m [1m[1;30m[42m[INFO ][0m [1m[1;33m[jaison.py::966 response_pipeline]:[0m Response job 01a188e8-d206-4091-a649-024a1bfbddd8 completed. Content: 'Ой, промахнулся — держи новый раунд, на этот раз без багов и с полной силой. Что дальше, готов к реа...'[0m
[1m[1;34m[2026-09-04 01:15:00,202][0m [1m[1;30m[42m[INFO ][0m [1m[1;33m[operation.py::25 __call__]:[0m T2T operation universal_api completed in 610.6471000239253 ms[0m
[1m[1;34m[2026-09-04 01:15:02,715][0m [1m[1;30m[42m[INFO ][0m [1m[1;33m[operation.py::25 __call__]:[0m TTS operation fish_audio completed in 2496.993000037037 ms[0m
[1m[1;34m[2026-09-04 01:15:06,140][0m [1m[1;30m[42m[INFO ][0m [1m[1;33m[operation.py::25 __call__]:[0m TTS operation fish_audio completed in 3424.15279999841 ms[0m
[1m[1;34m[2026-09-04 01:15:06,140][0m [1m[1;30m[42m[INFO ][0m [1m[1;33m[operation.py::25 __call__]:[0m FILTER_TEXT operation chunker_sentence completed in 5937.706300057471 ms[0m
[1m[1;34m[2026-09-04 01:15:06,140][0m [1m[1;30m[42m[INFO ][0m [1m[1;33m[operation.py::25 __call__]:[0m FILTER_TEXT operation filter_clean completed in 5937.8323999699205 ms[0m
[1m[1;34m[2026-09-04 01:15:06,140][0m [1m[1;30m[42m[INFO ][0m [1m[1;33m[jaison.py::966 response_pipeline]:[0m Response job a63929ee-d96e-4d9a-8488-b4a7e76db93d completed. Content: 'Ля-ля-ля, в ритме битов и пикселей, поём вместе, будто код нам подпевает. 🎤 (но без смайликов, прост...'[0m
[1m[1;34m[2026-09-04 01:30:30,106][0m [1m[1;30m[42m[INFO ][0m [1m[1;33m[jaison.py::110 start]:[0m Starting JAIson application layer.[0m
[1m[1;34m[2026-09-04 01:30:30,119][0m [1m[1;30m[42m[INFO ][0m [1m[1;33m[manager.py::328 load_operations_from_config]:[0m Active STT from config: faster_whisper_ru[0m
[1m[1;34m[2026-09-04 01:30:30,120][0m [1m[1;30m[42m[INFO ][0m [1m[1;33m[manager.py::330 load_operations_from_config]:[0m Active T2T from config: groq[0m
[1m[1;34m[2026-09-04 01:30:31,431][0m [1m[1;30m[42m[INFO ][0m [1m[1;33m[operation.py::32 start]:[0m Starting STT operation faster_whisper_ru[0m
[1m[1;34m[2026-09-04 01:30:31,431][0m [1m[1;30m[42m[INFO ][0m [1m[1;33m[faster_whisper.py::35 start]:[0m Loading Faster Whisper model 'medium' on cuda (int8_float16)...[0m
[1m[1;34m[2026-09-04 01:30:34,368][0m [1m[1;30m[42m[INFO ][0m [1m[1;33m[faster_whisper.py::38 start]:[0m Faster Whisper model loaded successfully.[0m
[1m[1;34m[2026-09-04 01:30:34,660][0m [1m[1;30m[42m[INFO ][0m [1m[1;33m[operation.py::32 start]:[0m Starting T2T operation universal_api[0m
[1m[1;34m[2026-09-04 01:30:34,700][0m [1m[1;30m[42m[INFO ][0m [1m[1;33m[fishaudio.py::159 configure]:[0m FishAudioTTS: настроен — model=s2.1-pro-free, reference_id=8579f198..., latency=balanced, sample_rate=44100, speed=1.0[0m
[1m[1;34m[2026-09-04 01:30:34,700][0m [1m[1;30m[42m[INFO ][0m [1m[1;33m[operation.py::32 start]:[0m Starting TTS operation fish_audio[0m
[1m[1;34m[2026-09-04 01:30:34,700][0m [1m[1;30m[42m[INFO ][0m [1m[1;33m[fishaudio.py::85 start]:[0m FishAudioTTS: операция запущена (WebSocket streaming, format=pcm)[0m
[1m[1;34m[2026-09-04 01:30:34,702][0m [1m[1;30m[42m[INFO ][0m [1m[1;33m[operation.py::32 start]:[0m Starting FILTER_TEXT operation filter_clean[0m
[1m[1;34m[2026-09-04 01:30:34,702][0m [1m[1;30m[42m[INFO ][0m [1m[1;33m[manager.py::27 load]:[0m Loading process by type hw_mic[0m
[1m[1;34m[2026-09-04 01:30:34,704][0m [1m[1;30m[43m[WARNI][0m [1m[1;33m[base.py::46 unload]:[0m Attempted to unload process hw_mic when it is already unloaded[0m
[ProcessManager] Starting Hardware Microphone (hw-mic-client)...
[1m[1;34m[2026-09-04 01:30:34,711][0m [1m[1;30m[42m[INFO ][0m [1m[1;33m[manager.py::27 load]:[0m Loading process by type discord[0m
[1m[1;34m[2026-09-04 01:30:34,711][0m [1m[1;30m[43m[WARNI][0m [1m[1;33m[base.py::46 unload]:[0m Attempted to unload process discord when it is already unloaded[0m
[1m[1;34m[2026-09-04 01:30:34,711][0m [1m[1;30m[42m[INFO ][0m [1m[1;33m[discord.py::52 reload]:[0m Starting Discord bridge for guild 390301473210236928, channel 390301473210236932.[0m
[1m[1;34m[2026-09-04 01:30:34,718][0m [1m[1;30m[42m[INFO ][0m [1m[1;33m[jaison.py::149 start]:[0m JAIson application layer has started.[0m
[1m[1;34m[2026-09-04 01:30:34,719][0m [1m[1;30m[42m[INFO ][0m [1m[1;33m[logging.py::106 info]:[0m Running on http://127.0.0.1:7272 (CTRL + C to quit)[0m
[discord] C:\Nirmita\apps\discord-bridge\main.py:11: DeprecationWarning: 'audioop' is deprecated and slated for removal in Python 3.13
[discord]   import audioop
[discord] 2026-09-04 01:30:35,171 [INFO] logging in using static token
[INFO] Loading Silero VAD ONNX Session (CPU)...
[2026-09-04 01:30:35 +0300] [46964] [INFO] 127.0.0.1:10577 GET /api/config 1.1 200 4247 1511
[MIC] Selected by name: [72] Микрофон (4- fifine Microphone) (Windows WASAPI)
[2026-09-04 01:30:35 +0300] [46964] [INFO] 127.0.0.1:10579 GET /api/config 1.1 200 4247 502
[INFO] SoundDevice Listening on: Микрофон (4- fifine Microphone) (ID: 72, hostapi: Windows WASAPI)
========================================================


[2026-09-04 01:30:35 +0300] [46964] [INFO] 127.0.0.1:10581 GET /api/context/history 1.1 200 59 0
[2026-09-04 01:30:35 +0300] [46964] [INFO] 127.0.0.1:10583 GET /api/context/history 1.1 200 59 0
[discord] 2026-09-04 01:30:36,364 [INFO] Shard ID None has connected to Gateway (Session ID: 0ea6892c491dae4aa76d4b47928f5f79).
[VAD] Голос! (Prob: 0.001, RMS: 0.0483) Завершена (672ms, speech: 128ms).

[discord] 2026-09-04 01:30:38,381 [INFO] Authenticated as Nira#4162
[discord] 2026-09-04 01:30:38,393 [INFO] Connecting to voice...
[discord] 2026-09-04 01:30:38,393 [INFO] Starting voice handshake... (connection attempt 1)
[1m[1;34m[2026-09-04 01:30:38,394][0m [1m[1;30m[42m[INFO ][0m [1m[1;33m[app_server.py::77 ws]:[0m Opened new websocket connection[0m
[2026-09-04 01:30:38 +0300] [46964] [INFO] 127.0.0.1:7411 GET / 1.1 101 - 1002
[discord] 2026-09-04 01:30:38,395 [INFO] Connected to JAIson WebSocket
[2026-09-04 01:30:38 +0300] [46964] [INFO] 127.0.0.1:7412 POST /api/context/conversation/audio 1.1 200 142 1119
[1m[1;34m[2026-09-04 01:30:38,477][0m [1m[1;30m[42m[INFO ][0m [1m[1;33m[transcribe.py::881 transcribe]:[0m Processing audio with duration 00:00.672[0m
[VAD] Голос! (Prob: 0.001, RMS: 0.0194)
[API] Фраза отправлена (21504 байт).
[1m[1;34m[2026-09-04 01:30:38,540][0m [1m[1;30m[42m[INFO ][0m [1m[1;33m[transcribe.py::895 transcribe]:[0m VAD filter removed 00:00.672 of audio[0m
[discord] 2026-09-04 01:30:38,733 [INFO] Voice handshake complete. Endpoint found: c-otp01-f984b1df.discord.media:2087
[discord] 2026-09-04 01:30:39,049 [INFO] Voice connection complete.
[discord] 2026-09-04 01:30:39,056 [INFO] Joined voice channel 🏕️Таверна "Астрал" (390301473210236932)
[2026-09-04 01:30:39 +0300] [46964] [INFO] 127.0.0.1:2148 POST /api/context/conversation/speech_start 1.1 200 71 503
[1m[1;34m[2026-09-04 01:30:39,373][0m [1m[1;30m[42m[INFO ][0m [1m[1;33m[app_server.py::77 ws]:[0m Opened new websocket connection[0m
[2026-09-04 01:30:39 +0300] [46964] [INFO] 127.0.0.1:7896 GET / 1.1 101 - 1008
 Завершена (2528ms, speech: 1600ms).
[2026-09-04 01:30:40 +0300] [46964] [INFO] 127.0.0.1:2148 POST /api/context/conversation/audio 1.1 200 142 1512

[1m[1;34m[2026-09-04 01:30:40,309][0m [1m[1;30m[42m[INFO ][0m [1m[1;33m[transcribe.py::881 transcribe]:[0m Processing audio with duration 00:02.528[0m
[API] Фраза отправлена (80896 байт).
[1m[1;34m[2026-09-04 01:30:40,314][0m [1m[1;30m[42m[INFO ][0m [1m[1;33m[transcribe.py::895 transcribe]:[0m VAD filter removed 00:02.528 of audio[0m
[VAD] Голос! (Prob: 0.001, RMS: 0.0081) Завершена (928ms, speech: 128ms).
[2026-09-04 01:30:42 +0300] [46964] [INFO] 127.0.0.1:2148 POST /api/context/conversation/audio 1.1 200 142 507
[1m[1;34m[2026-09-04 01:30:42,767][0m [1m[1;30m[42m[INFO ][0m [1m[1;33m[transcribe.py::881 transcribe]:[0m Processing audio with duration 00:00.928[0m

[API] Фраза отправлена (29696 байт).
[1m[1;34m[2026-09-04 01:30:42,770][0m [1m[1;30m[42m[INFO ][0m [1m[1;33m[transcribe.py::895 transcribe]:[0m VAD filter removed 00:00.928 of audio[0m
[VAD] Голос! (Prob: 0.001, RMS: 0.0091) Завершена (928ms, speech: 128ms).
[2026-09-04 01:30:44 +0300] [46964] [INFO] 127.0.0.1:2148 POST /api/context/conversation/audio 1.1 200 142 1020

[1m[1;34m[2026-09-04 01:30:44,746][0m [1m[1;30m[42m[INFO ][0m [1m[1;33m[transcribe.py::881 transcribe]:[0m Processing audio with duration 00:00.928[0m
[API] Фраза отправлена (29696 байт).
[1m[1;34m[2026-09-04 01:30:44,748][0m [1m[1;30m[42m[INFO ][0m [1m[1;33m[transcribe.py::895 transcribe]:[0m VAD filter removed 00:00.928 of audio[0m

[2026-09-04 01:30:46 +0300] [46964] [INFO] 127.0.0.1:2148 POST /api/context/conversation/speech_start 1.1 200 71 500
[VAD] Голос! (Prob: 0.001, RMS: 0.0176) Завершена (2304ms, speech: 1472ms).
[2026-09-04 01:30:48 +0300] [46964] [INFO] 127.0.0.1:2148 POST /api/context/conversation/audio 1.1 200 142 509
[1m[1;34m[2026-09-04 01:30:48,716][0m [1m[1;30m[42m[INFO ][0m [1m[1;33m[transcribe.py::881 transcribe]:[0m Processing audio with duration 00:02.304[0m

[API] Фраза отправлена (73728 байт).
[1m[1;34m[2026-09-04 01:30:48,721][0m [1m[1;30m[42m[INFO ][0m [1m[1;33m[transcribe.py::895 transcribe]:[0m VAD filter removed 00:00.000 of audio[0m
[1m[1;34m[2026-09-04 01:30:49,539][0m [1m[1;30m[42m[INFO ][0m [1m[1;33m[jaison.py::483 _interrupt_jobs]:[0m Smart Barge-in: Interrupting and clearing queue due to: user_speaking_significant[0m
[1m[1;34m[2026-09-04 01:30:50,057][0m [1m[1;30m[42m[INFO ][0m [1m[1;33m[jaison.py::444 create_job]:[0m Queued new context_conversation_add_text job 7b2e43b2-c520-4bdf-807d-b670481238be[0m
[1m[1;34m[2026-09-04 01:30:50,057][0m [1m[1;30m[42m[INFO ][0m [1m[1;33m[jaison.py::444 create_job]:[0m Queued new response job de1a024d-888d-4bd6-a1b9-a5f7d5f99437[0m
[1m[1;34m[2026-09-04 01:30:50,774][0m [1m[1;30m[42m[INFO ][0m [1m[1;33m[operation.py::25 __call__]:[0m T2T operation universal_api completed in 715.627400088124 ms[0m
[1m[1;34m[2026-09-04 01:30:52,346][0m [1m[1;30m[42m[INFO ][0m [1m[1;33m[operation.py::25 __call__]:[0m TTS operation fish_audio completed in 1650.3767999820411 ms[0m
[1m[1;34m[2026-09-04 01:30:55,935][0m [1m[1;30m[42m[INFO ][0m [1m[1;33m[operation.py::25 __call__]:[0m TTS operation fish_audio completed in 3588.354400009848 ms[0m
[1m[1;34m[2026-09-04 01:30:57,554][0m [1m[1;30m[42m[INFO ][0m [1m[1;33m[operation.py::25 __call__]:[0m TTS operation fish_audio completed in 1618.8789999578148 ms[0m
[1m[1;34m[2026-09-04 01:30:57,554][0m [1m[1;30m[42m[INFO ][0m [1m[1;33m[jaison.py::997 response_pipeline]:[0m Response job de1a024d-888d-4bd6-a1b9-a5f7d5f99437 completed. Content: 'Привет, Зефир! Вечер просто супер, уже успела прокачать пару новых мемов про RPG и задуматься, как б...'[0m
[2026-09-04 01:31:15 +0300] [46964] [INFO] 127.0.0.1:4878 POST /api/context/conversation/speech_start 1.1 200 71 507
[VAD] Голос! (Prob: 0.001, RMS: 0.0312) Завершена (3680ms, speech: 2880ms).
[2026-09-04 01:31:17 +0300] [46964] [INFO] 127.0.0.1:4878 POST /api/context/conversation/audio 1.1 200 142 1004

[1m[1;34m[2026-09-04 01:31:17,426][0m [1m[1;30m[42m[INFO ][0m [1m[1;33m[transcribe.py::881 transcribe]:[0m Processing audio with duration 00:03.680[0m
[API] Фраза отправлена (117760 байт).
[1m[1;34m[2026-09-04 01:31:17,435][0m [1m[1;30m[42m[INFO ][0m [1m[1;33m[transcribe.py::895 transcribe]:[0m VAD filter removed 00:00.000 of audio[0m
[1m[1;34m[2026-09-04 01:31:17,835][0m [1m[1;30m[42m[INFO ][0m [1m[1;33m[jaison.py::483 _interrupt_jobs]:[0m Smart Barge-in: Interrupting and clearing queue due to: user_speaking_significant[0m
[1m[1;34m[2026-09-04 01:31:18,342][0m [1m[1;30m[42m[INFO ][0m [1m[1;33m[jaison.py::444 create_job]:[0m Queued new context_conversation_add_text job 12ef6efd-711c-4b64-9d6f-7b364a5e11d3[0m
[1m[1;34m[2026-09-04 01:31:18,342][0m [1m[1;30m[42m[INFO ][0m [1m[1;33m[jaison.py::444 create_job]:[0m Queued new response job a8a96535-a63d-45bb-8fc1-ade92fdbfc4f[0m
[1m[1;34m[2026-09-04 01:31:18,786][0m [1m[1;30m[42m[INFO ][0m [1m[1;33m[operation.py::25 __call__]:[0m T2T operation universal_api completed in 443.408599938266 ms[0m
[1m[1;34m[2026-09-04 01:31:22,752][0m [1m[1;30m[42m[INFO ][0m [1m[1;33m[operation.py::25 __call__]:[0m TTS operation fish_audio completed in 4010.9470000024885 ms[0m
[1m[1;34m[2026-09-04 01:31:25,327][0m [1m[1;30m[42m[INFO ][0m [1m[1;33m[operation.py::25 __call__]:[0m TTS operation fish_audio completed in 2574.598400038667 ms[0m
[1m[1;34m[2026-09-04 01:31:26,986][0m [1m[1;30m[42m[INFO ][0m [1m[1;33m[operation.py::25 __call__]:[0m TTS operation fish_audio completed in 1658.9647999498993 ms[0m
[1m[1;34m[2026-09-04 01:31:26,986][0m [1m[1;30m[42m[INFO ][0m [1m[1;33m[jaison.py::997 response_pipeline]:[0m Response job a8a96535-a63d-45bb-8fc1-ade92fdbfc4f completed. Content: 'Ну, представляешь: берём наши любимые настолки, добавляем онлайн‑механики, а потом собираем реальную...'[0m
[2026-09-04 01:31:42 +0300] [46964] [INFO] 127.0.0.1:10934 POST /api/context/conversation/speech_start 1.1 200 71 504
[VAD] Голос! (Prob: 0.001, RMS: 0.0146) Завершена (9824ms, speech: 8352ms).
[2026-09-04 01:31:53 +0300] [46964] [INFO] 127.0.0.1:10939 POST /api/context/conversation/audio 1.1 200 142 2522

[1m[1;34m[2026-09-04 01:31:53,063][0m [1m[1;30m[42m[INFO ][0m [1m[1;33m[transcribe.py::881 transcribe]:[0m Processing audio with duration 00:09.824[0m
[API] Фраза отправлена (314368 байт).
[1m[1;34m[2026-09-04 01:31:53,079][0m [1m[1;30m[42m[INFO ][0m [1m[1;33m[transcribe.py::895 transcribe]:[0m VAD filter removed 00:00.304 of audio[0m
[1m[1;34m[2026-09-04 01:31:53,936][0m [1m[1;30m[42m[INFO ][0m [1m[1;33m[jaison.py::483 _interrupt_jobs]:[0m Smart Barge-in: Interrupting and clearing queue due to: user_speaking_significant[0m
[1m[1;34m[2026-09-04 01:31:54,452][0m [1m[1;30m[42m[INFO ][0m [1m[1;33m[jaison.py::444 create_job]:[0m Queued new context_conversation_add_text job 666fb920-0b58-4935-8d1d-6d124f588644[0m
[1m[1;34m[2026-09-04 01:31:54,452][0m [1m[1;30m[42m[INFO ][0m [1m[1;33m[jaison.py::444 create_job]:[0m Queued new response job 234945d1-7fb4-4d8a-9cc5-5fe9b8f406a4[0m
[1m[1;34m[2026-09-04 01:31:55,098][0m [1m[1;30m[42m[INFO ][0m [1m[1;33m[operation.py::25 __call__]:[0m T2T operation universal_api completed in 644.5366999832913 ms[0m
[1m[1;34m[2026-09-04 01:31:57,398][0m [1m[1;30m[42m[INFO ][0m [1m[1;33m[operation.py::25 __call__]:[0m TTS operation fish_audio completed in 2517.647900036536 ms[0m
[1m[1;34m[2026-09-04 01:32:01,859][0m [1m[1;30m[42m[INFO ][0m [1m[1;33m[operation.py::25 __call__]:[0m TTS operation fish_audio completed in 4461.3597999559715 ms[0m
[1m[1;34m[2026-09-04 01:32:05,514][0m [1m[1;30m[42m[INFO ][0m [1m[1;33m[operation.py::25 __call__]:[0m TTS operation fish_audio completed in 3654.852299951017 ms[0m
[1m[1;34m[2026-09-04 01:32:07,349][0m [1m[1;30m[42m[INFO ][0m [1m[1;33m[operation.py::25 __call__]:[0m TTS operation fish_audio completed in 1834.6173000754789 ms[0m
[1m[1;34m[2026-09-04 01:32:07,350][0m [1m[1;30m[42m[INFO ][0m [1m[1;33m[jaison.py::997 response_pipeline]:[0m Response job 234945d1-7fb4-4d8a-9cc5-5fe9b8f406a4 completed. Content: 'Отлично, тогда делаем её звездой! Возьмём её любимую кампанию, добавим живые локации в парке, раздаё...'[0m
[VAD] Голос! (Prob: 0.001, RMS: 0.0105) Завершена (1312ms, speech: 480ms).
[2026-09-04 01:33:08 +0300] [46964] [INFO] 127.0.0.1:8914 POST /api/context/conversation/speech_start 1.1 200 71 508
[2026-09-04 01:33:10 +0300] [46964] [INFO] 127.0.0.1:8915 POST /api/context/conversation/audio 1.1 200 142 505
[1m[1;34m[2026-09-04 01:33:10,463][0m [1m[1;30m[42m[INFO ][0m [1m[1;33m[transcribe.py::881 transcribe]:[0m Processing audio with duration 00:01.312[0m

[API] Фраза отправлена (41984 байт).
[1m[1;34m[2026-09-04 01:33:10,465][0m [1m[1;30m[42m[INFO ][0m [1m[1;33m[transcribe.py::895 transcribe]:[0m VAD filter removed 00:01.312 of audio[0m
[VAD] Голос! (Prob: 0.001, RMS: 0.0121) Завершена (1312ms, speech: 384ms).
[2026-09-04 01:33:39 +0300] [46964] [INFO] 127.0.0.1:2934 POST /api/context/conversation/speech_start 1.1 200 71 508
[2026-09-04 01:33:41 +0300] [46964] [INFO] 127.0.0.1:2935 POST /api/context/conversation/audio 1.1 200 142 1025

[API] Фраза отправлена (41984 байт).
[1m[1;34m[2026-09-04 01:33:41,274][0m [1m[1;30m[42m[INFO ][0m [1m[1;33m[transcribe.py::881 transcribe]:[0m Processing audio with duration 00:01.312[0m
[1m[1;34m[2026-09-04 01:33:41,277][0m [1m[1;30m[42m[INFO ][0m [1m[1;33m[transcribe.py::895 transcribe]:[0m VAD filter removed 00:01.312 of audio[0m
[VAD] Голос! (Prob: 0.001, RMS: 0.0079) Завершена (1152ms, speech: 320ms).
[2026-09-04 01:34:52 +0300] [46964] [INFO] 127.0.0.1:2885 POST /api/context/conversation/speech_start 1.1 200 71 1003
[VAD] Голос! (Prob: 0.001, RMS: 0.0101) Завершена (928ms, speech: 128ms).
[2026-09-04 01:34:53 +0300] [46964] [INFO] 127.0.0.1:2885 POST /api/context/conversation/audio 1.1 200 142 999
[1m[1;34m[2026-09-04 01:34:53,326][0m [1m[1;30m[42m[INFO ][0m [1m[1;33m[transcribe.py::881 transcribe]:[0m Processing audio with duration 00:00.928[0m

[API] Фраза отправлена (29696 байт).
[1m[1;34m[2026-09-04 01:34:53,328][0m [1m[1;30m[42m[INFO ][0m [1m[1;33m[transcribe.py::895 transcribe]:[0m VAD filter removed 00:00.928 of audio[0m
[2026-09-04 01:34:54 +0300] [46964] [INFO] 127.0.0.1:2866 POST /api/context/conversation/audio 1.1 200 142 504
[1m[1;34m[2026-09-04 01:34:54,239][0m [1m[1;30m[42m[INFO ][0m [1m[1;33m[transcribe.py::881 transcribe]:[0m Processing audio with duration 00:01.152[0m

[API] Фраза отправлена (36864 байт).
[1m[1;34m[2026-09-04 01:34:54,243][0m [1m[1;30m[42m[INFO ][0m [1m[1;33m[transcribe.py::895 transcribe]:[0m VAD filter removed 00:01.152 of audio[0m
[VAD] Голос! (Prob: 0.001, RMS: 0.0125) Завершена (960ms, speech: 160ms).
[2026-09-04 01:35:33 +0300] [46964] [INFO] 127.0.0.1:12105 POST /api/context/conversation/speech_start 1.1 200 71 1011
[2026-09-04 01:35:34 +0300] [46964] [INFO] 127.0.0.1:12106 POST /api/context/conversation/audio 1.1 200 142 501

[1m[1;34m[2026-09-04 01:35:34,957][0m [1m[1;30m[42m[INFO ][0m [1m[1;33m[transcribe.py::881 transcribe]:[0m Processing audio with duration 00:00.960[0m
[API] Фраза отправлена (30720 байт).
[1m[1;34m[2026-09-04 01:35:34,959][0m [1m[1;30m[42m[INFO ][0m [1m[1;33m[transcribe.py::895 transcribe]:[0m VAD filter removed 00:00.960 of audio[0m

[2026-09-04 01:35:36 +0300] [46964] [INFO] 127.0.0.1:12106 POST /api/context/conversation/speech_start 1.1 200 71 1002
[VAD] Голос! (Prob: 0.001, RMS: 0.0103) Завершена (2912ms, speech: 2112ms).
[2026-09-04 01:35:39 +0300] [46964] [INFO] 127.0.0.1:12106 POST /api/context/conversation/audio 1.1 200 142 1005
[1m[1;34m[2026-09-04 01:35:39,055][0m [1m[1;30m[42m[INFO ][0m [1m[1;33m[transcribe.py::881 transcribe]:[0m Processing audio with duration 00:02.912[0m

[API] Фраза отправлена (93184 байт).
[1m[1;34m[2026-09-04 01:35:39,060][0m [1m[1;30m[42m[INFO ][0m [1m[1;33m[transcribe.py::895 transcribe]:[0m VAD filter removed 00:00.528 of audio[0m
[1m[1;34m[2026-09-04 01:35:39,513][0m [1m[1;30m[42m[INFO ][0m [1m[1;33m[jaison.py::483 _interrupt_jobs]:[0m Smart Barge-in: Interrupting and clearing queue due to: user_speaking_significant[0m
[1m[1;34m[2026-09-04 01:35:40,032][0m [1m[1;30m[42m[INFO ][0m [1m[1;33m[jaison.py::444 create_job]:[0m Queued new context_conversation_add_text job d3b89010-07f2-4948-a9db-e9a8b66e8d96[0m
[1m[1;34m[2026-09-04 01:35:40,032][0m [1m[1;30m[42m[INFO ][0m [1m[1;33m[jaison.py::444 create_job]:[0m Queued new response job fafcc489-5aa6-4ca7-bd7e-8f920997dcad[0m
[1m[1;34m[2026-09-04 01:35:40,656][0m [1m[1;30m[42m[INFO ][0m [1m[1;33m[operation.py::25 __call__]:[0m T2T operation universal_api completed in 622.3250000039116 ms[0m
[1m[1;34m[2026-09-04 01:35:44,203][0m [1m[1;30m[42m[INFO ][0m [1m[1;33m[operation.py::25 __call__]:[0m TTS operation fish_audio completed in 3588.490800000727 ms[0m
[1m[1;34m[2026-09-04 01:35:46,184][0m [1m[1;30m[42m[INFO ][0m [1m[1;33m[operation.py::25 __call__]:[0m TTS operation fish_audio completed in 1981.3344000140205 ms[0m
[1m[1;34m[2026-09-04 01:35:46,184][0m [1m[1;30m[42m[INFO ][0m [1m[1;33m[jaison.py::997 response_pipeline]:[0m Response job fafcc489-5aa6-4ca7-bd7e-8f920997dcad completed. Content: 'Расскажи, какие миры и персонажи ей нравятся больше всего, и какие «реальные» локации подойдут под и...'[0m
[2026-09-04 01:35:53 +0300] [46964] [INFO] 127.0.0.1:1858 POST /api/context/conversation/speech_start 1.1 200 71 1006
[VAD] Голос! (Prob: 0.001, RMS: 0.0120) Завершена (1504ms, speech: 640ms).
[2026-09-04 01:35:53 +0300] [46964] [INFO] 127.0.0.1:1858 POST /api/context/conversation/audio 1.1 200 142 0
[1m[1;34m[2026-09-04 01:35:53,903][0m [1m[1;30m[42m[INFO ][0m [1m[1;33m[transcribe.py::881 transcribe]:[0m Processing audio with duration 00:01.504[0m

[API] Фраза отправлена (48128 байт).
[1m[1;34m[2026-09-04 01:35:53,907][0m [1m[1;30m[42m[INFO ][0m [1m[1;33m[transcribe.py::895 transcribe]:[0m VAD filter removed 00:00.208 of audio[0m

[2026-09-04 01:35:54 +0300] [46964] [INFO] 127.0.0.1:1858 POST /api/context/conversation/speech_start 1.1 200 71 1008
[VAD] Голос! (Prob: 0.001, RMS: 0.0301) Завершена (6592ms, speech: 5440ms).
[2026-09-04 01:36:03 +0300] [46964] [INFO] 127.0.0.1:1860 POST /api/context/conversation/audio 1.1 200 142 507

[API] Фраза отправлена (210944 байт).
[1m[1;34m[2026-09-04 01:36:03,020][0m [1m[1;30m[42m[INFO ][0m [1m[1;33m[transcribe.py::881 transcribe]:[0m Processing audio with duration 00:06.592[0m
[1m[1;34m[2026-09-04 01:36:03,034][0m [1m[1;30m[42m[INFO ][0m [1m[1;33m[transcribe.py::895 transcribe]:[0m VAD filter removed 00:00.000 of audio[0m
[1m[1;34m[2026-09-04 01:36:03,915][0m [1m[1;30m[42m[INFO ][0m [1m[1;33m[jaison.py::483 _interrupt_jobs]:[0m Smart Barge-in: Interrupting and clearing queue due to: user_speaking_significant[0m
[1m[1;34m[2026-09-04 01:36:04,426][0m [1m[1;30m[42m[INFO ][0m [1m[1;33m[jaison.py::444 create_job]:[0m Queued new context_conversation_add_text job 4b3841b8-7be5-49cb-84b8-78a710fb11f1[0m
[1m[1;34m[2026-09-04 01:36:04,426][0m [1m[1;30m[42m[INFO ][0m [1m[1;33m[jaison.py::444 create_job]:[0m Queued new response job d957e861-b6db-468b-812f-ab996bcc4a33[0m
[1m[1;34m[2026-09-04 01:36:05,265][0m [1m[1;30m[42m[INFO ][0m [1m[1;33m[operation.py::25 __call__]:[0m T2T operation universal_api completed in 837.7468000398949 ms[0m
[1m[1;34m[2026-09-04 01:36:07,549][0m [1m[1;30m[42m[INFO ][0m [1m[1;33m[operation.py::25 __call__]:[0m TTS operation fish_audio completed in 2312.2827999759465 ms[0m
[1m[1;34m[2026-09-04 01:36:09,738][0m [1m[1;30m[42m[INFO ][0m [1m[1;33m[operation.py::25 __call__]:[0m TTS operation fish_audio completed in 2189.350300002843 ms[0m
[1m[1;34m[2026-09-04 01:36:09,739][0m [1m[1;30m[42m[INFO ][0m [1m[1;33m[jaison.py::997 response_pipeline]:[0m Response job d957e861-b6db-468b-812f-ab996bcc4a33 completed. Content: 'Извини, но я могу общаться только с тем, кто сейчас пишет в чат. Если у тебя есть вопросы или идеи, ...'[0m
[2026-09-04 01:36:18 +0300] [46964] [INFO] 127.0.0.1:9819 POST /api/context/conversation/speech_start 1.1 200 71 499
[VAD] Голос! (Prob: 0.001, RMS: 0.0315) Завершена (7776ms, speech: 6912ms).
[2026-09-04 01:36:26 +0300] [46964] [INFO] 127.0.0.1:9828 POST /api/context/conversation/audio 1.1 200 142 2008
[1m[1;34m[2026-09-04 01:36:26,870][0m [1m[1;30m[42m[INFO ][0m [1m[1;33m[transcribe.py::881 transcribe]:[0m Processing audio with duration 00:07.776[0m

[API] Фраза отправлена (248832 байт).
[1m[1;34m[2026-09-04 01:36:26,887][0m [1m[1;30m[42m[INFO ][0m [1m[1;33m[transcribe.py::895 transcribe]:[0m VAD filter removed 00:00.000 of audio[0m
[1m[1;34m[2026-09-04 01:36:27,865][0m [1m[1;30m[42m[INFO ][0m [1m[1;33m[jaison.py::483 _interrupt_jobs]:[0m Smart Barge-in: Interrupting and clearing queue due to: user_speaking_significant[0m
[1m[1;34m[2026-09-04 01:36:28,380][0m [1m[1;30m[42m[INFO ][0m [1m[1;33m[jaison.py::444 create_job]:[0m Queued new context_conversation_add_text job e64e6eac-87a7-4a80-ae25-3575ed5aa3ee[0m
[1m[1;34m[2026-09-04 01:36:28,380][0m [1m[1;30m[42m[INFO ][0m [1m[1;33m[jaison.py::444 create_job]:[0m Queued new response job 2072f96f-ce38-4aa4-becc-9a871eb2b574[0m
[1m[1;34m[2026-09-04 01:36:28,927][0m [1m[1;30m[42m[INFO ][0m [1m[1;33m[operation.py::25 __call__]:[0m T2T operation universal_api completed in 545.97500001546 ms[0m
[1m[1;34m[2026-09-04 01:36:30,700][0m [1m[1;30m[42m[INFO ][0m [1m[1;33m[operation.py::25 __call__]:[0m TTS operation fish_audio completed in 1856.0974999563769 ms[0m
[1m[1;34m[2026-09-04 01:36:33,642][0m [1m[1;30m[42m[INFO ][0m [1m[1;33m[operation.py::25 __call__]:[0m TTS operation fish_audio completed in 2942.44150002487 ms[0m
[1m[1;34m[2026-09-04 01:36:35,402][0m [1m[1;30m[42m[INFO ][0m [1m[1;33m[operation.py::25 __call__]:[0m TTS operation fish_audio completed in 1759.2193000018597 ms[0m
[1m[1;34m[2026-09-04 01:36:35,402][0m [1m[1;30m[42m[INFO ][0m [1m[1;33m[jaison.py::997 response_pipeline]:[0m Response job 2072f96f-ce38-4aa4-becc-9a871eb2b574 completed. Content: 'Конечно, буду рад пообщаться! Скажи, какие темы ей нравятся: любимые игры, персонажи, может, даже её...'[0m
[2026-09-04 01:36:47 +0300] [46964] [INFO] 127.0.0.1:9837 POST /api/context/conversation/speech_start 1.1 200 71 498
[VAD] Голос! (Prob: 0.001, RMS: 0.0207) [LIMIT: 12000ms].
 Завершена (12064ms, speech: 10048ms).

[2026-09-04 01:36:58 +0300] [46964] [INFO] 127.0.0.1:9847 POST /api/context/conversation/speech_start 1.1 200 71 1015
[VAD] Голос! (Prob: 0.001, RMS: 0.0783) Завершена (1760ms, speech: 1152ms).
[2026-09-04 01:36:59 +0300] [46964] [INFO] 127.0.0.1:9847 POST /api/context/conversation/audio 1.1 200 142 1019

[1m[1;34m[2026-09-04 01:36:59,465][0m [1m[1;30m[42m[INFO ][0m [1m[1;33m[transcribe.py::881 transcribe]:[0m Processing audio with duration 00:01.760[0m
[API] Фраза отправлена (56320 байт).
[1m[1;34m[2026-09-04 01:36:59,470][0m [1m[1;30m[42m[INFO ][0m [1m[1;33m[transcribe.py::895 transcribe]:[0m VAD filter removed 00:00.000 of audio[0m

[2026-09-04 01:36:59 +0300] [46964] [INFO] 127.0.0.1:9847 POST /api/context/conversation/speech_start 1.1 200 71 1003
[1m[1;34m[2026-09-04 01:36:59,770][0m [1m[1;30m[42m[INFO ][0m [1m[1;33m[jaison.py::483 _interrupt_jobs]:[0m Smart Barge-in: Interrupting and clearing queue due to: user_speaking_significant[0m
[2026-09-04 01:36:59 +0300] [46964] [INFO] 127.0.0.1:9848 POST /api/context/conversation/audio 1.1 200 142 1667
[VAD] Голос! (Prob: 0.001, RMS: 0.0241)
[1m[1;34m[2026-09-04 01:36:59,819][0m [1m[1;30m[42m[INFO ][0m [1m[1;33m[transcribe.py::881 transcribe]:[0m Processing audio with duration 00:12.064[0m
[API] Фраза отправлена (386048 байт).
[1m[1;34m[2026-09-04 01:36:59,839][0m [1m[1;30m[42m[INFO ][0m [1m[1;33m[transcribe.py::895 transcribe]:[0m VAD filter removed 00:00.016 of audio[0m
[1m[1;34m[2026-09-04 01:37:00,281][0m [1m[1;30m[42m[INFO ][0m [1m[1;33m[jaison.py::444 create_job]:[0m Queued new context_conversation_add_text job 7d5d18a1-697b-4d9f-a1af-940bf524cdb5[0m
[1m[1;34m[2026-09-04 01:37:00,281][0m [1m[1;30m[42m[INFO ][0m [1m[1;33m[jaison.py::444 create_job]:[0m Queued new response job 5df359bf-c6a1-4f55-9772-f2d6e7509e46[0m
[1m[1;34m[2026-09-04 01:37:00,691][0m [1m[1;30m[42m[INFO ][0m [1m[1;33m[operation.py::25 __call__]:[0m T2T operation universal_api completed in 408.81910000462085 ms[0m
[1m[1;34m[2026-09-04 01:37:00,822][0m [1m[1;30m[42m[INFO ][0m [1m[1;33m[jaison.py::483 _interrupt_jobs]:[0m Smart Barge-in: Interrupting and clearing queue due to: user_speaking_significant[0m
[1m[1;34m[2026-09-04 01:37:00,822][0m [1m[1;30m[42m[INFO ][0m [1m[1;33m[jaison.py::477 _clear_current_job]:[0m Job 5df359bf-c6a1-4f55-9772-f2d6e7509e46 (response) is being cancelled due to: user_speaking_significant[0m
[1m[1;34m[2026-09-04 01:37:00,823][0m [1m[1;30m[42m[INFO ][0m [1m[1;33m[jaison.py::757 _process_job_loop]:[0m Job 5df359bf-c6a1-4f55-9772-f2d6e7509e46 (response) was cancelled.[0m
[1m[1;34m[2026-09-04 01:37:01,336][0m [1m[1;30m[42m[INFO ][0m [1m[1;33m[jaison.py::444 create_job]:[0m Queued new context_conversation_add_text job a36b9f56-c7f5-4056-803e-5f47053f1282[0m
[1m[1;34m[2026-09-04 01:37:01,336][0m [1m[1;30m[42m[INFO ][0m [1m[1;33m[jaison.py::444 create_job]:[0m Queued new response job 3c6f37ed-4c42-4d06-83d9-9e453dc522af[0m
[1m[1;34m[2026-09-04 01:37:01,826][0m [1m[1;30m[42m[INFO ][0m [1m[1;33m[operation.py::25 __call__]:[0m T2T operation universal_api completed in 488.83069993462414 ms[0m
[1m[1;34m[2026-09-04 01:37:03,365][0m [1m[1;30m[42m[INFO ][0m [1m[1;33m[operation.py::25 __call__]:[0m TTS operation fish_audio completed in 1709.0177000500262 ms[0m
 Завершена (4480ms, speech: 3872ms).
[2026-09-04 01:37:03 +0300] [46964] [INFO] 127.0.0.1:9848 POST /api/context/conversation/audio 1.1 200 142 1003
[1m[1;34m[2026-09-04 01:37:03,884][0m [1m[1;30m[42m[INFO ][0m [1m[1;33m[transcribe.py::881 transcribe]:[0m Processing audio with duration 00:04.480[0m

[API] Фраза отправлена (143360 байт).
[1m[1;34m[2026-09-04 01:37:03,894][0m [1m[1;30m[42m[INFO ][0m [1m[1;33m[transcribe.py::895 transcribe]:[0m VAD filter removed 00:00.000 of audio[0m
[1m[1;34m[2026-09-04 01:37:04,481][0m [1m[1;30m[42m[INFO ][0m [1m[1;33m[jaison.py::483 _interrupt_jobs]:[0m Smart Barge-in: Interrupting and clearing queue due to: user_speaking_significant[0m
[1m[1;34m[2026-09-04 01:37:04,481][0m [1m[1;30m[42m[INFO ][0m [1m[1;33m[jaison.py::477 _clear_current_job]:[0m Job 3c6f37ed-4c42-4d06-83d9-9e453dc522af (response) is being cancelled due to: user_speaking_significant[0m
[1m[1;34m[2026-09-04 01:37:04,784][0m [1m[1;30m[42m[INFO ][0m [1m[1;33m[jaison.py::757 _process_job_loop]:[0m Job 3c6f37ed-4c42-4d06-83d9-9e453dc522af (response) was cancelled.[0m
[1m[1;34m[2026-09-04 01:37:04,998][0m [1m[1;30m[42m[INFO ][0m [1m[1;33m[jaison.py::444 create_job]:[0m Queued new context_conversation_add_text job aaecd3fb-cb01-4436-83ec-f5e2e5574d5e[0m
[1m[1;34m[2026-09-04 01:37:04,998][0m [1m[1;30m[42m[INFO ][0m [1m[1;33m[jaison.py::444 create_job]:[0m Queued new response job 3e989953-147d-4652-b001-25d8f9b6772f[0m
[1m[1;34m[2026-09-04 01:37:05,757][0m [1m[1;30m[42m[INFO ][0m [1m[1;33m[operation.py::25 __call__]:[0m T2T operation universal_api completed in 759.0286999475211 ms[0m
[1m[1;34m[2026-09-04 01:37:07,160][0m [1m[1;30m[42m[INFO ][0m [1m[1;33m[operation.py::25 __call__]:[0m TTS operation fish_audio completed in 1590.5301999300718 ms[0m
[1m[1;34m[2026-09-04 01:37:11,362][0m [1m[1;30m[42m[INFO ][0m [1m[1;33m[operation.py::25 __call__]:[0m TTS operation fish_audio completed in 4202.172700082883 ms[0m
[1m[1;34m[2026-09-04 01:37:14,016][0m [1m[1;30m[42m[INFO ][0m [1m[1;33m[operation.py::25 __call__]:[0m TTS operation fish_audio completed in 2654.1420000139624 ms[0m
[1m[1;34m[2026-09-04 01:37:16,982][0m [1m[1;30m[42m[INFO ][0m [1m[1;33m[operation.py::25 __call__]:[0m TTS operation fish_audio completed in 2966.2674999563023 ms[0m
[1m[1;34m[2026-09-04 01:37:16,984][0m [1m[1;30m[42m[INFO ][0m [1m[1;33m[jaison.py::997 response_pipeline]:[0m Response job 3e989953-147d-4652-b001-25d8f9b6772f completed. Content: 'Привет! Слышала, ты фанат D&D и фэнтезийных ММО — какие кампании или миры тебе нравятся больше всего...'[0m
[VAD] Голос! (Prob: 0.001, RMS: 0.0078) Завершена (928ms, speech: 128ms).
[2026-09-04 01:38:13 +0300] [46964] [INFO] 127.0.0.1:2745 POST /api/context/conversation/audio 1.1 200 142 1005

[1m[1;34m[2026-09-04 01:38:13,229][0m [1m[1;30m[42m[INFO ][0m [1m[1;33m[transcribe.py::881 transcribe]:[0m Processing audio with duration 00:00.928[0m
[API] Фраза отправлена (29696 байт).
[1m[1;34m[2026-09-04 01:38:13,231][0m [1m[1;30m[42m[INFO ][0m [1m[1;33m[transcribe.py::895 transcribe]:[0m VAD filter removed 00:00.928 of audio[0m
[1m[1;34m[2026-09-04 01:38:13,236][0m [1m[1;30m[42m[INFO ][0m [1m[1;33m[jaison.py::269 _record_stt_metrics]:[0m STT metrics(window=20): avg_latency_ms=334 empty_rate=0.550 stop_cmd_recall=0.000[0m
[VAD] Голос! (Prob: 0.001, RMS: 0.0128) Завершена (928ms, speech: 128ms).
[2026-09-04 01:39:35 +0300] [46964] [INFO] 127.0.0.1:4853 POST /api/context/conversation/audio 1.1 200 142 500
[1m[1;34m[2026-09-04 01:39:35,406][0m [1m[1;30m[42m[INFO ][0m [1m[1;33m[transcribe.py::881 transcribe]:[0m Processing audio with duration 00:00.928[0m

[API] Фраза отправлена (29696 байт).
[1m[1;34m[2026-09-04 01:39:35,408][0m [1m[1;30m[42m[INFO ][0m [1m[1;33m[transcribe.py::895 transcribe]:[0m VAD filter removed 00:00.928 of audio[0m
[VAD] Голос! (Prob: 0.001, RMS: 0.0081) Завершена (928ms, speech: 128ms).
[2026-09-04 01:40:15 +0300] [46964] [INFO] 127.0.0.1:8717 POST /api/context/conversation/audio 1.1 200 142 1128

[1m[1;34m[2026-09-04 01:40:15,585][0m [1m[1;30m[42m[INFO ][0m [1m[1;33m[transcribe.py::881 transcribe]:[0m Processing audio with duration 00:00.928[0m
[API] Фраза отправлена (29696 байт).
[1m[1;34m[2026-09-04 01:40:15,588][0m [1m[1;30m[42m[INFO ][0m [1m[1;33m[transcribe.py::895 transcribe]:[0m VAD filter removed 00:00.928 of audio[0m
[VAD] Голос! (Prob: 0.001, RMS: 0.0089) Завершена (960ms, speech: 160ms).
[2026-09-04 01:44:03 +0300] [46964] [INFO] 127.0.0.1:12105 POST /api/context/conversation/speech_start 1.1 200 71 1006
[2026-09-04 01:44:05 +0300] [46964] [INFO] 127.0.0.1:11822 POST /api/context/conversation/audio 1.1 200 142 1013
[1m[1;34m[2026-09-04 01:44:05,259][0m [1m[1;30m[42m[INFO ][0m [1m[1;33m[transcribe.py::881 transcribe]:[0m Processing audio with duration 00:00.960[0m

[API] Фраза отправлена (30720 байт).
[1m[1;34m[2026-09-04 01:44:05,262][0m [1m[1;30m[42m[INFO ][0m [1m[1;33m[transcribe.py::895 transcribe]:[0m VAD filter removed 00:00.960 of audio[0m
[VAD] Голос! (Prob: 0.001, RMS: 0.0098) Завершена (1280ms, speech: 384ms).
[2026-09-04 01:44:50 +0300] [46964] [INFO] 127.0.0.1:10402 POST /api/context/conversation/speech_start 1.1 200 71 1007
[2026-09-04 01:44:51 +0300] [46964] [INFO] 127.0.0.1:10403 POST /api/context/conversation/audio 1.1 200 142 0

[API] Фраза отправлена (40960 байт).
[1m[1;34m[2026-09-04 01:44:51,971][0m [1m[1;30m[42m[INFO ][0m [1m[1;33m[transcribe.py::881 transcribe]:[0m Processing audio with duration 00:01.280[0m
[1m[1;34m[2026-09-04 01:44:51,974][0m [1m[1;30m[42m[INFO ][0m [1m[1;33m[transcribe.py::895 transcribe]:[0m VAD filter removed 00:01.280 of audio[0m
[VAD] Голос! (Prob: 0.001, RMS: 0.0112) Завершена (1088ms, speech: 288ms).
[2026-09-04 01:45:19 +0300] [46964] [INFO] 127.0.0.1:6624 POST /api/context/conversation/speech_start 1.1 200 71 0

[2026-09-04 01:45:21 +0300] [46964] [INFO] 127.0.0.1:6626 POST /api/context/conversation/audio 1.1 200 142 998
[VAD] Голос! (Prob: 0.001, RMS: 0.0092)
[1m[1;34m[2026-09-04 01:45:21,075][0m [1m[1;30m[42m[INFO ][0m [1m[1;33m[transcribe.py::881 transcribe]:[0m Processing audio with duration 00:01.088[0m
[API] Фраза отправлена (34816 байт).
[1m[1;34m[2026-09-04 01:45:21,079][0m [1m[1;30m[42m[INFO ][0m [1m[1;33m[transcribe.py::895 transcribe]:[0m VAD filter removed 00:01.088 of audio[0m
[2026-09-04 01:45:21 +0300] [46964] [INFO] 127.0.0.1:6626 POST /api/context/conversation/speech_start 1.1 200 71 1006
 Завершена (1024ms, speech: 224ms).
[2026-09-04 01:45:21 +0300] [46964] [INFO] 127.0.0.1:6626 POST /api/context/conversation/audio 1.1 200 142 0
[1m[1;34m[2026-09-04 01:45:21,766][0m [1m[1;30m[42m[INFO ][0m [1m[1;33m[transcribe.py::881 transcribe]:[0m Processing audio with duration 00:01.024[0m

[API] Фраза отправлена (32768 байт).
[1m[1;34m[2026-09-04 01:45:21,769][0m [1m[1;30m[42m[INFO ][0m [1m[1;33m[transcribe.py::895 transcribe]:[0m VAD filter removed 00:01.024 of audio[0m
[2026-09-04 01:45:24 +0300] [46964] [INFO] 127.0.0.1:6626 POST /api/context/conversation/speech_start 1.1 200 71 500
[VAD] Голос! (Prob: 0.001, RMS: 0.0102) Завершена (960ms, speech: 160ms).
[2026-09-04 01:45:25 +0300] [46964] [INFO] 127.0.0.1:6626 POST /api/context/conversation/audio 1.1 200 142 1007
[1m[1;34m[2026-09-04 01:45:25,376][0m [1m[1;30m[42m[INFO ][0m [1m[1;33m[transcribe.py::881 transcribe]:[0m Processing audio with duration 00:00.960[0m

[API] Фраза отправлена (30720 байт).
[1m[1;34m[2026-09-04 01:45:25,379][0m [1m[1;30m[42m[INFO ][0m [1m[1;33m[transcribe.py::895 transcribe]:[0m VAD filter removed 00:00.960 of audio[0m
[VAD] Голос! (Prob: 0.001, RMS: 0.0095) Завершена (1408ms, speech: 544ms).
[2026-09-04 01:45:41 +0300] [46964] [INFO] 127.0.0.1:4240 POST /api/context/conversation/speech_start 1.1 200 71 0
[2026-09-04 01:45:43 +0300] [46964] [INFO] 127.0.0.1:4241 POST /api/context/conversation/audio 1.1 200 142 0

[API] Фраза отправлена (45056 байт).
[1m[1;34m[2026-09-04 01:45:43,743][0m [1m[1;30m[42m[INFO ][0m [1m[1;33m[transcribe.py::881 transcribe]:[0m Processing audio with duration 00:01.408[0m
[1m[1;34m[2026-09-04 01:45:43,747][0m [1m[1;30m[42m[INFO ][0m [1m[1;33m[transcribe.py::895 transcribe]:[0m VAD filter removed 00:01.408 of audio[0m

[2026-09-04 01:45:47 +0300] [46964] [INFO] 127.0.0.1:4241 POST /api/context/conversation/speech_start 1.1 200 71 1008
[VAD] Голос! (Prob: 0.001, RMS: 0.0080) Завершена (960ms, speech: 160ms).
[2026-09-04 01:45:47 +0300] [46964] [INFO] 127.0.0.1:4241 POST /api/context/conversation/audio 1.1 200 142 0
[1m[1;34m[2026-09-04 01:45:47,559][0m [1m[1;30m[42m[INFO ][0m [1m[1;33m[transcribe.py::881 transcribe]:[0m Processing audio with duration 00:00.960[0m

[API] Фраза отправлена (30720 байт).
[1m[1;34m[2026-09-04 01:45:47,562][0m [1m[1;30m[42m[INFO ][0m [1m[1;33m[transcribe.py::895 transcribe]:[0m VAD filter removed 00:00.960 of audio[0m
[VAD] Голос! (Prob: 0.001, RMS: 0.0120) Завершена (1056ms, speech: 256ms).
[2026-09-04 01:48:46 +0300] [46964] [INFO] 127.0.0.1:14933 POST /api/context/conversation/speech_start 1.1 200 71 1006
[2026-09-04 01:48:48 +0300] [46964] [INFO] 127.0.0.1:14934 POST /api/context/conversation/audio 1.1 200 142 0
[1m[1;34m[2026-09-04 01:48:48,592][0m [1m[1;30m[42m[INFO ][0m [1m[1;33m[transcribe.py::881 transcribe]:[0m Processing audio with duration 00:01.056[0m

[API] Фраза отправлена (33792 байт).
[1m[1;34m[2026-09-04 01:48:48,595][0m [1m[1;30m[42m[INFO ][0m [1m[1;33m[transcribe.py::895 transcribe]:[0m VAD filter removed 00:01.056 of audio[0m
[2026-09-04 01:49:05 +0300] [46964] [INFO] 127.0.0.1:8486 POST /api/context/conversation/speech_start 1.1 200 71 499
[VAD] Голос! (Prob: 0.002, RMS: 0.0473) Завершена (3520ms, speech: 2624ms).
[2026-09-04 01:49:07 +0300] [46964] [INFO] 127.0.0.1:8486 POST /api/context/conversation/audio 1.1 200 142 1000

[API] Фраза отправлена (112640 байт).
[1m[1;34m[2026-09-04 01:49:07,617][0m [1m[1;30m[42m[INFO ][0m [1m[1;33m[transcribe.py::881 transcribe]:[0m Processing audio with duration 00:03.520[0m
[1m[1;34m[2026-09-04 01:49:07,624][0m [1m[1;30m[42m[INFO ][0m [1m[1;33m[transcribe.py::895 transcribe]:[0m VAD filter removed 00:00.176 of audio[0m
[1m[1;34m[2026-09-04 01:49:07,988][0m [1m[1;30m[42m[INFO ][0m [1m[1;33m[jaison.py::483 _interrupt_jobs]:[0m Smart Barge-in: Interrupting and clearing queue due to: user_speaking_significant[0m
[1m[1;34m[2026-09-04 01:49:08,502][0m [1m[1;30m[42m[INFO ][0m [1m[1;33m[jaison.py::444 create_job]:[0m Queued new context_conversation_add_text job 2e1d24ec-c9d7-43ba-8d17-10e2fd4e912a[0m
[1m[1;34m[2026-09-04 01:49:08,502][0m [1m[1;30m[42m[INFO ][0m [1m[1;33m[jaison.py::444 create_job]:[0m Queued new response job 2339e846-8961-4343-909b-c78e36372c45[0m
[1m[1;34m[2026-09-04 01:49:08,858][0m [1m[1;30m[42m[INFO ][0m [1m[1;33m[operation.py::25 __call__]:[0m T2T operation universal_api completed in 355.40309990756214 ms[0m
