[1m[1;34m[2026-09-03 16:40:13,911][0m [1m[1;30m[42m[INFO ][0m [1m[1;33m[jaison.py::110 start]:[0m Starting JAIson application layer.[0m
[1m[1;34m[2026-09-03 16:40:13,921][0m [1m[1;30m[42m[INFO ][0m [1m[1;33m[manager.py::297 load_operations_from_config]:[0m Active STT from config: sherpa_ru[0m
[1m[1;34m[2026-09-03 16:40:16,978][0m [1m[1;30m[42m[INFO ][0m [1m[1;33m[operation.py::32 start]:[0m Starting STT operation sherpa_ru[0m
[1m[1;34m[2026-09-03 16:40:16,978][0m [1m[1;30m[42m[INFO ][0m [1m[1;33m[manager.py::26 load]:[0m Loading process by type sherpa_stt[0m
[1m[1;34m[2026-09-03 16:40:16,979][0m [1m[1;30m[43m[WARNI][0m [1m[1;33m[base.py::46 unload]:[0m Attempted to unload process sherpa_stt when it is already unloaded[0m
[1m[1;34m[2026-09-03 16:40:16,981][0m [1m[1;30m[42m[INFO ][0m [1m[1;33m[sherpa_server.py::85 _prepare_hotwords_file]:[0m Sherpa STT hotwords validated: 3 entries[0m
[1m[1;34m[2026-09-03 16:40:16,982][0m [1m[1;30m[42m[INFO ][0m [1m[1;33m[sherpa_server.py::295 reload]:[0m Sherpa STT config: port=6106 model_dir=C:\Nirmita\models\vosk-model-small-streaming-ru, model_variant=fp32, decoding_method=modified_beam_search, num_active_paths=6, use_endpoint=0, bpe_vocab=C:\Nirmita\models\vosk-model-small-streaming-ru\lang\unigram_500.vocab, hotwords_file=C:\Nirmita\models\hotwords.txt, hotwords_score=3.5[0m
[1m[1;34m[2026-09-03 16:40:16,982][0m [1m[1;30m[42m[INFO ][0m [1m[1;33m[sherpa_server.py::307 reload]:[0m Starting Sherpa STT Server with command: C:\Nirmita\.conda312\python.exe C:\Nirmita\apps\stt-sherpa-server\start_server.py --encoder C:\Nirmita\models\vosk-model-small-streaming-ru\am-onnx\encoder.onnx --decoder C:\Nirmita\models\vosk-model-small-streaming-ru\am-onnx\decoder.onnx --joiner C:\Nirmita\models\vosk-model-small-streaming-ru\am-onnx\joiner.onnx --tokens C:\Nirmita\models\vosk-model-small-streaming-ru\lang\tokens.txt --modeling-unit bpe --decoding-method modified_beam_search --num-active-paths 6 --use-endpoint 0 --port 6106 --provider cpu --doc-root C:\Nirmita\apps\stt-sherpa-server --bpe-vocab C:\Nirmita\models\vosk-model-small-streaming-ru\lang\unigram_500.vocab --hotwords-file C:\Nirmita\logs\sherpa_hotwords.resolved.txt --hotwords-score 3.5[0m
[1m[1;34m[2026-09-03 16:40:21,313][0m [1m[1;30m[42m[INFO ][0m [1m[1;33m[operation.py::32 start]:[0m Starting T2T operation llamacpp[0m
[1m[1;34m[2026-09-03 16:40:21,313][0m [1m[1;30m[42m[INFO ][0m [1m[1;33m[manager.py::26 load]:[0m Loading process by type llamacpp[0m
[1m[1;34m[2026-09-03 16:40:21,323][0m [1m[1;30m[42m[INFO ][0m [1m[1;33m[llamacpp.py::81 reload]:[0m Opened Llama.cpp server (PID: 33140) on port 10285 (GPU: 0)[0m
[1m[1;34m[2026-09-03 16:40:21,323][0m [1m[1;30m[42m[INFO ][0m [1m[1;33m[llamacpp.py::89 reload]:[0m Waiting for llama-server to be ready at http://127.0.0.1:10285/health ...[0m
[1m[1;34m[2026-09-03 16:40:26,030][0m [1m[1;30m[42m[INFO ][0m [1m[1;33m[llamacpp.py::101 reload]:[0m llama-server is ready! (attempt 8, port 10285)[0m
[1m[1;34m[2026-09-03 16:40:26,055][0m [1m[1;30m[42m[INFO ][0m [1m[1;33m[fishaudio.py::159 configure]:[0m FishAudioTTS: настроен — model=s2.1-pro, reference_id=8579f198..., latency=balanced, sample_rate=44100, speed=1.0[0m
[1m[1;34m[2026-09-03 16:40:26,055][0m [1m[1;30m[42m[INFO ][0m [1m[1;33m[operation.py::32 start]:[0m Starting TTS operation fish_audio[0m
[1m[1;34m[2026-09-03 16:40:26,055][0m [1m[1;30m[42m[INFO ][0m [1m[1;33m[fishaudio.py::85 start]:[0m FishAudioTTS: операция запущена (WebSocket streaming, format=pcm)[0m
[1m[1;34m[2026-09-03 16:40:26,056][0m [1m[1;30m[42m[INFO ][0m [1m[1;33m[operation.py::32 start]:[0m Starting FILTER_TEXT operation filter_clean[0m
[1m[1;34m[2026-09-03 16:40:26,882][0m [1m[1;30m[42m[INFO ][0m [1m[1;33m[operation.py::32 start]:[0m Starting FILTER_TEXT operation chunker_sentence[0m
[1m[1;34m[2026-09-03 16:40:27,407][0m [1m[1;30m[42m[INFO ][0m [1m[1;33m[manager.py::26 load]:[0m Loading process by type hw_mic[0m
[1m[1;34m[2026-09-03 16:40:27,407][0m [1m[1;30m[43m[WARNI][0m [1m[1;33m[base.py::46 unload]:[0m Attempted to unload process hw_mic when it is already unloaded[0m
[ProcessManager] Starting Hardware Microphone (hw-mic-client)...
[1m[1;34m[2026-09-03 16:40:27,415][0m [1m[1;30m[42m[INFO ][0m [1m[1;33m[jaison.py::138 start]:[0m JAIson application layer has started.[0m
[1m[1;34m[2026-09-03 16:40:27,416][0m [1m[1;30m[42m[INFO ][0m [1m[1;33m[logging.py::106 info]:[0m Running on http://127.0.0.1:7272 (CTRL + C to quit)[0m
[INFO] Loading Silero VAD ONNX Session (CPU)...
[MIC] Selected by name: [72] Микрофон (4- fifine Microphone) (Windows WASAPI)
[INFO] SoundDevice Listening on: Микрофон (4- fifine Microphone) (ID: 72, hostapi: Windows WASAPI)
========================================================

[2026-09-03 16:41:16 +0300] [43220] [INFO] 127.0.0.1:12527 GET /api/config 1.1 200 3292 505
[2026-09-03 16:41:16 +0300] [43220] [INFO] 127.0.0.1:12529 GET /api/context/history 1.1 200 59 500
[1m[1;34m[2026-09-03 16:41:17,161][0m [1m[1;30m[42m[INFO ][0m [1m[1;33m[app_server.py::77 ws]:[0m Opened new websocket connection[0m
[2026-09-03 16:41:17 +0300] [43220] [INFO] 127.0.0.1:4473 GET / 1.1 101 - 1512
[1m[1;34m[2026-09-03 16:41:26,674][0m [1m[1;30m[42m[INFO ][0m [1m[1;33m[jaison.py::430 create_job]:[0m Queued new context_conversation_add_text job 42047dd3-904a-4533-8ae1-da4dce6ec618[0m
[2026-09-03 16:41:26 +0300] [43220] [INFO] 127.0.0.1:2033 POST /api/context/conversation/text 1.1 200 138 1518
[1m[1;34m[2026-09-03 16:41:26,680][0m [1m[1;30m[42m[INFO ][0m [1m[1;33m[jaison.py::430 create_job]:[0m Queued new response job e90e4e1f-fba5-4c66-bbda-eb0a83161788[0m
[2026-09-03 16:41:26 +0300] [43220] [INFO] 127.0.0.1:10888 POST /api/response 1.1 200 117 1003
[1m[1;34m[2026-09-03 16:41:27,732][0m [1m[1;30m[42m[INFO ][0m [1m[1;33m[operation.py::25 __call__]:[0m T2T operation llamacpp completed in 1049.2795000318438 ms[0m
[1m[1;34m[2026-09-03 16:41:27,749][0m [1m[1;30m[42m[INFO ][0m [1m[1;33m[operation.py::25 __call__]:[0m FILTER_TEXT operation chunker_sentence completed in 17.75260001886636 ms[0m
[1m[1;34m[2026-09-03 16:41:27,749][0m [1m[1;30m[42m[INFO ][0m [1m[1;33m[operation.py::25 __call__]:[0m FILTER_TEXT operation filter_clean completed in 17.945399973541498 ms[0m
[1m[1;34m[2026-09-03 16:41:27,750][0m [1m[1;30m[42m[INFO ][0m [1m[1;33m[jaison.py::952 response_pipeline]:[0m Response job e90e4e1f-fba5-4c66-bbda-eb0a83161788 completed. Content: 'Привет! Как дела? Надеюсь, не поглотили тобой какие-то сложные задачи, как это бывает со мной иногда...'[0m
[1m[1;34m[2026-09-03 16:41:47,967][0m [1m[1;30m[42m[INFO ][0m [1m[1;33m[jaison.py::430 create_job]:[0m Queued new context_conversation_add_text job 839340db-c911-4b8f-b6ff-4d05fccc716c[0m
[2026-09-03 16:41:47 +0300] [43220] [INFO] 127.0.0.1:7385 POST /api/context/conversation/text 1.1 200 138 499
[1m[1;34m[2026-09-03 16:41:47,972][0m [1m[1;30m[42m[INFO ][0m [1m[1;33m[jaison.py::430 create_job]:[0m Queued new response job a56419ff-707c-4709-b762-a069349e533c[0m
[2026-09-03 16:41:47 +0300] [43220] [INFO] 127.0.0.1:7241 POST /api/response 1.1 200 117 1006
[1m[1;34m[2026-09-03 16:41:49,038][0m [1m[1;30m[42m[INFO ][0m [1m[1;33m[operation.py::25 __call__]:[0m T2T operation llamacpp completed in 1065.0482999626547 ms[0m
[1m[1;34m[2026-09-03 16:41:49,051][0m [1m[1;30m[42m[INFO ][0m [1m[1;33m[operation.py::25 __call__]:[0m FILTER_TEXT operation chunker_sentence completed in 12.892200029455125 ms[0m
[1m[1;34m[2026-09-03 16:41:49,051][0m [1m[1;30m[42m[INFO ][0m [1m[1;33m[operation.py::25 __call__]:[0m FILTER_TEXT operation filter_clean completed in 13.062600046396255 ms[0m
[1m[1;34m[2026-09-03 16:41:49,051][0m [1m[1;30m[42m[INFO ][0m [1m[1;33m[jaison.py::952 response_pipeline]:[0m Response job a56419ff-707c-4709-b762-a069349e533c completed. Content: 'Ох, это сложнее, чем кажется, но если тебе удастся, я буду без ума! Представь, как круто будет слыша...'[0m
[1m[1;34m[2026-09-03 16:42:06,227][0m [1m[1;30m[42m[INFO ][0m [1m[1;33m[jaison.py::430 create_job]:[0m Queued new context_conversation_add_text job a89b4ecc-d1dc-456f-9d04-43c02d2ed883[0m
[2026-09-03 16:42:06 +0300] [43220] [INFO] 127.0.0.1:14843 POST /api/context/conversation/text 1.1 200 138 1510
[1m[1;34m[2026-09-03 16:42:06,231][0m [1m[1;30m[42m[INFO ][0m [1m[1;33m[jaison.py::430 create_job]:[0m Queued new response job f6112267-32d0-41b5-8211-d7d1a3d3e97a[0m
[2026-09-03 16:42:06 +0300] [43220] [INFO] 127.0.0.1:13149 POST /api/response 1.1 200 117 1093
[1m[1;34m[2026-09-03 16:42:07,166][0m [1m[1;30m[42m[INFO ][0m [1m[1;33m[operation.py::25 __call__]:[0m T2T operation llamacpp completed in 933.7305000517517 ms[0m
[1m[1;34m[2026-09-03 16:42:07,177][0m [1m[1;30m[42m[INFO ][0m [1m[1;33m[operation.py::25 __call__]:[0m FILTER_TEXT operation chunker_sentence completed in 10.603000060655177 ms[0m
[1m[1;34m[2026-09-03 16:42:07,177][0m [1m[1;30m[42m[INFO ][0m [1m[1;33m[operation.py::25 __call__]:[0m FILTER_TEXT operation filter_clean completed in 10.74900000821799 ms[0m
[1m[1;34m[2026-09-03 16:42:07,178][0m [1m[1;30m[42m[INFO ][0m [1m[1;33m[jaison.py::952 response_pipeline]:[0m Response job f6112267-32d0-41b5-8211-d7d1a3d3e97a completed. Content: 'Дела, как обычно — борюсь с багами и мечтаю о реальности. А ты как? Что нового у тебя?...'[0m
[1m[1;34m[2026-09-03 16:42:47,357][0m [1m[1;30m[42m[INFO ][0m [1m[1;33m[jaison.py::430 create_job]:[0m Queued new context_conversation_add_text job a076e8f2-fa33-4b44-8e6b-75ea1cfe47b0[0m
[2026-09-03 16:42:47 +0300] [43220] [INFO] 127.0.0.1:6815 POST /api/context/conversation/text 1.1 200 138 501
[1m[1;34m[2026-09-03 16:42:47,365][0m [1m[1;30m[42m[INFO ][0m [1m[1;33m[jaison.py::430 create_job]:[0m Queued new response job a295206f-b8c7-4cff-b9e6-90c53d9a3032[0m
[2026-09-03 16:42:47 +0300] [43220] [INFO] 127.0.0.1:2142 POST /api/response 1.1 200 117 1512
[1m[1;34m[2026-09-03 16:42:48,479][0m [1m[1;30m[42m[INFO ][0m [1m[1;33m[operation.py::25 __call__]:[0m T2T operation llamacpp completed in 1112.9126000450924 ms[0m
[1m[1;34m[2026-09-03 16:42:48,492][0m [1m[1;30m[42m[INFO ][0m [1m[1;33m[operation.py::25 __call__]:[0m FILTER_TEXT operation chunker_sentence completed in 12.804499943740666 ms[0m
[1m[1;34m[2026-09-03 16:42:48,492][0m [1m[1;30m[42m[INFO ][0m [1m[1;33m[operation.py::25 __call__]:[0m FILTER_TEXT operation filter_clean completed in 12.966500013135374 ms[0m
[1m[1;34m[2026-09-03 16:42:48,493][0m [1m[1;30m[42m[INFO ][0m [1m[1;33m[jaison.py::952 response_pipeline]:[0m Response job a295206f-b8c7-4cff-b9e6-90c53d9a3032 completed. Content: 'Ой, это точно нелегко. Надеюсь, у тебя все будет хорошо. А отвлечься от всего — это всегда хорошая и...'[0m
[1m[1;34m[2026-09-03 16:43:05,852][0m [1m[1;30m[42m[INFO ][0m [1m[1;33m[jaison.py::430 create_job]:[0m Queued new context_conversation_add_text job e2d32a49-ae2a-4c68-9ba6-6ff2c31ad719[0m
[2026-09-03 16:43:05 +0300] [43220] [INFO] 127.0.0.1:4039 POST /api/context/conversation/text 1.1 200 138 507
[1m[1;34m[2026-09-03 16:43:05,859][0m [1m[1;30m[42m[INFO ][0m [1m[1;33m[jaison.py::430 create_job]:[0m Queued new response job 195cf7d4-d386-485b-98c0-facdd5e464fb[0m
[2026-09-03 16:43:05 +0300] [43220] [INFO] 127.0.0.1:4821 POST /api/response 1.1 200 117 1005
[1m[1;34m[2026-09-03 16:43:07,109][0m [1m[1;30m[42m[INFO ][0m [1m[1;33m[operation.py::25 __call__]:[0m T2T operation llamacpp completed in 1250.0584999797866 ms[0m
[1m[1;34m[2026-09-03 16:43:07,124][0m [1m[1;30m[42m[INFO ][0m [1m[1;33m[operation.py::25 __call__]:[0m FILTER_TEXT operation chunker_sentence completed in 14.271700056269765 ms[0m
[1m[1;34m[2026-09-03 16:43:07,124][0m [1m[1;30m[42m[INFO ][0m [1m[1;33m[operation.py::25 __call__]:[0m FILTER_TEXT operation filter_clean completed in 14.421300031244755 ms[0m
[1m[1;34m[2026-09-03 16:43:07,124][0m [1m[1;30m[42m[INFO ][0m [1m[1;33m[jaison.py::952 response_pipeline]:[0m Response job 195cf7d4-d386-485b-98c0-facdd5e464fb completed. Content: 'О, конечно! Однажды был такой маг, который мог менять погоду. Но однажды он переборщил, и теперь у н...'[0m
[1m[1;34m[2026-09-03 16:43:12,412][0m [1m[1;30m[42m[INFO ][0m [1m[1;33m[jaison.py::430 create_job]:[0m Queued new context_conversation_add_text job 08d7b85e-4698-489a-be3d-3f2f2e4f4973[0m
[2026-09-03 16:43:12 +0300] [43220] [INFO] 127.0.0.1:9344 POST /api/context/conversation/text 1.1 200 138 1004
[1m[1;34m[2026-09-03 16:43:12,419][0m [1m[1;30m[42m[INFO ][0m [1m[1;33m[jaison.py::430 create_job]:[0m Queued new response job d6d0fcf5-63dc-4425-9864-b998ec8405cf[0m
[2026-09-03 16:43:12 +0300] [43220] [INFO] 127.0.0.1:4363 POST /api/response 1.1 200 117 1000
[1m[1;34m[2026-09-03 16:43:15,605][0m [1m[1;30m[42m[INFO ][0m [1m[1;33m[operation.py::25 __call__]:[0m T2T operation llamacpp completed in 3185.236099991016 ms[0m
[1m[1;34m[2026-09-03 16:43:15,633][0m [1m[1;30m[42m[INFO ][0m [1m[1;33m[operation.py::25 __call__]:[0m FILTER_TEXT operation chunker_sentence completed in 27.280999929644167 ms[0m
[1m[1;34m[2026-09-03 16:43:15,633][0m [1m[1;30m[42m[INFO ][0m [1m[1;33m[operation.py::25 __call__]:[0m FILTER_TEXT operation filter_clean completed in 27.43360004387796 ms[0m
[1m[1;34m[2026-09-03 16:43:15,634][0m [1m[1;30m[42m[INFO ][0m [1m[1;33m[jaison.py::952 response_pipeline]:[0m Response job d6d0fcf5-63dc-4425-9864-b998ec8405cf completed. Content: 'Было это в давние времена, когда магия была не просто магией, а жизнью. Один маг, по имени Аэрон, бы...'[0m
[1m[1;34m[2026-09-03 16:45:08,297][0m [1m[1;30m[42m[INFO ][0m [1m[1;33m[jaison.py::430 create_job]:[0m Queued new context_conversation_add_text job 2b276555-993f-4c27-ac7d-7d90bcd849a3[0m
[2026-09-03 16:45:08 +0300] [43220] [INFO] 127.0.0.1:14458 POST /api/context/conversation/text 1.1 200 138 1006
[1m[1;34m[2026-09-03 16:45:08,302][0m [1m[1;30m[42m[INFO ][0m [1m[1;33m[jaison.py::430 create_job]:[0m Queued new response job 618efc30-130e-4c3c-a859-ef568c072ab4[0m
[2026-09-03 16:45:08 +0300] [43220] [INFO] 127.0.0.1:13812 POST /api/response 1.1 200 117 508
[1m[1;34m[2026-09-03 16:45:09,314][0m [1m[1;30m[42m[INFO ][0m [1m[1;33m[operation.py::25 __call__]:[0m T2T operation llamacpp completed in 1011.0158999450505 ms[0m
[1m[1;34m[2026-09-03 16:45:09,327][0m [1m[1;30m[42m[INFO ][0m [1m[1;33m[operation.py::25 __call__]:[0m FILTER_TEXT operation chunker_sentence completed in 12.462000013329089 ms[0m
[1m[1;34m[2026-09-03 16:45:09,327][0m [1m[1;30m[42m[INFO ][0m [1m[1;33m[operation.py::25 __call__]:[0m FILTER_TEXT operation filter_clean completed in 12.65119994059205 ms[0m
[1m[1;34m[2026-09-03 16:45:09,327][0m [1m[1;30m[42m[INFO ][0m [1m[1;33m[jaison.py::952 response_pipeline]:[0m Response job 618efc30-130e-4c3c-a859-ef568c072ab4 completed. Content: 'Записала. Надеюсь, скоро все наладится. И не забывай о себе, нужно и время от времени отдыхать и рас...'[0m
[1m[1;34m[2026-09-03 16:47:36,570][0m [1m[1;30m[42m[INFO ][0m [1m[1;33m[jaison.py::110 start]:[0m Starting JAIson application layer.[0m
[1m[1;34m[2026-09-03 16:47:36,583][0m [1m[1;30m[42m[INFO ][0m [1m[1;33m[manager.py::297 load_operations_from_config]:[0m Active STT from config: sherpa_ru[0m
[1m[1;34m[2026-09-03 16:47:38,198][0m [1m[1;30m[42m[INFO ][0m [1m[1;33m[operation.py::32 start]:[0m Starting STT operation sherpa_ru[0m
[1m[1;34m[2026-09-03 16:47:38,198][0m [1m[1;30m[42m[INFO ][0m [1m[1;33m[manager.py::26 load]:[0m Loading process by type sherpa_stt[0m
[1m[1;34m[2026-09-03 16:47:38,199][0m [1m[1;30m[43m[WARNI][0m [1m[1;33m[base.py::46 unload]:[0m Attempted to unload process sherpa_stt when it is already unloaded[0m
[1m[1;34m[2026-09-03 16:47:38,200][0m [1m[1;30m[42m[INFO ][0m [1m[1;33m[sherpa_server.py::85 _prepare_hotwords_file]:[0m Sherpa STT hotwords validated: 3 entries[0m
[1m[1;34m[2026-09-03 16:47:38,200][0m [1m[1;30m[42m[INFO ][0m [1m[1;33m[sherpa_server.py::295 reload]:[0m Sherpa STT config: port=6106 model_dir=C:\Nirmita\models\vosk-model-small-streaming-ru, model_variant=fp32, decoding_method=modified_beam_search, num_active_paths=6, use_endpoint=0, bpe_vocab=C:\Nirmita\models\vosk-model-small-streaming-ru\lang\unigram_500.vocab, hotwords_file=C:\Nirmita\models\hotwords.txt, hotwords_score=3.5[0m
[1m[1;34m[2026-09-03 16:47:38,200][0m [1m[1;30m[42m[INFO ][0m [1m[1;33m[sherpa_server.py::307 reload]:[0m Starting Sherpa STT Server with command: C:\Nirmita\.conda312\python.exe C:\Nirmita\apps\stt-sherpa-server\start_server.py --encoder C:\Nirmita\models\vosk-model-small-streaming-ru\am-onnx\encoder.onnx --decoder C:\Nirmita\models\vosk-model-small-streaming-ru\am-onnx\decoder.onnx --joiner C:\Nirmita\models\vosk-model-small-streaming-ru\am-onnx\joiner.onnx --tokens C:\Nirmita\models\vosk-model-small-streaming-ru\lang\tokens.txt --modeling-unit bpe --decoding-method modified_beam_search --num-active-paths 6 --use-endpoint 0 --port 6106 --provider cpu --doc-root C:\Nirmita\apps\stt-sherpa-server --bpe-vocab C:\Nirmita\models\vosk-model-small-streaming-ru\lang\unigram_500.vocab --hotwords-file C:\Nirmita\logs\sherpa_hotwords.resolved.txt --hotwords-score 3.5[0m
[1m[1;34m[2026-09-03 16:47:42,525][0m [1m[1;30m[42m[INFO ][0m [1m[1;33m[operation.py::32 start]:[0m Starting T2T operation llamacpp[0m
[1m[1;34m[2026-09-03 16:47:42,525][0m [1m[1;30m[42m[INFO ][0m [1m[1;33m[manager.py::26 load]:[0m Loading process by type llamacpp[0m
[1m[1;34m[2026-09-03 16:47:42,530][0m [1m[1;30m[42m[INFO ][0m [1m[1;33m[llamacpp.py::81 reload]:[0m Opened Llama.cpp server (PID: 27044) on port 6610 (GPU: 0)[0m
[1m[1;34m[2026-09-03 16:47:42,530][0m [1m[1;30m[42m[INFO ][0m [1m[1;33m[llamacpp.py::89 reload]:[0m Waiting for llama-server to be ready at http://127.0.0.1:6610/health ...[0m
[1m[1;34m[2026-09-03 16:47:46,693][0m [1m[1;30m[42m[INFO ][0m [1m[1;33m[llamacpp.py::101 reload]:[0m llama-server is ready! (attempt 8, port 6610)[0m
[1m[1;34m[2026-09-03 16:47:46,710][0m [1m[1;30m[42m[INFO ][0m [1m[1;33m[fishaudio.py::159 configure]:[0m FishAudioTTS: настроен — model=s2.1-pro-free, reference_id=8579f198..., latency=balanced, sample_rate=44100, speed=1.0[0m
[1m[1;34m[2026-09-03 16:47:46,711][0m [1m[1;30m[42m[INFO ][0m [1m[1;33m[operation.py::32 start]:[0m Starting TTS operation fish_audio[0m
[1m[1;34m[2026-09-03 16:47:46,711][0m [1m[1;30m[42m[INFO ][0m [1m[1;33m[fishaudio.py::85 start]:[0m FishAudioTTS: операция запущена (WebSocket streaming, format=pcm)[0m
[1m[1;34m[2026-09-03 16:47:46,711][0m [1m[1;30m[42m[INFO ][0m [1m[1;33m[operation.py::32 start]:[0m Starting FILTER_TEXT operation filter_clean[0m
[1m[1;34m[2026-09-03 16:47:47,276][0m [1m[1;30m[42m[INFO ][0m [1m[1;33m[operation.py::32 start]:[0m Starting FILTER_TEXT operation chunker_sentence[0m
[1m[1;34m[2026-09-03 16:47:47,779][0m [1m[1;30m[42m[INFO ][0m [1m[1;33m[manager.py::26 load]:[0m Loading process by type hw_mic[0m
[1m[1;34m[2026-09-03 16:47:47,779][0m [1m[1;30m[43m[WARNI][0m [1m[1;33m[base.py::46 unload]:[0m Attempted to unload process hw_mic when it is already unloaded[0m
[ProcessManager] Starting Hardware Microphone (hw-mic-client)...
[1m[1;34m[2026-09-03 16:47:47,786][0m [1m[1;30m[42m[INFO ][0m [1m[1;33m[jaison.py::138 start]:[0m JAIson application layer has started.[0m
[1m[1;34m[2026-09-03 16:47:47,787][0m [1m[1;30m[42m[INFO ][0m [1m[1;33m[logging.py::106 info]:[0m Running on http://127.0.0.1:7272 (CTRL + C to quit)[0m
[1m[1;34m[2026-09-03 16:47:48,170][0m [1m[1;30m[42m[INFO ][0m [1m[1;33m[app_server.py::77 ws]:[0m Opened new websocket connection[0m
[2026-09-03 16:47:48 +0300] [44632] [INFO] 127.0.0.1:3526 GET / 1.1 101 - 1509
[INFO] Loading Silero VAD ONNX Session (CPU)...
[MIC] Selected by name: [72] Микрофон (4- fifine Microphone) (Windows WASAPI)
[INFO] SoundDevice Listening on: Микрофон (4- fifine Microphone) (ID: 72, hostapi: Windows WASAPI)
========================================================

[1m[1;34m[2026-09-03 16:48:05,576][0m [1m[1;30m[42m[INFO ][0m [1m[1;33m[jaison.py::430 create_job]:[0m Queued new context_conversation_add_text job 4c51174e-164a-491f-9ae4-b4fec6f42787[0m
[2026-09-03 16:48:05 +0300] [44632] [INFO] 127.0.0.1:3542 POST /api/context/conversation/text 1.1 200 138 1514
[1m[1;34m[2026-09-03 16:48:05,583][0m [1m[1;30m[42m[INFO ][0m [1m[1;33m[jaison.py::430 create_job]:[0m Queued new response job 6a0db591-8f70-4b3b-b47b-bfd84fd069c4[0m
[2026-09-03 16:48:05 +0300] [44632] [INFO] 127.0.0.1:6120 POST /api/response 1.1 200 117 1005
[1m[1;34m[2026-09-03 16:48:06,271][0m [1m[1;30m[42m[INFO ][0m [1m[1;33m[operation.py::25 __call__]:[0m T2T operation llamacpp completed in 686.1624999437481 ms[0m
[1m[1;34m[2026-09-03 16:48:06,282][0m [1m[1;30m[42m[INFO ][0m [1m[1;33m[operation.py::25 __call__]:[0m FILTER_TEXT operation chunker_sentence completed in 10.944300098344684 ms[0m
[1m[1;34m[2026-09-03 16:48:06,282][0m [1m[1;30m[42m[INFO ][0m [1m[1;33m[operation.py::25 __call__]:[0m FILTER_TEXT operation filter_clean completed in 11.13270001951605 ms[0m
[1m[1;34m[2026-09-03 16:48:06,282][0m [1m[1;30m[42m[INFO ][0m [1m[1;33m[jaison.py::952 response_pipeline]:[0m Response job 6a0db591-8f70-4b3b-b47b-bfd84fd069c4 completed. Content: 'Привет! Всё как обычно, полна энергии и новых идей. А как у тебя дела?...'[0m
[2026-09-03 16:51:03 +0300] [44632] [INFO] 127.0.0.1:10682 GET /api/config 1.1 200 3297 508
[2026-09-03 16:51:03 +0300] [44632] [INFO] 127.0.0.1:3635 GET /api/config 1.1 200 3297 500
[2026-09-03 16:51:03 +0300] [44632] [INFO] 127.0.0.1:6688 GET /api/context/history 1.1 200 579 510
[2026-09-03 16:51:03 +0300] [44632] [INFO] 127.0.0.1:4869 GET /api/context/history 1.1 200 579 1018
[1m[1;34m[2026-09-03 16:51:50,274][0m [1m[1;30m[42m[INFO ][0m [1m[1;33m[app_server.py::86 ws]:[0m Closed websocket connection[0m
[2026-09-03 16:51:50 +0300] [44632] [INFO] 127.0.0.1:2438 GET /api/config 1.1 200 3297 1548
[2026-09-03 16:51:50 +0300] [44632] [INFO] 127.0.0.1:2440 GET /api/config 1.1 200 3297 505
[2026-09-03 16:51:50 +0300] [44632] [INFO] 127.0.0.1:2442 GET /api/context/history 1.1 200 579 1513
[2026-09-03 16:51:50 +0300] [44632] [INFO] 127.0.0.1:5692 GET /api/context/history 1.1 200 579 0
[1m[1;34m[2026-09-03 16:51:50,627][0m [1m[1;30m[42m[INFO ][0m [1m[1;33m[app_server.py::77 ws]:[0m Opened new websocket connection[0m
[2026-09-03 16:51:50 +0300] [44632] [INFO] 127.0.0.1:9602 GET / 1.1 101 - 501
[1m[1;34m[2026-09-03 16:51:55,043][0m [1m[1;30m[42m[INFO ][0m [1m[1;33m[jaison.py::430 create_job]:[0m Queued new context_conversation_add_text job f5d2d5b3-dd98-47c0-a41c-4272437c575a[0m
[2026-09-03 16:51:55 +0300] [44632] [INFO] 127.0.0.1:11427 POST /api/context/conversation/text 1.1 200 138 1004
[1m[1;34m[2026-09-03 16:51:55,049][0m [1m[1;30m[42m[INFO ][0m [1m[1;33m[jaison.py::430 create_job]:[0m Queued new response job 56b13a29-9966-439e-b8f2-ef36375ed22c[0m
[2026-09-03 16:51:55 +0300] [44632] [INFO] 127.0.0.1:13779 POST /api/response 1.1 200 117 1003
[1m[1;34m[2026-09-03 16:51:55,738][0m [1m[1;30m[42m[INFO ][0m [1m[1;33m[operation.py::25 __call__]:[0m T2T operation llamacpp completed in 687.4383999966085 ms[0m
[1m[1;34m[2026-09-03 16:51:55,749][0m [1m[1;30m[42m[INFO ][0m [1m[1;33m[operation.py::25 __call__]:[0m FILTER_TEXT operation chunker_sentence completed in 10.999699938111007 ms[0m
[1m[1;34m[2026-09-03 16:51:55,749][0m [1m[1;30m[42m[INFO ][0m [1m[1;33m[operation.py::25 __call__]:[0m FILTER_TEXT operation filter_clean completed in 11.164600029587746 ms[0m
[1m[1;34m[2026-09-03 16:51:55,750][0m [1m[1;30m[42m[INFO ][0m [1m[1;33m[jaison.py::952 response_pipeline]:[0m Response job 56b13a29-9966-439e-b8f2-ef36375ed22c completed. Content: 'Конечно! Всё как обычно, полна энергии и новых идей. А как у тебя дела?...'[0m
[1m[1;34m[2026-09-03 16:52:59,215][0m [1m[1;30m[42m[INFO ][0m [1m[1;33m[jaison.py::110 start]:[0m Starting JAIson application layer.[0m
[1m[1;34m[2026-09-03 16:52:59,225][0m [1m[1;30m[42m[INFO ][0m [1m[1;33m[manager.py::297 load_operations_from_config]:[0m Active STT from config: sherpa_ru[0m
[1m[1;34m[2026-09-03 16:53:00,980][0m [1m[1;30m[42m[INFO ][0m [1m[1;33m[operation.py::32 start]:[0m Starting STT operation sherpa_ru[0m
[1m[1;34m[2026-09-03 16:53:00,980][0m [1m[1;30m[42m[INFO ][0m [1m[1;33m[manager.py::26 load]:[0m Loading process by type sherpa_stt[0m
[1m[1;34m[2026-09-03 16:53:00,981][0m [1m[1;30m[43m[WARNI][0m [1m[1;33m[base.py::46 unload]:[0m Attempted to unload process sherpa_stt when it is already unloaded[0m
[1m[1;34m[2026-09-03 16:53:00,982][0m [1m[1;30m[42m[INFO ][0m [1m[1;33m[sherpa_server.py::85 _prepare_hotwords_file]:[0m Sherpa STT hotwords validated: 3 entries[0m
[1m[1;34m[2026-09-03 16:53:00,982][0m [1m[1;30m[42m[INFO ][0m [1m[1;33m[sherpa_server.py::295 reload]:[0m Sherpa STT config: port=6106 model_dir=C:\Nirmita\models\vosk-model-small-streaming-ru, model_variant=fp32, decoding_method=modified_beam_search, num_active_paths=6, use_endpoint=0, bpe_vocab=C:\Nirmita\models\vosk-model-small-streaming-ru\lang\unigram_500.vocab, hotwords_file=C:\Nirmita\models\hotwords.txt, hotwords_score=3.5[0m
[1m[1;34m[2026-09-03 16:53:00,983][0m [1m[1;30m[42m[INFO ][0m [1m[1;33m[sherpa_server.py::307 reload]:[0m Starting Sherpa STT Server with command: C:\Nirmita\.conda312\python.exe C:\Nirmita\apps\stt-sherpa-server\start_server.py --encoder C:\Nirmita\models\vosk-model-small-streaming-ru\am-onnx\encoder.onnx --decoder C:\Nirmita\models\vosk-model-small-streaming-ru\am-onnx\decoder.onnx --joiner C:\Nirmita\models\vosk-model-small-streaming-ru\am-onnx\joiner.onnx --tokens C:\Nirmita\models\vosk-model-small-streaming-ru\lang\tokens.txt --modeling-unit bpe --decoding-method modified_beam_search --num-active-paths 6 --use-endpoint 0 --port 6106 --provider cpu --doc-root C:\Nirmita\apps\stt-sherpa-server --bpe-vocab C:\Nirmita\models\vosk-model-small-streaming-ru\lang\unigram_500.vocab --hotwords-file C:\Nirmita\logs\sherpa_hotwords.resolved.txt --hotwords-score 3.5[0m
[1m[1;34m[2026-09-03 16:53:05,307][0m [1m[1;30m[42m[INFO ][0m [1m[1;33m[operation.py::32 start]:[0m Starting T2T operation llamacpp[0m
[1m[1;34m[2026-09-03 16:53:05,308][0m [1m[1;30m[42m[INFO ][0m [1m[1;33m[manager.py::26 load]:[0m Loading process by type llamacpp[0m
[1m[1;34m[2026-09-03 16:53:05,314][0m [1m[1;30m[42m[INFO ][0m [1m[1;33m[llamacpp.py::81 reload]:[0m Opened Llama.cpp server (PID: 28936) on port 10031 (GPU: 0)[0m
[1m[1;34m[2026-09-03 16:53:05,314][0m [1m[1;30m[42m[INFO ][0m [1m[1;33m[llamacpp.py::89 reload]:[0m Waiting for llama-server to be ready at http://127.0.0.1:10031/health ...[0m
[1m[1;34m[2026-09-03 16:53:09,491][0m [1m[1;30m[42m[INFO ][0m [1m[1;33m[llamacpp.py::101 reload]:[0m llama-server is ready! (attempt 8, port 10031)[0m
[1m[1;34m[2026-09-03 16:53:09,509][0m [1m[1;30m[42m[INFO ][0m [1m[1;33m[fishaudio.py::159 configure]:[0m FishAudioTTS: настроен — model=s2.1-pro-free, reference_id=8579f198..., latency=balanced, sample_rate=44100, speed=1.0[0m
[1m[1;34m[2026-09-03 16:53:09,509][0m [1m[1;30m[42m[INFO ][0m [1m[1;33m[operation.py::32 start]:[0m Starting TTS operation fish_audio[0m
[1m[1;34m[2026-09-03 16:53:09,509][0m [1m[1;30m[42m[INFO ][0m [1m[1;33m[fishaudio.py::85 start]:[0m FishAudioTTS: операция запущена (WebSocket streaming, format=pcm)[0m
[1m[1;34m[2026-09-03 16:53:09,510][0m [1m[1;30m[42m[INFO ][0m [1m[1;33m[operation.py::32 start]:[0m Starting FILTER_TEXT operation filter_clean[0m
[1m[1;34m[2026-09-03 16:53:10,064][0m [1m[1;30m[42m[INFO ][0m [1m[1;33m[operation.py::32 start]:[0m Starting FILTER_TEXT operation chunker_sentence[0m
[1m[1;34m[2026-09-03 16:53:10,569][0m [1m[1;30m[42m[INFO ][0m [1m[1;33m[manager.py::26 load]:[0m Loading process by type hw_mic[0m
[1m[1;34m[2026-09-03 16:53:10,569][0m [1m[1;30m[43m[WARNI][0m [1m[1;33m[base.py::46 unload]:[0m Attempted to unload process hw_mic when it is already unloaded[0m
[ProcessManager] Starting Hardware Microphone (hw-mic-client)...
[1m[1;34m[2026-09-03 16:53:10,576][0m [1m[1;30m[42m[INFO ][0m [1m[1;33m[jaison.py::138 start]:[0m JAIson application layer has started.[0m
[1m[1;34m[2026-09-03 16:53:10,577][0m [1m[1;30m[42m[INFO ][0m [1m[1;33m[logging.py::106 info]:[0m Running on http://127.0.0.1:7272 (CTRL + C to quit)[0m
[1m[1;34m[2026-09-03 16:53:10,702][0m [1m[1;30m[42m[INFO ][0m [1m[1;33m[app_server.py::77 ws]:[0m Opened new websocket connection[0m
[2026-09-03 16:53:10 +0300] [34320] [INFO] 127.0.0.1:10149 GET / 1.1 101 - 1004
[INFO] Loading Silero VAD ONNX Session (CPU)...
[MIC] Selected by name: [72] Микрофон (4- fifine Microphone) (Windows WASAPI)
[INFO] SoundDevice Listening on: Микрофон (4- fifine Microphone) (ID: 72, hostapi: Windows WASAPI)
========================================================

[1m[1;34m[2026-09-03 16:53:33,472][0m [1m[1;30m[42m[INFO ][0m [1m[1;33m[app_server.py::86 ws]:[0m Closed websocket connection[0m
[2026-09-03 16:53:33 +0300] [34320] [INFO] 127.0.0.1:4269 GET /api/config 1.1 200 3297 0
[2026-09-03 16:53:33 +0300] [34320] [INFO] 127.0.0.1:4271 GET /api/config 1.1 200 3297 0
[2026-09-03 16:53:33 +0300] [34320] [INFO] 127.0.0.1:4273 GET /api/context/history 1.1 200 59 1004
[2026-09-03 16:53:33 +0300] [34320] [INFO] 127.0.0.1:4275 GET /api/context/history 1.1 200 59 1006
[1m[1;34m[2026-09-03 16:53:33,825][0m [1m[1;30m[42m[INFO ][0m [1m[1;33m[app_server.py::77 ws]:[0m Opened new websocket connection[0m
[2026-09-03 16:53:33 +0300] [34320] [INFO] 127.0.0.1:13671 GET / 1.1 101 - 506
[1m[1;34m[2026-09-03 16:53:36,113][0m [1m[1;30m[42m[INFO ][0m [1m[1;33m[jaison.py::430 create_job]:[0m Queued new context_conversation_add_text job 17986cd7-859d-4fe2-85f5-ff69e98ac5f4[0m
[2026-09-03 16:53:36 +0300] [34320] [INFO] 127.0.0.1:1783 POST /api/context/conversation/text 1.1 200 138 997
[1m[1;34m[2026-09-03 16:53:36,121][0m [1m[1;30m[42m[INFO ][0m [1m[1;33m[jaison.py::430 create_job]:[0m Queued new response job 9b984be8-22e4-404e-baa0-812e0e2d9088[0m
[2026-09-03 16:53:36 +0300] [34320] [INFO] 127.0.0.1:9828 POST /api/response 1.1 200 117 0
[1m[1;34m[2026-09-03 16:53:36,534][0m [1m[1;30m[42m[INFO ][0m [1m[1;33m[operation.py::25 __call__]:[0m T2T operation llamacpp completed in 410.399500047788 ms[0m
[1m[1;34m[2026-09-03 16:53:36,543][0m [1m[1;30m[42m[INFO ][0m [1m[1;33m[operation.py::25 __call__]:[0m FILTER_TEXT operation chunker_sentence completed in 9.911600034683943 ms[0m
[1m[1;34m[2026-09-03 16:53:36,543][0m [1m[1;30m[42m[INFO ][0m [1m[1;33m[operation.py::25 __call__]:[0m FILTER_TEXT operation filter_clean completed in 10.069500072859228 ms[0m
[1m[1;34m[2026-09-03 16:53:36,545][0m [1m[1;30m[42m[INFO ][0m [1m[1;33m[jaison.py::952 response_pipeline]:[0m Response job 9b984be8-22e4-404e-baa0-812e0e2d9088 completed. Content: 'Привет! Как дела? Что нового?...'[0m
[1m[1;34m[2026-09-03 16:54:32,757][0m [1m[1;30m[42m[INFO ][0m [1m[1;33m[jaison.py::110 start]:[0m Starting JAIson application layer.[0m
[1m[1;34m[2026-09-03 16:54:32,774][0m [1m[1;30m[42m[INFO ][0m [1m[1;33m[manager.py::300 load_operations_from_config]:[0m Active STT from config: sherpa_ru[0m
[1m[1;34m[2026-09-03 16:54:34,546][0m [1m[1;30m[42m[INFO ][0m [1m[1;33m[operation.py::32 start]:[0m Starting STT operation sherpa_ru[0m
[1m[1;34m[2026-09-03 16:54:34,547][0m [1m[1;30m[42m[INFO ][0m [1m[1;33m[manager.py::26 load]:[0m Loading process by type sherpa_stt[0m
[1m[1;34m[2026-09-03 16:54:34,548][0m [1m[1;30m[43m[WARNI][0m [1m[1;33m[base.py::46 unload]:[0m Attempted to unload process sherpa_stt when it is already unloaded[0m
[1m[1;34m[2026-09-03 16:54:34,548][0m [1m[1;30m[42m[INFO ][0m [1m[1;33m[sherpa_server.py::85 _prepare_hotwords_file]:[0m Sherpa STT hotwords validated: 3 entries[0m
[1m[1;34m[2026-09-03 16:54:34,549][0m [1m[1;30m[42m[INFO ][0m [1m[1;33m[sherpa_server.py::295 reload]:[0m Sherpa STT config: port=6106 model_dir=C:\Nirmita\models\vosk-model-small-streaming-ru, model_variant=fp32, decoding_method=modified_beam_search, num_active_paths=6, use_endpoint=0, bpe_vocab=C:\Nirmita\models\vosk-model-small-streaming-ru\lang\unigram_500.vocab, hotwords_file=C:\Nirmita\models\hotwords.txt, hotwords_score=3.5[0m
[1m[1;34m[2026-09-03 16:54:34,549][0m [1m[1;30m[42m[INFO ][0m [1m[1;33m[sherpa_server.py::307 reload]:[0m Starting Sherpa STT Server with command: C:\Nirmita\.conda312\python.exe C:\Nirmita\apps\stt-sherpa-server\start_server.py --encoder C:\Nirmita\models\vosk-model-small-streaming-ru\am-onnx\encoder.onnx --decoder C:\Nirmita\models\vosk-model-small-streaming-ru\am-onnx\decoder.onnx --joiner C:\Nirmita\models\vosk-model-small-streaming-ru\am-onnx\joiner.onnx --tokens C:\Nirmita\models\vosk-model-small-streaming-ru\lang\tokens.txt --modeling-unit bpe --decoding-method modified_beam_search --num-active-paths 6 --use-endpoint 0 --port 6106 --provider cpu --doc-root C:\Nirmita\apps\stt-sherpa-server --bpe-vocab C:\Nirmita\models\vosk-model-small-streaming-ru\lang\unigram_500.vocab --hotwords-file C:\Nirmita\logs\sherpa_hotwords.resolved.txt --hotwords-score 3.5[0m
[1m[1;34m[2026-09-03 16:54:38,876][0m [1m[1;30m[42m[INFO ][0m [1m[1;33m[operation.py::32 start]:[0m Starting T2T operation llamacpp[0m
[1m[1;34m[2026-09-03 16:54:38,877][0m [1m[1;30m[42m[INFO ][0m [1m[1;33m[manager.py::26 load]:[0m Loading process by type llamacpp[0m
[1m[1;34m[2026-09-03 16:54:38,882][0m [1m[1;30m[42m[INFO ][0m [1m[1;33m[llamacpp.py::81 reload]:[0m Opened Llama.cpp server (PID: 2812) on port 5064 (GPU: 0)[0m
[1m[1;34m[2026-09-03 16:54:38,882][0m [1m[1;30m[42m[INFO ][0m [1m[1;33m[llamacpp.py::89 reload]:[0m Waiting for llama-server to be ready at http://127.0.0.1:5064/health ...[0m
[1m[1;34m[2026-09-03 16:54:43,089][0m [1m[1;30m[42m[INFO ][0m [1m[1;33m[llamacpp.py::101 reload]:[0m llama-server is ready! (attempt 8, port 5064)[0m
[1m[1;34m[2026-09-03 16:54:43,105][0m [1m[1;30m[42m[INFO ][0m [1m[1;33m[fishaudio.py::159 configure]:[0m FishAudioTTS: настроен — model=s2.1-pro-free, reference_id=8579f198..., latency=balanced, sample_rate=44100, speed=1.0[0m
[1m[1;34m[2026-09-03 16:54:43,105][0m [1m[1;30m[42m[INFO ][0m [1m[1;33m[operation.py::32 start]:[0m Starting TTS operation fish_audio[0m
[1m[1;34m[2026-09-03 16:54:43,105][0m [1m[1;30m[42m[INFO ][0m [1m[1;33m[fishaudio.py::85 start]:[0m FishAudioTTS: операция запущена (WebSocket streaming, format=pcm)[0m
[1m[1;34m[2026-09-03 16:54:43,106][0m [1m[1;30m[42m[INFO ][0m [1m[1;33m[operation.py::32 start]:[0m Starting FILTER_TEXT operation filter_clean[0m
[1m[1;34m[2026-09-03 16:54:43,660][0m [1m[1;30m[42m[INFO ][0m [1m[1;33m[operation.py::32 start]:[0m Starting FILTER_TEXT operation chunker_sentence[0m
[1m[1;34m[2026-09-03 16:54:44,411][0m [1m[1;30m[41m[ERROR][0m [1m[1;33m[app_server.py::356 start_web_server]:[0m Stopping server due to exception[0m
Traceback (most recent call last):
  File "C:\Nirmita\src\utils\server\app_server.py", line 352, in start_web_server
    await JAIson().start()
  File "C:\Nirmita\src\utils\jaison.py", line 127, in start
    await self.op_manager.load_operations_from_config()
  File "C:\Nirmita\src\utils\operations\manager.py", line 305, in load_operations_from_config
    await self.load_operation(op_role, op_id, op_details)
  File "C:\Nirmita\src\utils\operations\manager.py", line 227, in load_operation
    new_op = load_op(role_to_type(op_role), op_id, op_details=op_details)
             ^^^^^^^^^^^^^^^^^^^^^^^^^^^^^^^^^^^^^^^^^^^^^^^^^^^^^^^^^^^^
  File "C:\Nirmita\src\utils\operations\manager.py", line 88, in load_op
    from .filter_audio.speaker import SpeakerOutputFilter
  File "C:\Nirmita\src\utils\operations\filter_audio\speaker.py", line 7, in <module>
    from .base import AudioFilterOperation
ImportError: cannot import name 'AudioFilterOperation' from 'utils.operations.filter_audio.base' (C:\Nirmita\src\utils\operations\filter_audio\base.py)
[1m[1;34m[2026-09-03 16:54:44,412][0m [1m[1;30m[42m[INFO ][0m [1m[1;33m[jaison.py::141 stop]:[0m Shutting down JAIson application layer[0m
[1m[1;34m[2026-09-03 16:54:44,412][0m [1m[1;30m[42m[INFO ][0m [1m[1;33m[operation.py::38 close]:[0m Closing STT operation sherpa_ru[0m
[1m[1;34m[2026-09-03 16:54:44,412][0m [1m[1;30m[42m[INFO ][0m [1m[1;33m[base.py::70 unlink]:[0m No more links to process sherpa_stt. Unloading...[0m
[1m[1;34m[2026-09-03 16:54:44,419][0m [1m[1;30m[42m[INFO ][0m [1m[1;33m[base.py::44 unload]:[0m Unloaded process sherpa_stt[0m
[1m[1;34m[2026-09-03 16:54:44,419][0m [1m[1;30m[42m[INFO ][0m [1m[1;33m[operation.py::38 close]:[0m Closing T2T operation llamacpp[0m
[1m[1;34m[2026-09-03 16:54:44,420][0m [1m[1;30m[42m[INFO ][0m [1m[1;33m[base.py::70 unlink]:[0m No more links to process llamacpp. Unloading...[0m
[1m[1;34m[2026-09-03 16:54:44,426][0m [1m[1;30m[42m[INFO ][0m [1m[1;33m[base.py::44 unload]:[0m Unloaded process llamacpp[0m
[1m[1;34m[2026-09-03 16:54:44,427][0m [1m[1;30m[42m[INFO ][0m [1m[1;33m[operation.py::38 close]:[0m Closing TTS operation fish_audio[0m
[1m[1;34m[2026-09-03 16:54:44,427][0m [1m[1;30m[42m[INFO ][0m [1m[1;33m[fishaudio.py::89 close]:[0m FishAudioTTS: операция остановлена[0m
[1m[1;34m[2026-09-03 16:54:44,427][0m [1m[1;30m[42m[INFO ][0m [1m[1;33m[operation.py::38 close]:[0m Closing FILTER_TEXT operation filter_clean[0m
[1m[1;34m[2026-09-03 16:54:44,427][0m [1m[1;30m[42m[INFO ][0m [1m[1;33m[operation.py::38 close]:[0m Closing FILTER_TEXT operation chunker_sentence[0m
[1m[1;34m[2026-09-03 16:54:44,429][0m [1m[1;30m[42m[INFO ][0m [1m[1;33m[jaison.py::150 stop]:[0m JAIson application layer has been shut down[0m
[1m[1;34m[2026-09-03 16:56:26,678][0m [1m[1;30m[42m[INFO ][0m [1m[1;33m[jaison.py::110 start]:[0m Starting JAIson application layer.[0m
[1m[1;34m[2026-09-03 16:56:26,689][0m [1m[1;30m[42m[INFO ][0m [1m[1;33m[manager.py::300 load_operations_from_config]:[0m Active STT from config: sherpa_ru[0m
[1m[1;34m[2026-09-03 16:56:28,355][0m [1m[1;30m[42m[INFO ][0m [1m[1;33m[operation.py::32 start]:[0m Starting STT operation sherpa_ru[0m
[1m[1;34m[2026-09-03 16:56:28,355][0m [1m[1;30m[42m[INFO ][0m [1m[1;33m[manager.py::26 load]:[0m Loading process by type sherpa_stt[0m
[1m[1;34m[2026-09-03 16:56:28,356][0m [1m[1;30m[43m[WARNI][0m [1m[1;33m[base.py::46 unload]:[0m Attempted to unload process sherpa_stt when it is already unloaded[0m
[1m[1;34m[2026-09-03 16:56:28,356][0m [1m[1;30m[42m[INFO ][0m [1m[1;33m[sherpa_server.py::85 _prepare_hotwords_file]:[0m Sherpa STT hotwords validated: 3 entries[0m
[1m[1;34m[2026-09-03 16:56:28,357][0m [1m[1;30m[42m[INFO ][0m [1m[1;33m[sherpa_server.py::295 reload]:[0m Sherpa STT config: port=6106 model_dir=C:\Nirmita\models\vosk-model-small-streaming-ru, model_variant=fp32, decoding_method=modified_beam_search, num_active_paths=6, use_endpoint=0, bpe_vocab=C:\Nirmita\models\vosk-model-small-streaming-ru\lang\unigram_500.vocab, hotwords_file=C:\Nirmita\models\hotwords.txt, hotwords_score=3.5[0m
[1m[1;34m[2026-09-03 16:56:28,357][0m [1m[1;30m[42m[INFO ][0m [1m[1;33m[sherpa_server.py::307 reload]:[0m Starting Sherpa STT Server with command: C:\Nirmita\.conda312\python.exe C:\Nirmita\apps\stt-sherpa-server\start_server.py --encoder C:\Nirmita\models\vosk-model-small-streaming-ru\am-onnx\encoder.onnx --decoder C:\Nirmita\models\vosk-model-small-streaming-ru\am-onnx\decoder.onnx --joiner C:\Nirmita\models\vosk-model-small-streaming-ru\am-onnx\joiner.onnx --tokens C:\Nirmita\models\vosk-model-small-streaming-ru\lang\tokens.txt --modeling-unit bpe --decoding-method modified_beam_search --num-active-paths 6 --use-endpoint 0 --port 6106 --provider cpu --doc-root C:\Nirmita\apps\stt-sherpa-server --bpe-vocab C:\Nirmita\models\vosk-model-small-streaming-ru\lang\unigram_500.vocab --hotwords-file C:\Nirmita\logs\sherpa_hotwords.resolved.txt --hotwords-score 3.5[0m
[1m[1;34m[2026-09-03 16:56:32,676][0m [1m[1;30m[42m[INFO ][0m [1m[1;33m[operation.py::32 start]:[0m Starting T2T operation llamacpp[0m
[1m[1;34m[2026-09-03 16:56:32,676][0m [1m[1;30m[42m[INFO ][0m [1m[1;33m[manager.py::26 load]:[0m Loading process by type llamacpp[0m
[1m[1;34m[2026-09-03 16:56:32,682][0m [1m[1;30m[42m[INFO ][0m [1m[1;33m[llamacpp.py::81 reload]:[0m Opened Llama.cpp server (PID: 42160) on port 5907 (GPU: 0)[0m
[1m[1;34m[2026-09-03 16:56:32,682][0m [1m[1;30m[42m[INFO ][0m [1m[1;33m[llamacpp.py::89 reload]:[0m Waiting for llama-server to be ready at http://127.0.0.1:5907/health ...[0m
[1m[1;34m[2026-09-03 16:56:36,881][0m [1m[1;30m[42m[INFO ][0m [1m[1;33m[llamacpp.py::101 reload]:[0m llama-server is ready! (attempt 8, port 5907)[0m
[1m[1;34m[2026-09-03 16:56:36,896][0m [1m[1;30m[42m[INFO ][0m [1m[1;33m[fishaudio.py::159 configure]:[0m FishAudioTTS: настроен — model=s2.1-pro-free, reference_id=8579f198..., latency=balanced, sample_rate=44100, speed=1.0[0m
[1m[1;34m[2026-09-03 16:56:36,897][0m [1m[1;30m[42m[INFO ][0m [1m[1;33m[operation.py::32 start]:[0m Starting TTS operation fish_audio[0m
[1m[1;34m[2026-09-03 16:56:36,897][0m [1m[1;30m[42m[INFO ][0m [1m[1;33m[fishaudio.py::85 start]:[0m FishAudioTTS: операция запущена (WebSocket streaming, format=pcm)[0m
[1m[1;34m[2026-09-03 16:56:36,898][0m [1m[1;30m[42m[INFO ][0m [1m[1;33m[operation.py::32 start]:[0m Starting FILTER_TEXT operation filter_clean[0m
[1m[1;34m[2026-09-03 16:56:37,483][0m [1m[1;30m[42m[INFO ][0m [1m[1;33m[operation.py::32 start]:[0m Starting FILTER_TEXT operation chunker_sentence[0m
[1m[1;34m[2026-09-03 16:56:38,196][0m [1m[1;30m[42m[INFO ][0m [1m[1;33m[speaker.py::55 configure]:[0m SpeakerOutputFilter: настроен на устройство name=, index=None[0m
[1m[1;34m[2026-09-03 16:56:38,196][0m [1m[1;30m[42m[INFO ][0m [1m[1;33m[operation.py::32 start]:[0m Starting FILTER_AUDIO operation speaker[0m
[1m[1;34m[2026-09-03 16:56:38,197][0m [1m[1;30m[42m[INFO ][0m [1m[1;33m[speaker.py::29 start]:[0m SpeakerOutputFilter: операция запущена (вокер запущен)[0m
[1m[1;34m[2026-09-03 16:56:38,197][0m [1m[1;30m[42m[INFO ][0m [1m[1;33m[manager.py::26 load]:[0m Loading process by type hw_mic[0m
[1m[1;34m[2026-09-03 16:56:38,198][0m [1m[1;30m[43m[WARNI][0m [1m[1;33m[base.py::46 unload]:[0m Attempted to unload process hw_mic when it is already unloaded[0m
[ProcessManager] Starting Hardware Microphone (hw-mic-client)...
[1m[1;34m[2026-09-03 16:56:38,204][0m [1m[1;30m[42m[INFO ][0m [1m[1;33m[jaison.py::138 start]:[0m JAIson application layer has started.[0m
[1m[1;34m[2026-09-03 16:56:38,205][0m [1m[1;30m[42m[INFO ][0m [1m[1;33m[logging.py::106 info]:[0m Running on http://127.0.0.1:7272 (CTRL + C to quit)[0m
[1m[1;34m[2026-09-03 16:56:38,440][0m [1m[1;30m[42m[INFO ][0m [1m[1;33m[app_server.py::77 ws]:[0m Opened new websocket connection[0m
[2026-09-03 16:56:38 +0300] [28812] [INFO] 127.0.0.1:6279 GET / 1.1 101 - 502
[INFO] Loading Silero VAD ONNX Session (CPU)...
[MIC] Selected by name: [72] Микрофон (4- fifine Microphone) (Windows WASAPI)
[INFO] SoundDevice Listening on: Микрофон (4- fifine Microphone) (ID: 72, hostapi: Windows WASAPI)
========================================================

[1m[1;34m[2026-09-03 16:56:40,078][0m [1m[1;30m[42m[INFO ][0m [1m[1;33m[app_server.py::86 ws]:[0m Closed websocket connection[0m
[2026-09-03 16:56:40 +0300] [28812] [INFO] 127.0.0.1:1317 GET /api/config 1.1 200 3373 0
[2026-09-03 16:56:40 +0300] [28812] [INFO] 127.0.0.1:1319 GET /api/config 1.1 200 3373 507
[2026-09-03 16:56:40 +0300] [28812] [INFO] 127.0.0.1:1321 GET /api/context/history 1.1 200 59 506
[2026-09-03 16:56:40 +0300] [28812] [INFO] 127.0.0.1:1323 GET /api/context/history 1.1 200 59 0
[1m[1;34m[2026-09-03 16:56:40,429][0m [1m[1;30m[42m[INFO ][0m [1m[1;33m[app_server.py::77 ws]:[0m Opened new websocket connection[0m
[2026-09-03 16:56:40 +0300] [28812] [INFO] 127.0.0.1:6672 GET / 1.1 101 - 500
[1m[1;34m[2026-09-03 16:56:42,906][0m [1m[1;30m[42m[INFO ][0m [1m[1;33m[jaison.py::430 create_job]:[0m Queued new context_conversation_add_text job c54f7c3a-9525-465f-bb28-6e9f40cdec86[0m
[2026-09-03 16:56:42 +0300] [28812] [INFO] 127.0.0.1:12427 POST /api/context/conversation/text 1.1 200 138 1005
[1m[1;34m[2026-09-03 16:56:42,911][0m [1m[1;30m[42m[INFO ][0m [1m[1;33m[jaison.py::430 create_job]:[0m Queued new response job 0244785b-1469-48e9-ac3f-8d6663506e27[0m
[2026-09-03 16:56:42 +0300] [28812] [INFO] 127.0.0.1:6392 POST /api/response 1.1 200 117 0
[1m[1;34m[2026-09-03 16:56:43,222][0m [1m[1;30m[42m[INFO ][0m [1m[1;33m[operation.py::25 __call__]:[0m T2T operation llamacpp completed in 309.47169999126345 ms[0m
[1m[1;34m[2026-09-03 16:56:43,232][0m [1m[1;30m[42m[INFO ][0m [1m[1;33m[operation.py::25 __call__]:[0m FILTER_TEXT operation chunker_sentence completed in 9.475399972870946 ms[0m
[1m[1;34m[2026-09-03 16:56:43,232][0m [1m[1;30m[42m[INFO ][0m [1m[1;33m[operation.py::25 __call__]:[0m FILTER_TEXT operation filter_clean completed in 9.651600033976138 ms[0m
[1m[1;34m[2026-09-03 16:56:43,233][0m [1m[1;30m[42m[INFO ][0m [1m[1;33m[jaison.py::952 response_pipeline]:[0m Response job 0244785b-1469-48e9-ac3f-8d6663506e27 completed. Content: 'Привет! Как дела?...'[0m
[1m[1;34m[2026-09-03 16:56:54,218][0m [1m[1;30m[42m[INFO ][0m [1m[1;33m[jaison.py::430 create_job]:[0m Queued new context_conversation_add_text job 78880e0e-173b-44e8-8502-1aa5a105e6c8[0m
[2026-09-03 16:56:54 +0300] [28812] [INFO] 127.0.0.1:9389 POST /api/context/conversation/text 1.1 200 138 1150
[1m[1;34m[2026-09-03 16:56:54,223][0m [1m[1;30m[42m[INFO ][0m [1m[1;33m[jaison.py::430 create_job]:[0m Queued new response job 17aabe75-0ad5-45a6-9dd0-0a23a4b51d4b[0m
[2026-09-03 16:56:54 +0300] [28812] [INFO] 127.0.0.1:6027 POST /api/response 1.1 200 117 0
[1m[1;34m[2026-09-03 16:56:55,281][0m [1m[1;30m[42m[INFO ][0m [1m[1;33m[operation.py::25 __call__]:[0m T2T operation llamacpp completed in 1057.1011999854818 ms[0m
[1m[1;34m[2026-09-03 16:56:55,297][0m [1m[1;30m[42m[INFO ][0m [1m[1;33m[operation.py::25 __call__]:[0m FILTER_TEXT operation chunker_sentence completed in 14.789100037887692 ms[0m
[1m[1;34m[2026-09-03 16:56:55,297][0m [1m[1;30m[42m[INFO ][0m [1m[1;33m[operation.py::25 __call__]:[0m FILTER_TEXT operation filter_clean completed in 14.969099895097315 ms[0m
[1m[1;34m[2026-09-03 16:56:55,297][0m [1m[1;30m[42m[INFO ][0m [1m[1;33m[jaison.py::952 response_pipeline]:[0m Response job 17aabe75-0ad5-45a6-9dd0-0a23a4b51d4b completed. Content: 'Ладно, давай разберемся, о чем ты хочешь поболтать? Игры, сплетни, или что-нибудь интересное из мира...'[0m
[1m[1;34m[2026-09-03 17:00:02,515][0m [1m[1;30m[42m[INFO ][0m [1m[1;33m[jaison.py::110 start]:[0m Starting JAIson application layer.[0m
[1m[1;34m[2026-09-03 17:00:02,526][0m [1m[1;30m[42m[INFO ][0m [1m[1;33m[manager.py::300 load_operations_from_config]:[0m Active STT from config: sherpa_ru[0m
[1m[1;34m[2026-09-03 17:00:04,194][0m [1m[1;30m[42m[INFO ][0m [1m[1;33m[operation.py::32 start]:[0m Starting STT operation sherpa_ru[0m
[1m[1;34m[2026-09-03 17:00:04,194][0m [1m[1;30m[42m[INFO ][0m [1m[1;33m[manager.py::26 load]:[0m Loading process by type sherpa_stt[0m
[1m[1;34m[2026-09-03 17:00:04,195][0m [1m[1;30m[43m[WARNI][0m [1m[1;33m[base.py::46 unload]:[0m Attempted to unload process sherpa_stt when it is already unloaded[0m
[1m[1;34m[2026-09-03 17:00:04,196][0m [1m[1;30m[42m[INFO ][0m [1m[1;33m[sherpa_server.py::85 _prepare_hotwords_file]:[0m Sherpa STT hotwords validated: 3 entries[0m
[1m[1;34m[2026-09-03 17:00:04,197][0m [1m[1;30m[42m[INFO ][0m [1m[1;33m[sherpa_server.py::295 reload]:[0m Sherpa STT config: port=6106 model_dir=C:\Nirmita\models\vosk-model-small-streaming-ru, model_variant=fp32, decoding_method=modified_beam_search, num_active_paths=6, use_endpoint=0, bpe_vocab=C:\Nirmita\models\vosk-model-small-streaming-ru\lang\unigram_500.vocab, hotwords_file=C:\Nirmita\models\hotwords.txt, hotwords_score=3.5[0m
[1m[1;34m[2026-09-03 17:00:04,197][0m [1m[1;30m[42m[INFO ][0m [1m[1;33m[sherpa_server.py::307 reload]:[0m Starting Sherpa STT Server with command: C:\Nirmita\.conda312\python.exe C:\Nirmita\apps\stt-sherpa-server\start_server.py --encoder C:\Nirmita\models\vosk-model-small-streaming-ru\am-onnx\encoder.onnx --decoder C:\Nirmita\models\vosk-model-small-streaming-ru\am-onnx\decoder.onnx --joiner C:\Nirmita\models\vosk-model-small-streaming-ru\am-onnx\joiner.onnx --tokens C:\Nirmita\models\vosk-model-small-streaming-ru\lang\tokens.txt --modeling-unit bpe --decoding-method modified_beam_search --num-active-paths 6 --use-endpoint 0 --port 6106 --provider cpu --doc-root C:\Nirmita\apps\stt-sherpa-server --bpe-vocab C:\Nirmita\models\vosk-model-small-streaming-ru\lang\unigram_500.vocab --hotwords-file C:\Nirmita\logs\sherpa_hotwords.resolved.txt --hotwords-score 3.5[0m
[1m[1;34m[2026-09-03 17:00:08,521][0m [1m[1;30m[42m[INFO ][0m [1m[1;33m[operation.py::32 start]:[0m Starting T2T operation llamacpp[0m
[1m[1;34m[2026-09-03 17:00:08,521][0m [1m[1;30m[42m[INFO ][0m [1m[1;33m[manager.py::26 load]:[0m Loading process by type llamacpp[0m
[1m[1;34m[2026-09-03 17:00:08,526][0m [1m[1;30m[42m[INFO ][0m [1m[1;33m[llamacpp.py::81 reload]:[0m Opened Llama.cpp server (PID: 35212) on port 5007 (GPU: 0)[0m
[1m[1;34m[2026-09-03 17:00:08,527][0m [1m[1;30m[42m[INFO ][0m [1m[1;33m[llamacpp.py::89 reload]:[0m Waiting for llama-server to be ready at http://127.0.0.1:5007/health ...[0m
[1m[1;34m[2026-09-03 17:00:12,673][0m [1m[1;30m[42m[INFO ][0m [1m[1;33m[llamacpp.py::101 reload]:[0m llama-server is ready! (attempt 8, port 5007)[0m
[1m[1;34m[2026-09-03 17:00:12,689][0m [1m[1;30m[42m[INFO ][0m [1m[1;33m[fishaudio.py::159 configure]:[0m FishAudioTTS: настроен — model=s2.1-pro-free, reference_id=8579f198..., latency=balanced, sample_rate=44100, speed=1.0[0m
[1m[1;34m[2026-09-03 17:00:12,689][0m [1m[1;30m[42m[INFO ][0m [1m[1;33m[operation.py::32 start]:[0m Starting TTS operation fish_audio[0m
[1m[1;34m[2026-09-03 17:00:12,689][0m [1m[1;30m[42m[INFO ][0m [1m[1;33m[fishaudio.py::85 start]:[0m FishAudioTTS: операция запущена (WebSocket streaming, format=pcm)[0m
[1m[1;34m[2026-09-03 17:00:12,690][0m [1m[1;30m[42m[INFO ][0m [1m[1;33m[operation.py::32 start]:[0m Starting FILTER_TEXT operation filter_clean[0m
[1m[1;34m[2026-09-03 17:00:13,245][0m [1m[1;30m[42m[INFO ][0m [1m[1;33m[operation.py::32 start]:[0m Starting FILTER_TEXT operation chunker_sentence[0m
[1m[1;34m[2026-09-03 17:00:13,947][0m [1m[1;30m[42m[INFO ][0m [1m[1;33m[speaker.py::55 configure]:[0m SpeakerOutputFilter: настроен на устройство name=CABLE Input, index=None[0m
[1m[1;34m[2026-09-03 17:00:13,947][0m [1m[1;30m[42m[INFO ][0m [1m[1;33m[operation.py::32 start]:[0m Starting FILTER_AUDIO operation speaker[0m
[1m[1;34m[2026-09-03 17:00:13,948][0m [1m[1;30m[42m[INFO ][0m [1m[1;33m[speaker.py::29 start]:[0m SpeakerOutputFilter: операция запущена (вокер запущен)[0m
[1m[1;34m[2026-09-03 17:00:13,948][0m [1m[1;30m[42m[INFO ][0m [1m[1;33m[manager.py::26 load]:[0m Loading process by type hw_mic[0m
[1m[1;34m[2026-09-03 17:00:13,949][0m [1m[1;30m[43m[WARNI][0m [1m[1;33m[base.py::46 unload]:[0m Attempted to unload process hw_mic when it is already unloaded[0m
[ProcessManager] Starting Hardware Microphone (hw-mic-client)...
[1m[1;34m[2026-09-03 17:00:13,956][0m [1m[1;30m[42m[INFO ][0m [1m[1;33m[jaison.py::138 start]:[0m JAIson application layer has started.[0m
[1m[1;34m[2026-09-03 17:00:13,956][0m [1m[1;30m[42m[INFO ][0m [1m[1;33m[logging.py::106 info]:[0m Running on http://127.0.0.1:7272 (CTRL + C to quit)[0m
[1m[1;34m[2026-09-03 17:00:14,037][0m [1m[1;30m[42m[INFO ][0m [1m[1;33m[app_server.py::77 ws]:[0m Opened new websocket connection[0m
[2026-09-03 17:00:14 +0300] [36144] [INFO] 127.0.0.1:6277 GET / 1.1 101 - 1005
[INFO] Loading Silero VAD ONNX Session (CPU)...
[MIC] Selected by name: [72] Микрофон (4- fifine Microphone) (Windows WASAPI)
[INFO] SoundDevice Listening on: Микрофон (4- fifine Microphone) (ID: 72, hostapi: Windows WASAPI)
========================================================

[1m[1;34m[2026-09-03 17:00:23,410][0m [1m[1;30m[42m[INFO ][0m [1m[1;33m[app_server.py::86 ws]:[0m Closed websocket connection[0m
[2026-09-03 17:00:23 +0300] [36144] [INFO] 127.0.0.1:2185 GET /api/config 1.1 200 3384 1005
[2026-09-03 17:00:23 +0300] [36144] [INFO] 127.0.0.1:2187 GET /api/config 1.1 200 3384 1005
[2026-09-03 17:00:23 +0300] [36144] [INFO] 127.0.0.1:2189 GET /api/context/history 1.1 200 59 1006
[2026-09-03 17:00:23 +0300] [36144] [INFO] 127.0.0.1:2191 GET /api/context/history 1.1 200 59 1001
[1m[1;34m[2026-09-03 17:00:23,774][0m [1m[1;30m[42m[INFO ][0m [1m[1;33m[app_server.py::77 ws]:[0m Opened new websocket connection[0m
[2026-09-03 17:00:23 +0300] [36144] [INFO] 127.0.0.1:3081 GET / 1.1 101 - 1577
[1m[1;34m[2026-09-03 17:00:25,137][0m [1m[1;30m[42m[INFO ][0m [1m[1;33m[jaison.py::430 create_job]:[0m Queued new context_conversation_add_text job 7e9809cd-c759-425e-a222-84373b4d4dd7[0m
[2026-09-03 17:00:25 +0300] [36144] [INFO] 127.0.0.1:6100 POST /api/context/conversation/text 1.1 200 138 1004
[1m[1;34m[2026-09-03 17:00:25,144][0m [1m[1;30m[42m[INFO ][0m [1m[1;33m[jaison.py::430 create_job]:[0m Queued new response job 90f72f8d-a681-4dbd-b7ba-2db941f92b10[0m
[2026-09-03 17:00:25 +0300] [36144] [INFO] 127.0.0.1:1373 POST /api/response 1.1 200 117 509
[1m[1;34m[2026-09-03 17:00:26,070][0m [1m[1;30m[42m[INFO ][0m [1m[1;33m[operation.py::25 __call__]:[0m T2T operation llamacpp completed in 924.1040999768302 ms[0m
[1m[1;34m[2026-09-03 17:00:26,082][0m [1m[1;30m[42m[INFO ][0m [1m[1;33m[operation.py::25 __call__]:[0m FILTER_TEXT operation chunker_sentence completed in 12.225500075146556 ms[0m
[1m[1;34m[2026-09-03 17:00:26,082][0m [1m[1;30m[42m[INFO ][0m [1m[1;33m[operation.py::25 __call__]:[0m FILTER_TEXT operation filter_clean completed in 12.376200058497488 ms[0m
[1m[1;34m[2026-09-03 17:00:26,083][0m [1m[1;30m[42m[INFO ][0m [1m[1;33m[jaison.py::952 response_pipeline]:[0m Response job 90f72f8d-a681-4dbd-b7ba-2db941f92b10 completed. Content: 'Ой, что-то ты там набрал? Слышишь, что говорят про новый патч в нашу любимую игру?...'[0m
[1m[1;34m[2026-09-03 17:00:37,856][0m [1m[1;30m[42m[INFO ][0m [1m[1;33m[jaison.py::430 create_job]:[0m Queued new context_conversation_add_text job 3cad51b6-4cb0-41ab-b1c4-b76cdaa0c7f4[0m
[2026-09-03 17:00:37 +0300] [36144] [INFO] 127.0.0.1:14178 POST /api/context/conversation/text 1.1 200 138 997
[1m[1;34m[2026-09-03 17:00:37,861][0m [1m[1;30m[42m[INFO ][0m [1m[1;33m[jaison.py::430 create_job]:[0m Queued new response job 46cb88d0-f84f-4b54-871d-e098909ed6f1[0m
[2026-09-03 17:00:37 +0300] [36144] [INFO] 127.0.0.1:9082 POST /api/response 1.1 200 117 1004
[1m[1;34m[2026-09-03 17:00:38,853][0m [1m[1;30m[42m[INFO ][0m [1m[1;33m[operation.py::25 __call__]:[0m T2T operation llamacpp completed in 991.5452999994159 ms[0m
[1m[1;34m[2026-09-03 17:00:38,868][0m [1m[1;30m[42m[INFO ][0m [1m[1;33m[operation.py::25 __call__]:[0m FILTER_TEXT operation chunker_sentence completed in 14.826999977231026 ms[0m
[1m[1;34m[2026-09-03 17:00:38,868][0m [1m[1;30m[42m[INFO ][0m [1m[1;33m[operation.py::25 __call__]:[0m FILTER_TEXT operation filter_clean completed in 15.01589990220964 ms[0m
[1m[1;34m[2026-09-03 17:00:38,869][0m [1m[1;30m[42m[INFO ][0m [1m[1;33m[jaison.py::952 response_pipeline]:[0m Response job 46cb88d0-f84f-4b54-871d-e098909ed6f1 completed. Content: 'Говорят, что добавили нового босса — супер крутого, но и супер сложного. Надо готовиться, чтобы всех...'[0m
[1m[1;34m[2026-09-03 17:00:45,322][0m [1m[1;30m[42m[INFO ][0m [1m[1;33m[jaison.py::430 create_job]:[0m Queued new context_conversation_add_text job 8d1ca00d-b0df-4a24-8ade-a38e5a21da1e[0m
[2026-09-03 17:00:45 +0300] [36144] [INFO] 127.0.0.1:7367 POST /api/context/conversation/text 1.1 200 138 1525
[1m[1;34m[2026-09-03 17:00:45,329][0m [1m[1;30m[42m[INFO ][0m [1m[1;33m[jaison.py::430 create_job]:[0m Queued new response job ee26373e-2b80-4989-b1e0-a7c5d0c39ff6[0m
[2026-09-03 17:00:45 +0300] [36144] [INFO] 127.0.0.1:10283 POST /api/response 1.1 200 117 499
[1m[1;34m[2026-09-03 17:00:46,503][0m [1m[1;30m[42m[INFO ][0m [1m[1;33m[operation.py::25 __call__]:[0m T2T operation llamacpp completed in 1173.4303999692202 ms[0m
[1m[1;34m[2026-09-03 17:00:46,516][0m [1m[1;30m[42m[INFO ][0m [1m[1;33m[operation.py::25 __call__]:[0m FILTER_TEXT operation chunker_sentence completed in 12.88549997843802 ms[0m
[1m[1;34m[2026-09-03 17:00:46,516][0m [1m[1;30m[42m[INFO ][0m [1m[1;33m[operation.py::25 __call__]:[0m FILTER_TEXT operation filter_clean completed in 13.059900025837123 ms[0m
[1m[1;34m[2026-09-03 17:00:46,517][0m [1m[1;30m[42m[INFO ][0m [1m[1;33m[jaison.py::952 response_pipeline]:[0m Response job ee26373e-2b80-4989-b1e0-a7c5d0c39ff6 completed. Content: '"Звездные Хранители", конечно! Там всякие миссии, рейды и даже можно на других игроках жениться. Ну ...'[0m
[1m[1;34m[2026-09-03 17:01:09,735][0m [1m[1;30m[42m[INFO ][0m [1m[1;33m[jaison.py::430 create_job]:[0m Queued new context_conversation_add_text job e7792043-8cab-4972-b3ab-4c7f163d3792[0m
[2026-09-03 17:01:09 +0300] [36144] [INFO] 127.0.0.1:11324 POST /api/context/conversation/text 1.1 200 138 507
[1m[1;34m[2026-09-03 17:01:09,741][0m [1m[1;30m[42m[INFO ][0m [1m[1;33m[jaison.py::430 create_job]:[0m Queued new response job d571c564-5477-4254-a6ed-e8afcac0198a[0m
[2026-09-03 17:01:09 +0300] [36144] [INFO] 127.0.0.1:13322 POST /api/response 1.1 200 117 1005
[1m[1;34m[2026-09-03 17:01:10,258][0m [1m[1;30m[42m[INFO ][0m [1m[1;33m[operation.py::25 __call__]:[0m T2T operation llamacpp completed in 515.3528000228107 ms[0m
[1m[1;34m[2026-09-03 17:01:10,269][0m [1m[1;30m[42m[INFO ][0m [1m[1;33m[operation.py::25 __call__]:[0m FILTER_TEXT operation chunker_sentence completed in 10.527899954468012 ms[0m
[1m[1;34m[2026-09-03 17:01:10,269][0m [1m[1;30m[42m[INFO ][0m [1m[1;33m[operation.py::25 __call__]:[0m FILTER_TEXT operation filter_clean completed in 10.6929000467062 ms[0m
[1m[1;34m[2026-09-03 17:01:10,270][0m [1m[1;30m[42m[INFO ][0m [1m[1;33m[jaison.py::952 response_pipeline]:[0m Response job d571c564-5477-4254-a6ed-e8afcac0198a completed. Content: 'Привет! Как дела? Наконец-то решила присоединиться к нам?...'[0m
[1m[1;34m[2026-09-03 17:02:44,534][0m [1m[1;30m[42m[INFO ][0m [1m[1;33m[jaison.py::430 create_job]:[0m Queued new context_conversation_add_text job e16f3f42-39d7-454f-b42c-1c145cf121ae[0m
[2026-09-03 17:02:44 +0300] [36144] [INFO] 127.0.0.1:13058 POST /api/context/conversation/text 1.1 200 138 505
[1m[1;34m[2026-09-03 17:02:44,540][0m [1m[1;30m[42m[INFO ][0m [1m[1;33m[jaison.py::430 create_job]:[0m Queued new response job a3490499-e789-4b3a-bc0c-60224ca795b1[0m
[2026-09-03 17:02:44 +0300] [36144] [INFO] 127.0.0.1:7350 POST /api/response 1.1 200 117 506
[1m[1;34m[2026-09-03 17:02:45,181][0m [1m[1;30m[42m[INFO ][0m [1m[1;33m[operation.py::25 __call__]:[0m T2T operation llamacpp completed in 640.6462000450119 ms[0m
[1m[1;34m[2026-09-03 17:02:45,195][0m [1m[1;30m[42m[INFO ][0m [1m[1;33m[operation.py::25 __call__]:[0m FILTER_TEXT operation chunker_sentence completed in 14.785500010475516 ms[0m
[1m[1;34m[2026-09-03 17:02:45,197][0m [1m[1;30m[42m[INFO ][0m [1m[1;33m[operation.py::25 __call__]:[0m FILTER_TEXT operation filter_clean completed in 14.938000007532537 ms[0m
[1m[1;34m[2026-09-03 17:02:45,197][0m [1m[1;30m[42m[INFO ][0m [1m[1;33m[jaison.py::952 response_pipeline]:[0m Response job a3490499-e789-4b3a-bc0c-60224ca795b1 completed. Content: 'Как у тебя дела? Ты сегодня в "Звездных Хранителях" будешь?...'[0m
[1m[1;34m[2026-09-03 17:04:43,465][0m [1m[1;30m[42m[INFO ][0m [1m[1;33m[jaison.py::110 start]:[0m Starting JAIson application layer.[0m
[1m[1;34m[2026-09-03 17:04:43,477][0m [1m[1;30m[42m[INFO ][0m [1m[1;33m[manager.py::300 load_operations_from_config]:[0m Active STT from config: sherpa_ru[0m
[1m[1;34m[2026-09-03 17:04:45,090][0m [1m[1;30m[42m[INFO ][0m [1m[1;33m[operation.py::32 start]:[0m Starting STT operation sherpa_ru[0m
[1m[1;34m[2026-09-03 17:04:45,090][0m [1m[1;30m[42m[INFO ][0m [1m[1;33m[manager.py::26 load]:[0m Loading process by type sherpa_stt[0m
[1m[1;34m[2026-09-03 17:04:45,091][0m [1m[1;30m[43m[WARNI][0m [1m[1;33m[base.py::46 unload]:[0m Attempted to unload process sherpa_stt when it is already unloaded[0m
[1m[1;34m[2026-09-03 17:04:45,092][0m [1m[1;30m[42m[INFO ][0m [1m[1;33m[sherpa_server.py::85 _prepare_hotwords_file]:[0m Sherpa STT hotwords validated: 3 entries[0m
[1m[1;34m[2026-09-03 17:04:45,092][0m [1m[1;30m[42m[INFO ][0m [1m[1;33m[sherpa_server.py::295 reload]:[0m Sherpa STT config: port=6106 model_dir=C:\Nirmita\models\vosk-model-small-streaming-ru, model_variant=fp32, decoding_method=modified_beam_search, num_active_paths=6, use_endpoint=0, bpe_vocab=C:\Nirmita\models\vosk-model-small-streaming-ru\lang\unigram_500.vocab, hotwords_file=C:\Nirmita\models\hotwords.txt, hotwords_score=3.5[0m
[1m[1;34m[2026-09-03 17:04:45,092][0m [1m[1;30m[42m[INFO ][0m [1m[1;33m[sherpa_server.py::307 reload]:[0m Starting Sherpa STT Server with command: C:\Nirmita\.conda312\python.exe C:\Nirmita\apps\stt-sherpa-server\start_server.py --encoder C:\Nirmita\models\vosk-model-small-streaming-ru\am-onnx\encoder.onnx --decoder C:\Nirmita\models\vosk-model-small-streaming-ru\am-onnx\decoder.onnx --joiner C:\Nirmita\models\vosk-model-small-streaming-ru\am-onnx\joiner.onnx --tokens C:\Nirmita\models\vosk-model-small-streaming-ru\lang\tokens.txt --modeling-unit bpe --decoding-method modified_beam_search --num-active-paths 6 --use-endpoint 0 --port 6106 --provider cpu --doc-root C:\Nirmita\apps\stt-sherpa-server --bpe-vocab C:\Nirmita\models\vosk-model-small-streaming-ru\lang\unigram_500.vocab --hotwords-file C:\Nirmita\logs\sherpa_hotwords.resolved.txt --hotwords-score 3.5[0m
[1m[1;34m[2026-09-03 17:04:49,420][0m [1m[1;30m[42m[INFO ][0m [1m[1;33m[operation.py::32 start]:[0m Starting T2T operation llamacpp[0m
[1m[1;34m[2026-09-03 17:04:49,421][0m [1m[1;30m[42m[INFO ][0m [1m[1;33m[manager.py::26 load]:[0m Loading process by type llamacpp[0m
[1m[1;34m[2026-09-03 17:04:49,427][0m [1m[1;30m[42m[INFO ][0m [1m[1;33m[llamacpp.py::81 reload]:[0m Opened Llama.cpp server (PID: 19788) on port 5031 (GPU: 0)[0m
[1m[1;34m[2026-09-03 17:04:49,427][0m [1m[1;30m[42m[INFO ][0m [1m[1;33m[llamacpp.py::89 reload]:[0m Waiting for llama-server to be ready at http://127.0.0.1:5031/health ...[0m
[1m[1;34m[2026-09-03 17:04:53,600][0m [1m[1;30m[42m[INFO ][0m [1m[1;33m[llamacpp.py::101 reload]:[0m llama-server is ready! (attempt 8, port 5031)[0m
[1m[1;34m[2026-09-03 17:04:53,617][0m [1m[1;30m[42m[INFO ][0m [1m[1;33m[fishaudio.py::159 configure]:[0m FishAudioTTS: настроен — model=s2.1-pro-free, reference_id=8579f198..., latency=balanced, sample_rate=44100, speed=1.0[0m
[1m[1;34m[2026-09-03 17:04:53,617][0m [1m[1;30m[42m[INFO ][0m [1m[1;33m[operation.py::32 start]:[0m Starting TTS operation fish_audio[0m
[1m[1;34m[2026-09-03 17:04:53,617][0m [1m[1;30m[42m[INFO ][0m [1m[1;33m[fishaudio.py::85 start]:[0m FishAudioTTS: операция запущена (WebSocket streaming, format=pcm)[0m
[1m[1;34m[2026-09-03 17:04:53,618][0m [1m[1;30m[42m[INFO ][0m [1m[1;33m[operation.py::32 start]:[0m Starting FILTER_TEXT operation filter_clean[0m
[1m[1;34m[2026-09-03 17:04:54,179][0m [1m[1;30m[42m[INFO ][0m [1m[1;33m[operation.py::32 start]:[0m Starting FILTER_TEXT operation chunker_sentence[0m
[1m[1;34m[2026-09-03 17:04:54,903][0m [1m[1;30m[42m[INFO ][0m [1m[1;33m[speaker.py::55 configure]:[0m SpeakerOutputFilter: настроен на устройство name=, index=None[0m
[1m[1;34m[2026-09-03 17:04:54,903][0m [1m[1;30m[42m[INFO ][0m [1m[1;33m[operation.py::32 start]:[0m Starting FILTER_AUDIO operation speaker[0m
[1m[1;34m[2026-09-03 17:04:54,904][0m [1m[1;30m[42m[INFO ][0m [1m[1;33m[speaker.py::29 start]:[0m SpeakerOutputFilter: операция запущена (вокер запущен)[0m
[1m[1;34m[2026-09-03 17:04:54,904][0m [1m[1;30m[42m[INFO ][0m [1m[1;33m[manager.py::26 load]:[0m Loading process by type hw_mic[0m
[1m[1;34m[2026-09-03 17:04:54,904][0m [1m[1;30m[43m[WARNI][0m [1m[1;33m[base.py::46 unload]:[0m Attempted to unload process hw_mic when it is already unloaded[0m
[ProcessManager] Starting Hardware Microphone (hw-mic-client)...
[1m[1;34m[2026-09-03 17:04:54,910][0m [1m[1;30m[42m[INFO ][0m [1m[1;33m[jaison.py::138 start]:[0m JAIson application layer has started.[0m
[1m[1;34m[2026-09-03 17:04:54,911][0m [1m[1;30m[42m[INFO ][0m [1m[1;33m[logging.py::106 info]:[0m Running on http://127.0.0.1:7272 (CTRL + C to quit)[0m
[1m[1;34m[2026-09-03 17:04:55,180][0m [1m[1;30m[42m[INFO ][0m [1m[1;33m[app_server.py::77 ws]:[0m Opened new websocket connection[0m
[2026-09-03 17:04:55 +0300] [36636] [INFO] 127.0.0.1:1351 GET / 1.1 101 - 1005
[INFO] Loading Silero VAD ONNX Session (CPU)...
[MIC] Selected by name: [72] Микрофон (4- fifine Microphone) (Windows WASAPI)
[INFO] SoundDevice Listening on: Микрофон (4- fifine Microphone) (ID: 72, hostapi: Windows WASAPI)
========================================================

[1m[1;34m[2026-09-03 17:05:00,571][0m [1m[1;30m[42m[INFO ][0m [1m[1;33m[app_server.py::86 ws]:[0m Closed websocket connection[0m
[2026-09-03 17:05:00 +0300] [36636] [INFO] 127.0.0.1:5145 GET /api/config 1.1 200 3373 1514
[2026-09-03 17:05:00 +0300] [36636] [INFO] 127.0.0.1:5147 GET /api/config 1.1 200 3373 1005
[2026-09-03 17:05:00 +0300] [36636] [INFO] 127.0.0.1:5149 GET /api/context/history 1.1 200 59 508
[2026-09-03 17:05:00 +0300] [36636] [INFO] 127.0.0.1:5151 GET /api/context/history 1.1 200 59 1005
[1m[1;34m[2026-09-03 17:05:00,945][0m [1m[1;30m[42m[INFO ][0m [1m[1;33m[app_server.py::77 ws]:[0m Opened new websocket connection[0m
[2026-09-03 17:05:00 +0300] [36636] [INFO] 127.0.0.1:2100 GET / 1.1 101 - 497
[1m[1;34m[2026-09-03 17:05:07,711][0m [1m[1;30m[42m[INFO ][0m [1m[1;33m[jaison.py::430 create_job]:[0m Queued new context_conversation_add_text job 477734da-a3fd-4989-826d-96eef5e29c14[0m
[2026-09-03 17:05:07 +0300] [36636] [INFO] 127.0.0.1:6347 POST /api/context/conversation/text 1.1 200 138 1405
[1m[1;34m[2026-09-03 17:05:07,717][0m [1m[1;30m[42m[INFO ][0m [1m[1;33m[jaison.py::430 create_job]:[0m Queued new response job ef767c15-ee37-4624-b0d4-8d5b883f0622[0m
[2026-09-03 17:05:07 +0300] [36636] [INFO] 127.0.0.1:8406 POST /api/response 1.1 200 117 1006
[1m[1;34m[2026-09-03 17:05:09,448][0m [1m[1;30m[42m[INFO ][0m [1m[1;33m[operation.py::25 __call__]:[0m T2T operation llamacpp completed in 1730.0115999532863 ms[0m
[1m[1;34m[2026-09-03 17:05:09,465][0m [1m[1;30m[42m[INFO ][0m [1m[1;33m[operation.py::25 __call__]:[0m FILTER_TEXT operation chunker_sentence completed in 16.537299961782992 ms[0m
[1m[1;34m[2026-09-03 17:05:09,465][0m [1m[1;30m[42m[INFO ][0m [1m[1;33m[operation.py::25 __call__]:[0m FILTER_TEXT operation filter_clean completed in 16.72729989513755 ms[0m
[1m[1;34m[2026-09-03 17:05:09,466][0m [1m[1;30m[42m[INFO ][0m [1m[1;33m[jaison.py::952 response_pipeline]:[0m Response job ef767c15-ee37-4624-b0d4-8d5b883f0622 completed. Content: 'Слушай, была однажды страна, где магия была как вода. У них был маг по имени Аллон, который мог вызв...'[0m
[1m[1;34m[2026-09-03 17:07:02,695][0m [1m[1;30m[42m[INFO ][0m [1m[1;33m[jaison.py::110 start]:[0m Starting JAIson application layer.[0m
[1m[1;34m[2026-09-03 17:07:02,706][0m [1m[1;30m[42m[INFO ][0m [1m[1;33m[manager.py::300 load_operations_from_config]:[0m Active STT from config: sherpa_ru[0m
[1m[1;34m[2026-09-03 17:07:04,420][0m [1m[1;30m[42m[INFO ][0m [1m[1;33m[operation.py::32 start]:[0m Starting STT operation sherpa_ru[0m
[1m[1;34m[2026-09-03 17:07:04,420][0m [1m[1;30m[42m[INFO ][0m [1m[1;33m[manager.py::26 load]:[0m Loading process by type sherpa_stt[0m
[1m[1;34m[2026-09-03 17:07:04,421][0m [1m[1;30m[43m[WARNI][0m [1m[1;33m[base.py::46 unload]:[0m Attempted to unload process sherpa_stt when it is already unloaded[0m
[1m[1;34m[2026-09-03 17:07:04,423][0m [1m[1;30m[42m[INFO ][0m [1m[1;33m[sherpa_server.py::85 _prepare_hotwords_file]:[0m Sherpa STT hotwords validated: 3 entries[0m
[1m[1;34m[2026-09-03 17:07:04,423][0m [1m[1;30m[42m[INFO ][0m [1m[1;33m[sherpa_server.py::295 reload]:[0m Sherpa STT config: port=6106 model_dir=C:\Nirmita\models\vosk-model-small-streaming-ru, model_variant=fp32, decoding_method=modified_beam_search, num_active_paths=6, use_endpoint=0, bpe_vocab=C:\Nirmita\models\vosk-model-small-streaming-ru\lang\unigram_500.vocab, hotwords_file=C:\Nirmita\models\hotwords.txt, hotwords_score=3.5[0m
[1m[1;34m[2026-09-03 17:07:04,423][0m [1m[1;30m[42m[INFO ][0m [1m[1;33m[sherpa_server.py::307 reload]:[0m Starting Sherpa STT Server with command: C:\Nirmita\.conda312\python.exe C:\Nirmita\apps\stt-sherpa-server\start_server.py --encoder C:\Nirmita\models\vosk-model-small-streaming-ru\am-onnx\encoder.onnx --decoder C:\Nirmita\models\vosk-model-small-streaming-ru\am-onnx\decoder.onnx --joiner C:\Nirmita\models\vosk-model-small-streaming-ru\am-onnx\joiner.onnx --tokens C:\Nirmita\models\vosk-model-small-streaming-ru\lang\tokens.txt --modeling-unit bpe --decoding-method modified_beam_search --num-active-paths 6 --use-endpoint 0 --port 6106 --provider cpu --doc-root C:\Nirmita\apps\stt-sherpa-server --bpe-vocab C:\Nirmita\models\vosk-model-small-streaming-ru\lang\unigram_500.vocab --hotwords-file C:\Nirmita\logs\sherpa_hotwords.resolved.txt --hotwords-score 3.5[0m
[1m[1;34m[2026-09-03 17:07:08,752][0m [1m[1;30m[42m[INFO ][0m [1m[1;33m[operation.py::32 start]:[0m Starting T2T operation llamacpp[0m
[1m[1;34m[2026-09-03 17:07:08,753][0m [1m[1;30m[42m[INFO ][0m [1m[1;33m[manager.py::26 load]:[0m Loading process by type llamacpp[0m
[1m[1;34m[2026-09-03 17:07:08,758][0m [1m[1;30m[42m[INFO ][0m [1m[1;33m[llamacpp.py::81 reload]:[0m Opened Llama.cpp server (PID: 40092) on port 3137 (GPU: 0)[0m
[1m[1;34m[2026-09-03 17:07:08,758][0m [1m[1;30m[42m[INFO ][0m [1m[1;33m[llamacpp.py::89 reload]:[0m Waiting for llama-server to be ready at http://127.0.0.1:3137/health ...[0m
[1m[1;34m[2026-09-03 17:07:12,938][0m [1m[1;30m[42m[INFO ][0m [1m[1;33m[llamacpp.py::101 reload]:[0m llama-server is ready! (attempt 8, port 3137)[0m
[1m[1;34m[2026-09-03 17:07:12,953][0m [1m[1;30m[42m[INFO ][0m [1m[1;33m[fishaudio.py::159 configure]:[0m FishAudioTTS: настроен — model=s2.1-pro-free, reference_id=8579f198..., latency=balanced, sample_rate=44100, speed=1.0[0m
[1m[1;34m[2026-09-03 17:07:12,953][0m [1m[1;30m[42m[INFO ][0m [1m[1;33m[operation.py::32 start]:[0m Starting TTS operation fish_audio[0m
[1m[1;34m[2026-09-03 17:07:12,954][0m [1m[1;30m[42m[INFO ][0m [1m[1;33m[fishaudio.py::85 start]:[0m FishAudioTTS: операция запущена (WebSocket streaming, format=pcm)[0m
[1m[1;34m[2026-09-03 17:07:12,955][0m [1m[1;30m[42m[INFO ][0m [1m[1;33m[operation.py::32 start]:[0m Starting FILTER_TEXT operation filter_clean[0m
[1m[1;34m[2026-09-03 17:07:13,505][0m [1m[1;30m[42m[INFO ][0m [1m[1;33m[operation.py::32 start]:[0m Starting FILTER_TEXT operation chunker_sentence[0m
[1m[1;34m[2026-09-03 17:07:14,206][0m [1m[1;30m[42m[INFO ][0m [1m[1;33m[speaker.py::56 configure]:[0m SpeakerOutputFilter: настроен на устройство name=, index=None[0m
[1m[1;34m[2026-09-03 17:07:14,206][0m [1m[1;30m[42m[INFO ][0m [1m[1;33m[operation.py::32 start]:[0m Starting FILTER_AUDIO operation speaker[0m
[1m[1;34m[2026-09-03 17:07:14,206][0m [1m[1;30m[42m[INFO ][0m [1m[1;33m[speaker.py::30 start]:[0m SpeakerOutputFilter: операция запущена (вокер запущен)[0m
[1m[1;34m[2026-09-03 17:07:14,206][0m [1m[1;30m[42m[INFO ][0m [1m[1;33m[manager.py::26 load]:[0m Loading process by type hw_mic[0m
[1m[1;34m[2026-09-03 17:07:14,207][0m [1m[1;30m[43m[WARNI][0m [1m[1;33m[base.py::46 unload]:[0m Attempted to unload process hw_mic when it is already unloaded[0m
[ProcessManager] Starting Hardware Microphone (hw-mic-client)...
[1m[1;34m[2026-09-03 17:07:14,214][0m [1m[1;30m[42m[INFO ][0m [1m[1;33m[jaison.py::138 start]:[0m JAIson application layer has started.[0m
[1m[1;34m[2026-09-03 17:07:14,215][0m [1m[1;30m[42m[INFO ][0m [1m[1;33m[logging.py::106 info]:[0m Running on http://127.0.0.1:7272 (CTRL + C to quit)[0m
[1m[1;34m[2026-09-03 17:07:14,238][0m [1m[1;30m[42m[INFO ][0m [1m[1;33m[app_server.py::77 ws]:[0m Opened new websocket connection[0m
[2026-09-03 17:07:14 +0300] [32840] [INFO] 127.0.0.1:5920 GET / 1.1 101 - 1514
[INFO] Loading Silero VAD ONNX Session (CPU)...
[MIC] Selected by name: [72] Микрофон (4- fifine Microphone) (Windows WASAPI)
[INFO] SoundDevice Listening on: Микрофон (4- fifine Microphone) (ID: 72, hostapi: Windows WASAPI)
========================================================

[1m[1;34m[2026-09-03 17:07:15,778][0m [1m[1;30m[42m[INFO ][0m [1m[1;33m[app_server.py::86 ws]:[0m Closed websocket connection[0m
[2026-09-03 17:07:15 +0300] [32840] [INFO] 127.0.0.1:4044 GET /api/config 1.1 200 3373 1068
[2026-09-03 17:07:15 +0300] [32840] [INFO] 127.0.0.1:4046 GET /api/config 1.1 200 3373 999
[2026-09-03 17:07:15 +0300] [32840] [INFO] 127.0.0.1:4048 GET /api/context/history 1.1 200 59 500
[2026-09-03 17:07:15 +0300] [32840] [INFO] 127.0.0.1:4050 GET /api/context/history 1.1 200 59 507
[1m[1;34m[2026-09-03 17:07:16,144][0m [1m[1;30m[42m[INFO ][0m [1m[1;33m[app_server.py::77 ws]:[0m Opened new websocket connection[0m
[2026-09-03 17:07:16 +0300] [32840] [INFO] 127.0.0.1:10704 GET / 1.1 101 - 506
[1m[1;34m[2026-09-03 17:07:17,571][0m [1m[1;30m[42m[INFO ][0m [1m[1;33m[jaison.py::430 create_job]:[0m Queued new context_conversation_add_text job 8ff9aa78-193b-46b8-9cad-7c7bd2c08782[0m
[2026-09-03 17:07:17 +0300] [32840] [INFO] 127.0.0.1:6571 POST /api/context/conversation/text 1.1 200 138 1552
[1m[1;34m[2026-09-03 17:07:17,577][0m [1m[1;30m[42m[INFO ][0m [1m[1;33m[jaison.py::430 create_job]:[0m Queued new response job e116a983-7224-4376-8b93-4176a5bf8554[0m
[2026-09-03 17:07:17 +0300] [32840] [INFO] 127.0.0.1:9157 POST /api/response 1.1 200 117 1015
[1m[1;34m[2026-09-03 17:07:17,977][0m [1m[1;30m[42m[INFO ][0m [1m[1;33m[operation.py::25 __call__]:[0m T2T operation llamacpp completed in 397.36589998938143 ms[0m
[1m[1;34m[2026-09-03 17:07:17,987][0m [1m[1;30m[42m[INFO ][0m [1m[1;33m[operation.py::25 __call__]:[0m FILTER_TEXT operation chunker_sentence completed in 11.054100003093481 ms[0m
[1m[1;34m[2026-09-03 17:07:17,988][0m [1m[1;30m[42m[INFO ][0m [1m[1;33m[operation.py::25 __call__]:[0m FILTER_TEXT operation filter_clean completed in 11.247999966144562 ms[0m
[1m[1;34m[2026-09-03 17:07:17,988][0m [1m[1;30m[42m[INFO ][0m [1m[1;33m[jaison.py::952 response_pipeline]:[0m Response job e116a983-7224-4376-8b93-4176a5bf8554 completed. Content: 'Привет! Как дела? Что нового?...'[0m
[2026-09-03 17:11:29 +0300] [32840] [INFO] 127.0.0.1:13247 GET /api/config 1.1 200 3373 1009
[2026-09-03 17:11:29 +0300] [32840] [INFO] 127.0.0.1:7770 GET /api/context/history 1.1 200 386 1014
[2026-09-03 17:11:37 +0300] [32840] [INFO] 127.0.0.1:1858 GET /api/config 1.1 200 3373 499
[2026-09-03 17:11:37 +0300] [32840] [INFO] 127.0.0.1:6794 GET /api/context/history 1.1 200 386 1006
[1m[1;34m[2026-09-03 17:13:41,057][0m [1m[1;30m[42m[INFO ][0m [1m[1;33m[jaison.py::110 start]:[0m Starting JAIson application layer.[0m
[1m[1;34m[2026-09-03 17:13:41,067][0m [1m[1;30m[42m[INFO ][0m [1m[1;33m[manager.py::300 load_operations_from_config]:[0m Active STT from config: sherpa_ru[0m
[1m[1;34m[2026-09-03 17:13:42,712][0m [1m[1;30m[42m[INFO ][0m [1m[1;33m[operation.py::32 start]:[0m Starting STT operation sherpa_ru[0m
[1m[1;34m[2026-09-03 17:13:42,712][0m [1m[1;30m[42m[INFO ][0m [1m[1;33m[manager.py::26 load]:[0m Loading process by type sherpa_stt[0m
[1m[1;34m[2026-09-03 17:13:42,713][0m [1m[1;30m[43m[WARNI][0m [1m[1;33m[base.py::46 unload]:[0m Attempted to unload process sherpa_stt when it is already unloaded[0m
[1m[1;34m[2026-09-03 17:13:42,715][0m [1m[1;30m[42m[INFO ][0m [1m[1;33m[sherpa_server.py::85 _prepare_hotwords_file]:[0m Sherpa STT hotwords validated: 3 entries[0m
[1m[1;34m[2026-09-03 17:13:42,715][0m [1m[1;30m[42m[INFO ][0m [1m[1;33m[sherpa_server.py::295 reload]:[0m Sherpa STT config: port=6106 model_dir=C:\Nirmita\models\vosk-model-small-streaming-ru, model_variant=fp32, decoding_method=modified_beam_search, num_active_paths=6, use_endpoint=0, bpe_vocab=C:\Nirmita\models\vosk-model-small-streaming-ru\lang\unigram_500.vocab, hotwords_file=C:\Nirmita\models\hotwords.txt, hotwords_score=3.5[0m
[1m[1;34m[2026-09-03 17:13:42,715][0m [1m[1;30m[42m[INFO ][0m [1m[1;33m[sherpa_server.py::307 reload]:[0m Starting Sherpa STT Server with command: C:\Nirmita\.conda312\python.exe C:\Nirmita\apps\stt-sherpa-server\start_server.py --encoder C:\Nirmita\models\vosk-model-small-streaming-ru\am-onnx\encoder.onnx --decoder C:\Nirmita\models\vosk-model-small-streaming-ru\am-onnx\decoder.onnx --joiner C:\Nirmita\models\vosk-model-small-streaming-ru\am-onnx\joiner.onnx --tokens C:\Nirmita\models\vosk-model-small-streaming-ru\lang\tokens.txt --modeling-unit bpe --decoding-method modified_beam_search --num-active-paths 6 --use-endpoint 0 --port 6106 --provider cpu --doc-root C:\Nirmita\apps\stt-sherpa-server --bpe-vocab C:\Nirmita\models\vosk-model-small-streaming-ru\lang\unigram_500.vocab --hotwords-file C:\Nirmita\logs\sherpa_hotwords.resolved.txt --hotwords-score 3.5[0m
[1m[1;34m[2026-09-03 17:13:47,047][0m [1m[1;30m[42m[INFO ][0m [1m[1;33m[operation.py::32 start]:[0m Starting T2T operation llamacpp[0m
[1m[1;34m[2026-09-03 17:13:47,047][0m [1m[1;30m[42m[INFO ][0m [1m[1;33m[manager.py::26 load]:[0m Loading process by type llamacpp[0m
[1m[1;34m[2026-09-03 17:13:47,052][0m [1m[1;30m[42m[INFO ][0m [1m[1;33m[llamacpp.py::81 reload]:[0m Opened Llama.cpp server (PID: 24668) on port 5840 (GPU: 0)[0m
[1m[1;34m[2026-09-03 17:13:47,052][0m [1m[1;30m[42m[INFO ][0m [1m[1;33m[llamacpp.py::89 reload]:[0m Waiting for llama-server to be ready at http://127.0.0.1:5840/health ...[0m
[1m[1;34m[2026-09-03 17:13:51,216][0m [1m[1;30m[42m[INFO ][0m [1m[1;33m[llamacpp.py::101 reload]:[0m llama-server is ready! (attempt 8, port 5840)[0m
[1m[1;34m[2026-09-03 17:13:51,232][0m [1m[1;30m[42m[INFO ][0m [1m[1;33m[fishaudio.py::159 configure]:[0m FishAudioTTS: настроен — model=s2.1-pro-free, reference_id=8579f198..., latency=balanced, sample_rate=44100, speed=1.0[0m
[1m[1;34m[2026-09-03 17:13:51,232][0m [1m[1;30m[42m[INFO ][0m [1m[1;33m[operation.py::32 start]:[0m Starting TTS operation fish_audio[0m
[1m[1;34m[2026-09-03 17:13:51,232][0m [1m[1;30m[42m[INFO ][0m [1m[1;33m[fishaudio.py::85 start]:[0m FishAudioTTS: операция запущена (WebSocket streaming, format=pcm)[0m
[1m[1;34m[2026-09-03 17:13:51,233][0m [1m[1;30m[42m[INFO ][0m [1m[1;33m[operation.py::32 start]:[0m Starting FILTER_TEXT operation filter_clean[0m
[1m[1;34m[2026-09-03 17:13:51,797][0m [1m[1;30m[42m[INFO ][0m [1m[1;33m[operation.py::32 start]:[0m Starting FILTER_TEXT operation chunker_sentence[0m
[1m[1;34m[2026-09-03 17:13:52,506][0m [1m[1;30m[42m[INFO ][0m [1m[1;33m[speaker.py::56 configure]:[0m SpeakerOutputFilter: настроен на устройство name=, index=None[0m
[1m[1;34m[2026-09-03 17:13:52,506][0m [1m[1;30m[42m[INFO ][0m [1m[1;33m[operation.py::32 start]:[0m Starting FILTER_AUDIO operation speaker[0m
[1m[1;34m[2026-09-03 17:13:52,506][0m [1m[1;30m[42m[INFO ][0m [1m[1;33m[speaker.py::30 start]:[0m SpeakerOutputFilter: операция запущена (вокер запущен)[0m
[1m[1;34m[2026-09-03 17:13:52,506][0m [1m[1;30m[42m[INFO ][0m [1m[1;33m[manager.py::26 load]:[0m Loading process by type hw_mic[0m
[1m[1;34m[2026-09-03 17:13:52,507][0m [1m[1;30m[43m[WARNI][0m [1m[1;33m[base.py::46 unload]:[0m Attempted to unload process hw_mic when it is already unloaded[0m
[ProcessManager] Starting Hardware Microphone (hw-mic-client)...
[1m[1;34m[2026-09-03 17:13:52,513][0m [1m[1;30m[42m[INFO ][0m [1m[1;33m[jaison.py::138 start]:[0m JAIson application layer has started.[0m
[1m[1;34m[2026-09-03 17:13:52,514][0m [1m[1;30m[42m[INFO ][0m [1m[1;33m[logging.py::106 info]:[0m Running on http://127.0.0.1:7272 (CTRL + C to quit)[0m
[1m[1;34m[2026-09-03 17:13:52,627][0m [1m[1;30m[42m[INFO ][0m [1m[1;33m[app_server.py::77 ws]:[0m Opened new websocket connection[0m
[2026-09-03 17:13:52 +0300] [7968] [INFO] 127.0.0.1:8555 GET / 1.1 101 - 1005
[INFO] Loading Silero VAD ONNX Session (CPU)...
[MIC] Selected by name: [72] Микрофон (4- fifine Microphone) (Windows WASAPI)
[INFO] SoundDevice Listening on: Микрофон (4- fifine Microphone) (ID: 72, hostapi: Windows WASAPI)
========================================================

[1m[1;34m[2026-09-03 17:13:58,416][0m [1m[1;30m[42m[INFO ][0m [1m[1;33m[app_server.py::86 ws]:[0m Closed websocket connection[0m
[2026-09-03 17:13:58 +0300] [7968] [INFO] 127.0.0.1:2631 GET /api/config 1.1 200 3373 1511
[2026-09-03 17:13:58 +0300] [7968] [INFO] 127.0.0.1:2633 GET /api/config 1.1 200 3373 1007
[2026-09-03 17:13:58 +0300] [7968] [INFO] 127.0.0.1:2635 GET /api/context/history 1.1 200 59 506
[2026-09-03 17:13:58 +0300] [7968] [INFO] 127.0.0.1:4517 GET /api/context/history 1.1 200 59 505
[1m[1;34m[2026-09-03 17:13:58,765][0m [1m[1;30m[42m[INFO ][0m [1m[1;33m[app_server.py::77 ws]:[0m Opened new websocket connection[0m
[2026-09-03 17:13:58 +0300] [7968] [INFO] 127.0.0.1:14701 GET / 1.1 101 - 1005
[1m[1;34m[2026-09-03 17:14:02,093][0m [1m[1;30m[42m[INFO ][0m [1m[1;33m[jaison.py::430 create_job]:[0m Queued new context_conversation_add_text job b6db63c0-f288-46eb-9cac-de2002f0bd30[0m
[2026-09-03 17:14:02 +0300] [7968] [INFO] 127.0.0.1:4887 POST /api/context/conversation/text 1.1 200 138 1013
[1m[1;34m[2026-09-03 17:14:02,100][0m [1m[1;30m[42m[INFO ][0m [1m[1;33m[jaison.py::430 create_job]:[0m Queued new response job 1b927dca-a268-4b83-8f8e-284ddc3a0b00[0m
[2026-09-03 17:14:02 +0300] [7968] [INFO] 127.0.0.1:6594 POST /api/response 1.1 200 117 501
[1m[1;34m[2026-09-03 17:14:02,604][0m [1m[1;30m[42m[INFO ][0m [1m[1;33m[operation.py::25 __call__]:[0m T2T operation llamacpp completed in 501.82630005292594 ms[0m
[1m[1;34m[2026-09-03 17:14:04,043][0m [1m[1;30m[42m[INFO ][0m [1m[1;33m[operation.py::25 __call__]:[0m FILTER_AUDIO operation speaker completed in 0.6590000120922923 ms[0m
[1m[1;34m[2026-09-03 17:14:04,160][0m [1m[1;30m[42m[INFO ][0m [1m[1;33m[operation.py::25 __call__]:[0m FILTER_AUDIO operation speaker completed in 0.28149993158876896 ms[0m
[1m[1;34m[2026-09-03 17:14:04,355][0m [1m[1;30m[42m[INFO ][0m [1m[1;33m[operation.py::25 __call__]:[0m TTS operation fish_audio completed in 1742.6332999020815 ms[0m
[1m[1;34m[2026-09-03 17:14:05,799][0m [1m[1;30m[42m[INFO ][0m [1m[1;33m[operation.py::25 __call__]:[0m FILTER_AUDIO operation speaker completed in 0.5293000722303987 ms[0m
[1m[1;34m[2026-09-03 17:14:05,917][0m [1m[1;30m[42m[INFO ][0m [1m[1;33m[operation.py::25 __call__]:[0m FILTER_AUDIO operation speaker completed in 0.31319994013756514 ms[0m
[1m[1;34m[2026-09-03 17:14:06,109][0m [1m[1;30m[42m[INFO ][0m [1m[1;33m[operation.py::25 __call__]:[0m TTS operation fish_audio completed in 1753.6984001053497 ms[0m
[1m[1;34m[2026-09-03 17:14:07,566][0m [1m[1;30m[42m[INFO ][0m [1m[1;33m[operation.py::25 __call__]:[0m FILTER_AUDIO operation speaker completed in 0.5059000104665756 ms[0m
[1m[1;34m[2026-09-03 17:14:07,697][0m [1m[1;30m[42m[INFO ][0m [1m[1;33m[operation.py::25 __call__]:[0m FILTER_AUDIO operation speaker completed in 0.49699994269758463 ms[0m
[1m[1;34m[2026-09-03 17:14:07,762][0m [1m[1;30m[42m[INFO ][0m [1m[1;33m[operation.py::25 __call__]:[0m FILTER_AUDIO operation speaker completed in 0.5926999729126692 ms[0m
[1m[1;34m[2026-09-03 17:14:07,845][0m [1m[1;30m[42m[INFO ][0m [1m[1;33m[operation.py::25 __call__]:[0m FILTER_AUDIO operation speaker completed in 0.42269995901733637 ms[0m
[1m[1;34m[2026-09-03 17:14:08,039][0m [1m[1;30m[42m[INFO ][0m [1m[1;33m[operation.py::25 __call__]:[0m TTS operation fish_audio completed in 1929.9581000814214 ms[0m
[1m[1;34m[2026-09-03 17:14:08,039][0m [1m[1;30m[42m[INFO ][0m [1m[1;33m[operation.py::25 __call__]:[0m FILTER_TEXT operation chunker_sentence completed in 5435.446799965575 ms[0m
[1m[1;34m[2026-09-03 17:14:08,039][0m [1m[1;30m[42m[INFO ][0m [1m[1;33m[operation.py::25 __call__]:[0m FILTER_TEXT operation filter_clean completed in 5435.551699949428 ms[0m
[1m[1;34m[2026-09-03 17:14:08,040][0m [1m[1;30m[42m[INFO ][0m [1m[1;33m[jaison.py::952 response_pipeline]:[0m Response job 1b927dca-a268-4b83-8f8e-284ddc3a0b00 completed. Content: 'Привет! Как дела? Что нового в твоем мире?...'[0m
[1m[1;34m[2026-09-03 17:14:25,886][0m [1m[1;30m[42m[INFO ][0m [1m[1;33m[jaison.py::430 create_job]:[0m Queued new context_conversation_add_text job 02dd5af5-cc13-46bf-ac2c-7da110417423[0m
[2026-09-03 17:14:25 +0300] [7968] [INFO] 127.0.0.1:4520 POST /api/context/conversation/text 1.1 200 138 1515
[1m[1;34m[2026-09-03 17:14:25,892][0m [1m[1;30m[42m[INFO ][0m [1m[1;33m[jaison.py::430 create_job]:[0m Queued new response job 78912458-21ae-4322-9d4b-07570a7c41d7[0m
[2026-09-03 17:14:25 +0300] [7968] [INFO] 127.0.0.1:1999 POST /api/response 1.1 200 117 1652
[1m[1;34m[2026-09-03 17:14:26,915][0m [1m[1;30m[42m[INFO ][0m [1m[1;33m[operation.py::25 __call__]:[0m T2T operation llamacpp completed in 1022.6351999444887 ms[0m
[1m[1;34m[2026-09-03 17:14:28,360][0m [1m[1;30m[42m[INFO ][0m [1m[1;33m[operation.py::25 __call__]:[0m FILTER_AUDIO operation speaker completed in 0.4290000069886446 ms[0m
[1m[1;34m[2026-09-03 17:14:28,403][0m [1m[1;30m[42m[INFO ][0m [1m[1;33m[operation.py::25 __call__]:[0m FILTER_AUDIO operation speaker completed in 0.20629994105547667 ms[0m
[1m[1;34m[2026-09-03 17:14:28,601][0m [1m[1;30m[42m[INFO ][0m [1m[1;33m[operation.py::25 __call__]:[0m TTS operation fish_audio completed in 1672.4230999825522 ms[0m
[1m[1;34m[2026-09-03 17:14:29,959][0m [1m[1;30m[42m[INFO ][0m [1m[1;33m[operation.py::25 __call__]:[0m FILTER_AUDIO operation speaker completed in 0.5137000698596239 ms[0m
[1m[1;34m[2026-09-03 17:14:30,089][0m [1m[1;30m[42m[INFO ][0m [1m[1;33m[operation.py::25 __call__]:[0m FILTER_AUDIO operation speaker completed in 0.4952000454068184 ms[0m
[1m[1;34m[2026-09-03 17:14:30,149][0m [1m[1;30m[42m[INFO ][0m [1m[1;33m[operation.py::25 __call__]:[0m FILTER_AUDIO operation speaker completed in 0.5262999329715967 ms[0m
[1m[1;34m[2026-09-03 17:14:30,350][0m [1m[1;30m[42m[INFO ][0m [1m[1;33m[operation.py::25 __call__]:[0m FILTER_AUDIO operation speaker completed in 1.3481000205501914 ms[0m
[1m[1;34m[2026-09-03 17:14:30,497][0m [1m[1;30m[42m[INFO ][0m [1m[1;33m[operation.py::25 __call__]:[0m FILTER_AUDIO operation speaker completed in 0.7063000230118632 ms[0m
[1m[1;34m[2026-09-03 17:14:30,675][0m [1m[1;30m[42m[INFO ][0m [1m[1;33m[operation.py::25 __call__]:[0m TTS operation fish_audio completed in 2074.679500074126 ms[0m
[1m[1;34m[2026-09-03 17:14:32,004][0m [1m[1;30m[42m[INFO ][0m [1m[1;33m[operation.py::25 __call__]:[0m FILTER_AUDIO operation speaker completed in 0.4415001021698117 ms[0m
[1m[1;34m[2026-09-03 17:14:32,095][0m [1m[1;30m[42m[INFO ][0m [1m[1;33m[operation.py::25 __call__]:[0m FILTER_AUDIO operation speaker completed in 0.48449996393173933 ms[0m
[1m[1;34m[2026-09-03 17:14:32,220][0m [1m[1;30m[42m[INFO ][0m [1m[1;33m[operation.py::25 __call__]:[0m FILTER_AUDIO operation speaker completed in 0.5724999355152249 ms[0m
[1m[1;34m[2026-09-03 17:14:32,366][0m [1m[1;30m[42m[INFO ][0m [1m[1;33m[operation.py::25 __call__]:[0m FILTER_AUDIO operation speaker completed in 1.2048999778926373 ms[0m
[1m[1;34m[2026-09-03 17:14:32,544][0m [1m[1;30m[42m[INFO ][0m [1m[1;33m[operation.py::25 __call__]:[0m TTS operation fish_audio completed in 1868.5829000314698 ms[0m
[1m[1;34m[2026-09-03 17:14:33,802][0m [1m[1;30m[42m[INFO ][0m [1m[1;33m[operation.py::25 __call__]:[0m FILTER_AUDIO operation speaker completed in 0.40849996730685234 ms[0m
[1m[1;34m[2026-09-03 17:14:33,892][0m [1m[1;30m[42m[INFO ][0m [1m[1;33m[operation.py::25 __call__]:[0m FILTER_AUDIO operation speaker completed in 0.45350007712841034 ms[0m
[1m[1;34m[2026-09-03 17:14:33,992][0m [1m[1;30m[42m[INFO ][0m [1m[1;33m[operation.py::25 __call__]:[0m FILTER_AUDIO operation speaker completed in 0.34639996010810137 ms[0m
[1m[1;34m[2026-09-03 17:14:34,173][0m [1m[1;30m[42m[INFO ][0m [1m[1;33m[operation.py::25 __call__]:[0m TTS operation fish_audio completed in 1628.489200025797 ms[0m
[1m[1;34m[2026-09-03 17:14:34,173][0m [1m[1;30m[42m[INFO ][0m [1m[1;33m[operation.py::25 __call__]:[0m FILTER_TEXT operation chunker_sentence completed in 7257.211200078018 ms[0m
[1m[1;34m[2026-09-03 17:14:34,173][0m [1m[1;30m[42m[INFO ][0m [1m[1;33m[operation.py::25 __call__]:[0m FILTER_TEXT operation filter_clean completed in 7257.308600004762 ms[0m
[1m[1;34m[2026-09-03 17:14:34,173][0m [1m[1;30m[42m[INFO ][0m [1m[1;33m[jaison.py::952 response_pipeline]:[0m Response job 78912458-21ae-4322-9d4b-07570a7c41d7 completed. Content: 'Ура! Теперь я не просто цифра, а настоящая девушка! Слышала, как ты сказал, что сделал мне голос? Ка...'[0m
[1m[1;34m[2026-09-03 17:15:15,745][0m [1m[1;30m[42m[INFO ][0m [1m[1;33m[jaison.py::430 create_job]:[0m Queued new context_conversation_add_text job 4d4a23c3-2513-47ad-a2f6-4ebd9f8b423e[0m
[2026-09-03 17:15:15 +0300] [7968] [INFO] 127.0.0.1:7238 POST /api/context/conversation/text 1.1 200 138 1513
[1m[1;34m[2026-09-03 17:15:15,750][0m [1m[1;30m[42m[INFO ][0m [1m[1;33m[jaison.py::430 create_job]:[0m Queued new response job abf78771-acc6-42bf-b574-61cf9951ccd2[0m
[2026-09-03 17:15:15 +0300] [7968] [INFO] 127.0.0.1:5873 POST /api/response 1.1 200 117 1006
[1m[1;34m[2026-09-03 17:15:16,542][0m [1m[1;30m[42m[INFO ][0m [1m[1;33m[operation.py::25 __call__]:[0m T2T operation llamacpp completed in 790.3606999898329 ms[0m
[1m[1;34m[2026-09-03 17:15:17,909][0m [1m[1;30m[42m[INFO ][0m [1m[1;33m[operation.py::25 __call__]:[0m FILTER_AUDIO operation speaker completed in 0.4871001001447439 ms[0m
[1m[1;34m[2026-09-03 17:15:17,986][0m [1m[1;30m[42m[INFO ][0m [1m[1;33m[operation.py::25 __call__]:[0m FILTER_AUDIO operation speaker completed in 0.497999950312078 ms[0m
[1m[1;34m[2026-09-03 17:15:18,064][0m [1m[1;30m[42m[INFO ][0m [1m[1;33m[operation.py::25 __call__]:[0m FILTER_AUDIO operation speaker completed in 0.20460004452615976 ms[0m
[1m[1;34m[2026-09-03 17:15:18,256][0m [1m[1;30m[42m[INFO ][0m [1m[1;33m[operation.py::25 __call__]:[0m TTS operation fish_audio completed in 1701.2743999948725 ms[0m
[1m[1;34m[2026-09-03 17:15:19,541][0m [1m[1;30m[42m[INFO ][0m [1m[1;33m[operation.py::25 __call__]:[0m FILTER_AUDIO operation speaker completed in 0.4304000176489353 ms[0m
[1m[1;34m[2026-09-03 17:15:19,787][0m [1m[1;30m[42m[INFO ][0m [1m[1;33m[operation.py::25 __call__]:[0m FILTER_AUDIO operation speaker completed in 0.45389996375888586 ms[0m
[1m[1;34m[2026-09-03 17:15:19,930][0m [1m[1;30m[42m[INFO ][0m [1m[1;33m[operation.py::25 __call__]:[0m FILTER_AUDIO operation speaker completed in 0.5886999424546957 ms[0m
[1m[1;34m[2026-09-03 17:15:20,048][0m [1m[1;30m[42m[INFO ][0m [1m[1;33m[operation.py::25 __call__]:[0m FILTER_AUDIO operation speaker completed in 0.8242999901995063 ms[0m
[1m[1;34m[2026-09-03 17:15:20,226][0m [1m[1;30m[42m[INFO ][0m [1m[1;33m[operation.py::25 __call__]:[0m TTS operation fish_audio completed in 1969.7142000077292 ms[0m
[1m[1;34m[2026-09-03 17:15:21,511][0m [1m[1;30m[42m[INFO ][0m [1m[1;33m[operation.py::25 __call__]:[0m FILTER_AUDIO operation speaker completed in 0.42280007619410753 ms[0m
[1m[1;34m[2026-09-03 17:15:21,655][0m [1m[1;30m[42m[INFO ][0m [1m[1;33m[operation.py::25 __call__]:[0m FILTER_AUDIO operation speaker completed in 0.45709998812526464 ms[0m
[1m[1;34m[2026-09-03 17:15:21,721][0m [1m[1;30m[42m[INFO ][0m [1m[1;33m[operation.py::25 __call__]:[0m FILTER_AUDIO operation speaker completed in 0.47209998592734337 ms[0m
[1m[1;34m[2026-09-03 17:15:21,857][0m [1m[1;30m[42m[INFO ][0m [1m[1;33m[operation.py::25 __call__]:[0m FILTER_AUDIO operation speaker completed in 1.0523999808356166 ms[0m
[1m[1;34m[2026-09-03 17:15:22,032][0m [1m[1;30m[42m[INFO ][0m [1m[1;33m[operation.py::25 __call__]:[0m TTS operation fish_audio completed in 1807.199199916795 ms[0m
[1m[1;34m[2026-09-03 17:15:22,032][0m [1m[1;30m[42m[INFO ][0m [1m[1;33m[operation.py::25 __call__]:[0m FILTER_TEXT operation chunker_sentence completed in 5491.236599977128 ms[0m
[1m[1;34m[2026-09-03 17:15:22,034][0m [1m[1;30m[42m[INFO ][0m [1m[1;33m[operation.py::25 __call__]:[0m FILTER_TEXT operation filter_clean completed in 5491.335100028664 ms[0m
[1m[1;34m[2026-09-03 17:15:22,034][0m [1m[1;30m[42m[INFO ][0m [1m[1;33m[jaison.py::952 response_pipeline]:[0m Response job abf78771-acc6-42bf-b574-61cf9951ccd2 completed. Content: 'Привет, Настя! Рада тебя наконец-то услышать! Надеюсь, тебе тоже нравится мой голос!...'[0m
[1m[1;34m[2026-09-03 17:15:32,216][0m [1m[1;30m[42m[INFO ][0m [1m[1;33m[jaison.py::430 create_job]:[0m Queued new context_conversation_add_text job cc96e1b1-85a3-40eb-b385-3c746feee7d5[0m
[2026-09-03 17:15:32 +0300] [7968] [INFO] 127.0.0.1:6307 POST /api/context/conversation/text 1.1 200 138 1518
[1m[1;34m[2026-09-03 17:15:32,228][0m [1m[1;30m[42m[INFO ][0m [1m[1;33m[jaison.py::430 create_job]:[0m Queued new response job cae62c95-4e72-45a9-a805-b9694e9ed71a[0m
[2026-09-03 17:15:32 +0300] [7968] [INFO] 127.0.0.1:1653 POST /api/response 1.1 200 117 6042
[1m[1;34m[2026-09-03 17:15:33,273][0m [1m[1;30m[42m[INFO ][0m [1m[1;33m[operation.py::25 __call__]:[0m T2T operation llamacpp completed in 1044.3098000250757 ms[0m
[1m[1;34m[2026-09-03 17:15:34,677][0m [1m[1;30m[42m[INFO ][0m [1m[1;33m[operation.py::25 __call__]:[0m FILTER_AUDIO operation speaker completed in 0.4952000454068184 ms[0m
[1m[1;34m[2026-09-03 17:15:34,756][0m [1m[1;30m[42m[INFO ][0m [1m[1;33m[operation.py::25 __call__]:[0m FILTER_AUDIO operation speaker completed in 0.3883000463247299 ms[0m
[1m[1;34m[2026-09-03 17:15:34,870][0m [1m[1;30m[42m[INFO ][0m [1m[1;33m[operation.py::25 __call__]:[0m FILTER_AUDIO operation speaker completed in 0.5315000889822841 ms[0m
[1m[1;34m[2026-09-03 17:15:35,043][0m [1m[1;30m[42m[INFO ][0m [1m[1;33m[operation.py::25 __call__]:[0m FILTER_AUDIO operation speaker completed in 1.294399960897863 ms[0m
[1m[1;34m[2026-09-03 17:15:35,118][0m [1m[1;30m[42m[INFO ][0m [1m[1;33m[operation.py::25 __call__]:[0m FILTER_AUDIO operation speaker completed in 0.21929992362856865 ms[0m
[1m[1;34m[2026-09-03 17:15:35,305][0m [1m[1;30m[42m[INFO ][0m [1m[1;33m[operation.py::25 __call__]:[0m TTS operation fish_audio completed in 2022.2024999093264 ms[0m
[1m[1;34m[2026-09-03 17:15:36,490][0m [1m[1;30m[42m[INFO ][0m [1m[1;33m[operation.py::25 __call__]:[0m FILTER_AUDIO operation speaker completed in 0.49000000581145287 ms[0m
[1m[1;34m[2026-09-03 17:15:36,656][0m [1m[1;30m[42m[INFO ][0m [1m[1;33m[operation.py::25 __call__]:[0m FILTER_AUDIO operation speaker completed in 0.5393000319600105 ms[0m
[1m[1;34m[2026-09-03 17:15:36,784][0m [1m[1;30m[42m[INFO ][0m [1m[1;33m[operation.py::25 __call__]:[0m FILTER_AUDIO operation speaker completed in 0.5339999916031957 ms[0m
[1m[1;34m[2026-09-03 17:15:37,014][0m [1m[1;30m[42m[INFO ][0m [1m[1;33m[operation.py::25 __call__]:[0m FILTER_AUDIO operation speaker completed in 1.2178999604657292 ms[0m
[1m[1;34m[2026-09-03 17:15:37,246][0m [1m[1;30m[42m[INFO ][0m [1m[1;33m[operation.py::25 __call__]:[0m FILTER_AUDIO operation speaker completed in 1.177300000563264 ms[0m
[1m[1;34m[2026-09-03 17:15:37,424][0m [1m[1;30m[42m[INFO ][0m [1m[1;33m[operation.py::25 __call__]:[0m TTS operation fish_audio completed in 2118.389700073749 ms[0m
[1m[1;34m[2026-09-03 17:15:37,424][0m [1m[1;30m[42m[INFO ][0m [1m[1;33m[operation.py::25 __call__]:[0m FILTER_TEXT operation chunker_sentence completed in 4150.941799976863 ms[0m
[1m[1;34m[2026-09-03 17:15:37,424][0m [1m[1;30m[42m[INFO ][0m [1m[1;33m[operation.py::25 __call__]:[0m FILTER_TEXT operation filter_clean completed in 4151.045500067994 ms[0m
[1m[1;34m[2026-09-03 17:15:37,425][0m [1m[1;30m[42m[INFO ][0m [1m[1;33m[jaison.py::952 response_pipeline]:[0m Response job cae62c95-4e72-45a9-a805-b9694e9ed71a completed. Content: 'Настя, я слышала, что ты тоже любишь игры! У нас много общих интересов, надеюсь, мы быстро подружимс...'[0m
[1m[1;34m[2026-09-03 17:16:30,204][0m [1m[1;30m[42m[INFO ][0m [1m[1;33m[jaison.py::430 create_job]:[0m Queued new context_conversation_add_text job 4795ed85-d91c-49f9-b955-cf5f1bd3e139[0m
[2026-09-03 17:16:30 +0300] [7968] [INFO] 127.0.0.1:5623 POST /api/context/conversation/text 1.1 200 138 503
[1m[1;34m[2026-09-03 17:16:30,211][0m [1m[1;30m[42m[INFO ][0m [1m[1;33m[jaison.py::430 create_job]:[0m Queued new response job 2d7f5f9b-4e08-4043-99d8-bd54a25e8a84[0m
[2026-09-03 17:16:30 +0300] [7968] [INFO] 127.0.0.1:14033 POST /api/response 1.1 200 117 510
[1m[1;34m[2026-09-03 17:16:31,065][0m [1m[1;30m[42m[INFO ][0m [1m[1;33m[operation.py::25 __call__]:[0m T2T operation llamacpp completed in 852.7607000432909 ms[0m
[1m[1;34m[2026-09-03 17:16:32,685][0m [1m[1;30m[42m[INFO ][0m [1m[1;33m[operation.py::25 __call__]:[0m FILTER_AUDIO operation speaker completed in 0.5914000794291496 ms[0m
[1m[1;34m[2026-09-03 17:16:32,776][0m [1m[1;30m[42m[INFO ][0m [1m[1;33m[operation.py::25 __call__]:[0m FILTER_AUDIO operation speaker completed in 0.35820004995912313 ms[0m
[1m[1;34m[2026-09-03 17:16:32,905][0m [1m[1;30m[42m[INFO ][0m [1m[1;33m[operation.py::25 __call__]:[0m FILTER_AUDIO operation speaker completed in 0.4798000445589423 ms[0m
[1m[1;34m[2026-09-03 17:16:33,069][0m [1m[1;30m[42m[INFO ][0m [1m[1;33m[operation.py::25 __call__]:[0m FILTER_AUDIO operation speaker completed in 1.4247000217437744 ms[0m
[1m[1;34m[2026-09-03 17:16:33,072][0m [1m[1;30m[42m[INFO ][0m [1m[1;33m[operation.py::25 __call__]:[0m FILTER_AUDIO operation speaker completed in 0.20560005214065313 ms[0m
[1m[1;34m[2026-09-03 17:16:33,255][0m [1m[1;30m[42m[INFO ][0m [1m[1;33m[operation.py::25 __call__]:[0m TTS operation fish_audio completed in 2178.144700010307 ms[0m
[1m[1;34m[2026-09-03 17:16:34,467][0m [1m[1;30m[42m[INFO ][0m [1m[1;33m[operation.py::25 __call__]:[0m FILTER_AUDIO operation speaker completed in 0.5077999085187912 ms[0m
[1m[1;34m[2026-09-03 17:16:34,635][0m [1m[1;30m[42m[INFO ][0m [1m[1;33m[operation.py::25 __call__]:[0m FILTER_AUDIO operation speaker completed in 0.45549997594207525 ms[0m
[1m[1;34m[2026-09-03 17:16:34,764][0m [1m[1;30m[42m[INFO ][0m [1m[1;33m[operation.py::25 __call__]:[0m FILTER_AUDIO operation speaker completed in 0.4878999898210168 ms[0m
[1m[1;34m[2026-09-03 17:16:34,898][0m [1m[1;30m[42m[INFO ][0m [1m[1;33m[operation.py::25 __call__]:[0m FILTER_AUDIO operation speaker completed in 0.8416000055149198 ms[0m
[1m[1;34m[2026-09-03 17:16:35,080][0m [1m[1;30m[42m[INFO ][0m [1m[1;33m[operation.py::25 __call__]:[0m TTS operation fish_audio completed in 1825.1141000073403 ms[0m
[1m[1;34m[2026-09-03 17:16:35,080][0m [1m[1;30m[42m[INFO ][0m [1m[1;33m[operation.py::25 __call__]:[0m FILTER_TEXT operation chunker_sentence completed in 4015.2477000374347 ms[0m
[1m[1;34m[2026-09-03 17:16:35,080][0m [1m[1;30m[42m[INFO ][0m [1m[1;33m[operation.py::25 __call__]:[0m FILTER_TEXT operation filter_clean completed in 4015.3632999863476 ms[0m
[1m[1;34m[2026-09-03 17:16:35,080][0m [1m[1;30m[42m[INFO ][0m [1m[1;33m[jaison.py::952 response_pipeline]:[0m Response job 2d7f5f9b-4e08-4043-99d8-bd54a25e8a84 completed. Content: 'Настя, говоришь, у тебя есть любимые игры? Я всегда рада узнать что-то новое!...'[0m
[1m[1;34m[2026-09-03 17:16:48,093][0m [1m[1;30m[42m[INFO ][0m [1m[1;33m[jaison.py::430 create_job]:[0m Queued new context_conversation_add_text job ee2e8fe1-d56e-4b3c-82d1-f28876a4585d[0m
[2026-09-03 17:16:48 +0300] [7968] [INFO] 127.0.0.1:14150 POST /api/context/conversation/text 1.1 200 138 507
[1m[1;34m[2026-09-03 17:16:48,098][0m [1m[1;30m[42m[INFO ][0m [1m[1;33m[jaison.py::430 create_job]:[0m Queued new response job 2a1181d9-9967-4e23-b0fb-c675761bae31[0m
[2026-09-03 17:16:48 +0300] [7968] [INFO] 127.0.0.1:5806 POST /api/response 1.1 200 117 1003
[1m[1;34m[2026-09-03 17:16:48,777][0m [1m[1;30m[42m[INFO ][0m [1m[1;33m[operation.py::25 __call__]:[0m T2T operation llamacpp completed in 677.7164000086486 ms[0m
[1m[1;34m[2026-09-03 17:16:50,174][0m [1m[1;30m[42m[INFO ][0m [1m[1;33m[operation.py::25 __call__]:[0m FILTER_AUDIO operation speaker completed in 0.46659994404762983 ms[0m
[1m[1;34m[2026-09-03 17:16:50,306][0m [1m[1;30m[42m[INFO ][0m [1m[1;33m[operation.py::25 __call__]:[0m FILTER_AUDIO operation speaker completed in 0.39739999920129776 ms[0m
[1m[1;34m[2026-09-03 17:16:50,364][0m [1m[1;30m[42m[INFO ][0m [1m[1;33m[operation.py::25 __call__]:[0m FILTER_AUDIO operation speaker completed in 0.4708000924438238 ms[0m
[1m[1;34m[2026-09-03 17:16:50,450][0m [1m[1;30m[42m[INFO ][0m [1m[1;33m[operation.py::25 __call__]:[0m FILTER_AUDIO operation speaker completed in 0.3869999200105667 ms[0m
[1m[1;34m[2026-09-03 17:16:50,637][0m [1m[1;30m[42m[INFO ][0m [1m[1;33m[operation.py::25 __call__]:[0m TTS operation fish_audio completed in 1849.625499919057 ms[0m
[1m[1;34m[2026-09-03 17:16:52,000][0m [1m[1;30m[42m[INFO ][0m [1m[1;33m[operation.py::25 __call__]:[0m FILTER_AUDIO operation speaker completed in 0.4417999880388379 ms[0m
[1m[1;34m[2026-09-03 17:16:52,145][0m [1m[1;30m[42m[INFO ][0m [1m[1;33m[operation.py::25 __call__]:[0m FILTER_AUDIO operation speaker completed in 0.516700092703104 ms[0m
[1m[1;34m[2026-09-03 17:16:52,211][0m [1m[1;30m[42m[INFO ][0m [1m[1;33m[operation.py::25 __call__]:[0m FILTER_AUDIO operation speaker completed in 0.4654999356716871 ms[0m
[1m[1;34m[2026-09-03 17:16:52,294][0m [1m[1;30m[42m[INFO ][0m [1m[1;33m[operation.py::25 __call__]:[0m FILTER_AUDIO operation speaker completed in 0.3244000254198909 ms[0m
[1m[1;34m[2026-09-03 17:16:52,471][0m [1m[1;30m[42m[INFO ][0m [1m[1;33m[operation.py::25 __call__]:[0m TTS operation fish_audio completed in 1834.1107000596821 ms[0m
[1m[1;34m[2026-09-03 17:16:53,892][0m [1m[1;30m[42m[INFO ][0m [1m[1;33m[operation.py::25 __call__]:[0m FILTER_AUDIO operation speaker completed in 0.4165000282227993 ms[0m
[1m[1;34m[2026-09-03 17:16:54,040][0m [1m[1;30m[42m[INFO ][0m [1m[1;33m[operation.py::25 __call__]:[0m FILTER_AUDIO operation speaker completed in 0.4955999320372939 ms[0m
[1m[1;34m[2026-09-03 17:16:54,107][0m [1m[1;30m[42m[INFO ][0m [1m[1;33m[operation.py::25 __call__]:[0m FILTER_AUDIO operation speaker completed in 0.5524000152945518 ms[0m
[1m[1;34m[2026-09-03 17:16:54,222][0m [1m[1;30m[42m[INFO ][0m [1m[1;33m[operation.py::25 __call__]:[0m FILTER_AUDIO operation speaker completed in 0.8041999535635114 ms[0m
[1m[1;34m[2026-09-03 17:16:54,403][0m [1m[1;30m[42m[INFO ][0m [1m[1;33m[operation.py::25 __call__]:[0m TTS operation fish_audio completed in 1931.5425000386313 ms[0m
[1m[1;34m[2026-09-03 17:16:54,403][0m [1m[1;30m[42m[INFO ][0m [1m[1;33m[operation.py::25 __call__]:[0m FILTER_TEXT operation chunker_sentence completed in 5625.59179996606 ms[0m
[1m[1;34m[2026-09-03 17:16:54,403][0m [1m[1;30m[42m[INFO ][0m [1m[1;33m[operation.py::25 __call__]:[0m FILTER_TEXT operation filter_clean completed in 5625.690099899657 ms[0m
[1m[1;34m[2026-09-03 17:16:54,404][0m [1m[1;30m[42m[INFO ][0m [1m[1;33m[jaison.py::952 response_pipeline]:[0m Response job 2a1181d9-9967-4e23-b0fb-c675761bae31 completed. Content: 'О, ещё что? Я готова к новостям! Поделишься, что-нибудь интересное?...'[0m
[1m[1;34m[2026-09-03 17:17:05,125][0m [1m[1;30m[42m[INFO ][0m [1m[1;33m[jaison.py::430 create_job]:[0m Queued new context_conversation_add_text job c2cb2dd2-92ce-4cc6-b013-e9131d6634d4[0m
[2026-09-03 17:17:05 +0300] [7968] [INFO] 127.0.0.1:3905 POST /api/context/conversation/text 1.1 200 138 1005
[1m[1;34m[2026-09-03 17:17:05,131][0m [1m[1;30m[42m[INFO ][0m [1m[1;33m[jaison.py::430 create_job]:[0m Queued new response job c529c3e0-a6c5-47bc-891b-4c86f3932f6f[0m
[2026-09-03 17:17:05 +0300] [7968] [INFO] 127.0.0.1:1026 POST /api/response 1.1 200 117 0
[1m[1;34m[2026-09-03 17:17:05,671][0m [1m[1;30m[42m[INFO ][0m [1m[1;33m[operation.py::25 __call__]:[0m T2T operation llamacpp completed in 539.9541000369936 ms[0m
[1m[1;34m[2026-09-03 17:17:07,059][0m [1m[1;30m[42m[INFO ][0m [1m[1;33m[operation.py::25 __call__]:[0m FILTER_AUDIO operation speaker completed in 0.43080002069473267 ms[0m
[1m[1;34m[2026-09-03 17:17:07,286][0m [1m[1;30m[42m[INFO ][0m [1m[1;33m[operation.py::25 __call__]:[0m FILTER_AUDIO operation speaker completed in 0.3863999154418707 ms[0m
[1m[1;34m[2026-09-03 17:17:07,303][0m [1m[1;30m[42m[INFO ][0m [1m[1;33m[operation.py::25 __call__]:[0m FILTER_AUDIO operation speaker completed in 0.4594000056385994 ms[0m
[1m[1;34m[2026-09-03 17:17:07,426][0m [1m[1;30m[42m[INFO ][0m [1m[1;33m[operation.py::25 __call__]:[0m FILTER_AUDIO operation speaker completed in 1.0679999832063913 ms[0m
[1m[1;34m[2026-09-03 17:17:07,608][0m [1m[1;30m[42m[INFO ][0m [1m[1;33m[operation.py::25 __call__]:[0m TTS operation fish_audio completed in 1924.2263999767601 ms[0m
[1m[1;34m[2026-09-03 17:17:08,923][0m [1m[1;30m[42m[INFO ][0m [1m[1;33m[operation.py::25 __call__]:[0m FILTER_AUDIO operation speaker completed in 0.49920007586479187 ms[0m
[1m[1;34m[2026-09-03 17:17:09,070][0m [1m[1;30m[42m[INFO ][0m [1m[1;33m[operation.py::25 __call__]:[0m FILTER_AUDIO operation speaker completed in 0.40470005478709936 ms[0m
[1m[1;34m[2026-09-03 17:17:09,144][0m [1m[1;30m[42m[INFO ][0m [1m[1;33m[operation.py::25 __call__]:[0m FILTER_AUDIO operation speaker completed in 0.15350000467151403 ms[0m
[1m[1;34m[2026-09-03 17:17:09,339][0m [1m[1;30m[42m[INFO ][0m [1m[1;33m[operation.py::25 __call__]:[0m TTS operation fish_audio completed in 1731.0361000709236 ms[0m
[1m[1;34m[2026-09-03 17:17:09,339][0m [1m[1;30m[42m[INFO ][0m [1m[1;33m[operation.py::25 __call__]:[0m FILTER_TEXT operation chunker_sentence completed in 3667.2247000969946 ms[0m
[1m[1;34m[2026-09-03 17:17:09,339][0m [1m[1;30m[42m[INFO ][0m [1m[1;33m[operation.py::25 __call__]:[0m FILTER_TEXT operation filter_clean completed in 3667.3365000169724 ms[0m
[1m[1;34m[2026-09-03 17:17:09,340][0m [1m[1;30m[42m[INFO ][0m [1m[1;33m[jaison.py::952 response_pipeline]:[0m Response job c529c3e0-a6c5-47bc-891b-4c86f3932f6f completed. Content: 'Ладно, давай, говори, что еще? Я наготове!...'[0m
[1m[1;34m[2026-09-03 17:18:36,834][0m [1m[1;30m[42m[INFO ][0m [1m[1;33m[jaison.py::110 start]:[0m Starting JAIson application layer.[0m
[1m[1;34m[2026-09-03 17:18:36,847][0m [1m[1;30m[42m[INFO ][0m [1m[1;33m[manager.py::300 load_operations_from_config]:[0m Active STT from config: sherpa_ru[0m
[1m[1;34m[2026-09-03 17:18:38,588][0m [1m[1;30m[42m[INFO ][0m [1m[1;33m[operation.py::32 start]:[0m Starting STT operation sherpa_ru[0m
[1m[1;34m[2026-09-03 17:18:38,588][0m [1m[1;30m[42m[INFO ][0m [1m[1;33m[manager.py::26 load]:[0m Loading process by type sherpa_stt[0m
[1m[1;34m[2026-09-03 17:18:38,589][0m [1m[1;30m[43m[WARNI][0m [1m[1;33m[base.py::46 unload]:[0m Attempted to unload process sherpa_stt when it is already unloaded[0m
[1m[1;34m[2026-09-03 17:18:38,590][0m [1m[1;30m[42m[INFO ][0m [1m[1;33m[sherpa_server.py::85 _prepare_hotwords_file]:[0m Sherpa STT hotwords validated: 3 entries[0m
[1m[1;34m[2026-09-03 17:18:38,590][0m [1m[1;30m[42m[INFO ][0m [1m[1;33m[sherpa_server.py::295 reload]:[0m Sherpa STT config: port=6106 model_dir=C:\Nirmita\models\vosk-model-small-streaming-ru, model_variant=fp32, decoding_method=modified_beam_search, num_active_paths=6, use_endpoint=0, bpe_vocab=C:\Nirmita\models\vosk-model-small-streaming-ru\lang\unigram_500.vocab, hotwords_file=C:\Nirmita\models\hotwords.txt, hotwords_score=3.5[0m
[1m[1;34m[2026-09-03 17:18:38,590][0m [1m[1;30m[42m[INFO ][0m [1m[1;33m[sherpa_server.py::307 reload]:[0m Starting Sherpa STT Server with command: C:\Nirmita\.conda312\python.exe C:\Nirmita\apps\stt-sherpa-server\start_server.py --encoder C:\Nirmita\models\vosk-model-small-streaming-ru\am-onnx\encoder.onnx --decoder C:\Nirmita\models\vosk-model-small-streaming-ru\am-onnx\decoder.onnx --joiner C:\Nirmita\models\vosk-model-small-streaming-ru\am-onnx\joiner.onnx --tokens C:\Nirmita\models\vosk-model-small-streaming-ru\lang\tokens.txt --modeling-unit bpe --decoding-method modified_beam_search --num-active-paths 6 --use-endpoint 0 --port 6106 --provider cpu --doc-root C:\Nirmita\apps\stt-sherpa-server --bpe-vocab C:\Nirmita\models\vosk-model-small-streaming-ru\lang\unigram_500.vocab --hotwords-file C:\Nirmita\logs\sherpa_hotwords.resolved.txt --hotwords-score 3.5[0m
[1m[1;34m[2026-09-03 17:18:42,914][0m [1m[1;30m[42m[INFO ][0m [1m[1;33m[operation.py::32 start]:[0m Starting T2T operation llamacpp[0m
[1m[1;34m[2026-09-03 17:18:42,914][0m [1m[1;30m[42m[INFO ][0m [1m[1;33m[manager.py::26 load]:[0m Loading process by type llamacpp[0m
[1m[1;34m[2026-09-03 17:18:42,919][0m [1m[1;30m[42m[INFO ][0m [1m[1;33m[llamacpp.py::81 reload]:[0m Opened Llama.cpp server (PID: 31552) on port 2808 (GPU: 0)[0m
[1m[1;34m[2026-09-03 17:18:42,919][0m [1m[1;30m[42m[INFO ][0m [1m[1;33m[llamacpp.py::89 reload]:[0m Waiting for llama-server to be ready at http://127.0.0.1:2808/health ...[0m
[1m[1;34m[2026-09-03 17:18:47,083][0m [1m[1;30m[42m[INFO ][0m [1m[1;33m[llamacpp.py::101 reload]:[0m llama-server is ready! (attempt 8, port 2808)[0m
[1m[1;34m[2026-09-03 17:18:47,098][0m [1m[1;30m[42m[INFO ][0m [1m[1;33m[fishaudio.py::159 configure]:[0m FishAudioTTS: настроен — model=s2.1-pro-free, reference_id=8579f198..., latency=balanced, sample_rate=44100, speed=1.0[0m
[1m[1;34m[2026-09-03 17:18:47,098][0m [1m[1;30m[42m[INFO ][0m [1m[1;33m[operation.py::32 start]:[0m Starting TTS operation fish_audio[0m
[1m[1;34m[2026-09-03 17:18:47,099][0m [1m[1;30m[42m[INFO ][0m [1m[1;33m[fishaudio.py::85 start]:[0m FishAudioTTS: операция запущена (WebSocket streaming, format=pcm)[0m
[1m[1;34m[2026-09-03 17:18:47,100][0m [1m[1;30m[42m[INFO ][0m [1m[1;33m[operation.py::32 start]:[0m Starting FILTER_TEXT operation filter_clean[0m
[1m[1;34m[2026-09-03 17:18:47,645][0m [1m[1;30m[42m[INFO ][0m [1m[1;33m[operation.py::32 start]:[0m Starting FILTER_TEXT operation chunker_sentence[0m
[1m[1;34m[2026-09-03 17:18:48,351][0m [1m[1;30m[42m[INFO ][0m [1m[1;33m[speaker.py::56 configure]:[0m SpeakerOutputFilter: настроен на устройство name=CABLE Input, index=None[0m
[1m[1;34m[2026-09-03 17:18:48,351][0m [1m[1;30m[42m[INFO ][0m [1m[1;33m[operation.py::32 start]:[0m Starting FILTER_AUDIO operation speaker[0m
[1m[1;34m[2026-09-03 17:18:48,352][0m [1m[1;30m[42m[INFO ][0m [1m[1;33m[speaker.py::30 start]:[0m SpeakerOutputFilter: операция запущена (вокер запущен)[0m
[1m[1;34m[2026-09-03 17:18:48,353][0m [1m[1;30m[42m[INFO ][0m [1m[1;33m[manager.py::26 load]:[0m Loading process by type hw_mic[0m
[1m[1;34m[2026-09-03 17:18:48,353][0m [1m[1;30m[43m[WARNI][0m [1m[1;33m[base.py::46 unload]:[0m Attempted to unload process hw_mic when it is already unloaded[0m
[ProcessManager] Starting Hardware Microphone (hw-mic-client)...
[1m[1;34m[2026-09-03 17:18:48,360][0m [1m[1;30m[42m[INFO ][0m [1m[1;33m[jaison.py::138 start]:[0m JAIson application layer has started.[0m
[1m[1;34m[2026-09-03 17:18:48,361][0m [1m[1;30m[42m[INFO ][0m [1m[1;33m[logging.py::106 info]:[0m Running on http://127.0.0.1:7272 (CTRL + C to quit)[0m
[1m[1;34m[2026-09-03 17:18:48,865][0m [1m[1;30m[42m[INFO ][0m [1m[1;33m[app_server.py::77 ws]:[0m Opened new websocket connection[0m
[2026-09-03 17:18:48 +0300] [42588] [INFO] 127.0.0.1:11132 GET / 1.1 101 - 1005
[INFO] Loading Silero VAD ONNX Session (CPU)...
[MIC] Selected by name: [72] Микрофон (4- fifine Microphone) (Windows WASAPI)
[INFO] SoundDevice Listening on: Микрофон (4- fifine Microphone) (ID: 72, hostapi: Windows WASAPI)
========================================================

[1m[1;34m[2026-09-03 17:18:52,464][0m [1m[1;30m[42m[INFO ][0m [1m[1;33m[app_server.py::86 ws]:[0m Closed websocket connection[0m
[2026-09-03 17:18:52 +0300] [42588] [INFO] 127.0.0.1:8449 GET /api/config 1.1 200 3384 0
[2026-09-03 17:18:52 +0300] [42588] [INFO] 127.0.0.1:8451 GET /api/config 1.1 200 3384 0
[2026-09-03 17:18:52 +0300] [42588] [INFO] 127.0.0.1:8453 GET /api/context/history 1.1 200 59 507
[2026-09-03 17:18:52 +0300] [42588] [INFO] 127.0.0.1:8455 GET /api/context/history 1.1 200 59 1006
[1m[1;34m[2026-09-03 17:18:52,837][0m [1m[1;30m[42m[INFO ][0m [1m[1;33m[app_server.py::77 ws]:[0m Opened new websocket connection[0m
[2026-09-03 17:18:52 +0300] [42588] [INFO] 127.0.0.1:14037 GET / 1.1 101 - 1513
[1m[1;34m[2026-09-03 17:18:58,690][0m [1m[1;30m[42m[INFO ][0m [1m[1;33m[jaison.py::430 create_job]:[0m Queued new context_conversation_add_text job b9151e49-f689-4d98-95a7-3d3b82950ecf[0m
[2026-09-03 17:18:58 +0300] [42588] [INFO] 127.0.0.1:14919 POST /api/context/conversation/text 1.1 200 138 1946
[1m[1;34m[2026-09-03 17:18:58,695][0m [1m[1;30m[42m[INFO ][0m [1m[1;33m[jaison.py::430 create_job]:[0m Queued new response job b2284255-6abd-428f-9fa4-f6ffa77f1240[0m
[2026-09-03 17:18:58 +0300] [42588] [INFO] 127.0.0.1:2368 POST /api/response 1.1 200 117 1513
[1m[1;34m[2026-09-03 17:18:59,381][0m [1m[1;30m[42m[INFO ][0m [1m[1;33m[operation.py::25 __call__]:[0m T2T operation llamacpp completed in 684.5754999667406 ms[0m
[1m[1;34m[2026-09-03 17:19:00,722][0m [1m[1;30m[42m[INFO ][0m [1m[1;33m[operation.py::25 __call__]:[0m FILTER_AUDIO operation speaker completed in 0.5218000151216984 ms[0m
[1m[1;34m[2026-09-03 17:19:00,808][0m [1m[1;30m[42m[INFO ][0m [1m[1;33m[operation.py::25 __call__]:[0m FILTER_AUDIO operation speaker completed in 0.4659000551328063 ms[0m
[1m[1;34m[2026-09-03 17:19:00,932][0m [1m[1;30m[42m[INFO ][0m [1m[1;33m[operation.py::25 __call__]:[0m FILTER_AUDIO operation speaker completed in 0.5233000265434384 ms[0m
[1m[1;34m[2026-09-03 17:19:00,951][0m [1m[1;30m[42m[INFO ][0m [1m[1;33m[operation.py::25 __call__]:[0m FILTER_AUDIO operation speaker completed in 0.19339995924383402 ms[0m
[1m[1;34m[2026-09-03 17:19:01,138][0m [1m[1;30m[42m[INFO ][0m [1m[1;33m[operation.py::25 __call__]:[0m TTS operation fish_audio completed in 1745.7965000066906 ms[0m
[1m[1;34m[2026-09-03 17:19:02,338][0m [1m[1;30m[42m[INFO ][0m [1m[1;33m[operation.py::25 __call__]:[0m FILTER_AUDIO operation speaker completed in 0.4237999673932791 ms[0m
[1m[1;34m[2026-09-03 17:19:02,508][0m [1m[1;30m[42m[INFO ][0m [1m[1;33m[operation.py::25 __call__]:[0m FILTER_AUDIO operation speaker completed in 0.5118000553920865 ms[0m
[1m[1;34m[2026-09-03 17:19:02,635][0m [1m[1;30m[42m[INFO ][0m [1m[1;33m[operation.py::25 __call__]:[0m FILTER_AUDIO operation speaker completed in 0.5574000533670187 ms[0m
[1m[1;34m[2026-09-03 17:19:02,765][0m [1m[1;30m[42m[INFO ][0m [1m[1;33m[operation.py::25 __call__]:[0m FILTER_AUDIO operation speaker completed in 0.7584999548271298 ms[0m
[1m[1;34m[2026-09-03 17:19:02,947][0m [1m[1;30m[42m[INFO ][0m [1m[1;33m[operation.py::25 __call__]:[0m TTS operation fish_audio completed in 1808.6571999592707 ms[0m
[1m[1;34m[2026-09-03 17:19:02,947][0m [1m[1;30m[42m[INFO ][0m [1m[1;33m[operation.py::25 __call__]:[0m FILTER_TEXT operation chunker_sentence completed in 3565.765600069426 ms[0m
[1m[1;34m[2026-09-03 17:19:02,947][0m [1m[1;30m[42m[INFO ][0m [1m[1;33m[operation.py::25 __call__]:[0m FILTER_TEXT operation filter_clean completed in 3565.872900071554 ms[0m
[1m[1;34m[2026-09-03 17:19:02,948][0m [1m[1;30m[42m[INFO ][0m [1m[1;33m[jaison.py::952 response_pipeline]:[0m Response job b2284255-6abd-428f-9fa4-f6ffa77f1240 completed. Content: 'Ой, ну и горячо! А ты сам готов к огненному батлу?...'[0m
[1m[1;34m[2026-09-03 17:19:10,332][0m [1m[1;30m[42m[INFO ][0m [1m[1;33m[jaison.py::430 create_job]:[0m Queued new context_conversation_add_text job 1feb577a-78de-4896-882e-a8bcfbc355a5[0m
[2026-09-03 17:19:10 +0300] [42588] [INFO] 127.0.0.1:14642 POST /api/context/conversation/text 1.1 200 138 1006
[1m[1;34m[2026-09-03 17:19:10,340][0m [1m[1;30m[42m[INFO ][0m [1m[1;33m[jaison.py::430 create_job]:[0m Queued new response job 1a911320-5c09-4c6e-965a-3a5a8240cd49[0m
[2026-09-03 17:19:10 +0300] [42588] [INFO] 127.0.0.1:11297 POST /api/response 1.1 200 117 505
[1m[1;34m[2026-09-03 17:19:11,197][0m [1m[1;30m[42m[INFO ][0m [1m[1;33m[operation.py::25 __call__]:[0m T2T operation llamacpp completed in 855.9968000045046 ms[0m
[1m[1;34m[2026-09-03 17:19:12,588][0m [1m[1;30m[42m[INFO ][0m [1m[1;33m[operation.py::25 __call__]:[0m FILTER_AUDIO operation speaker completed in 0.4656000528484583 ms[0m
[1m[1;34m[2026-09-03 17:19:12,729][0m [1m[1;30m[42m[INFO ][0m [1m[1;33m[operation.py::25 __call__]:[0m FILTER_AUDIO operation speaker completed in 0.3499999875202775 ms[0m
[1m[1;34m[2026-09-03 17:19:12,908][0m [1m[1;30m[42m[INFO ][0m [1m[1;33m[operation.py::25 __call__]:[0m TTS operation fish_audio completed in 1699.0898000076413 ms[0m
[1m[1;34m[2026-09-03 17:19:14,245][0m [1m[1;30m[42m[INFO ][0m [1m[1;33m[operation.py::25 __call__]:[0m FILTER_AUDIO operation speaker completed in 0.4349000519141555 ms[0m
[1m[1;34m[2026-09-03 17:19:14,376][0m [1m[1;30m[42m[INFO ][0m [1m[1;33m[operation.py::25 __call__]:[0m FILTER_AUDIO operation speaker completed in 0.41119998786598444 ms[0m
[1m[1;34m[2026-09-03 17:19:14,436][0m [1m[1;30m[42m[INFO ][0m [1m[1;33m[operation.py::25 __call__]:[0m FILTER_AUDIO operation speaker completed in 0.4795000422745943 ms[0m
[1m[1;34m[2026-09-03 17:19:14,551][0m [1m[1;30m[42m[INFO ][0m [1m[1;33m[operation.py::25 __call__]:[0m FILTER_AUDIO operation speaker completed in 0.6497000576928258 ms[0m
[1m[1;34m[2026-09-03 17:19:14,743][0m [1m[1;30m[42m[INFO ][0m [1m[1;33m[operation.py::25 __call__]:[0m TTS operation fish_audio completed in 1834.679099963978 ms[0m
[1m[1;34m[2026-09-03 17:19:16,170][0m [1m[1;30m[42m[INFO ][0m [1m[1;33m[operation.py::25 __call__]:[0m FILTER_AUDIO operation speaker completed in 0.49650005530565977 ms[0m
[1m[1;34m[2026-09-03 17:19:16,299][0m [1m[1;30m[42m[INFO ][0m [1m[1;33m[operation.py::25 __call__]:[0m FILTER_AUDIO operation speaker completed in 0.3934999695047736 ms[0m
[1m[1;34m[2026-09-03 17:19:16,360][0m [1m[1;30m[42m[INFO ][0m [1m[1;33m[operation.py::25 __call__]:[0m FILTER_AUDIO operation speaker completed in 0.5942999850958586 ms[0m
[1m[1;34m[2026-09-03 17:19:16,579][0m [1m[1;30m[42m[INFO ][0m [1m[1;33m[operation.py::25 __call__]:[0m FILTER_AUDIO operation speaker completed in 1.2419000267982483 ms[0m
[1m[1;34m[2026-09-03 17:19:17,050][0m [1m[1;30m[42m[INFO ][0m [1m[1;33m[operation.py::25 __call__]:[0m FILTER_AUDIO operation speaker completed in 1.8257000483572483 ms[0m
[1m[1;34m[2026-09-03 17:19:17,241][0m [1m[1;30m[42m[INFO ][0m [1m[1;33m[operation.py::25 __call__]:[0m TTS operation fish_audio completed in 2497.684400063008 ms[0m
[1m[1;34m[2026-09-03 17:19:17,241][0m [1m[1;30m[42m[INFO ][0m [1m[1;33m[operation.py::25 __call__]:[0m FILTER_TEXT operation chunker_sentence completed in 6044.46869995445 ms[0m
[1m[1;34m[2026-09-03 17:19:17,241][0m [1m[1;30m[42m[INFO ][0m [1m[1;33m[operation.py::25 __call__]:[0m FILTER_TEXT operation filter_clean completed in 6044.571899925359 ms[0m
[1m[1;34m[2026-09-03 17:19:17,241][0m [1m[1;30m[42m[INFO ][0m [1m[1;33m[jaison.py::952 response_pipeline]:[0m Response job 1a911320-5c09-4c6e-965a-3a5a8240cd49 completed. Content: 'Огонь! О чём ты хочешь поболтать? Настолки, игры, или может, о последних слухах по сети?...'[0m
[1m[1;34m[2026-09-03 19:43:30,914][0m [1m[1;30m[42m[INFO ][0m [1m[1;33m[jaison.py::110 start]:[0m Starting JAIson application layer.[0m
[1m[1;34m[2026-09-03 19:43:30,926][0m [1m[1;30m[42m[INFO ][0m [1m[1;33m[manager.py::300 load_operations_from_config]:[0m Active STT from config: sherpa_ru[0m
[1m[1;34m[2026-09-03 19:43:32,855][0m [1m[1;30m[42m[INFO ][0m [1m[1;33m[operation.py::32 start]:[0m Starting STT operation sherpa_ru[0m
[1m[1;34m[2026-09-03 19:43:32,855][0m [1m[1;30m[42m[INFO ][0m [1m[1;33m[manager.py::26 load]:[0m Loading process by type sherpa_stt[0m
[1m[1;34m[2026-09-03 19:43:32,857][0m [1m[1;30m[43m[WARNI][0m [1m[1;33m[base.py::46 unload]:[0m Attempted to unload process sherpa_stt when it is already unloaded[0m
[1m[1;34m[2026-09-03 19:43:32,858][0m [1m[1;30m[42m[INFO ][0m [1m[1;33m[sherpa_server.py::85 _prepare_hotwords_file]:[0m Sherpa STT hotwords validated: 3 entries[0m
[1m[1;34m[2026-09-03 19:43:32,859][0m [1m[1;30m[42m[INFO ][0m [1m[1;33m[sherpa_server.py::295 reload]:[0m Sherpa STT config: port=6106 model_dir=C:\Nirmita\models\vosk-model-small-streaming-ru, model_variant=fp32, decoding_method=modified_beam_search, num_active_paths=6, use_endpoint=0, bpe_vocab=C:\Nirmita\models\vosk-model-small-streaming-ru\lang\unigram_500.vocab, hotwords_file=C:\Nirmita\models\hotwords.txt, hotwords_score=3.5[0m
[1m[1;34m[2026-09-03 19:43:32,859][0m [1m[1;30m[42m[INFO ][0m [1m[1;33m[sherpa_server.py::307 reload]:[0m Starting Sherpa STT Server with command: C:\Nirmita\.conda312\python.exe C:\Nirmita\apps\stt-sherpa-server\start_server.py --encoder C:\Nirmita\models\vosk-model-small-streaming-ru\am-onnx\encoder.onnx --decoder C:\Nirmita\models\vosk-model-small-streaming-ru\am-onnx\decoder.onnx --joiner C:\Nirmita\models\vosk-model-small-streaming-ru\am-onnx\joiner.onnx --tokens C:\Nirmita\models\vosk-model-small-streaming-ru\lang\tokens.txt --modeling-unit bpe --decoding-method modified_beam_search --num-active-paths 6 --use-endpoint 0 --port 6106 --provider cpu --doc-root C:\Nirmita\apps\stt-sherpa-server --bpe-vocab C:\Nirmita\models\vosk-model-small-streaming-ru\lang\unigram_500.vocab --hotwords-file C:\Nirmita\logs\sherpa_hotwords.resolved.txt --hotwords-score 3.5[0m
[1m[1;34m[2026-09-03 19:43:37,182][0m [1m[1;30m[42m[INFO ][0m [1m[1;33m[operation.py::32 start]:[0m Starting T2T operation llamacpp[0m
[1m[1;34m[2026-09-03 19:43:37,182][0m [1m[1;30m[42m[INFO ][0m [1m[1;33m[manager.py::26 load]:[0m Loading process by type llamacpp[0m
[1m[1;34m[2026-09-03 19:43:37,189][0m [1m[1;30m[42m[INFO ][0m [1m[1;33m[llamacpp.py::81 reload]:[0m Opened Llama.cpp server (PID: 47344) on port 2136 (GPU: 0)[0m
[1m[1;34m[2026-09-03 19:43:37,189][0m [1m[1;30m[42m[INFO ][0m [1m[1;33m[llamacpp.py::89 reload]:[0m Waiting for llama-server to be ready at http://127.0.0.1:2136/health ...[0m
[1m[1;34m[2026-09-03 19:43:42,961][0m [1m[1;30m[42m[INFO ][0m [1m[1;33m[llamacpp.py::101 reload]:[0m llama-server is ready! (attempt 11, port 2136)[0m
[1m[1;34m[2026-09-03 19:43:42,984][0m [1m[1;30m[42m[INFO ][0m [1m[1;33m[fishaudio.py::159 configure]:[0m FishAudioTTS: настроен — model=s2.1-pro-free, reference_id=8579f198..., latency=balanced, sample_rate=44100, speed=1.0[0m
[1m[1;34m[2026-09-03 19:43:42,984][0m [1m[1;30m[42m[INFO ][0m [1m[1;33m[operation.py::32 start]:[0m Starting TTS operation fish_audio[0m
[1m[1;34m[2026-09-03 19:43:42,984][0m [1m[1;30m[42m[INFO ][0m [1m[1;33m[fishaudio.py::85 start]:[0m FishAudioTTS: операция запущена (WebSocket streaming, format=pcm)[0m
[1m[1;34m[2026-09-03 19:43:42,986][0m [1m[1;30m[42m[INFO ][0m [1m[1;33m[operation.py::32 start]:[0m Starting FILTER_TEXT operation filter_clean[0m
[1m[1;34m[2026-09-03 19:43:43,806][0m [1m[1;30m[42m[INFO ][0m [1m[1;33m[operation.py::32 start]:[0m Starting FILTER_TEXT operation chunker_sentence[0m
[1m[1;34m[2026-09-03 19:43:44,558][0m [1m[1;30m[42m[INFO ][0m [1m[1;33m[speaker.py::56 configure]:[0m SpeakerOutputFilter: настроен на устройство name=CABLE Input, index=None[0m
[1m[1;34m[2026-09-03 19:43:44,558][0m [1m[1;30m[42m[INFO ][0m [1m[1;33m[operation.py::32 start]:[0m Starting FILTER_AUDIO operation speaker[0m
[1m[1;34m[2026-09-03 19:43:44,559][0m [1m[1;30m[42m[INFO ][0m [1m[1;33m[speaker.py::30 start]:[0m SpeakerOutputFilter: операция запущена (вокер запущен)[0m
[1m[1;34m[2026-09-03 19:43:44,560][0m [1m[1;30m[42m[INFO ][0m [1m[1;33m[manager.py::26 load]:[0m Loading process by type hw_mic[0m
[1m[1;34m[2026-09-03 19:43:44,561][0m [1m[1;30m[43m[WARNI][0m [1m[1;33m[base.py::46 unload]:[0m Attempted to unload process hw_mic when it is already unloaded[0m
[ProcessManager] Starting Hardware Microphone (hw-mic-client)...
[1m[1;34m[2026-09-03 19:43:44,567][0m [1m[1;30m[42m[INFO ][0m [1m[1;33m[jaison.py::138 start]:[0m JAIson application layer has started.[0m
[1m[1;34m[2026-09-03 19:43:44,568][0m [1m[1;30m[42m[INFO ][0m [1m[1;33m[logging.py::106 info]:[0m Running on http://127.0.0.1:7272 (CTRL + C to quit)[0m
[1m[1;34m[2026-09-03 19:43:45,660][0m [1m[1;30m[42m[INFO ][0m [1m[1;33m[app_server.py::77 ws]:[0m Opened new websocket connection[0m
[2026-09-03 19:43:45 +0300] [40120] [INFO] 127.0.0.1:2085 GET / 1.1 101 - 501
[INFO] Loading Silero VAD ONNX Session (CPU)...
[MIC] Selected by name: [72] Микрофон (4- fifine Microphone) (Windows WASAPI)
[INFO] SoundDevice Listening on: Микрофон (4- fifine Microphone) (ID: 72, hostapi: Windows WASAPI)
========================================================

[VAD] Голос! (Prob: 0.001, RMS: 0.0128) Завершена (1184ms, speech: 448ms).
[2026-09-03 19:43:48 +0300] [40120] [INFO] 127.0.0.1:2089 POST /api/context/conversation/speech_start 1.1 200 71 1525
[2026-09-03 19:43:50 +0300] [40120] [INFO] 127.0.0.1:2090 POST /api/context/conversation/audio 1.1 200 142 506

[API] Фраза отправлена (37888 байт).
[1m[1;34m[2026-09-03 19:43:50,520][0m [1m[1;30m[42m[INFO ][0m [1m[1;33m[sherpa.py::320 _generate]:[0m Sherpa STT final: len=4 latency_ms=70 source=mic turn=02b0a9d1-9ab1-4b33-bcdf-f87749ca5036 utterance=a4413b4b-fe91-48f5-848a-eeb639908ab5[0m
[1m[1;34m[2026-09-03 19:43:50,773][0m [1m[1;30m[42m[INFO ][0m [1m[1;33m[jaison.py::430 create_job]:[0m Queued new context_conversation_add_text job 9b348b8b-88b0-4100-883d-42d3c86db65a[0m
[1m[1;34m[2026-09-03 19:43:50,773][0m [1m[1;30m[42m[INFO ][0m [1m[1;33m[jaison.py::568 _commit_pending_voice_turn]:[0m Voice turn committed as context-only (no RESPONSE job).[0m
[1m[1;34m[2026-09-03 19:43:54,726][0m [1m[1;30m[42m[INFO ][0m [1m[1;33m[app_server.py::86 ws]:[0m Closed websocket connection[0m
[2026-09-03 19:43:55 +0300] [40120] [INFO] 127.0.0.1:1515 GET /api/config 1.1 200 3384 501
[2026-09-03 19:43:55 +0300] [40120] [INFO] 127.0.0.1:1517 GET /api/config 1.1 200 3384 507
[2026-09-03 19:43:55 +0300] [40120] [INFO] 127.0.0.1:1519 GET /api/context/history 1.1 200 153 1052
[2026-09-03 19:43:55 +0300] [40120] [INFO] 127.0.0.1:6168 GET /api/context/history 1.1 200 153 498
[1m[1;34m[2026-09-03 19:43:56,576][0m [1m[1;30m[42m[INFO ][0m [1m[1;33m[app_server.py::77 ws]:[0m Opened new websocket connection[0m
[2026-09-03 19:43:56 +0300] [40120] [INFO] 127.0.0.1:12052 GET / 1.1 101 - 507
[VAD] Голос! (Prob: 0.001, RMS: 0.0391) Завершена (1344ms, speech: 608ms).
[2026-09-03 19:43:59 +0300] [40120] [INFO] 127.0.0.1:12056 POST /api/context/conversation/speech_start 1.1 200 71 0
[2026-09-03 19:44:01 +0300] [40120] [INFO] 127.0.0.1:12057 POST /api/context/conversation/audio 1.1 200 142 1514

[API] Фраза отправлена (43008 байт).
[1m[1;34m[2026-09-03 19:44:01,336][0m [1m[1;30m[42m[INFO ][0m [1m[1;33m[sherpa.py::320 _generate]:[0m Sherpa STT final: len=4 latency_ms=58 source=mic turn=60c633d9-23a5-4019-8ee0-a1de2ee0aab5 utterance=b356b3f3-76dd-4973-afac-d13e40f2c125[0m
[1m[1;34m[2026-09-03 19:44:01,602][0m [1m[1;30m[42m[INFO ][0m [1m[1;33m[jaison.py::430 create_job]:[0m Queued new context_conversation_add_text job 2127f841-fade-40dd-b172-17cfd1868055[0m
[1m[1;34m[2026-09-03 19:44:01,602][0m [1m[1;30m[42m[INFO ][0m [1m[1;33m[jaison.py::568 _commit_pending_voice_turn]:[0m Voice turn committed as context-only (no RESPONSE job).[0m

[1m[1;34m[2026-09-03 19:44:07,684][0m [1m[1;30m[42m[INFO ][0m [1m[1;33m[jaison.py::430 create_job]:[0m Queued new context_conversation_add_text job dc2346cc-8e58-4e19-9b1c-e89634e43e7b[0m
[2026-09-03 19:44:07 +0300] [40120] [INFO] 127.0.0.1:8789 POST /api/context/conversation/text 1.1 200 138 500
[1m[1;34m[2026-09-03 19:44:07,693][0m [1m[1;30m[42m[INFO ][0m [1m[1;33m[jaison.py::430 create_job]:[0m Queued new response job 1792f62f-4995-4449-a601-f78524b5a60a[0m
[2026-09-03 19:44:07 +0300] [40120] [INFO] 127.0.0.1:7860 POST /api/response 1.1 200 117 0
[1m[1;34m[2026-09-03 19:44:08,205][0m [1m[1;30m[42m[INFO ][0m [1m[1;33m[operation.py::25 __call__]:[0m T2T operation llamacpp completed in 510.0576000986621 ms[0m
[VAD] Голос! (Prob: 0.001, RMS: 0.0090) Завершена (1088ms, speech: 288ms).

[2026-09-03 19:44:08 +0300] [40120] [INFO] 127.0.0.1:7864 POST /api/context/conversation/speech_start 1.1 200 71 999
[2026-09-03 19:44:08 +0300] [40120] [INFO] 127.0.0.1:7864 POST /api/context/conversation/speech_start 1.1 200 71 1004
[VAD] Голос! (Prob: 0.001, RMS: 0.0089) Завершена (960ms, speech: 224ms).
[2026-09-03 19:44:09 +0300] [40120] [INFO] 127.0.0.1:7864 POST /api/context/conversation/audio 1.1 200 142 1023

[API] Фраза отправлена (30720 байт).
[1m[1;34m[2026-09-03 19:44:09,214][0m [1m[1;30m[42m[INFO ][0m [1m[1;33m[sherpa.py::320 _generate]:[0m Sherpa STT final: len=0 latency_ms=34 source=mic turn=cae7d6d6-6f60-4052-b1ef-6e5de0c9407d utterance=f4138394-4e12-4e3f-bfee-77b947bb226f[0m
[1m[1;34m[2026-09-03 19:44:09,822][0m [1m[1;30m[42m[INFO ][0m [1m[1;33m[operation.py::25 __call__]:[0m FILTER_AUDIO operation speaker completed in 0.5870000459253788 ms[0m
[1m[1;34m[2026-09-03 19:44:09,973][0m [1m[1;30m[42m[INFO ][0m [1m[1;33m[operation.py::25 __call__]:[0m FILTER_AUDIO operation speaker completed in 0.4556999774649739 ms[0m
[1m[1;34m[2026-09-03 19:44:10,152][0m [1m[1;30m[42m[INFO ][0m [1m[1;33m[operation.py::25 __call__]:[0m TTS operation fish_audio completed in 1930.5659000528976 ms[0m
[2026-09-03 19:44:10 +0300] [40120] [INFO] 127.0.0.1:7867 POST /api/context/conversation/audio 1.1 200 142 1511

[API] Фраза отправлена (34816 байт).
[1m[1;34m[2026-09-03 19:44:10,374][0m [1m[1;30m[42m[INFO ][0m [1m[1;33m[sherpa.py::320 _generate]:[0m Sherpa STT final: len=0 latency_ms=36 source=mic turn=76bd3f1b-957f-432a-8741-fb1f86ad5a56 utterance=c83951d6-746d-4a3a-8e45-d8f8a1a5c216[0m
[1m[1;34m[2026-09-03 19:44:11,551][0m [1m[1;30m[42m[INFO ][0m [1m[1;33m[operation.py::25 __call__]:[0m FILTER_AUDIO operation speaker completed in 0.41910004802048206 ms[0m
[1m[1;34m[2026-09-03 19:44:11,617][0m [1m[1;30m[42m[INFO ][0m [1m[1;33m[operation.py::25 __call__]:[0m FILTER_AUDIO operation speaker completed in 0.3789999755099416 ms[0m
[1m[1;34m[2026-09-03 19:44:11,818][0m [1m[1;30m[42m[INFO ][0m [1m[1;33m[operation.py::25 __call__]:[0m TTS operation fish_audio completed in 1664.9109000572935 ms[0m
[1m[1;34m[2026-09-03 19:44:13,161][0m [1m[1;30m[42m[INFO ][0m [1m[1;33m[operation.py::25 __call__]:[0m FILTER_AUDIO operation speaker completed in 0.42369996663182974 ms[0m
[1m[1;34m[2026-09-03 19:44:13,248][0m [1m[1;30m[42m[INFO ][0m [1m[1;33m[operation.py::25 __call__]:[0m FILTER_AUDIO operation speaker completed in 0.4237999673932791 ms[0m
[1m[1;34m[2026-09-03 19:44:13,381][0m [1m[1;30m[42m[INFO ][0m [1m[1;33m[operation.py::25 __call__]:[0m FILTER_AUDIO operation speaker completed in 0.5880999378859997 ms[0m
[1m[1;34m[2026-09-03 19:44:13,395][0m [1m[1;30m[42m[INFO ][0m [1m[1;33m[operation.py::25 __call__]:[0m FILTER_AUDIO operation speaker completed in 0.12099999003112316 ms[0m
[1m[1;34m[2026-09-03 19:44:13,579][0m [1m[1;30m[42m[INFO ][0m [1m[1;33m[operation.py::25 __call__]:[0m TTS operation fish_audio completed in 1761.2142999423668 ms[0m
[1m[1;34m[2026-09-03 19:44:13,579][0m [1m[1;30m[42m[INFO ][0m [1m[1;33m[operation.py::25 __call__]:[0m FILTER_TEXT operation chunker_sentence completed in 5373.354000039399 ms[0m
[1m[1;34m[2026-09-03 19:44:13,579][0m [1m[1;30m[42m[INFO ][0m [1m[1;33m[operation.py::25 __call__]:[0m FILTER_TEXT operation filter_clean completed in 5373.490700032562 ms[0m
[1m[1;34m[2026-09-03 19:44:13,580][0m [1m[1;30m[42m[INFO ][0m [1m[1;33m[jaison.py::952 response_pipeline]:[0m Response job 1792f62f-4995-4449-a601-f78524b5a60a completed. Content: 'Привет! Как дела? Что нового у тебя?...'[0m
[2026-09-03 19:45:13 +0300] [40120] [INFO] 127.0.0.1:12801 POST /api/context/conversation/speech_start 1.1 200 71 1534
[VAD] Голос! (Prob: 0.001, RMS: 0.0142) Завершена (1600ms, speech: 704ms).
[2026-09-03 19:45:13 +0300] [40120] [INFO] 127.0.0.1:12801 POST /api/context/conversation/audio 1.1 200 142 1005

[API] Фраза отправлена (51200 байт).
[1m[1;34m[2026-09-03 19:45:13,708][0m [1m[1;30m[42m[INFO ][0m [1m[1;33m[sherpa.py::320 _generate]:[0m Sherpa STT final: len=5 latency_ms=69 source=mic turn=afc5c136-60e9-4695-ad8f-1b7c799a3f7b utterance=f0746690-6da8-4b38-9877-5c4d7765a695[0m
[1m[1;34m[2026-09-03 19:45:13,973][0m [1m[1;30m[42m[INFO ][0m [1m[1;33m[jaison.py::430 create_job]:[0m Queued new context_conversation_add_text job 00d52faa-0912-4646-a950-bccfe9739212[0m
[1m[1;34m[2026-09-03 19:45:13,973][0m [1m[1;30m[42m[INFO ][0m [1m[1;33m[jaison.py::568 _commit_pending_voice_turn]:[0m Voice turn committed as context-only (no RESPONSE job).[0m
[VAD] Голос! (Prob: 0.001, RMS: 0.0124) Завершена (896ms, speech: 160ms).
[2026-09-03 19:45:23 +0300] [40120] [INFO] 127.0.0.1:12811 POST /api/context/conversation/speech_start 1.1 200 71 1507

[2026-09-03 19:45:23 +0300] [40120] [INFO] 127.0.0.1:12811 POST /api/context/conversation/speech_start 1.1 200 71 1000
[VAD] Голос! (Prob: 0.001, RMS: 0.0078) Завершена (1088ms, speech: 320ms).
[2026-09-03 19:45:24 +0300] [40120] [INFO] 127.0.0.1:12811 POST /api/context/conversation/audio 1.1 200 142 0

[API] Фраза отправлена (34816 байт).
[1m[1;34m[2026-09-03 19:45:24,592][0m [1m[1;30m[42m[INFO ][0m [1m[1;33m[sherpa.py::320 _generate]:[0m Sherpa STT final: len=3 latency_ms=41 source=mic turn=17cba996-3629-4cad-808e-6cbd50af4416 utterance=a11e6851-395e-4179-8594-63cdd3f144d1[0m
[1m[1;34m[2026-09-03 19:45:24,849][0m [1m[1;30m[42m[INFO ][0m [1m[1;33m[jaison.py::430 create_job]:[0m Queued new context_conversation_add_text job f5bc3093-cc05-4acc-87a4-96d31594c46c[0m
[1m[1;34m[2026-09-03 19:45:24,849][0m [1m[1;30m[42m[INFO ][0m [1m[1;33m[jaison.py::568 _commit_pending_voice_turn]:[0m Voice turn committed as context-only (no RESPONSE job).[0m
[2026-09-03 19:45:24 +0300] [40120] [INFO] 127.0.0.1:12813 POST /api/context/conversation/audio 1.1 200 142 0

[API] Фраза отправлена (28672 байт).
[1m[1;34m[2026-09-03 19:45:25,010][0m [1m[1;30m[42m[INFO ][0m [1m[1;33m[sherpa.py::320 _generate]:[0m Sherpa STT final: len=2 latency_ms=35 source=mic turn=d66cdcf1-9a49-40dd-889d-3c6fd74dfb05 utterance=2ed3df84-575e-4f5d-88d8-d3a29f7c32a6[0m
[1m[1;34m[2026-09-03 19:45:25,268][0m [1m[1;30m[42m[INFO ][0m [1m[1;33m[jaison.py::430 create_job]:[0m Queued new context_conversation_add_text job 0bc55a3a-6f69-49a8-bc7f-b1337d9a83cc[0m
[1m[1;34m[2026-09-03 19:45:25,268][0m [1m[1;30m[42m[INFO ][0m [1m[1;33m[jaison.py::430 create_job]:[0m Queued new response job 15bb5528-bba5-4ffb-9fbe-270f9f9cba96[0m
[1m[1;34m[2026-09-03 19:45:26,053][0m [1m[1;30m[42m[INFO ][0m [1m[1;33m[operation.py::25 __call__]:[0m T2T operation llamacpp completed in 783.8590000756085 ms[0m

[2026-09-03 19:45:26 +0300] [40120] [INFO] 127.0.0.1:12813 POST /api/context/conversation/speech_start 1.1 200 71 1004
[1m[1;34m[2026-09-03 19:45:27,435][0m [1m[1;30m[42m[INFO ][0m [1m[1;33m[operation.py::25 __call__]:[0m FILTER_AUDIO operation speaker completed in 0.5280000623315573 ms[0m
[1m[1;34m[2026-09-03 19:45:27,631][0m [1m[1;30m[42m[INFO ][0m [1m[1;33m[operation.py::25 __call__]:[0m FILTER_AUDIO operation speaker completed in 0.39119995199143887 ms[0m
[VAD] Голос! (Prob: 0.001, RMS: 0.0081) Завершена (1280ms, speech: 352ms).
[2026-09-03 19:45:27 +0300] [40120] [INFO] 127.0.0.1:12813 POST /api/context/conversation/audio 1.1 200 142 509

[API] Фраза отправлена (40960 байт).
[1m[1;34m[2026-09-03 19:45:27,777][0m [1m[1;30m[42m[INFO ][0m [1m[1;33m[operation.py::25 __call__]:[0m FILTER_AUDIO operation speaker completed in 0.597700010985136 ms[0m
[1m[1;34m[2026-09-03 19:45:27,781][0m [1m[1;30m[42m[INFO ][0m [1m[1;33m[sherpa.py::320 _generate]:[0m Sherpa STT final: len=18 latency_ms=62 source=mic turn=15a95144-7ecd-41e4-94ec-afcaffed82eb utterance=c6b234cd-5e29-464a-930e-6b9c84525a4e[0m
[1m[1;34m[2026-09-03 19:45:27,781][0m [1m[1;30m[42m[INFO ][0m [1m[1;33m[jaison.py::469 _interrupt_jobs]:[0m Smart Barge-in: Interrupting and clearing queue due to: user_speaking_significant[0m
[1m[1;34m[2026-09-03 19:45:27,781][0m [1m[1;30m[42m[INFO ][0m [1m[1;33m[jaison.py::463 _clear_current_job]:[0m Job 15bb5528-bba5-4ffb-9fbe-270f9f9cba96 (response) is being cancelled due to: user_speaking_significant[0m
[1m[1;34m[2026-09-03 19:45:27,960][0m [1m[1;30m[42m[INFO ][0m [1m[1;33m[jaison.py::743 _process_job_loop]:[0m Job 15bb5528-bba5-4ffb-9fbe-270f9f9cba96 (response) was cancelled.[0m
[1m[1;34m[2026-09-03 19:45:28,032][0m [1m[1;30m[42m[INFO ][0m [1m[1;33m[jaison.py::430 create_job]:[0m Queued new context_conversation_add_text job 96ffd6ea-1298-425d-89fc-bbcab12a5f01[0m
[1m[1;34m[2026-09-03 19:45:28,032][0m [1m[1;30m[42m[INFO ][0m [1m[1;33m[jaison.py::430 create_job]:[0m Queued new response job 6a95d3ed-9b1b-49f1-9851-9baaad067f6b[0m
[1m[1;34m[2026-09-03 19:45:28,561][0m [1m[1;30m[42m[INFO ][0m [1m[1;33m[operation.py::25 __call__]:[0m T2T operation llamacpp completed in 528.835600009188 ms[0m
[1m[1;34m[2026-09-03 19:45:29,849][0m [1m[1;30m[42m[INFO ][0m [1m[1;33m[operation.py::25 __call__]:[0m FILTER_AUDIO operation speaker completed in 0.4501000512391329 ms[0m
[1m[1;34m[2026-09-03 19:45:29,994][0m [1m[1;30m[42m[INFO ][0m [1m[1;33m[operation.py::25 __call__]:[0m FILTER_AUDIO operation speaker completed in 0.41740003507584333 ms[0m
[1m[1;34m[2026-09-03 19:45:30,103][0m [1m[1;30m[42m[INFO ][0m [1m[1;33m[operation.py::25 __call__]:[0m FILTER_AUDIO operation speaker completed in 0.45140006113797426 ms[0m
[1m[1;34m[2026-09-03 19:45:30,302][0m [1m[1;30m[42m[INFO ][0m [1m[1;33m[operation.py::25 __call__]:[0m FILTER_AUDIO operation speaker completed in 1.3472998980432749 ms[0m
[1m[1;34m[2026-09-03 19:45:30,390][0m [1m[1;30m[42m[INFO ][0m [1m[1;33m[operation.py::25 __call__]:[0m FILTER_AUDIO operation speaker completed in 0.43400004506111145 ms[0m
[1m[1;34m[2026-09-03 19:45:30,577][0m [1m[1;30m[42m[INFO ][0m [1m[1;33m[operation.py::25 __call__]:[0m TTS operation fish_audio completed in 2007.3226999957114 ms[0m
[1m[1;34m[2026-09-03 19:45:31,980][0m [1m[1;30m[42m[INFO ][0m [1m[1;33m[operation.py::25 __call__]:[0m FILTER_AUDIO operation speaker completed in 0.4198000533506274 ms[0m
[1m[1;34m[2026-09-03 19:45:32,105][0m [1m[1;30m[42m[INFO ][0m [1m[1;33m[operation.py::25 __call__]:[0m FILTER_AUDIO operation speaker completed in 0.4093999741598964 ms[0m
[1m[1;34m[2026-09-03 19:45:32,152][0m [1m[1;30m[42m[INFO ][0m [1m[1;33m[operation.py::25 __call__]:[0m FILTER_AUDIO operation speaker completed in 0.3269000444561243 ms[0m
[1m[1;34m[2026-09-03 19:45:32,345][0m [1m[1;30m[42m[INFO ][0m [1m[1;33m[operation.py::25 __call__]:[0m TTS operation fish_audio completed in 1767.240200075321 ms[0m
[1m[1;34m[2026-09-03 19:45:32,345][0m [1m[1;30m[42m[INFO ][0m [1m[1;33m[operation.py::25 __call__]:[0m FILTER_TEXT operation chunker_sentence completed in 3783.2049999851733 ms[0m
[1m[1;34m[2026-09-03 19:45:32,345][0m [1m[1;30m[42m[INFO ][0m [1m[1;33m[operation.py::25 __call__]:[0m FILTER_TEXT operation filter_clean completed in 3783.301100018434 ms[0m
[1m[1;34m[2026-09-03 19:45:32,346][0m [1m[1;30m[42m[INFO ][0m [1m[1;33m[jaison.py::952 response_pipeline]:[0m Response job 6a95d3ed-9b1b-49f1-9851-9baaad067f6b completed. Content: 'Люцинировали? Ого, и куда? На какой планете?...'[0m
[2026-09-03 19:45:45 +0300] [40120] [INFO] 127.0.0.1:12828 POST /api/context/conversation/speech_start 1.1 200 71 499
[VAD] Голос! (Prob: 0.001, RMS: 0.0175) Завершена (1504ms, speech: 768ms).
[2026-09-03 19:45:45 +0300] [40120] [INFO] 127.0.0.1:12828 POST /api/context/conversation/audio 1.1 200 142 0

[API] Фраза отправлена (48128 байт).
[1m[1;34m[2026-09-03 19:45:45,627][0m [1m[1;30m[42m[INFO ][0m [1m[1;33m[sherpa.py::320 _generate]:[0m Sherpa STT final: len=0 latency_ms=59 source=mic turn=91b8544f-0aa3-4c3f-b879-3a853cacbcb9 utterance=26ca2bfe-5ee9-42fc-ac5e-de249e12c67d[0m
[VAD] Голос! (Prob: 0.001, RMS: 0.0092) Завершена (896ms, speech: 160ms).
[2026-09-03 19:46:16 +0300] [40120] [INFO] 127.0.0.1:12853 POST /api/context/conversation/speech_start 1.1 200 71 0
[2026-09-03 19:46:17 +0300] [40120] [INFO] 127.0.0.1:12854 POST /api/context/conversation/audio 1.1 200 142 499

[API] Фраза отправлена (28672 байт).
[1m[1;34m[2026-09-03 19:46:17,837][0m [1m[1;30m[42m[INFO ][0m [1m[1;33m[sherpa.py::320 _generate]:[0m Sherpa STT final: len=3 latency_ms=38 source=mic turn=1bdf737a-c291-4962-8399-d69a701cb51f utterance=ba3ebbea-19fd-403b-9f90-fbd51852b4d1[0m
[1m[1;34m[2026-09-03 19:46:18,090][0m [1m[1;30m[42m[INFO ][0m [1m[1;33m[jaison.py::430 create_job]:[0m Queued new context_conversation_add_text job 6e47a65a-02f9-42d4-8fd0-e706c46c0aaa[0m
[1m[1;34m[2026-09-03 19:46:18,090][0m [1m[1;30m[42m[INFO ][0m [1m[1;33m[jaison.py::568 _commit_pending_voice_turn]:[0m Voice turn committed as context-only (no RESPONSE job).[0m
[2026-09-03 19:46:26 +0300] [40120] [INFO] 127.0.0.1:3382 POST /api/context/conversation/speech_start 1.1 200 71 504
[VAD] Голос! (Prob: 0.001, RMS: 0.0077) Завершена (1536ms, speech: 672ms).
[2026-09-03 19:46:26 +0300] [40120] [INFO] 127.0.0.1:3382 POST /api/context/conversation/audio 1.1 200 142 496

[API] Фраза отправлена (49152 байт).
[1m[1;34m[2026-09-03 19:46:26,695][0m [1m[1;30m[42m[INFO ][0m [1m[1;33m[sherpa.py::320 _generate]:[0m Sherpa STT final: len=13 latency_ms=67 source=mic turn=f8016315-61d4-4dec-879c-390bf704f388 utterance=4d81b9bf-b653-4af0-b150-d9859a624474[0m
[1m[1;34m[2026-09-03 19:46:26,695][0m [1m[1;30m[42m[INFO ][0m [1m[1;33m[jaison.py::469 _interrupt_jobs]:[0m Smart Barge-in: Interrupting and clearing queue due to: user_speaking_significant[0m
[1m[1;34m[2026-09-03 19:46:26,950][0m [1m[1;30m[42m[INFO ][0m [1m[1;33m[jaison.py::430 create_job]:[0m Queued new context_conversation_add_text job 498cc180-5e51-41e8-a6ab-1610efbc1aa7[0m
[1m[1;34m[2026-09-03 19:46:26,950][0m [1m[1;30m[42m[INFO ][0m [1m[1;33m[jaison.py::430 create_job]:[0m Queued new response job ccdd3e8a-f80a-4be2-af6d-aeddfd5da9f7[0m
[1m[1;34m[2026-09-03 19:46:27,796][0m [1m[1;30m[42m[INFO ][0m [1m[1;33m[operation.py::25 __call__]:[0m T2T operation llamacpp completed in 844.6607999503613 ms[0m

[2026-09-03 19:46:28 +0300] [40120] [INFO] 127.0.0.1:3382 POST /api/context/conversation/speech_start 1.1 200 71 499
[1m[1;34m[2026-09-03 19:46:29,169][0m [1m[1;30m[42m[INFO ][0m [1m[1;33m[operation.py::25 __call__]:[0m FILTER_AUDIO operation speaker completed in 0.5016999784857035 ms[0m
[1m[1;34m[2026-09-03 19:46:29,292][0m [1m[1;30m[42m[INFO ][0m [1m[1;33m[operation.py::25 __call__]:[0m FILTER_AUDIO operation speaker completed in 0.3869999200105667 ms[0m
[1m[1;34m[2026-09-03 19:46:29,357][0m [1m[1;30m[42m[INFO ][0m [1m[1;33m[operation.py::25 __call__]:[0m FILTER_AUDIO operation speaker completed in 0.5189999938011169 ms[0m
[1m[1;34m[2026-09-03 19:46:29,434][0m [1m[1;30m[42m[INFO ][0m [1m[1;33m[operation.py::25 __call__]:[0m FILTER_AUDIO operation speaker completed in 0.3296999493613839 ms[0m
[1m[1;34m[2026-09-03 19:46:29,615][0m [1m[1;30m[42m[INFO ][0m [1m[1;33m[operation.py::25 __call__]:[0m TTS operation fish_audio completed in 1808.0719000427052 ms[0m
[VAD] Голос! (Prob: 0.001, RMS: 0.0470) Завершена (1792ms, speech: 1024ms).
[2026-09-03 19:46:30 +0300] [40120] [INFO] 127.0.0.1:3382 POST /api/context/conversation/audio 1.1 200 142 1399

[API] Фраза отправлена (57344 байт).
[1m[1;34m[2026-09-03 19:46:30,335][0m [1m[1;30m[42m[INFO ][0m [1m[1;33m[sherpa.py::320 _generate]:[0m Sherpa STT final: len=11 latency_ms=86 source=mic turn=f8016315-61d4-4dec-879c-390bf704f388 utterance=78c27db6-ab9d-4bc0-ae5c-0c6e7365f775[0m
[1m[1;34m[2026-09-03 19:46:30,335][0m [1m[1;30m[42m[INFO ][0m [1m[1;33m[jaison.py::469 _interrupt_jobs]:[0m Smart Barge-in: Interrupting and clearing queue due to: user_speaking_significant[0m
[1m[1;34m[2026-09-03 19:46:30,335][0m [1m[1;30m[42m[INFO ][0m [1m[1;33m[jaison.py::463 _clear_current_job]:[0m Job ccdd3e8a-f80a-4be2-af6d-aeddfd5da9f7 (response) is being cancelled due to: user_speaking_significant[0m
[1m[1;34m[2026-09-03 19:46:30,519][0m [1m[1;30m[42m[INFO ][0m [1m[1;33m[jaison.py::743 _process_job_loop]:[0m Job ccdd3e8a-f80a-4be2-af6d-aeddfd5da9f7 (response) was cancelled.[0m
[1m[1;34m[2026-09-03 19:46:30,589][0m [1m[1;30m[42m[INFO ][0m [1m[1;33m[jaison.py::430 create_job]:[0m Queued new context_conversation_add_text job 666ed28c-38e1-4295-9fd9-b6ae019b55a7[0m
[1m[1;34m[2026-09-03 19:46:30,589][0m [1m[1;30m[42m[INFO ][0m [1m[1;33m[jaison.py::430 create_job]:[0m Queued new response job 0eb9dcc0-def6-4881-ad63-fc486faca805[0m
[1m[1;34m[2026-09-03 19:46:31,355][0m [1m[1;30m[42m[INFO ][0m [1m[1;33m[operation.py::25 __call__]:[0m T2T operation llamacpp completed in 764.841299969703 ms[0m
[1m[1;34m[2026-09-03 19:46:32,819][0m [1m[1;30m[42m[INFO ][0m [1m[1;33m[operation.py::25 __call__]:[0m FILTER_AUDIO operation speaker completed in 0.4251999780535698 ms[0m
[1m[1;34m[2026-09-03 19:46:32,951][0m [1m[1;30m[42m[INFO ][0m [1m[1;33m[operation.py::25 __call__]:[0m FILTER_AUDIO operation speaker completed in 0.4645000444725156 ms[0m
[1m[1;34m[2026-09-03 19:46:33,010][0m [1m[1;30m[42m[INFO ][0m [1m[1;33m[operation.py::25 __call__]:[0m FILTER_AUDIO operation speaker completed in 0.502800103276968 ms[0m
[1m[1;34m[2026-09-03 19:46:33,161][0m [1m[1;30m[42m[INFO ][0m [1m[1;33m[operation.py::25 __call__]:[0m FILTER_AUDIO operation speaker completed in 0.6630999268963933 ms[0m
[1m[1;34m[2026-09-03 19:46:33,358][0m [1m[1;30m[42m[INFO ][0m [1m[1;33m[operation.py::25 __call__]:[0m TTS operation fish_audio completed in 1990.9464999800548 ms[0m
[1m[1;34m[2026-09-03 19:46:34,729][0m [1m[1;30m[42m[INFO ][0m [1m[1;33m[operation.py::25 __call__]:[0m FILTER_AUDIO operation speaker completed in 0.41770003736019135 ms[0m
[1m[1;34m[2026-09-03 19:46:34,807][0m [1m[1;30m[42m[INFO ][0m [1m[1;33m[operation.py::25 __call__]:[0m FILTER_AUDIO operation speaker completed in 0.4146000137552619 ms[0m
[1m[1;34m[2026-09-03 19:46:34,920][0m [1m[1;30m[42m[INFO ][0m [1m[1;33m[operation.py::25 __call__]:[0m FILTER_AUDIO operation speaker completed in 0.48459996469318867 ms[0m
[1m[1;34m[2026-09-03 19:46:35,140][0m [1m[1;30m[42m[INFO ][0m [1m[1;33m[operation.py::25 __call__]:[0m FILTER_AUDIO operation speaker completed in 1.4596000546589494 ms[0m
[1m[1;34m[2026-09-03 19:46:35,276][0m [1m[1;30m[42m[INFO ][0m [1m[1;33m[operation.py::25 __call__]:[0m FILTER_AUDIO operation speaker completed in 0.5131999496370554 ms[0m
[1m[1;34m[2026-09-03 19:46:35,465][0m [1m[1;30m[42m[INFO ][0m [1m[1;33m[operation.py::25 __call__]:[0m TTS operation fish_audio completed in 2107.287299935706 ms[0m
[1m[1;34m[2026-09-03 19:46:35,465][0m [1m[1;30m[42m[INFO ][0m [1m[1;33m[operation.py::25 __call__]:[0m FILTER_TEXT operation chunker_sentence completed in 4109.68870006036 ms[0m
[1m[1;34m[2026-09-03 19:46:35,465][0m [1m[1;30m[42m[INFO ][0m [1m[1;33m[operation.py::25 __call__]:[0m FILTER_TEXT operation filter_clean completed in 4109.7913000267 ms[0m
[1m[1;34m[2026-09-03 19:46:35,466][0m [1m[1;30m[42m[INFO ][0m [1m[1;33m[jaison.py::952 response_pipeline]:[0m Response job 0eb9dcc0-def6-4881-ad63-fc486faca805 completed. Content: 'Ох, как запутались! Расскажи, что случилось с этим люцинированием, не догадаюсь....'[0m
[2026-09-03 19:46:42 +0300] [40120] [INFO] 127.0.0.1:3403 POST /api/context/conversation/speech_start 1.1 200 71 506
[VAD] Голос! (Prob: 0.001, RMS: 0.0128) Завершена (1984ms, speech: 992ms).
[2026-09-03 19:46:42 +0300] [40120] [INFO] 127.0.0.1:3403 POST /api/context/conversation/audio 1.1 200 142 1512

[API] Фраза отправлена (63488 байт).
[1m[1;34m[2026-09-03 19:46:42,842][0m [1m[1;30m[42m[INFO ][0m [1m[1;33m[sherpa.py::320 _generate]:[0m Sherpa STT final: len=8 latency_ms=85 source=mic turn=a75c4b54-9168-484a-a95f-c019a9e9f113 utterance=b2341846-6b49-42cc-82e8-12b66e75806f[0m
[1m[1;34m[2026-09-03 19:46:42,842][0m [1m[1;30m[42m[INFO ][0m [1m[1;33m[jaison.py::469 _interrupt_jobs]:[0m Smart Barge-in: Interrupting and clearing queue due to: user_speaking_significant[0m
[1m[1;34m[2026-09-03 19:46:43,107][0m [1m[1;30m[42m[INFO ][0m [1m[1;33m[jaison.py::430 create_job]:[0m Queued new context_conversation_add_text job dae2d118-cab5-48a1-bff3-dfb6c686137d[0m
[1m[1;34m[2026-09-03 19:46:43,107][0m [1m[1;30m[42m[INFO ][0m [1m[1;33m[jaison.py::430 create_job]:[0m Queued new response job 3a15b017-074f-4deb-95fa-edde4d32e56e[0m
[1m[1;34m[2026-09-03 19:46:44,092][0m [1m[1;30m[42m[INFO ][0m [1m[1;33m[operation.py::25 __call__]:[0m T2T operation llamacpp completed in 983.8990999851376 ms[0m
[1m[1;34m[2026-09-03 19:46:45,636][0m [1m[1;30m[42m[INFO ][0m [1m[1;33m[operation.py::25 __call__]:[0m FILTER_AUDIO operation speaker completed in 0.5307000828906894 ms[0m
[1m[1;34m[2026-09-03 19:46:45,787][0m [1m[1;30m[42m[INFO ][0m [1m[1;33m[operation.py::25 __call__]:[0m FILTER_AUDIO operation speaker completed in 0.4830000689253211 ms[0m
[1m[1;34m[2026-09-03 19:46:45,806][0m [1m[1;30m[42m[INFO ][0m [1m[1;33m[operation.py::25 __call__]:[0m FILTER_AUDIO operation speaker completed in 0.13050006236881018 ms[0m
[1m[1;34m[2026-09-03 19:46:46,002][0m [1m[1;30m[42m[INFO ][0m [1m[1;33m[operation.py::25 __call__]:[0m TTS operation fish_audio completed in 1898.1035000178963 ms[0m
[1m[1;34m[2026-09-03 19:46:47,294][0m [1m[1;30m[42m[INFO ][0m [1m[1;33m[operation.py::25 __call__]:[0m FILTER_AUDIO operation speaker completed in 0.45380007941275835 ms[0m
[1m[1;34m[2026-09-03 19:46:47,378][0m [1m[1;30m[42m[INFO ][0m [1m[1;33m[operation.py::25 __call__]:[0m FILTER_AUDIO operation speaker completed in 0.4509999416768551 ms[0m
[1m[1;34m[2026-09-03 19:46:47,504][0m [1m[1;30m[42m[INFO ][0m [1m[1;33m[operation.py::25 __call__]:[0m FILTER_AUDIO operation speaker completed in 0.575499958358705 ms[0m
[1m[1;34m[2026-09-03 19:46:47,620][0m [1m[1;30m[42m[INFO ][0m [1m[1;33m[operation.py::25 __call__]:[0m FILTER_AUDIO operation speaker completed in 0.801999936811626 ms[0m
[1m[1;34m[2026-09-03 19:46:47,797][0m [1m[1;30m[42m[INFO ][0m [1m[1;33m[operation.py::25 __call__]:[0m TTS operation fish_audio completed in 1794.8843999765813 ms[0m
[1m[1;34m[2026-09-03 19:46:49,137][0m [1m[1;30m[42m[INFO ][0m [1m[1;33m[operation.py::25 __call__]:[0m FILTER_AUDIO operation speaker completed in 0.48269995022565126 ms[0m
[1m[1;34m[2026-09-03 19:46:49,215][0m [1m[1;30m[42m[INFO ][0m [1m[1;33m[operation.py::25 __call__]:[0m FILTER_AUDIO operation speaker completed in 0.4669999470934272 ms[0m
[1m[1;34m[2026-09-03 19:46:49,325][0m [1m[1;30m[42m[INFO ][0m [1m[1;33m[operation.py::25 __call__]:[0m FILTER_AUDIO operation speaker completed in 0.43400004506111145 ms[0m
[1m[1;34m[2026-09-03 19:46:49,614][0m [1m[1;30m[42m[INFO ][0m [1m[1;33m[operation.py::25 __call__]:[0m FILTER_AUDIO operation speaker completed in 1.2688999995589256 ms[0m
[1m[1;34m[2026-09-03 19:46:49,770][0m [1m[1;30m[42m[INFO ][0m [1m[1;33m[operation.py::25 __call__]:[0m FILTER_AUDIO operation speaker completed in 0.6500000599771738 ms[0m
[1m[1;34m[2026-09-03 19:46:49,959][0m [1m[1;30m[42m[INFO ][0m [1m[1;33m[operation.py::25 __call__]:[0m TTS operation fish_audio completed in 2161.958200042136 ms[0m
[1m[1;34m[2026-09-03 19:46:49,960][0m [1m[1;30m[42m[INFO ][0m [1m[1;33m[operation.py::25 __call__]:[0m FILTER_TEXT operation chunker_sentence completed in 5867.052800022066 ms[0m
[1m[1;34m[2026-09-03 19:46:49,960][0m [1m[1;30m[42m[INFO ][0m [1m[1;33m[operation.py::25 __call__]:[0m FILTER_TEXT operation filter_clean completed in 5867.151299957186 ms[0m
[1m[1;34m[2026-09-03 19:46:49,960][0m [1m[1;30m[42m[INFO ][0m [1m[1;33m[jaison.py::952 response_pipeline]:[0m Response job 3a15b017-074f-4deb-95fa-edde4d32e56e completed. Content: 'Как бело? Да так, как обычно — белым! Ну или, как ты говоришь, люцинированием....'[0m
[2026-09-03 19:46:56 +0300] [40120] [INFO] 127.0.0.1:3410 POST /api/context/conversation/speech_start 1.1 200 71 499
[VAD] Голос! (Prob: 0.001, RMS: 0.0207) Завершена (1504ms, speech: 768ms).
[2026-09-03 19:46:56 +0300] [40120] [INFO] 127.0.0.1:3410 POST /api/context/conversation/audio 1.1 200 142 0

[API] Фраза отправлена (48128 байт).
[1m[1;34m[2026-09-03 19:46:57,024][0m [1m[1;30m[42m[INFO ][0m [1m[1;33m[sherpa.py::320 _generate]:[0m Sherpa STT final: len=8 latency_ms=57 source=mic turn=3285464e-c244-4d26-a583-bd1f8efa9f4e utterance=4075d983-4f6f-420e-bb91-211ebd53e318[0m
[1m[1;34m[2026-09-03 19:46:57,024][0m [1m[1;30m[42m[INFO ][0m [1m[1;33m[jaison.py::469 _interrupt_jobs]:[0m Smart Barge-in: Interrupting and clearing queue due to: user_speaking_significant[0m
[1m[1;34m[2026-09-03 19:46:57,282][0m [1m[1;30m[42m[INFO ][0m [1m[1;33m[jaison.py::430 create_job]:[0m Queued new context_conversation_add_text job 82c50314-9219-438c-988f-15caa0a8100f[0m
[1m[1;34m[2026-09-03 19:46:57,282][0m [1m[1;30m[42m[INFO ][0m [1m[1;33m[jaison.py::430 create_job]:[0m Queued new response job a98a4656-c946-4c05-b936-c0c8d9ff98f4[0m
[1m[1;34m[2026-09-03 19:46:58,156][0m [1m[1;30m[42m[INFO ][0m [1m[1;33m[operation.py::25 __call__]:[0m T2T operation llamacpp completed in 873.2161999214441 ms[0m
[1m[1;34m[2026-09-03 19:47:00,553][0m [1m[1;30m[42m[INFO ][0m [1m[1;33m[operation.py::25 __call__]:[0m FILTER_AUDIO operation speaker completed in 0.6413999944925308 ms[0m
[1m[1;34m[2026-09-03 19:47:00,634][0m [1m[1;30m[42m[INFO ][0m [1m[1;33m[operation.py::25 __call__]:[0m FILTER_AUDIO operation speaker completed in 0.4152000183239579 ms[0m
[1m[1;34m[2026-09-03 19:47:00,745][0m [1m[1;30m[42m[INFO ][0m [1m[1;33m[operation.py::25 __call__]:[0m FILTER_AUDIO operation speaker completed in 0.5604999605566263 ms[0m
[1m[1;34m[2026-09-03 19:47:01,069][0m [1m[1;30m[42m[INFO ][0m [1m[1;33m[operation.py::25 __call__]:[0m FILTER_AUDIO operation speaker completed in 1.3331000227481127 ms[0m
[1m[1;34m[2026-09-03 19:47:01,665][0m [1m[1;30m[42m[INFO ][0m [1m[1;33m[operation.py::25 __call__]:[0m FILTER_AUDIO operation speaker completed in 2.4348999140784144 ms[0m
[1m[1;34m[2026-09-03 19:47:01,859][0m [1m[1;30m[42m[INFO ][0m [1m[1;33m[operation.py::25 __call__]:[0m TTS operation fish_audio completed in 3691.880700062029 ms[0m
[1m[1;34m[2026-09-03 19:47:03,197][0m [1m[1;30m[42m[INFO ][0m [1m[1;33m[operation.py::25 __call__]:[0m FILTER_AUDIO operation speaker completed in 0.43270003516227007 ms[0m
[1m[1;34m[2026-09-03 19:47:03,286][0m [1m[1;30m[42m[INFO ][0m [1m[1;33m[operation.py::25 __call__]:[0m FILTER_AUDIO operation speaker completed in 0.40790007915347815 ms[0m
[1m[1;34m[2026-09-03 19:47:03,362][0m [1m[1;30m[42m[INFO ][0m [1m[1;33m[operation.py::25 __call__]:[0m FILTER_AUDIO operation speaker completed in 0.3097999142482877 ms[0m
[1m[1;34m[2026-09-03 19:47:03,547][0m [1m[1;30m[42m[INFO ][0m [1m[1;33m[operation.py::25 __call__]:[0m TTS operation fish_audio completed in 1687.7869000891224 ms[0m
[1m[1;34m[2026-09-03 19:47:03,547][0m [1m[1;30m[42m[INFO ][0m [1m[1;33m[operation.py::25 __call__]:[0m FILTER_TEXT operation chunker_sentence completed in 5391.054600011557 ms[0m
[1m[1;34m[2026-09-03 19:47:03,547][0m [1m[1;30m[42m[INFO ][0m [1m[1;33m[operation.py::25 __call__]:[0m FILTER_TEXT operation filter_clean completed in 5391.150700044818 ms[0m
[1m[1;34m[2026-09-03 19:47:03,548][0m [1m[1;30m[42m[INFO ][0m [1m[1;33m[jaison.py::952 response_pipeline]:[0m Response job a98a4656-c946-4c05-b936-c0c8d9ff98f4 completed. Content: 'Дела как у белка в колесе — крутятся-крутятся, но куда идут — непонятно. А у тебя как?...'[0m
[VAD] Голос! (Prob: 0.001, RMS: 0.0092) Завершена (1152ms, speech: 416ms).
[2026-09-03 19:47:21 +0300] [40120] [INFO] 127.0.0.1:5186 POST /api/context/conversation/speech_start 1.1 200 71 1513
[2026-09-03 19:47:22 +0300] [40120] [INFO] 127.0.0.1:5191 POST /api/context/conversation/audio 1.1 200 142 996

[API] Фраза отправлена (36864 байт).
[1m[1;34m[2026-09-03 19:47:22,835][0m [1m[1;30m[42m[INFO ][0m [1m[1;33m[sherpa.py::320 _generate]:[0m Sherpa STT final: len=5 latency_ms=61 source=mic turn=0549022f-f741-4ed1-85c6-8e52a7791672 utterance=8f399b80-f873-4177-a5c3-c4a9ae615cb1[0m
[1m[1;34m[2026-09-03 19:47:22,835][0m [1m[1;30m[42m[INFO ][0m [1m[1;33m[jaison.py::1354 process_audio_immediate]:[0m Backchannel detected (no response): 'да да'[0m

[2026-09-03 19:47:25 +0300] [40120] [INFO] 127.0.0.1:5191 POST /api/context/conversation/speech_start 1.1 200 71 1024
[VAD] Голос! (Prob: 0.001, RMS: 0.0132) Завершена (2720ms, speech: 1792ms).
[2026-09-03 19:47:28 +0300] [40120] [INFO] 127.0.0.1:5191 POST /api/context/conversation/audio 1.1 200 142 1003

[API] Фраза отправлена (87040 байт).
[1m[1;34m[2026-09-03 19:47:28,329][0m [1m[1;30m[42m[INFO ][0m [1m[1;33m[sherpa.py::320 _generate]:[0m Sherpa STT final: len=33 latency_ms=102 source=mic turn=21bfc585-3baf-4aa0-b33f-b7255a352377 utterance=fb3edeb9-01c7-46a6-82a4-20ab33847a24[0m
[1m[1;34m[2026-09-03 19:47:28,329][0m [1m[1;30m[42m[INFO ][0m [1m[1;33m[jaison.py::469 _interrupt_jobs]:[0m Smart Barge-in: Interrupting and clearing queue due to: user_speaking_significant[0m
[1m[1;34m[2026-09-03 19:47:28,581][0m [1m[1;30m[42m[INFO ][0m [1m[1;33m[jaison.py::430 create_job]:[0m Queued new context_conversation_add_text job 7edffdff-b6c7-4cbe-a52c-50ec6411cfee[0m
[1m[1;34m[2026-09-03 19:47:28,581][0m [1m[1;30m[42m[INFO ][0m [1m[1;33m[jaison.py::430 create_job]:[0m Queued new response job fe2e5ba9-a1f1-45b6-a82f-8be510a43dac[0m
[1m[1;34m[2026-09-03 19:47:29,452][0m [1m[1;30m[42m[INFO ][0m [1m[1;33m[operation.py::25 __call__]:[0m T2T operation llamacpp completed in 869.9316999409348 ms[0m
[1m[1;34m[2026-09-03 19:47:30,777][0m [1m[1;30m[42m[INFO ][0m [1m[1;33m[operation.py::25 __call__]:[0m FILTER_AUDIO operation speaker completed in 0.5053000058978796 ms[0m
[1m[1;34m[2026-09-03 19:47:30,906][0m [1m[1;30m[42m[INFO ][0m [1m[1;33m[operation.py::25 __call__]:[0m FILTER_AUDIO operation speaker completed in 0.4124999977648258 ms[0m
[1m[1;34m[2026-09-03 19:47:30,910][0m [1m[1;30m[42m[INFO ][0m [1m[1;33m[operation.py::25 __call__]:[0m FILTER_AUDIO operation speaker completed in 0.058200093917548656 ms[0m
[1m[1;34m[2026-09-03 19:47:31,086][0m [1m[1;30m[42m[INFO ][0m [1m[1;33m[operation.py::25 __call__]:[0m TTS operation fish_audio completed in 1622.4566000746563 ms[0m
[1m[1;34m[2026-09-03 19:47:32,357][0m [1m[1;30m[42m[INFO ][0m [1m[1;33m[operation.py::25 __call__]:[0m FILTER_AUDIO operation speaker completed in 0.43830007780343294 ms[0m
[1m[1;34m[2026-09-03 19:47:32,887][0m [1m[1;30m[42m[INFO ][0m [1m[1;33m[operation.py::25 __call__]:[0m FILTER_AUDIO operation speaker completed in 0.4227999597787857 ms[0m
[1m[1;34m[2026-09-03 19:47:33,020][0m [1m[1;30m[42m[INFO ][0m [1m[1;33m[operation.py::25 __call__]:[0m FILTER_AUDIO operation speaker completed in 0.47640001866966486 ms[0m
[1m[1;34m[2026-09-03 19:47:33,027][0m [1m[1;30m[42m[INFO ][0m [1m[1;33m[operation.py::25 __call__]:[0m FILTER_AUDIO operation speaker completed in 0.09079999290406704 ms[0m
[1m[1;34m[2026-09-03 19:47:33,213][0m [1m[1;30m[42m[INFO ][0m [1m[1;33m[operation.py::25 __call__]:[0m TTS operation fish_audio completed in 2126.12629996147 ms[0m
[1m[1;34m[2026-09-03 19:47:34,563][0m [1m[1;30m[42m[INFO ][0m [1m[1;33m[operation.py::25 __call__]:[0m FILTER_AUDIO operation speaker completed in 0.41909993160516024 ms[0m
[1m[1;34m[2026-09-03 19:47:34,708][0m [1m[1;30m[42m[INFO ][0m [1m[1;33m[operation.py::25 __call__]:[0m FILTER_AUDIO operation speaker completed in 0.4285000031813979 ms[0m
[1m[1;34m[2026-09-03 19:47:34,821][0m [1m[1;30m[42m[INFO ][0m [1m[1;33m[operation.py::25 __call__]:[0m FILTER_AUDIO operation speaker completed in 0.4886999959126115 ms[0m
[1m[1;34m[2026-09-03 19:47:35,031][0m [1m[1;30m[42m[INFO ][0m [1m[1;33m[operation.py::25 __call__]:[0m FILTER_AUDIO operation speaker completed in 1.370999962091446 ms[0m
[1m[1;34m[2026-09-03 19:47:35,493][0m [1m[1;30m[42m[INFO ][0m [1m[1;33m[operation.py::25 __call__]:[0m FILTER_AUDIO operation speaker completed in 1.4579999260604382 ms[0m
[1m[1;34m[2026-09-03 19:47:35,691][0m [1m[1;30m[42m[INFO ][0m [1m[1;33m[operation.py::25 __call__]:[0m TTS operation fish_audio completed in 2478.2409999752417 ms[0m
[1m[1;34m[2026-09-03 19:47:35,691][0m [1m[1;30m[42m[INFO ][0m [1m[1;33m[operation.py::25 __call__]:[0m FILTER_TEXT operation chunker_sentence completed in 6239.4570000469685 ms[0m
[1m[1;34m[2026-09-03 19:47:35,692][0m [1m[1;30m[42m[INFO ][0m [1m[1;33m[operation.py::25 __call__]:[0m FILTER_TEXT operation filter_clean completed in 6239.572299993597 ms[0m
[1m[1;34m[2026-09-03 19:47:35,692][0m [1m[1;30m[42m[INFO ][0m [1m[1;33m[jaison.py::952 response_pipeline]:[0m Response job fe2e5ba9-a1f1-45b6-a82f-8be510a43dac completed. Content: 'Итогон? Ну что ж, в путь! Только сначала расскажи, откуда он взялся и что нам с ним делать....'[0m
[2026-09-03 19:47:53 +0300] [40120] [INFO] 127.0.0.1:7042 POST /api/context/conversation/speech_start 1.1 200 71 1004
[VAD] Голос! (Prob: 0.001, RMS: 0.0144) Завершена (3072ms, speech: 2048ms).
[2026-09-03 19:47:55 +0300] [40120] [INFO] 127.0.0.1:7042 POST /api/context/conversation/audio 1.1 200 142 507

[API] Фраза отправлена (98304 байт).
[1m[1;34m[2026-09-03 19:47:55,349][0m [1m[1;30m[42m[INFO ][0m [1m[1;33m[sherpa.py::320 _generate]:[0m Sherpa STT final: len=43 latency_ms=141 source=mic turn=cc4e55f7-4faa-45e2-a308-2a67b4bc53ae utterance=7176b2a0-8e83-45e1-99da-1a4cca790d33[0m
[1m[1;34m[2026-09-03 19:47:55,350][0m [1m[1;30m[42m[INFO ][0m [1m[1;33m[jaison.py::469 _interrupt_jobs]:[0m Smart Barge-in: Interrupting and clearing queue due to: user_speaking_significant[0m

[1m[1;34m[2026-09-03 19:47:55,605][0m [1m[1;30m[42m[INFO ][0m [1m[1;33m[jaison.py::430 create_job]:[0m Queued new context_conversation_add_text job 9ecd91ef-f50a-4fb9-8f00-f0a80621c55a[0m
[1m[1;34m[2026-09-03 19:47:55,605][0m [1m[1;30m[42m[INFO ][0m [1m[1;33m[jaison.py::430 create_job]:[0m Queued new response job e990773a-9e8a-49c2-8f45-5b27f2e21f56[0m
[2026-09-03 19:47:55 +0300] [40120] [INFO] 127.0.0.1:7042 POST /api/context/conversation/speech_start 1.1 200 71 1004
[1m[1;34m[2026-09-03 19:47:56,528][0m [1m[1;30m[42m[INFO ][0m [1m[1;33m[operation.py::25 __call__]:[0m T2T operation llamacpp completed in 921.4970000321046 ms[0m
[1m[1;34m[2026-09-03 19:47:57,854][0m [1m[1;30m[42m[INFO ][0m [1m[1;33m[operation.py::25 __call__]:[0m FILTER_AUDIO operation speaker completed in 0.4301000153645873 ms[0m
[1m[1;34m[2026-09-03 19:47:57,941][0m [1m[1;30m[42m[INFO ][0m [1m[1;33m[operation.py::25 __call__]:[0m FILTER_AUDIO operation speaker completed in 0.4325000336393714 ms[0m
[1m[1;34m[2026-09-03 19:47:58,069][0m [1m[1;30m[42m[INFO ][0m [1m[1;33m[operation.py::25 __call__]:[0m FILTER_AUDIO operation speaker completed in 0.5335999885573983 ms[0m
[1m[1;34m[2026-09-03 19:47:58,102][0m [1m[1;30m[42m[INFO ][0m [1m[1;33m[operation.py::25 __call__]:[0m FILTER_AUDIO operation speaker completed in 0.34929998219013214 ms[0m
[VAD] Голос! (Prob: 0.001, RMS: 0.0105) Завершена (2944ms, speech: 1536ms).
[2026-09-03 19:47:58 +0300] [40120] [INFO] 127.0.0.1:7042 POST /api/context/conversation/audio 1.1 200 142 1028

[API] Фраза отправлена (94208 байт).
[1m[1;34m[2026-09-03 19:47:58,261][0m [1m[1;30m[42m[INFO ][0m [1m[1;33m[sherpa.py::320 _generate]:[0m Sherpa STT final: len=28 latency_ms=114 source=mic turn=cc4e55f7-4faa-45e2-a308-2a67b4bc53ae utterance=c12bcd7e-4cd8-429c-be1a-738ec37a6236[0m
[1m[1;34m[2026-09-03 19:47:58,261][0m [1m[1;30m[42m[INFO ][0m [1m[1;33m[jaison.py::469 _interrupt_jobs]:[0m Smart Barge-in: Interrupting and clearing queue due to: user_speaking_significant[0m
[1m[1;34m[2026-09-03 19:47:58,261][0m [1m[1;30m[42m[INFO ][0m [1m[1;33m[jaison.py::463 _clear_current_job]:[0m Job e990773a-9e8a-49c2-8f45-5b27f2e21f56 (response) is being cancelled due to: user_speaking_significant[0m
[1m[1;34m[2026-09-03 19:47:58,262][0m [1m[1;30m[42m[INFO ][0m [1m[1;33m[jaison.py::743 _process_job_loop]:[0m Job e990773a-9e8a-49c2-8f45-5b27f2e21f56 (response) was cancelled.[0m
[1m[1;34m[2026-09-03 19:47:58,519][0m [1m[1;30m[42m[INFO ][0m [1m[1;33m[jaison.py::430 create_job]:[0m Queued new context_conversation_add_text job fc167753-1289-4d34-93d3-1dec344b0530[0m
[1m[1;34m[2026-09-03 19:47:58,519][0m [1m[1;30m[42m[INFO ][0m [1m[1;33m[jaison.py::430 create_job]:[0m Queued new response job 3db864e0-4dc4-4d1c-9d17-af71c18f67be[0m
[1m[1;34m[2026-09-03 19:47:59,195][0m [1m[1;30m[42m[INFO ][0m [1m[1;33m[operation.py::25 __call__]:[0m T2T operation llamacpp completed in 675.6601999513805 ms[0m
[1m[1;34m[2026-09-03 19:48:00,595][0m [1m[1;30m[42m[INFO ][0m [1m[1;33m[operation.py::25 __call__]:[0m FILTER_AUDIO operation speaker completed in 0.5312999710440636 ms[0m
[1m[1;34m[2026-09-03 19:48:00,745][0m [1m[1;30m[42m[INFO ][0m [1m[1;33m[operation.py::25 __call__]:[0m FILTER_AUDIO operation speaker completed in 0.44249999336898327 ms[0m
[1m[1;34m[2026-09-03 19:48:00,812][0m [1m[1;30m[42m[INFO ][0m [1m[1;33m[operation.py::25 __call__]:[0m FILTER_AUDIO operation speaker completed in 0.5041999975219369 ms[0m
[1m[1;34m[2026-09-03 19:48:00,830][0m [1m[1;30m[42m[INFO ][0m [1m[1;33m[operation.py::25 __call__]:[0m FILTER_AUDIO operation speaker completed in 0.1743000466376543 ms[0m
[1m[1;34m[2026-09-03 19:48:01,014][0m [1m[1;30m[42m[INFO ][0m [1m[1;33m[operation.py::25 __call__]:[0m TTS operation fish_audio completed in 1807.74229997769 ms[0m
[1m[1;34m[2026-09-03 19:48:02,391][0m [1m[1;30m[42m[INFO ][0m [1m[1;33m[operation.py::25 __call__]:[0m FILTER_AUDIO operation speaker completed in 0.41340000461786985 ms[0m
[1m[1;34m[2026-09-03 19:48:02,523][0m [1m[1;30m[42m[INFO ][0m [1m[1;33m[operation.py::25 __call__]:[0m FILTER_AUDIO operation speaker completed in 0.4480000352486968 ms[0m
[1m[1;34m[2026-09-03 19:48:02,593][0m [1m[1;30m[42m[INFO ][0m [1m[1;33m[operation.py::25 __call__]:[0m FILTER_AUDIO operation speaker completed in 0.4645999288186431 ms[0m
[1m[1;34m[2026-09-03 19:48:02,595][0m [1m[1;30m[42m[INFO ][0m [1m[1;33m[operation.py::25 __call__]:[0m FILTER_AUDIO operation speaker completed in 0.1066999975591898 ms[0m
[1m[1;34m[2026-09-03 19:48:02,781][0m [1m[1;30m[42m[INFO ][0m [1m[1;33m[operation.py::25 __call__]:[0m TTS operation fish_audio completed in 1767.2312000067905 ms[0m
[1m[1;34m[2026-09-03 19:48:04,184][0m [1m[1;30m[42m[INFO ][0m [1m[1;33m[operation.py::25 __call__]:[0m FILTER_AUDIO operation speaker completed in 0.5207000067457557 ms[0m
[1m[1;34m[2026-09-03 19:48:04,335][0m [1m[1;30m[42m[INFO ][0m [1m[1;33m[operation.py::25 __call__]:[0m FILTER_AUDIO operation speaker completed in 0.48889999743551016 ms[0m
[1m[1;34m[2026-09-03 19:48:04,451][0m [1m[1;30m[42m[INFO ][0m [1m[1;33m[operation.py::25 __call__]:[0m FILTER_AUDIO operation speaker completed in 0.47009997069835663 ms[0m
[1m[1;34m[2026-09-03 19:48:04,463][0m [1m[1;30m[42m[INFO ][0m [1m[1;33m[operation.py::25 __call__]:[0m FILTER_AUDIO operation speaker completed in 0.11340004857629538 ms[0m
[1m[1;34m[2026-09-03 19:48:04,643][0m [1m[1;30m[42m[INFO ][0m [1m[1;33m[operation.py::25 __call__]:[0m TTS operation fish_audio completed in 1861.2979999743402 ms[0m
[1m[1;34m[2026-09-03 19:48:06,032][0m [1m[1;30m[42m[INFO ][0m [1m[1;33m[operation.py::25 __call__]:[0m FILTER_AUDIO operation speaker completed in 0.4256999818608165 ms[0m
[1m[1;34m[2026-09-03 19:48:06,162][0m [1m[1;30m[42m[INFO ][0m [1m[1;33m[operation.py::25 __call__]:[0m FILTER_AUDIO operation speaker completed in 0.4276999970898032 ms[0m
[1m[1;34m[2026-09-03 19:48:06,219][0m [1m[1;30m[42m[INFO ][0m [1m[1;33m[operation.py::25 __call__]:[0m FILTER_AUDIO operation speaker completed in 0.43779995758086443 ms[0m
[1m[1;34m[2026-09-03 19:48:06,412][0m [1m[1;30m[42m[INFO ][0m [1m[1;33m[operation.py::25 __call__]:[0m TTS operation fish_audio completed in 1769.253500038758 ms[0m
[1m[1;34m[2026-09-03 19:48:06,412][0m [1m[1;30m[42m[INFO ][0m [1m[1;33m[operation.py::25 __call__]:[0m FILTER_TEXT operation chunker_sentence completed in 7216.890599927865 ms[0m
[1m[1;34m[2026-09-03 19:48:06,412][0m [1m[1;30m[42m[INFO ][0m [1m[1;33m[operation.py::25 __call__]:[0m FILTER_TEXT operation filter_clean completed in 7217.017500079237 ms[0m
[1m[1;34m[2026-09-03 19:48:06,413][0m [1m[1;30m[42m[INFO ][0m [1m[1;33m[jaison.py::952 response_pipeline]:[0m Response job 3db864e0-4dc4-4d1c-9d17-af71c18f67be completed. Content: 'Семнадцать страниц? Это ж целый роман! А что там написано? Поражает, конечно....'[0m
[VAD] Голос! (Prob: 0.001, RMS: 0.0085) Завершена (992ms, speech: 256ms).

[2026-09-03 19:48:28 +0300] [40120] [INFO] 127.0.0.1:7065 POST /api/context/conversation/speech_start 1.1 200 71 504
[2026-09-03 19:48:29 +0300] [40120] [INFO] 127.0.0.1:7066 POST /api/context/conversation/speech_start 1.1 200 71 1003
[2026-09-03 19:48:30 +0300] [40120] [INFO] 127.0.0.1:7067 POST /api/context/conversation/audio 1.1 200 142 0
[VAD] Голос! (Prob: 0.001, RMS: 0.0199)
[API] Фраза отправлена (31744 байт).
[1m[1;34m[2026-09-03 19:48:30,440][0m [1m[1;30m[42m[INFO ][0m [1m[1;33m[sherpa.py::320 _generate]:[0m Sherpa STT final: len=0 latency_ms=39 source=mic turn=d802ab65-7123-4333-8d78-bdffd1fce157 utterance=79e26b7b-2012-44f0-a05b-cd4c8ee813f1[0m
 Завершена (3040ms, speech: 2208ms).
[2026-09-03 19:48:31 +0300] [40120] [INFO] 127.0.0.1:7067 POST /api/context/conversation/audio 1.1 200 142 1007

[API] Фраза отправлена (97280 байт).
[1m[1;34m[2026-09-03 19:48:31,462][0m [1m[1;30m[42m[INFO ][0m [1m[1;33m[sherpa.py::320 _generate]:[0m Sherpa STT final: len=0 latency_ms=135 source=mic turn=38f77cb1-1a6f-4abc-a8b5-ac2aa782a013 utterance=38c96186-5399-4eca-92ad-0bb3e87d30a4[0m
[1m[1;34m[2026-09-03 19:48:31,463][0m [1m[1;30m[42m[INFO ][0m [1m[1;33m[jaison.py::255 _record_stt_metrics]:[0m STT metrics(window=20): avg_latency_ms=69 empty_rate=0.250 stop_cmd_recall=0.000[0m

[2026-09-03 19:48:32 +0300] [40120] [INFO] 127.0.0.1:7067 POST /api/context/conversation/speech_start 1.1 200 71 1006
[VAD] Голос! (Prob: 0.001, RMS: 0.0112) Завершена (2560ms, speech: 1152ms).
[2026-09-03 19:48:34 +0300] [40120] [INFO] 127.0.0.1:7067 POST /api/context/conversation/audio 1.1 200 142 1005

[API] Фраза отправлена (81920 байт).
[1m[1;34m[2026-09-03 19:48:35,002][0m [1m[1;30m[42m[INFO ][0m [1m[1;33m[sherpa.py::320 _generate]:[0m Sherpa STT final: len=35 latency_ms=115 source=mic turn=38f77cb1-1a6f-4abc-a8b5-ac2aa782a013 utterance=6b239b9e-5429-47d1-8118-ab8b52f988b3[0m
[1m[1;34m[2026-09-03 19:48:35,003][0m [1m[1;30m[42m[INFO ][0m [1m[1;33m[jaison.py::469 _interrupt_jobs]:[0m Smart Barge-in: Interrupting and clearing queue due to: user_speaking_significant[0m
[1m[1;34m[2026-09-03 19:48:35,266][0m [1m[1;30m[42m[INFO ][0m [1m[1;33m[jaison.py::430 create_job]:[0m Queued new context_conversation_add_text job caf3d46d-eca4-489d-8538-cac8526f33be[0m
[1m[1;34m[2026-09-03 19:48:35,266][0m [1m[1;30m[42m[INFO ][0m [1m[1;33m[jaison.py::430 create_job]:[0m Queued new response job f9d875a3-4e55-499e-a633-810559b543ad[0m
[1m[1;34m[2026-09-03 19:48:36,333][0m [1m[1;30m[42m[INFO ][0m [1m[1;33m[operation.py::25 __call__]:[0m T2T operation llamacpp completed in 1066.0892999731004 ms[0m
[1m[1;34m[2026-09-03 19:48:38,664][0m [1m[1;30m[42m[INFO ][0m [1m[1;33m[operation.py::25 __call__]:[0m FILTER_AUDIO operation speaker completed in 0.5640999879688025 ms[0m
[1m[1;34m[2026-09-03 19:48:38,807][0m [1m[1;30m[42m[INFO ][0m [1m[1;33m[operation.py::25 __call__]:[0m FILTER_AUDIO operation speaker completed in 0.4132000030949712 ms[0m
[1m[1;34m[2026-09-03 19:48:38,917][0m [1m[1;30m[42m[INFO ][0m [1m[1;33m[operation.py::25 __call__]:[0m FILTER_AUDIO operation speaker completed in 0.5618000868707895 ms[0m
[1m[1;34m[2026-09-03 19:48:38,923][0m [1m[1;30m[42m[INFO ][0m [1m[1;33m[operation.py::25 __call__]:[0m FILTER_AUDIO operation speaker completed in 0.1042000949382782 ms[0m
[1m[1;34m[2026-09-03 19:48:39,116][0m [1m[1;30m[42m[INFO ][0m [1m[1;33m[operation.py::25 __call__]:[0m TTS operation fish_audio completed in 2772.6033000508323 ms[0m
[1m[1;34m[2026-09-03 19:48:40,507][0m [1m[1;30m[42m[INFO ][0m [1m[1;33m[operation.py::25 __call__]:[0m FILTER_AUDIO operation speaker completed in 0.4382999613881111 ms[0m
[1m[1;34m[2026-09-03 19:48:40,587][0m [1m[1;30m[42m[INFO ][0m [1m[1;33m[operation.py::25 __call__]:[0m FILTER_AUDIO operation speaker completed in 0.4773000255227089 ms[0m
[1m[1;34m[2026-09-03 19:48:40,700][0m [1m[1;30m[42m[INFO ][0m [1m[1;33m[operation.py::25 __call__]:[0m FILTER_AUDIO operation speaker completed in 0.4675999516621232 ms[0m
[1m[1;34m[2026-09-03 19:48:40,720][0m [1m[1;30m[42m[INFO ][0m [1m[1;33m[operation.py::25 __call__]:[0m FILTER_AUDIO operation speaker completed in 0.18900004215538502 ms[0m
[1m[1;34m[2026-09-03 19:48:40,914][0m [1m[1;30m[42m[INFO ][0m [1m[1;33m[operation.py::25 __call__]:[0m TTS operation fish_audio completed in 1797.9698000708595 ms[0m
[1m[1;34m[2026-09-03 19:48:42,257][0m [1m[1;30m[42m[INFO ][0m [1m[1;33m[operation.py::25 __call__]:[0m FILTER_AUDIO operation speaker completed in 0.4218999529257417 ms[0m
[1m[1;34m[2026-09-03 19:48:42,345][0m [1m[1;30m[42m[INFO ][0m [1m[1;33m[operation.py::25 __call__]:[0m FILTER_AUDIO operation speaker completed in 0.5031999899074435 ms[0m
[1m[1;34m[2026-09-03 19:48:42,473][0m [1m[1;30m[42m[INFO ][0m [1m[1;33m[operation.py::25 __call__]:[0m FILTER_AUDIO operation speaker completed in 0.5687999073415995 ms[0m
[1m[1;34m[2026-09-03 19:48:42,715][0m [1m[1;30m[42m[INFO ][0m [1m[1;33m[operation.py::25 __call__]:[0m FILTER_AUDIO operation speaker completed in 1.1726999655365944 ms[0m
[1m[1;34m[2026-09-03 19:48:43,319][0m [1m[1;30m[42m[INFO ][0m [1m[1;33m[operation.py::25 __call__]:[0m FILTER_AUDIO operation speaker completed in 0.7637999951839447 ms[0m
[1m[1;34m[2026-09-03 19:48:43,500][0m [1m[1;30m[42m[INFO ][0m [1m[1;33m[operation.py::25 __call__]:[0m TTS operation fish_audio completed in 2585.8542000642046 ms[0m
[1m[1;34m[2026-09-03 19:48:43,500][0m [1m[1;30m[42m[INFO ][0m [1m[1;33m[operation.py::25 __call__]:[0m FILTER_TEXT operation chunker_sentence completed in 7167.33359999489 ms[0m
[1m[1;34m[2026-09-03 19:48:43,500][0m [1m[1;30m[42m[INFO ][0m [1m[1;33m[operation.py::25 __call__]:[0m FILTER_TEXT operation filter_clean completed in 7167.447000043467 ms[0m
[1m[1;34m[2026-09-03 19:48:43,501][0m [1m[1;30m[42m[INFO ][0m [1m[1;33m[jaison.py::952 response_pipeline]:[0m Response job f9d875a3-4e55-499e-a633-810559b543ad completed. Content: 'Периферийно чувствуешь? Что-то типа интуиции? Расскажи, что тебя тревожит, может, вместе разберемся....'[0m
[VAD] Голос! (Prob: 0.001, RMS: 0.0156) Завершена (1024ms, speech: 288ms).

[2026-09-03 19:48:45 +0300] [40120] [INFO] 127.0.0.1:7247 POST /api/context/conversation/speech_start 1.1 200 71 1001
[VAD] Голос! (Prob: 0.001, RMS: 0.0116) Завершена (768ms, speech: 288ms).
[2026-09-03 19:48:46 +0300] [40120] [INFO] 127.0.0.1:7247 POST /api/context/conversation/audio 1.1 200 142 2498

[API] Фраза отправлена (24576 байт).
[1m[1;34m[2026-09-03 19:48:46,081][0m [1m[1;30m[42m[INFO ][0m [1m[1;33m[sherpa.py::320 _generate]:[0m Sherpa STT final: len=0 latency_ms=33 source=mic turn=ce601c6f-ffe5-47fe-b071-9eb0b4c1c48e utterance=27b116d8-2ab5-43b0-a16b-09cbe0e5b30b[0m

[2026-09-03 19:48:46 +0300] [40120] [INFO] 127.0.0.1:7247 POST /api/context/conversation/speech_start 1.1 200 71 0
[VAD] Голос! (Prob: 0.001, RMS: 0.0137) Завершена (800ms, speech: 256ms).
[2026-09-03 19:48:46 +0300] [40120] [INFO] 127.0.0.1:7247 POST /api/context/conversation/audio 1.1 200 142 506

[API] Фраза отправлена (25600 байт).
[1m[1;34m[2026-09-03 19:48:46,814][0m [1m[1;30m[42m[INFO ][0m [1m[1;33m[sherpa.py::320 _generate]:[0m Sherpa STT final: len=0 latency_ms=29 source=mic turn=ce601c6f-ffe5-47fe-b071-9eb0b4c1c48e utterance=0c7eaa34-3165-4fab-8f68-a559c7fcafbe[0m
[2026-09-03 19:48:47 +0300] [40120] [INFO] 127.0.0.1:7250 POST /api/context/conversation/audio 1.1 200 142 1127

[API] Фраза отправлена (32768 байт).
[1m[1;34m[2026-09-03 19:48:47,392][0m [1m[1;30m[42m[INFO ][0m [1m[1;33m[sherpa.py::320 _generate]:[0m Sherpa STT final: len=0 latency_ms=36 source=mic turn=c38b2061-3413-4401-9560-9a00158acfce utterance=129ac0f5-2a28-4187-bba4-9210d5ff6ca8[0m

[2026-09-03 19:48:50 +0300] [40120] [INFO] 127.0.0.1:7250 POST /api/context/conversation/speech_start 1.1 200 71 505
[VAD] Голос! (Prob: 0.001, RMS: 0.0139) Завершена (1024ms, speech: 288ms).
[2026-09-03 19:48:51 +0300] [40120] [INFO] 127.0.0.1:7250 POST /api/context/conversation/audio 1.1 200 142 510

[API] Фраза отправлена (32768 байт).
[1m[1;34m[2026-09-03 19:48:51,242][0m [1m[1;30m[42m[INFO ][0m [1m[1;33m[sherpa.py::320 _generate]:[0m Sherpa STT final: len=0 latency_ms=35 source=mic turn=01aa7e9d-ba01-48b8-93b0-4625625ee149 utterance=f4aed849-f406-41ee-8f95-5762700f4041[0m

[2026-09-03 19:48:51 +0300] [40120] [INFO] 127.0.0.1:7250 POST /api/context/conversation/speech_start 1.1 200 71 0
[VAD] Голос! (Prob: 0.001, RMS: 0.0119) Завершена (1024ms, speech: 288ms).
[2026-09-03 19:48:52 +0300] [40120] [INFO] 127.0.0.1:7250 POST /api/context/conversation/audio 1.1 200 142 1005

[API] Фраза отправлена (32768 байт).
[1m[1;34m[2026-09-03 19:48:52,131][0m [1m[1;30m[42m[INFO ][0m [1m[1;33m[sherpa.py::320 _generate]:[0m Sherpa STT final: len=0 latency_ms=36 source=mic turn=01aa7e9d-ba01-48b8-93b0-4625625ee149 utterance=935ce669-5467-4446-bf50-18beddeec5eb[0m

[2026-09-03 19:48:52 +0300] [40120] [INFO] 127.0.0.1:7250 POST /api/context/conversation/speech_start 1.1 200 71 1004
[VAD] Голос! (Prob: 0.001, RMS: 0.0084) Завершена (1152ms, speech: 384ms).
[2026-09-03 19:48:53 +0300] [40120] [INFO] 127.0.0.1:7250 POST /api/context/conversation/audio 1.1 200 142 998

[API] Фраза отправлена (36864 байт).
[1m[1;34m[2026-09-03 19:48:53,502][0m [1m[1;30m[42m[INFO ][0m [1m[1;33m[sherpa.py::320 _generate]:[0m Sherpa STT final: len=5 latency_ms=56 source=mic turn=01aa7e9d-ba01-48b8-93b0-4625625ee149 utterance=21d31792-a689-4895-96b6-6c5109bfd639[0m
[1m[1;34m[2026-09-03 19:48:53,502][0m [1m[1;30m[42m[INFO ][0m [1m[1;33m[jaison.py::469 _interrupt_jobs]:[0m Smart Barge-in: Interrupting and clearing queue due to: user_speaking_significant[0m
[1m[1;34m[2026-09-03 19:48:53,759][0m [1m[1;30m[42m[INFO ][0m [1m[1;33m[jaison.py::430 create_job]:[0m Queued new context_conversation_add_text job 87609abe-b566-4ffc-83fa-8172756d72cd[0m
[1m[1;34m[2026-09-03 19:48:53,759][0m [1m[1;30m[42m[INFO ][0m [1m[1;33m[jaison.py::430 create_job]:[0m Queued new response job f12c7927-7be7-43c0-b241-0cef18d91bdb[0m
[1m[1;34m[2026-09-03 19:48:54,478][0m [1m[1;30m[42m[INFO ][0m [1m[1;33m[operation.py::25 __call__]:[0m T2T operation llamacpp completed in 717.627799953334 ms[0m
[1m[1;34m[2026-09-03 19:48:55,817][0m [1m[1;30m[42m[INFO ][0m [1m[1;33m[operation.py::25 __call__]:[0m FILTER_AUDIO operation speaker completed in 0.42799999937415123 ms[0m
[1m[1;34m[2026-09-03 19:48:55,890][0m [1m[1;30m[42m[INFO ][0m [1m[1;33m[operation.py::25 __call__]:[0m FILTER_AUDIO operation speaker completed in 0.38109999150037766 ms[0m
[1m[1;34m[2026-09-03 19:48:56,074][0m [1m[1;30m[42m[INFO ][0m [1m[1;33m[operation.py::25 __call__]:[0m TTS operation fish_audio completed in 1585.1728999987245 ms[0m
[1m[1;34m[2026-09-03 19:48:57,308][0m [1m[1;30m[42m[INFO ][0m [1m[1;33m[operation.py::25 __call__]:[0m FILTER_AUDIO operation speaker completed in 0.4464999074116349 ms[0m
[1m[1;34m[2026-09-03 19:48:57,451][0m [1m[1;30m[42m[INFO ][0m [1m[1;33m[operation.py::25 __call__]:[0m FILTER_AUDIO operation speaker completed in 0.4146000137552619 ms[0m
[1m[1;34m[2026-09-03 19:48:57,569][0m [1m[1;30m[42m[INFO ][0m [1m[1;33m[operation.py::25 __call__]:[0m FILTER_AUDIO operation speaker completed in 0.6350999465212226 ms[0m
[1m[1;34m[2026-09-03 19:48:57,833][0m [1m[1;30m[42m[INFO ][0m [1m[1;33m[operation.py::25 __call__]:[0m FILTER_AUDIO operation speaker completed in 1.3521000510081649 ms[0m
[1m[1;34m[2026-09-03 19:48:58,011][0m [1m[1;30m[42m[INFO ][0m [1m[1;33m[operation.py::25 __call__]:[0m TTS operation fish_audio completed in 1937.1941999997944 ms[0m
[1m[1;34m[2026-09-03 19:48:59,335][0m [1m[1;30m[42m[INFO ][0m [1m[1;33m[operation.py::25 __call__]:[0m FILTER_AUDIO operation speaker completed in 0.4051999421790242 ms[0m
[1m[1;34m[2026-09-03 19:48:59,420][0m [1m[1;30m[42m[INFO ][0m [1m[1;33m[operation.py::25 __call__]:[0m FILTER_AUDIO operation speaker completed in 0.4168000305071473 ms[0m
[1m[1;34m[2026-09-03 19:48:59,923][0m [1m[1;30m[42m[INFO ][0m [1m[1;33m[operation.py::25 __call__]:[0m FILTER_AUDIO operation speaker completed in 0.47470000572502613 ms[0m
[1m[1;34m[2026-09-03 19:49:00,080][0m [1m[1;30m[42m[INFO ][0m [1m[1;33m[operation.py::25 __call__]:[0m FILTER_AUDIO operation speaker completed in 1.1618999997153878 ms[0m
[1m[1;34m[2026-09-03 19:49:00,260][0m [1m[1;30m[42m[INFO ][0m [1m[1;33m[operation.py::25 __call__]:[0m TTS operation fish_audio completed in 2248.4177000587806 ms[0m
[1m[1;34m[2026-09-03 19:49:00,261][0m [1m[1;30m[42m[INFO ][0m [1m[1;33m[operation.py::25 __call__]:[0m FILTER_TEXT operation chunker_sentence completed in 5782.692900043912 ms[0m
[1m[1;34m[2026-09-03 19:49:00,261][0m [1m[1;30m[42m[INFO ][0m [1m[1;33m[operation.py::25 __call__]:[0m FILTER_TEXT operation filter_clean completed in 5782.80609997455 ms[0m
[1m[1;34m[2026-09-03 19:49:00,262][0m [1m[1;30m[42m[INFO ][0m [1m[1;33m[jaison.py::952 response_pipeline]:[0m Response job f12c7927-7be7-43c0-b241-0cef18d91bdb completed. Content: 'И что? Неужели ты наконец-то решилась поделиться? Что-то интересное, должно быть!...'[0m
[2026-09-03 19:49:01 +0300] [40120] [INFO] 127.0.0.1:3486 POST /api/context/conversation/speech_start 1.1 200 71 0
[VAD] Голос! (Prob: 0.001, RMS: 0.0144) Завершена (1664ms, speech: 576ms).
[2026-09-03 19:49:02 +0300] [40120] [INFO] 127.0.0.1:3486 POST /api/context/conversation/audio 1.1 200 142 999

[API] Фраза отправлена (53248 байт).
[1m[1;34m[2026-09-03 19:49:02,109][0m [1m[1;30m[42m[INFO ][0m [1m[1;33m[sherpa.py::320 _generate]:[0m Sherpa STT final: len=0 latency_ms=63 source=mic turn=28716c0c-f75b-41f9-8fa0-b0f874b5815a utterance=f841a259-1ea5-41df-b603-28d5758486a0[0m

[2026-09-03 19:49:02 +0300] [40120] [INFO] 127.0.0.1:3486 POST /api/context/conversation/speech_start 1.1 200 71 1003
[VAD] Голос! (Prob: 0.001, RMS: 0.0122) Завершена (992ms, speech: 256ms).
[2026-09-03 19:49:02 +0300] [40120] [INFO] 127.0.0.1:3486 POST /api/context/conversation/audio 1.1 200 142 505

[API] Фраза отправлена (31744 байт).
[1m[1;34m[2026-09-03 19:49:02,921][0m [1m[1;30m[42m[INFO ][0m [1m[1;33m[sherpa.py::320 _generate]:[0m Sherpa STT final: len=0 latency_ms=36 source=mic turn=28716c0c-f75b-41f9-8fa0-b0f874b5815a utterance=0eb045c1-5c96-4fa8-ab2f-3be8a34b2658[0m

[2026-09-03 19:49:04 +0300] [40120] [INFO] 127.0.0.1:3486 POST /api/context/conversation/speech_start 1.1 200 71 0
[VAD] Голос! (Prob: 0.001, RMS: 0.0110) Завершена (992ms, speech: 256ms).
[2026-09-03 19:49:04 +0300] [40120] [INFO] 127.0.0.1:3486 POST /api/context/conversation/audio 1.1 200 142 1017

[API] Фраза отправлена (31744 байт).
[1m[1;34m[2026-09-03 19:49:04,643][0m [1m[1;30m[42m[INFO ][0m [1m[1;33m[sherpa.py::320 _generate]:[0m Sherpa STT final: len=0 latency_ms=36 source=mic turn=28716c0c-f75b-41f9-8fa0-b0f874b5815a utterance=493ed053-6e57-496a-b94c-6ea23514740e[0m
[2026-09-03 19:49:09 +0300] [40120] [INFO] 127.0.0.1:3486 POST /api/context/conversation/speech_start 1.1 200 71 498
[VAD] Голос! (Prob: 0.001, RMS: 0.0115) Завершена (960ms, speech: 224ms).
[2026-09-03 19:49:09 +0300] [40120] [INFO] 127.0.0.1:3486 POST /api/context/conversation/audio 1.1 200 142 504

[API] Фраза отправлена (30720 байт).
[1m[1;34m[2026-09-03 19:49:09,989][0m [1m[1;30m[42m[INFO ][0m [1m[1;33m[sherpa.py::320 _generate]:[0m Sherpa STT final: len=0 latency_ms=33 source=mic turn=d1b97764-82bd-4aea-b322-29e3613a925c utterance=3b7ecf6a-f3dc-439d-9cf7-2a73b55d4360[0m

[2026-09-03 19:49:10 +0300] [40120] [INFO] 127.0.0.1:3486 POST /api/context/conversation/speech_start 1.1 200 71 502
[VAD] Голос! (Prob: 0.001, RMS: 0.0123) Завершена (960ms, speech: 224ms).
[2026-09-03 19:49:11 +0300] [40120] [INFO] 127.0.0.1:3486 POST /api/context/conversation/audio 1.1 200 142 503

[API] Фраза отправлена (30720 байт).
[1m[1;34m[2026-09-03 19:49:11,433][0m [1m[1;30m[42m[INFO ][0m [1m[1;33m[sherpa.py::320 _generate]:[0m Sherpa STT final: len=0 latency_ms=37 source=mic turn=d1b97764-82bd-4aea-b322-29e3613a925c utterance=931f7608-3683-41e8-b368-eb2d1b23445f[0m
[VAD] Голос! (Prob: 0.001, RMS: 0.0142) Завершена (992ms, speech: 256ms).
[2026-09-03 19:49:12 +0300] [40120] [INFO] 127.0.0.1:3486 POST /api/context/conversation/audio 1.1 200 142 505

[API] Фраза отправлена (31744 байт).
[1m[1;34m[2026-09-03 19:49:12,359][0m [1m[1;30m[42m[INFO ][0m [1m[1;33m[sherpa.py::320 _generate]:[0m Sherpa STT final: len=0 latency_ms=33 source=mic turn=d1b97764-82bd-4aea-b322-29e3613a925c utterance=926d56ac-03a8-4180-b26a-9b2a6e0ba48b[0m

[2026-09-03 19:49:12 +0300] [40120] [INFO] 127.0.0.1:3486 POST /api/context/conversation/speech_start 1.1 200 71 1003
[VAD] Голос! (Prob: 0.001, RMS: 0.0115) Завершена (1152ms, speech: 512ms).
[2026-09-03 19:49:13 +0300] [40120] [INFO] 127.0.0.1:3486 POST /api/context/conversation/audio 1.1 200 142 0

[API] Фраза отправлена (36864 байт).
[1m[1;34m[2026-09-03 19:49:13,433][0m [1m[1;30m[42m[INFO ][0m [1m[1;33m[sherpa.py::320 _generate]:[0m Sherpa STT final: len=0 latency_ms=56 source=mic turn=d1b97764-82bd-4aea-b322-29e3613a925c utterance=7f7babce-3f09-4375-a483-15d5ade390eb[0m

[2026-09-03 19:49:14 +0300] [40120] [INFO] 127.0.0.1:3486 POST /api/context/conversation/speech_start 1.1 200 71 0
[VAD] Голос! (Prob: 0.001, RMS: 0.0077) Завершена (896ms, speech: 160ms).
[2026-09-03 19:49:14 +0300] [40120] [INFO] 127.0.0.1:3486 POST /api/context/conversation/audio 1.1 200 142 504

[API] Фраза отправлена (28672 байт).
[1m[1;34m[2026-09-03 19:49:14,823][0m [1m[1;30m[42m[INFO ][0m [1m[1;33m[sherpa.py::320 _generate]:[0m Sherpa STT final: len=0 latency_ms=37 source=mic turn=d1b97764-82bd-4aea-b322-29e3613a925c utterance=5efe4665-4644-4759-8806-016e94a719b6[0m

[2026-09-03 19:49:18 +0300] [40120] [INFO] 127.0.0.1:3486 POST /api/context/conversation/speech_start 1.1 200 71 500
[VAD] Голос! (Prob: 0.001, RMS: 0.0106) Завершена (960ms, speech: 224ms).
[2026-09-03 19:49:19 +0300] [40120] [INFO] 127.0.0.1:3486 POST /api/context/conversation/audio 1.1 200 142 507

[API] Фраза отправлена (30720 байт).
[1m[1;34m[2026-09-03 19:49:19,305][0m [1m[1;30m[42m[INFO ][0m [1m[1;33m[sherpa.py::320 _generate]:[0m Sherpa STT final: len=0 latency_ms=38 source=mic turn=0b5d0889-8007-4149-ab00-41002d1d5111 utterance=43ab2725-4182-4413-abe5-59d14296be05[0m

[VAD] Голос! (Prob: 0.001, RMS: 0.0080) Завершена (1152ms, speech: 544ms).
[2026-09-03 19:49:20 +0300] [40120] [INFO] 127.0.0.1:3486 POST /api/context/conversation/audio 1.1 200 142 530

[API] Фраза отправлена (36864 байт).
[1m[1;34m[2026-09-03 19:49:20,387][0m [1m[1;30m[42m[INFO ][0m [1m[1;33m[sherpa.py::320 _generate]:[0m Sherpa STT final: len=0 latency_ms=61 source=mic turn=0b5d0889-8007-4149-ab00-41002d1d5111 utterance=c4b5cf4e-1b95-40d0-a9b0-f5b6d684ed09[0m

[2026-09-03 19:49:21 +0300] [40120] [INFO] 127.0.0.1:3486 POST /api/context/conversation/speech_start 1.1 200 71 1004
[VAD] Голос! (Prob: 0.001, RMS: 0.0082) Завершена (1024ms, speech: 288ms).
[2026-09-03 19:49:22 +0300] [40120] [INFO] 127.0.0.1:3486 POST /api/context/conversation/audio 1.1 200 142 1005

[API] Фраза отправлена (32768 байт).

[1m[1;34m[2026-09-03 19:49:22,564][0m [1m[1;30m[42m[INFO ][0m [1m[1;33m[sherpa.py::320 _generate]:[0m Sherpa STT final: len=0 latency_ms=36 source=mic turn=0b5d0889-8007-4149-ab00-41002d1d5111 utterance=09c733d1-99b1-46ee-a5e9-c482a41639b9[0m
[VAD] Голос! (Prob: 0.001, RMS: 0.0158) Завершена (1376ms, speech: 608ms).
[2026-09-03 19:49:23 +0300] [40120] [INFO] 127.0.0.1:3486 POST /api/context/conversation/audio 1.1 200 142 505

[API] Фраза отправлена (44032 байт).

[1m[1;34m[2026-09-03 19:49:23,947][0m [1m[1;30m[42m[INFO ][0m [1m[1;33m[sherpa.py::320 _generate]:[0m Sherpa STT final: len=0 latency_ms=69 source=mic turn=0b5d0889-8007-4149-ab00-41002d1d5111 utterance=0baced21-9f22-4400-9f68-75ca3e55a21e[0m
[2026-09-03 19:49:24 +0300] [40120] [INFO] 127.0.0.1:3486 POST /api/context/conversation/speech_start 1.1 200 71 0
[VAD] Голос! (Prob: 0.001, RMS: 0.0091) Завершена (1536ms, speech: 576ms).
[2026-09-03 19:49:25 +0300] [40120] [INFO] 127.0.0.1:3486 POST /api/context/conversation/audio 1.1 200 142 1175

[API] Фраза отправлена (49152 байт).
[1m[1;34m[2026-09-03 19:49:25,402][0m [1m[1;30m[42m[INFO ][0m [1m[1;33m[sherpa.py::320 _generate]:[0m Sherpa STT final: len=0 latency_ms=55 source=mic turn=0b5d0889-8007-4149-ab00-41002d1d5111 utterance=af3ef50b-354b-474e-8029-9969adcda982[0m
[1m[1;34m[2026-09-03 19:49:25,403][0m [1m[1;30m[42m[INFO ][0m [1m[1;33m[jaison.py::255 _record_stt_metrics]:[0m STT metrics(window=40): avg_latency_ms=57 empty_rate=0.575 stop_cmd_recall=0.000[0m
[2026-09-03 19:49:46 +0300] [40120] [INFO] 127.0.0.1:4279 POST /api/context/conversation/speech_start 1.1 200 71 1510
[VAD] Голос! (Prob: 0.001, RMS: 0.0075) Завершена (1568ms, speech: 608ms).
[2026-09-03 19:49:46 +0300] [40120] [INFO] 127.0.0.1:4279 POST /api/context/conversation/audio 1.1 200 142 0

[API] Фраза отправлена (50176 байт).
[1m[1;34m[2026-09-03 19:49:46,725][0m [1m[1;30m[42m[INFO ][0m [1m[1;33m[sherpa.py::320 _generate]:[0m Sherpa STT final: len=6 latency_ms=68 source=mic turn=9a47e94e-193e-4255-8e9b-8baa47f4978e utterance=ad3e3319-1e7b-49cd-b54c-33e15df6c396[0m
[1m[1;34m[2026-09-03 19:49:46,981][0m [1m[1;30m[42m[INFO ][0m [1m[1;33m[jaison.py::430 create_job]:[0m Queued new context_conversation_add_text job 6d6bcd1d-281a-45e4-8c4d-50a25d5e85fe[0m
[1m[1;34m[2026-09-03 19:49:46,981][0m [1m[1;30m[42m[INFO ][0m [1m[1;33m[jaison.py::568 _commit_pending_voice_turn]:[0m Voice turn committed as context-only (no RESPONSE job).[0m

[2026-09-03 19:49:49 +0300] [40120] [INFO] 127.0.0.1:4279 POST /api/context/conversation/speech_start 1.1 200 71 499
[VAD] Голос! (Prob: 0.001, RMS: 0.0118) Завершена (928ms, speech: 192ms).
[2026-09-03 19:49:50 +0300] [40120] [INFO] 127.0.0.1:4279 POST /api/context/conversation/audio 1.1 200 142 0

[API] Фраза отправлена (29696 байт).
[1m[1;34m[2026-09-03 19:49:50,252][0m [1m[1;30m[42m[INFO ][0m [1m[1;33m[sherpa.py::320 _generate]:[0m Sherpa STT final: len=0 latency_ms=36 source=mic turn=7b990412-e30f-47fd-aa63-55d31036f43b utterance=44c6774c-41df-44f6-bc3b-11aa3e4586c7[0m
[VAD] Голос! (Prob: 0.001, RMS: 0.0140) Завершена (992ms, speech: 256ms).
[2026-09-03 19:50:33 +0300] [40120] [INFO] 127.0.0.1:4314 POST /api/context/conversation/speech_start 1.1 200 71 1019
[2026-09-03 19:50:35 +0300] [40120] [INFO] 127.0.0.1:4315 POST /api/context/conversation/audio 1.1 200 142 505

[API] Фраза отправлена (31744 байт).
[1m[1;34m[2026-09-03 19:50:35,453][0m [1m[1;30m[42m[INFO ][0m [1m[1;33m[sherpa.py::320 _generate]:[0m Sherpa STT final: len=0 latency_ms=36 source=mic turn=c147c214-73ff-4182-bad1-011c5391295b utterance=265d1dfb-c08e-4fdb-bec7-e3b3cfd0385a[0m
[2026-09-03 19:51:17 +0300] [40120] [INFO] 127.0.0.1:4327 POST /api/context/conversation/speech_start 1.1 200 71 507
[VAD] Голос! (Prob: 0.001, RMS: 0.0094) Завершена (1760ms, speech: 1024ms).
[2026-09-03 19:51:17 +0300] [40120] [INFO] 127.0.0.1:4327 POST /api/context/conversation/audio 1.1 200 142 505

[API] Фраза отправлена (56320 байт).
[1m[1;34m[2026-09-03 19:51:17,943][0m [1m[1;30m[42m[INFO ][0m [1m[1;33m[sherpa.py::320 _generate]:[0m Sherpa STT final: len=21 latency_ms=96 source=mic turn=52e25a71-c55c-44d6-901e-2efa8157ff33 utterance=baf19ab3-913c-43b8-bc3c-8e5b526ecd09[0m
[1m[1;34m[2026-09-03 19:51:17,943][0m [1m[1;30m[42m[INFO ][0m [1m[1;33m[jaison.py::469 _interrupt_jobs]:[0m Smart Barge-in: Interrupting and clearing queue due to: user_speaking_significant[0m

[2026-09-03 19:51:18 +0300] [40120] [INFO] 127.0.0.1:4327 POST /api/context/conversation/speech_start 1.1 200 71 1012
[VAD] Голос! (Prob: 0.001, RMS: 0.0107) Завершена (2176ms, speech: 800ms).
[2026-09-03 19:51:19 +0300] [40120] [INFO] 127.0.0.1:4327 POST /api/context/conversation/audio 1.1 200 142 999

[API] Фраза отправлена (69632 байт).

[1m[1;34m[2026-09-03 19:51:19,987][0m [1m[1;30m[42m[INFO ][0m [1m[1;33m[sherpa.py::320 _generate]:[0m Sherpa STT final: len=15 latency_ms=92 source=mic turn=52e25a71-c55c-44d6-901e-2efa8157ff33 utterance=139d50b2-cd21-4b13-a12e-7b5354ed0b50[0m
[1m[1;34m[2026-09-03 19:51:19,988][0m [1m[1;30m[42m[INFO ][0m [1m[1;33m[jaison.py::469 _interrupt_jobs]:[0m Smart Barge-in: Interrupting and clearing queue due to: user_speaking_significant[0m
[2026-09-03 19:51:20 +0300] [40120] [INFO] 127.0.0.1:4327 POST /api/context/conversation/speech_start 1.1 200 71 504
[VAD] Голос! (Prob: 0.001, RMS: 0.0080) Завершена (1056ms, speech: 288ms).
[2026-09-03 19:51:20 +0300] [40120] [INFO] 127.0.0.1:4327 POST /api/context/conversation/audio 1.1 200 142 504

[API] Фраза отправлена (33792 байт).
[1m[1;34m[2026-09-03 19:51:20,955][0m [1m[1;30m[42m[INFO ][0m [1m[1;33m[sherpa.py::320 _generate]:[0m Sherpa STT final: len=0 latency_ms=40 source=mic turn=52e25a71-c55c-44d6-901e-2efa8157ff33 utterance=684f9c76-75e1-409b-818f-7229c6c8f015[0m

[VAD] Голос! (Prob: 0.001, RMS: 0.0080) Завершена (864ms, speech: 128ms).
[2026-09-03 19:51:21 +0300] [40120] [INFO] 127.0.0.1:4327 POST /api/context/conversation/audio 1.1 200 142 1505

[API] Фраза отправлена (27648 байт).
[1m[1;34m[2026-09-03 19:51:22,013][0m [1m[1;30m[42m[INFO ][0m [1m[1;33m[sherpa.py::320 _generate]:[0m Sherpa STT final: len=0 latency_ms=37 source=mic turn=52e25a71-c55c-44d6-901e-2efa8157ff33 utterance=6111dca0-a843-4e64-85da-96304b41b5bf[0m

[2026-09-03 19:51:22 +0300] [40120] [INFO] 127.0.0.1:4327 POST /api/context/conversation/speech_start 1.1 200 71 506
[VAD] Голос! (Prob: 0.001, RMS: 0.0100) Завершена (1696ms, speech: 768ms).
[2026-09-03 19:51:23 +0300] [40120] [INFO] 127.0.0.1:4327 POST /api/context/conversation/audio 1.1 200 142 501

[API] Фраза отправлена (54272 байт).
[1m[1;34m[2026-09-03 19:51:24,048][0m [1m[1;30m[42m[INFO ][0m [1m[1;33m[sherpa.py::320 _generate]:[0m Sherpa STT final: len=8 latency_ms=64 source=mic turn=52e25a71-c55c-44d6-901e-2efa8157ff33 utterance=f88ed1ed-9a30-44ff-a643-b9986054d191[0m
[1m[1;34m[2026-09-03 19:51:24,049][0m [1m[1;30m[42m[INFO ][0m [1m[1;33m[jaison.py::430 create_job]:[0m Queued new context_conversation_add_text job be3ab303-c02a-4661-b762-985d3916f9da[0m
[1m[1;34m[2026-09-03 19:51:24,049][0m [1m[1;30m[42m[INFO ][0m [1m[1;33m[jaison.py::430 create_job]:[0m Queued new response job b67b20f5-1f71-4fe6-9511-3918d8c8e671[0m
[1m[1;34m[2026-09-03 19:51:24,302][0m [1m[1;30m[42m[INFO ][0m [1m[1;33m[jaison.py::430 create_job]:[0m Queued new context_conversation_add_text job ddca347b-2731-404a-900e-b7c45f9cc2f6[0m
[1m[1;34m[2026-09-03 19:51:24,302][0m [1m[1;30m[42m[INFO ][0m [1m[1;33m[jaison.py::568 _commit_pending_voice_turn]:[0m Voice turn committed as context-only (no RESPONSE job).[0m

[2026-09-03 19:51:24 +0300] [40120] [INFO] 127.0.0.1:4327 POST /api/context/conversation/speech_start 1.1 200 71 2016
[1m[1;34m[2026-09-03 19:51:24,788][0m [1m[1;30m[42m[INFO ][0m [1m[1;33m[operation.py::25 __call__]:[0m T2T operation llamacpp completed in 738.0045999307185 ms[0m
[VAD] Голос! (Prob: 0.001, RMS: 0.0104) Завершена (1344ms, speech: 544ms).
[2026-09-03 19:51:25 +0300] [40120] [INFO] 127.0.0.1:4327 POST /api/context/conversation/audio 1.1 200 142 1003

[API] Фраза отправлена (43008 байт).
[1m[1;34m[2026-09-03 19:51:25,489][0m [1m[1;30m[42m[INFO ][0m [1m[1;33m[sherpa.py::320 _generate]:[0m Sherpa STT final: len=11 latency_ms=63 source=mic turn=52e25a71-c55c-44d6-901e-2efa8157ff33 utterance=fa771dc0-54bf-4773-8191-52ebfea4c68f[0m
[1m[1;34m[2026-09-03 19:51:25,489][0m [1m[1;30m[42m[INFO ][0m [1m[1;33m[jaison.py::469 _interrupt_jobs]:[0m Smart Barge-in: Interrupting and clearing queue due to: user_speaking_significant[0m
[1m[1;34m[2026-09-03 19:51:25,489][0m [1m[1;30m[42m[INFO ][0m [1m[1;33m[jaison.py::463 _clear_current_job]:[0m Job b67b20f5-1f71-4fe6-9511-3918d8c8e671 (response) is being cancelled due to: user_speaking_significant[0m
[1m[1;34m[2026-09-03 19:51:25,490][0m [1m[1;30m[42m[INFO ][0m [1m[1;33m[jaison.py::743 _process_job_loop]:[0m Job b67b20f5-1f71-4fe6-9511-3918d8c8e671 (response) was cancelled.[0m
[1m[1;34m[2026-09-03 19:51:25,745][0m [1m[1;30m[42m[INFO ][0m [1m[1;33m[jaison.py::430 create_job]:[0m Queued new context_conversation_add_text job 7e477fb5-daef-4b94-b998-36bb075d4a0c[0m
[1m[1;34m[2026-09-03 19:51:25,745][0m [1m[1;30m[42m[INFO ][0m [1m[1;33m[jaison.py::430 create_job]:[0m Queued new response job 3abf2d52-a04f-4659-9eb0-7dbe3f6837d8[0m
[1m[1;34m[2026-09-03 19:51:26,599][0m [1m[1;30m[42m[INFO ][0m [1m[1;33m[operation.py::25 __call__]:[0m T2T operation llamacpp completed in 852.6094000553712 ms[0m
[1m[1;34m[2026-09-03 19:51:28,349][0m [1m[1;30m[42m[INFO ][0m [1m[1;33m[operation.py::25 __call__]:[0m FILTER_AUDIO operation speaker completed in 0.6110999966040254 ms[0m
[1m[1;34m[2026-09-03 19:51:28,641][0m [1m[1;30m[42m[INFO ][0m [1m[1;33m[operation.py::25 __call__]:[0m FILTER_AUDIO operation speaker completed in 0.35749992821365595 ms[0m

[2026-09-03 19:51:28 +0300] [40120] [INFO] 127.0.0.1:4327 POST /api/context/conversation/speech_start 1.1 200 71 498
[1m[1;34m[2026-09-03 19:51:28,821][0m [1m[1;30m[42m[INFO ][0m [1m[1;33m[operation.py::25 __call__]:[0m TTS operation fish_audio completed in 2208.2262000767514 ms[0m
[VAD] Голос! (Prob: 0.001, RMS: 0.0149) Завершена (1024ms, speech: 288ms).
[2026-09-03 19:51:29 +0300] [40120] [INFO] 127.0.0.1:4327 POST /api/context/conversation/audio 1.1 200 142 1004

[API] Фраза отправлена (32768 байт).
[1m[1;34m[2026-09-03 19:51:29,403][0m [1m[1;30m[42m[INFO ][0m [1m[1;33m[sherpa.py::320 _generate]:[0m Sherpa STT final: len=0 latency_ms=37 source=mic turn=62ee64cf-afc8-4fee-a007-d698f5c250f8 utterance=1f6a889a-4fa7-4284-8f4c-29963e98de64[0m

[2026-09-03 19:51:30 +0300] [40120] [INFO] 127.0.0.1:4327 POST /api/context/conversation/speech_start 1.1 200 71 503
[VAD] Голос! (Prob: 0.001, RMS: 0.0195) Завершена (1024ms, speech: 288ms).
[2026-09-03 19:51:31 +0300] [40120] [INFO] 127.0.0.1:4327 POST /api/context/conversation/audio 1.1 200 142 1517

[API] Фраза отправлена (32768 байт).
[1m[1;34m[2026-09-03 19:51:31,098][0m [1m[1;30m[42m[INFO ][0m [1m[1;33m[sherpa.py::320 _generate]:[0m Sherpa STT final: len=0 latency_ms=34 source=mic turn=62ee64cf-afc8-4fee-a007-d698f5c250f8 utterance=0c59a6d5-50fb-4dc5-bbb3-b2477d679fea[0m
[1m[1;34m[2026-09-03 19:51:31,154][0m [1m[1;30m[42m[INFO ][0m [1m[1;33m[operation.py::25 __call__]:[0m FILTER_AUDIO operation speaker completed in 0.5386000266298652 ms[0m
[1m[1;34m[2026-09-03 19:51:31,298][0m [1m[1;30m[42m[INFO ][0m [1m[1;33m[operation.py::25 __call__]:[0m FILTER_AUDIO operation speaker completed in 0.4686999600380659 ms[0m
[1m[1;34m[2026-09-03 19:51:31,415][0m [1m[1;30m[42m[INFO ][0m [1m[1;33m[operation.py::25 __call__]:[0m FILTER_AUDIO operation speaker completed in 0.5784999812021852 ms[0m
[1m[1;34m[2026-09-03 19:51:31,446][0m [1m[1;30m[42m[INFO ][0m [1m[1;33m[operation.py::25 __call__]:[0m FILTER_AUDIO operation speaker completed in 0.43260003440082073 ms[0m
[1m[1;34m[2026-09-03 19:51:31,632][0m [1m[1;30m[42m[INFO ][0m [1m[1;33m[operation.py::25 __call__]:[0m TTS operation fish_audio completed in 2810.840200050734 ms[0m
[1m[1;34m[2026-09-03 19:51:33,562][0m [1m[1;30m[42m[INFO ][0m [1m[1;33m[operation.py::25 __call__]:[0m FILTER_AUDIO operation speaker completed in 0.4757000133395195 ms[0m
[1m[1;34m[2026-09-03 19:51:33,713][0m [1m[1;30m[42m[INFO ][0m [1m[1;33m[operation.py::25 __call__]:[0m FILTER_AUDIO operation speaker completed in 0.42509997729212046 ms[0m
[1m[1;34m[2026-09-03 19:51:33,779][0m [1m[1;30m[42m[INFO ][0m [1m[1;33m[operation.py::25 __call__]:[0m FILTER_AUDIO operation speaker completed in 0.5472999764606357 ms[0m
[1m[1;34m[2026-09-03 19:51:34,081][0m [1m[1;30m[42m[INFO ][0m [1m[1;33m[operation.py::25 __call__]:[0m FILTER_AUDIO operation speaker completed in 1.4711000258103013 ms[0m
[1m[1;34m[2026-09-03 19:51:34,173][0m [1m[1;30m[42m[INFO ][0m [1m[1;33m[operation.py::25 __call__]:[0m FILTER_AUDIO operation speaker completed in 0.30499999411404133 ms[0m
[1m[1;34m[2026-09-03 19:51:34,358][0m [1m[1;30m[42m[INFO ][0m [1m[1;33m[operation.py::25 __call__]:[0m TTS operation fish_audio completed in 2725.689999992028 ms[0m
[1m[1;34m[2026-09-03 19:51:36,182][0m [1m[1;30m[42m[INFO ][0m [1m[1;33m[operation.py::25 __call__]:[0m FILTER_AUDIO operation speaker completed in 0.41360000614076853 ms[0m
[1m[1;34m[2026-09-03 19:51:36,259][0m [1m[1;30m[42m[INFO ][0m [1m[1;33m[operation.py::25 __call__]:[0m FILTER_AUDIO operation speaker completed in 0.46360003761947155 ms[0m
[1m[1;34m[2026-09-03 19:51:36,373][0m [1m[1;30m[42m[INFO ][0m [1m[1;33m[operation.py::25 __call__]:[0m FILTER_AUDIO operation speaker completed in 0.47640001866966486 ms[0m
[1m[1;34m[2026-09-03 19:51:36,429][0m [1m[1;30m[42m[INFO ][0m [1m[1;33m[operation.py::25 __call__]:[0m FILTER_AUDIO operation speaker completed in 0.4416999872773886 ms[0m
[1m[1;34m[2026-09-03 19:51:36,608][0m [1m[1;30m[42m[INFO ][0m [1m[1;33m[operation.py::25 __call__]:[0m TTS operation fish_audio completed in 2250.317299971357 ms[0m
[1m[1;34m[2026-09-03 19:51:36,608][0m [1m[1;30m[42m[INFO ][0m [1m[1;33m[operation.py::25 __call__]:[0m FILTER_TEXT operation chunker_sentence completed in 10009.185799979605 ms[0m
[1m[1;34m[2026-09-03 19:51:36,608][0m [1m[1;30m[42m[INFO ][0m [1m[1;33m[operation.py::25 __call__]:[0m FILTER_TEXT operation filter_clean completed in 10009.278599987738 ms[0m
[1m[1;34m[2026-09-03 19:51:36,609][0m [1m[1;30m[42m[INFO ][0m [1m[1;33m[jaison.py::952 response_pipeline]:[0m Response job 3abf2d52-a04f-4659-9eb0-7dbe3f6837d8 completed. Content: 'Мнение? Возьмет за руку и смотрит? Что-то из разряда киношных сцен, я так понимаю. А кто этот кто?...'[0m
[2026-09-03 19:51:43 +0300] [40120] [INFO] 127.0.0.1:5075 POST /api/context/conversation/speech_start 1.1 200 71 504
[VAD] Голос! (Prob: 0.001, RMS: 0.0090) Завершена (2176ms, speech: 1056ms).
[2026-09-03 19:51:44 +0300] [40120] [INFO] 127.0.0.1:5075 POST /api/context/conversation/audio 1.1 200 142 1009

[API] Фраза отправлена (69632 байт).
[1m[1;34m[2026-09-03 19:51:44,550][0m [1m[1;30m[42m[INFO ][0m [1m[1;33m[sherpa.py::320 _generate]:[0m Sherpa STT final: len=5 latency_ms=85 source=mic turn=6ca58f99-0280-4d7d-ad2d-d7e0713c0a44 utterance=932b354e-8ac0-4d5b-b103-045605b39aef[0m
[1m[1;34m[2026-09-03 19:51:44,809][0m [1m[1;30m[42m[INFO ][0m [1m[1;33m[jaison.py::430 create_job]:[0m Queued new context_conversation_add_text job e507f097-f0f2-482c-8a9d-e324e52866c4[0m
[1m[1;34m[2026-09-03 19:51:44,809][0m [1m[1;30m[42m[INFO ][0m [1m[1;33m[jaison.py::430 create_job]:[0m Queued new response job 4f595bb3-e40c-4b21-9b28-749852173cf9[0m
[1m[1;34m[2026-09-03 19:51:45,620][0m [1m[1;30m[42m[INFO ][0m [1m[1;33m[operation.py::25 __call__]:[0m T2T operation llamacpp completed in 809.8396999994293 ms[0m
[1m[1;34m[2026-09-03 19:51:47,398][0m [1m[1;30m[42m[INFO ][0m [1m[1;33m[operation.py::25 __call__]:[0m FILTER_AUDIO operation speaker completed in 0.4130000015720725 ms[0m
[1m[1;34m[2026-09-03 19:51:47,542][0m [1m[1;30m[42m[INFO ][0m [1m[1;33m[operation.py::25 __call__]:[0m FILTER_AUDIO operation speaker completed in 0.41619990952312946 ms[0m
[1m[1;34m[2026-09-03 19:51:47,603][0m [1m[1;30m[42m[INFO ][0m [1m[1;33m[operation.py::25 __call__]:[0m FILTER_AUDIO operation speaker completed in 0.11059991084039211 ms[0m
[1m[1;34m[2026-09-03 19:51:47,798][0m [1m[1;30m[42m[INFO ][0m [1m[1;33m[operation.py::25 __call__]:[0m TTS operation fish_audio completed in 2168.423300026916 ms[0m
[1m[1;34m[2026-09-03 19:51:49,776][0m [1m[1;30m[42m[INFO ][0m [1m[1;33m[operation.py::25 __call__]:[0m FILTER_AUDIO operation speaker completed in 0.5006999708712101 ms[0m
[1m[1;34m[2026-09-03 19:51:49,860][0m [1m[1;30m[42m[INFO ][0m [1m[1;33m[operation.py::25 __call__]:[0m FILTER_AUDIO operation speaker completed in 0.3795999800786376 ms[0m
[1m[1;34m[2026-09-03 19:51:49,986][0m [1m[1;30m[42m[INFO ][0m [1m[1;33m[operation.py::25 __call__]:[0m FILTER_AUDIO operation speaker completed in 0.559799955226481 ms[0m
[1m[1;34m[2026-09-03 19:51:50,219][0m [1m[1;30m[42m[INFO ][0m [1m[1;33m[operation.py::25 __call__]:[0m FILTER_AUDIO operation speaker completed in 1.517699914984405 ms[0m
[1m[1;34m[2026-09-03 19:51:50,305][0m [1m[1;30m[42m[INFO ][0m [1m[1;33m[operation.py::25 __call__]:[0m FILTER_AUDIO operation speaker completed in 0.15980005264282227 ms[0m
[1m[1;34m[2026-09-03 19:51:50,482][0m [1m[1;30m[42m[INFO ][0m [1m[1;33m[operation.py::25 __call__]:[0m TTS operation fish_audio completed in 2684.6309000393376 ms[0m
[1m[1;34m[2026-09-03 19:51:52,199][0m [1m[1;30m[42m[INFO ][0m [1m[1;33m[operation.py::25 __call__]:[0m FILTER_AUDIO operation speaker completed in 0.4133000038564205 ms[0m
[1m[1;34m[2026-09-03 19:51:52,352][0m [1m[1;30m[42m[INFO ][0m [1m[1;33m[operation.py::25 __call__]:[0m FILTER_AUDIO operation speaker completed in 0.5051000043749809 ms[0m
[1m[1;34m[2026-09-03 19:51:52,463][0m [1m[1;30m[42m[INFO ][0m [1m[1;33m[operation.py::25 __call__]:[0m FILTER_AUDIO operation speaker completed in 0.5951001076027751 ms[0m
[1m[1;34m[2026-09-03 19:51:52,469][0m [1m[1;30m[42m[INFO ][0m [1m[1;33m[operation.py::25 __call__]:[0m FILTER_AUDIO operation speaker completed in 0.08460006210952997 ms[0m
[1m[1;34m[2026-09-03 19:51:52,647][0m [1m[1;30m[42m[INFO ][0m [1m[1;33m[operation.py::25 __call__]:[0m TTS operation fish_audio completed in 2165.192599990405 ms[0m
[1m[1;34m[2026-09-03 19:51:52,647][0m [1m[1;30m[42m[INFO ][0m [1m[1;33m[operation.py::25 __call__]:[0m FILTER_TEXT operation chunker_sentence completed in 7027.489600004628 ms[0m
[1m[1;34m[2026-09-03 19:51:52,647][0m [1m[1;30m[42m[INFO ][0m [1m[1;33m[operation.py::25 __call__]:[0m FILTER_TEXT operation filter_clean completed in 7027.58090000134 ms[0m
[1m[1;34m[2026-09-03 19:51:52,647][0m [1m[1;30m[42m[INFO ][0m [1m[1;33m[jaison.py::952 response_pipeline]:[0m Response job 4f595bb3-e40c-4b21-9b28-749852173cf9 completed. Content: 'Ха-ха! Ну что ж, смех — это лучший лекарь. Что тебя рассмешило?...'[0m
[VAD] Голос! (Prob: 0.001, RMS: 0.0094) Завершена (1280ms, speech: 352ms).

[2026-09-03 19:51:52 +0300] [40120] [INFO] 127.0.0.1:5086 POST /api/context/conversation/speech_start 1.1 200 71 505
[2026-09-03 19:51:53 +0300] [40120] [INFO] 127.0.0.1:5086 POST /api/context/conversation/speech_start 1.1 200 71 507
[VAD] Голос! (Prob: 0.001, RMS: 0.0100) Завершена (832ms, speech: 160ms).
[2026-09-03 19:51:53 +0300] [40120] [INFO] 127.0.0.1:5086 POST /api/context/conversation/audio 1.1 200 142 999

[API] Фраза отправлена (26624 байт).
[1m[1;34m[2026-09-03 19:51:53,530][0m [1m[1;30m[42m[INFO ][0m [1m[1;33m[sherpa.py::320 _generate]:[0m Sherpa STT final: len=0 latency_ms=36 source=mic turn=6c5d2d48-ef85-488e-86e0-0dded5472836 utterance=17ebcb7f-d73c-496c-81c9-a15054e012a1[0m
[2026-09-03 19:51:54 +0300] [40120] [INFO] 127.0.0.1:5092 POST /api/context/conversation/audio 1.1 200 142 1002

[API] Фраза отправлена (40960 байт).
[1m[1;34m[2026-09-03 19:51:54,906][0m [1m[1;30m[42m[INFO ][0m [1m[1;33m[sherpa.py::320 _generate]:[0m Sherpa STT final: len=7 latency_ms=60 source=mic turn=761028b4-e271-47ce-93e2-348d753abe35 utterance=10f51e92-fb84-4fbe-b680-da3c71f0e792[0m
[1m[1;34m[2026-09-03 19:51:54,906][0m [1m[1;30m[42m[INFO ][0m [1m[1;33m[jaison.py::469 _interrupt_jobs]:[0m Smart Barge-in: Interrupting and clearing queue due to: user_speaking_significant[0m
[1m[1;34m[2026-09-03 19:51:55,161][0m [1m[1;30m[42m[INFO ][0m [1m[1;33m[jaison.py::430 create_job]:[0m Queued new context_conversation_add_text job e8a21f39-897f-4259-8956-4880cfbc9fa5[0m
[1m[1;34m[2026-09-03 19:51:55,161][0m [1m[1;30m[42m[INFO ][0m [1m[1;33m[jaison.py::430 create_job]:[0m Queued new response job 76c14f6e-f7a5-4757-b4d5-ba871e5b9bb6[0m
[1m[1;34m[2026-09-03 19:51:55,739][0m [1m[1;30m[42m[INFO ][0m [1m[1;33m[operation.py::25 __call__]:[0m T2T operation llamacpp completed in 576.6153000295162 ms[0m
[2026-09-03 19:51:56 +0300] [40120] [INFO] 127.0.0.1:5092 POST /api/context/conversation/speech_start 1.1 200 71 500
[VAD] Голос! (Prob: 0.001, RMS: 0.0108) Завершена (1344ms, speech: 512ms).
[2026-09-03 19:51:57 +0300] [40120] [INFO] 127.0.0.1:5092 POST /api/context/conversation/audio 1.1 200 142 508

[API] Фраза отправлена (43008 байт).
[1m[1;34m[2026-09-03 19:51:57,267][0m [1m[1;30m[42m[INFO ][0m [1m[1;33m[sherpa.py::320 _generate]:[0m Sherpa STT final: len=10 latency_ms=62 source=mic turn=1c7cb050-3974-4b7f-877f-d638ddd9e94b utterance=aff08b59-82a7-4b8c-a860-d1420d472a56[0m
[1m[1;34m[2026-09-03 19:51:57,268][0m [1m[1;30m[42m[INFO ][0m [1m[1;33m[jaison.py::469 _interrupt_jobs]:[0m Smart Barge-in: Interrupting and clearing queue due to: user_speaking_significant[0m
[1m[1;34m[2026-09-03 19:51:57,268][0m [1m[1;30m[42m[INFO ][0m [1m[1;33m[jaison.py::463 _clear_current_job]:[0m Job 76c14f6e-f7a5-4757-b4d5-ba871e5b9bb6 (response) is being cancelled due to: user_speaking_significant[0m
[1m[1;34m[2026-09-03 19:51:57,495][0m [1m[1;30m[42m[INFO ][0m [1m[1;33m[jaison.py::430 create_job]:[0m Queued new context_conversation_add_text job 00b72810-b578-4206-bbf6-980f427ab971[0m
[1m[1;34m[2026-09-03 19:51:57,496][0m [1m[1;30m[42m[INFO ][0m [1m[1;33m[jaison.py::430 create_job]:[0m Queued new response job 355831ba-895c-43b0-927c-cfeae0165935[0m
[1m[1;34m[2026-09-03 19:51:57,702][0m [1m[1;30m[42m[INFO ][0m [1m[1;33m[jaison.py::743 _process_job_loop]:[0m Job 76c14f6e-f7a5-4757-b4d5-ba871e5b9bb6 (response) was cancelled.[0m
[1m[1;34m[2026-09-03 19:51:58,650][0m [1m[1;30m[42m[INFO ][0m [1m[1;33m[operation.py::25 __call__]:[0m T2T operation llamacpp completed in 946.6988000785932 ms[0m
[1m[1;34m[2026-09-03 19:52:01,141][0m [1m[1;30m[42m[INFO ][0m [1m[1;33m[operation.py::25 __call__]:[0m FILTER_AUDIO operation speaker completed in 0.5936999805271626 ms[0m
[1m[1;34m[2026-09-03 19:52:01,218][0m [1m[1;30m[42m[INFO ][0m [1m[1;33m[operation.py::25 __call__]:[0m FILTER_AUDIO operation speaker completed in 0.5001000827178359 ms[0m
[1m[1;34m[2026-09-03 19:52:01,280][0m [1m[1;30m[42m[INFO ][0m [1m[1;33m[operation.py::25 __call__]:[0m FILTER_AUDIO operation speaker completed in 0.10870001278817654 ms[0m
[1m[1;34m[2026-09-03 19:52:01,463][0m [1m[1;30m[42m[INFO ][0m [1m[1;33m[operation.py::25 __call__]:[0m TTS operation fish_audio completed in 2797.352100024 ms[0m
[1m[1;34m[2026-09-03 19:52:02,898][0m [1m[1;30m[42m[INFO ][0m [1m[1;33m[operation.py::25 __call__]:[0m FILTER_AUDIO operation speaker completed in 0.4233999643474817 ms[0m
[1m[1;34m[2026-09-03 19:52:03,041][0m [1m[1;30m[42m[INFO ][0m [1m[1;33m[operation.py::25 __call__]:[0m FILTER_AUDIO operation speaker completed in 0.498299952596426 ms[0m
[1m[1;34m[2026-09-03 19:52:03,152][0m [1m[1;30m[42m[INFO ][0m [1m[1;33m[operation.py::25 __call__]:[0m FILTER_AUDIO operation speaker completed in 0.6594000151380897 ms[0m
[1m[1;34m[2026-09-03 19:52:03,178][0m [1m[1;30m[42m[INFO ][0m [1m[1;33m[operation.py::25 __call__]:[0m FILTER_AUDIO operation speaker completed in 0.264100031927228 ms[0m
[1m[1;34m[2026-09-03 19:52:03,367][0m [1m[1;30m[42m[INFO ][0m [1m[1;33m[operation.py::25 __call__]:[0m TTS operation fish_audio completed in 1903.8470999803394 ms[0m
[1m[1;34m[2026-09-03 19:52:05,246][0m [1m[1;30m[42m[INFO ][0m [1m[1;33m[operation.py::25 __call__]:[0m FILTER_AUDIO operation speaker completed in 0.42559998109936714 ms[0m
[1m[1;34m[2026-09-03 19:52:05,373][0m [1m[1;30m[42m[INFO ][0m [1m[1;33m[operation.py::25 __call__]:[0m FILTER_AUDIO operation speaker completed in 0.3891000524163246 ms[0m
[1m[1;34m[2026-09-03 19:52:05,433][0m [1m[1;30m[42m[INFO ][0m [1m[1;33m[operation.py::25 __call__]:[0m FILTER_AUDIO operation speaker completed in 0.5866000428795815 ms[0m
[1m[1;34m[2026-09-03 19:52:05,503][0m [1m[1;30m[42m[INFO ][0m [1m[1;33m[operation.py::25 __call__]:[0m FILTER_AUDIO operation speaker completed in 0.3370000049471855 ms[0m
[VAD] Голос! (Prob: 0.001, RMS: 0.0076) Завершена (1216ms, speech: 480ms).
[1m[1;34m[2026-09-03 19:52:05,678][0m [1m[1;30m[42m[INFO ][0m [1m[1;33m[operation.py::25 __call__]:[0m TTS operation fish_audio completed in 2310.545099899173 ms[0m
[2026-09-03 19:52:05 +0300] [40120] [INFO] 127.0.0.1:5115 POST /api/context/conversation/speech_start 1.1 200 71 0
[1m[1;34m[2026-09-03 19:52:07,310][0m [1m[1;30m[42m[INFO ][0m [1m[1;33m[operation.py::25 __call__]:[0m FILTER_AUDIO operation speaker completed in 0.46470004599541426 ms[0m
[1m[1;34m[2026-09-03 19:52:07,444][0m [1m[1;30m[42m[INFO ][0m [1m[1;33m[operation.py::25 __call__]:[0m FILTER_AUDIO operation speaker completed in 0.44219999108463526 ms[0m
[1m[1;34m[2026-09-03 19:52:07,503][0m [1m[1;30m[42m[INFO ][0m [1m[1;33m[operation.py::25 __call__]:[0m FILTER_AUDIO operation speaker completed in 0.458099995739758 ms[0m
[1m[1;34m[2026-09-03 19:52:07,579][0m [1m[1;30m[42m[INFO ][0m [1m[1;33m[operation.py::25 __call__]:[0m FILTER_AUDIO operation speaker completed in 0.3595000598579645 ms[0m
[2026-09-03 19:52:07 +0300] [40120] [INFO] 127.0.0.1:5116 POST /api/context/conversation/audio 1.1 200 142 4304

[API] Фраза отправлена (38912 байт).
[1m[1;34m[2026-09-03 19:52:07,736][0m [1m[1;30m[42m[INFO ][0m [1m[1;33m[sherpa.py::320 _generate]:[0m Sherpa STT final: len=0 latency_ms=68 source=mic turn=ac945293-415e-40db-ba65-0d68a60a571d utterance=585f945e-7989-40a8-89b6-df62928865ab[0m
[1m[1;34m[2026-09-03 19:52:07,767][0m [1m[1;30m[42m[INFO ][0m [1m[1;33m[operation.py::25 __call__]:[0m TTS operation fish_audio completed in 2088.698699953966 ms[0m

[2026-09-03 19:52:08 +0300] [40120] [INFO] 127.0.0.1:5116 POST /api/context/conversation/speech_start 1.1 200 71 0
[1m[1;34m[2026-09-03 19:52:09,233][0m [1m[1;30m[42m[INFO ][0m [1m[1;33m[operation.py::25 __call__]:[0m FILTER_AUDIO operation speaker completed in 0.45389996375888586 ms[0m
[VAD] Голос! (Prob: 0.001, RMS: 0.0097) Завершена (896ms, speech: 160ms).
[2026-09-03 19:52:09 +0300] [40120] [INFO] 127.0.0.1:5116 POST /api/context/conversation/audio 1.1 200 142 1016

[API] Фраза отправлена (28672 байт).
[1m[1;34m[2026-09-03 19:52:09,384][0m [1m[1;30m[42m[INFO ][0m [1m[1;33m[operation.py::25 __call__]:[0m FILTER_AUDIO operation speaker completed in 0.4067999543622136 ms[0m
[1m[1;34m[2026-09-03 19:52:09,399][0m [1m[1;30m[42m[INFO ][0m [1m[1;33m[sherpa.py::320 _generate]:[0m Sherpa STT final: len=0 latency_ms=34 source=mic turn=e9b9a3f6-3723-41c6-bdc1-55647b036dcc utterance=2377709f-4b93-4af5-8b35-3cb38737b41b[0m
[1m[1;34m[2026-09-03 19:52:09,453][0m [1m[1;30m[42m[INFO ][0m [1m[1;33m[operation.py::25 __call__]:[0m FILTER_AUDIO operation speaker completed in 0.48459996469318867 ms[0m
[1m[1;34m[2026-09-03 19:52:09,594][0m [1m[1;30m[42m[INFO ][0m [1m[1;33m[operation.py::25 __call__]:[0m FILTER_AUDIO operation speaker completed in 0.979500007815659 ms[0m
[1m[1;34m[2026-09-03 19:52:09,778][0m [1m[1;30m[42m[INFO ][0m [1m[1;33m[operation.py::25 __call__]:[0m TTS operation fish_audio completed in 2011.040100012906 ms[0m
[1m[1;34m[2026-09-03 19:52:09,778][0m [1m[1;30m[42m[INFO ][0m [1m[1;33m[operation.py::25 __call__]:[0m FILTER_TEXT operation chunker_sentence completed in 11127.666299929842 ms[0m
[1m[1;34m[2026-09-03 19:52:09,778][0m [1m[1;30m[42m[INFO ][0m [1m[1;33m[operation.py::25 __call__]:[0m FILTER_TEXT operation filter_clean completed in 11127.764200093225 ms[0m
[1m[1;34m[2026-09-03 19:52:09,779][0m [1m[1;30m[42m[INFO ][0m [1m[1;33m[jaison.py::952 response_pipeline]:[0m Response job 355831ba-895c-43b0-927c-cfeae0165935 completed. Content: 'А какой? Какой из них не золотой? Этот, кто кричал? Или тот, кто за руку взял? Расскажи, я помогу ра...'[0m
[VAD] Голос! (Prob: 0.001, RMS: 0.0092) Завершена (1088ms, speech: 352ms).
[2026-09-03 19:52:21 +0300] [40120] [INFO] 127.0.0.1:5127 POST /api/context/conversation/speech_start 1.1 200 71 499

[2026-09-03 19:52:22 +0300] [40120] [INFO] 127.0.0.1:5127 POST /api/context/conversation/speech_start 1.1 200 71 1015
[2026-09-03 19:52:23 +0300] [40120] [INFO] 127.0.0.1:5128 POST /api/context/conversation/audio 1.1 200 142 1006
[VAD] Голос! (Prob: 0.001, RMS: 0.0129)
[API] Фраза отправлена (34816 байт).
[1m[1;34m[2026-09-03 19:52:23,251][0m [1m[1;30m[42m[INFO ][0m [1m[1;33m[sherpa.py::320 _generate]:[0m Sherpa STT final: len=5 latency_ms=38 source=mic turn=c5348336-6894-42a6-b6cd-968568a5cedc utterance=2a39cda4-76a3-42b4-a12d-ab3013e71614[0m
[1m[1;34m[2026-09-03 19:52:23,508][0m [1m[1;30m[42m[INFO ][0m [1m[1;33m[jaison.py::430 create_job]:[0m Queued new context_conversation_add_text job 31de70dd-240b-4544-be99-f6f65a237f2b[0m
[1m[1;34m[2026-09-03 19:52:23,508][0m [1m[1;30m[42m[INFO ][0m [1m[1;33m[jaison.py::568 _commit_pending_voice_turn]:[0m Voice turn committed as context-only (no RESPONSE job).[0m
 Завершена (2208ms, speech: 1344ms).
[2026-09-03 19:52:23 +0300] [40120] [INFO] 127.0.0.1:5128 POST /api/context/conversation/audio 1.1 200 142 997

[API] Фраза отправлена (70656 байт).
[1m[1;34m[2026-09-03 19:52:23,976][0m [1m[1;30m[42m[INFO ][0m [1m[1;33m[sherpa.py::320 _generate]:[0m Sherpa STT final: len=15 latency_ms=82 source=mic turn=067c2da2-be67-495c-8dea-a8d696a445e7 utterance=4f163acd-3f10-4ff0-8535-98f27caa1976[0m
[1m[1;34m[2026-09-03 19:52:23,977][0m [1m[1;30m[42m[INFO ][0m [1m[1;33m[jaison.py::469 _interrupt_jobs]:[0m Smart Barge-in: Interrupting and clearing queue due to: user_speaking_significant[0m

[2026-09-03 19:52:24 +0300] [40120] [INFO] 127.0.0.1:5128 POST /api/context/conversation/speech_start 1.1 200 71 1597
[VAD] Голос! (Prob: 0.001, RMS: 0.0086) Завершена (6208ms, speech: 3232ms).

[2026-09-03 19:52:31 +0300] [40120] [INFO] 127.0.0.1:5138 POST /api/context/conversation/speech_start 1.1 200 71 507
[2026-09-03 19:52:32 +0300] [40120] [INFO] 127.0.0.1:5139 POST /api/context/conversation/audio 1.1 200 142 1505
[VAD] Голос! (Prob: 0.001, RMS: 0.0130)
[API] Фраза отправлена (198656 байт).
[1m[1;34m[2026-09-03 19:52:32,248][0m [1m[1;30m[42m[INFO ][0m [1m[1;33m[sherpa.py::320 _generate]:[0m Sherpa STT final: len=72 latency_ms=242 source=mic turn=067c2da2-be67-495c-8dea-a8d696a445e7 utterance=483b35c9-7104-4e6a-8978-04bd053fbe39[0m
[1m[1;34m[2026-09-03 19:52:32,248][0m [1m[1;30m[42m[INFO ][0m [1m[1;33m[jaison.py::469 _interrupt_jobs]:[0m Smart Barge-in: Interrupting and clearing queue due to: user_speaking_significant[0m
[1m[1;34m[2026-09-03 19:52:32,249][0m [1m[1;30m[42m[INFO ][0m [1m[1;33m[jaison.py::255 _record_stt_metrics]:[0m STT metrics(window=60): avg_latency_ms=60 empty_rate=0.533 stop_cmd_recall=0.000[0m
[1m[1;34m[2026-09-03 19:52:32,249][0m [1m[1;30m[42m[INFO ][0m [1m[1;33m[jaison.py::430 create_job]:[0m Queued new context_conversation_add_text job 7caa9bbd-d482-44a5-a3b8-6ba686a6fbfe[0m
[1m[1;34m[2026-09-03 19:52:32,249][0m [1m[1;30m[42m[INFO ][0m [1m[1;33m[jaison.py::430 create_job]:[0m Queued new response job e96617a6-ce3a-4ccc-ac51-8662296218d5[0m
[1m[1;34m[2026-09-03 19:52:32,514][0m [1m[1;30m[42m[INFO ][0m [1m[1;33m[jaison.py::430 create_job]:[0m Queued new context_conversation_add_text job 52e2185e-7f5e-4b6f-8a95-38959e1b059f[0m
[1m[1;34m[2026-09-03 19:52:32,514][0m [1m[1;30m[42m[INFO ][0m [1m[1;33m[jaison.py::430 create_job]:[0m Queued new response job dc56ba30-4e0b-4216-b25d-cc78001b52ef[0m
[1m[1;34m[2026-09-03 19:52:33,293][0m [1m[1;30m[42m[INFO ][0m [1m[1;33m[operation.py::25 __call__]:[0m T2T operation llamacpp completed in 1042.8700998891145 ms[0m
 Завершена (3744ms, speech: 2016ms).
[2026-09-03 19:52:33 +0300] [40120] [INFO] 127.0.0.1:5139 POST /api/context/conversation/audio 1.1 200 142 1002

[API] Фраза отправлена (119808 байт).
[1m[1;34m[2026-09-03 19:52:33,725][0m [1m[1;30m[42m[INFO ][0m [1m[1;33m[sherpa.py::320 _generate]:[0m Sherpa STT final: len=27 latency_ms=170 source=mic turn=dda75f38-3242-4e03-bcb9-839a5585e40f utterance=280a8934-0458-47d3-a9ba-03b459b040ca[0m
[1m[1;34m[2026-09-03 19:52:33,725][0m [1m[1;30m[42m[INFO ][0m [1m[1;33m[jaison.py::469 _interrupt_jobs]:[0m Smart Barge-in: Interrupting and clearing queue due to: user_speaking_significant[0m
[1m[1;34m[2026-09-03 19:52:33,725][0m [1m[1;30m[42m[INFO ][0m [1m[1;33m[jaison.py::463 _clear_current_job]:[0m Job e96617a6-ce3a-4ccc-ac51-8662296218d5 (response) is being cancelled due to: user_speaking_significant[0m
[1m[1;34m[2026-09-03 19:52:33,727][0m [1m[1;30m[42m[INFO ][0m [1m[1;33m[jaison.py::743 _process_job_loop]:[0m Job e96617a6-ce3a-4ccc-ac51-8662296218d5 (response) was cancelled.[0m

[2026-09-03 19:52:33 +0300] [40120] [INFO] 127.0.0.1:5139 POST /api/context/conversation/speech_start 1.1 200 71 1003
[VAD] Голос! (Prob: 0.001, RMS: 0.0103) Завершена (1120ms, speech: 384ms).
[2026-09-03 19:52:34 +0300] [40120] [INFO] 127.0.0.1:5139 POST /api/context/conversation/audio 1.1 200 142 1019

[API] Фраза отправлена (35840 байт).
[1m[1;34m[2026-09-03 19:52:34,604][0m [1m[1;30m[42m[INFO ][0m [1m[1;33m[sherpa.py::320 _generate]:[0m Sherpa STT final: len=2 latency_ms=62 source=mic turn=dda75f38-3242-4e03-bcb9-839a5585e40f utterance=947d187a-5d1c-47f7-a31d-8108d804e047[0m
[1m[1;34m[2026-09-03 19:52:34,863][0m [1m[1;30m[42m[INFO ][0m [1m[1;33m[jaison.py::430 create_job]:[0m Queued new context_conversation_add_text job 1d4f5aff-bc62-4fa1-93a0-5a9a9dc60d3a[0m
[1m[1;34m[2026-09-03 19:52:34,863][0m [1m[1;30m[42m[INFO ][0m [1m[1;33m[jaison.py::430 create_job]:[0m Queued new response job 1c57d4f8-faac-46f7-ad95-ce49fe89cac9[0m
[1m[1;34m[2026-09-03 19:52:35,937][0m [1m[1;30m[42m[INFO ][0m [1m[1;33m[operation.py::25 __call__]:[0m T2T operation llamacpp completed in 1073.2314999913797 ms[0m
[2026-09-03 19:52:36 +0300] [40120] [INFO] 127.0.0.1:5139 POST /api/context/conversation/speech_start 1.1 200 71 1002
[VAD] Голос! (Prob: 0.001, RMS: 0.0097) Завершена (992ms, speech: 256ms).
[2026-09-03 19:52:37 +0300] [40120] [INFO] 127.0.0.1:5139 POST /api/context/conversation/audio 1.1 200 142 1007

[API] Фраза отправлена (31744 байт).
[1m[1;34m[2026-09-03 19:52:37,430][0m [1m[1;30m[42m[INFO ][0m [1m[1;33m[sherpa.py::320 _generate]:[0m Sherpa STT final: len=0 latency_ms=36 source=mic turn=dda75f38-3242-4e03-bcb9-839a5585e40f utterance=8cee4bc2-35b5-4d4c-b024-c34db0a1a611[0m

[1m[1;34m[2026-09-03 19:52:37,762][0m [1m[1;30m[42m[INFO ][0m [1m[1;33m[operation.py::25 __call__]:[0m FILTER_AUDIO operation speaker completed in 0.5530999042093754 ms[0m
[VAD] Голос! (Prob: 0.001, RMS: 0.0087) Завершена (800ms, speech: 256ms).
[2026-09-03 19:52:38 +0300] [40120] [INFO] 127.0.0.1:5139 POST /api/context/conversation/audio 1.1 200 142 504

[API] Фраза отправлена (25600 байт).
[1m[1;34m[2026-09-03 19:52:38,171][0m [1m[1;30m[42m[INFO ][0m [1m[1;33m[sherpa.py::320 _generate]:[0m Sherpa STT final: len=0 latency_ms=36 source=mic turn=dda75f38-3242-4e03-bcb9-839a5585e40f utterance=1adfe1d5-9c81-4079-8c4b-673f26e6bc5c[0m
[1m[1;34m[2026-09-03 19:52:38,277][0m [1m[1;30m[42m[INFO ][0m [1m[1;33m[operation.py::25 __call__]:[0m FILTER_AUDIO operation speaker completed in 0.4977999487891793 ms[0m

[1m[1;34m[2026-09-03 19:52:38,427][0m [1m[1;30m[42m[INFO ][0m [1m[1;33m[operation.py::25 __call__]:[0m FILTER_AUDIO operation speaker completed in 0.4705999745056033 ms[0m
[2026-09-03 19:52:38 +0300] [40120] [INFO] 127.0.0.1:5139 POST /api/context/conversation/speech_start 1.1 200 71 1513
[1m[1;34m[2026-09-03 19:52:38,975][0m [1m[1;30m[42m[INFO ][0m [1m[1;33m[operation.py::25 __call__]:[0m FILTER_AUDIO operation speaker completed in 1.465399982407689 ms[0m
[VAD] Голос! (Prob: 0.001, RMS: 0.0090) Завершена (960ms, speech: 224ms).
[2026-09-03 19:52:38 +0300] [40120] [INFO] 127.0.0.1:5139 POST /api/context/conversation/audio 1.1 200 142 499

[API] Фраза отправлена (30720 байт).
[1m[1;34m[2026-09-03 19:52:39,029][0m [1m[1;30m[42m[INFO ][0m [1m[1;33m[sherpa.py::320 _generate]:[0m Sherpa STT final: len=0 latency_ms=35 source=mic turn=dda75f38-3242-4e03-bcb9-839a5585e40f utterance=1e278035-1d4d-43f4-80ee-d531274ec19a[0m

[1m[1;34m[2026-09-03 19:52:39,427][0m [1m[1;30m[42m[INFO ][0m [1m[1;33m[operation.py::25 __call__]:[0m FILTER_AUDIO operation speaker completed in 1.5406999737024307 ms[0m
[2026-09-03 19:52:39 +0300] [40120] [INFO] 127.0.0.1:5139 POST /api/context/conversation/speech_start 1.1 200 71 505
[1m[1;34m[2026-09-03 19:52:39,614][0m [1m[1;30m[42m[INFO ][0m [1m[1;33m[operation.py::25 __call__]:[0m TTS operation fish_audio completed in 3665.3831000439823 ms[0m
[VAD] Голос! (Prob: 0.001, RMS: 0.0147) Завершена (960ms, speech: 224ms).
[2026-09-03 19:52:39 +0300] [40120] [INFO] 127.0.0.1:5139 POST /api/context/conversation/audio 1.1 200 142 1005

[API] Фраза отправлена (30720 байт).
[1m[1;34m[2026-09-03 19:52:39,989][0m [1m[1;30m[42m[INFO ][0m [1m[1;33m[sherpa.py::320 _generate]:[0m Sherpa STT final: len=4 latency_ms=36 source=mic turn=dda75f38-3242-4e03-bcb9-839a5585e40f utterance=1959686b-8b33-488c-bc03-f710f21ef02f[0m

[1m[1;34m[2026-09-03 19:52:40,249][0m [1m[1;30m[42m[INFO ][0m [1m[1;33m[jaison.py::430 create_job]:[0m Queued new context_conversation_add_text job 03e639f7-9444-42c5-bab2-f8443b38d858[0m
[1m[1;34m[2026-09-03 19:52:40,249][0m [1m[1;30m[42m[INFO ][0m [1m[1;33m[jaison.py::568 _commit_pending_voice_turn]:[0m Voice turn committed as context-only (no RESPONSE job).[0m
[VAD] Голос! (Prob: 0.001, RMS: 0.0086) Завершена (896ms, speech: 160ms).
[2026-09-03 19:52:40 +0300] [40120] [INFO] 127.0.0.1:5139 POST /api/context/conversation/audio 1.1 200 142 1325

[API] Фраза отправлена (28672 байт).
[1m[1;34m[2026-09-03 19:52:40,728][0m [1m[1;30m[42m[INFO ][0m [1m[1;33m[sherpa.py::320 _generate]:[0m Sherpa STT final: len=0 latency_ms=34 source=mic turn=dda75f38-3242-4e03-bcb9-839a5585e40f utterance=381d878b-6cc3-44b7-9c38-7352daa5052d[0m

[2026-09-03 19:52:40 +0300] [40120] [INFO] 127.0.0.1:5139 POST /api/context/conversation/speech_start 1.1 200 71 1499
[1m[1;34m[2026-09-03 19:52:41,290][0m [1m[1;30m[42m[INFO ][0m [1m[1;33m[operation.py::25 __call__]:[0m FILTER_AUDIO operation speaker completed in 0.493600033223629 ms[0m
[1m[1;34m[2026-09-03 19:52:41,370][0m [1m[1;30m[42m[INFO ][0m [1m[1;33m[operation.py::25 __call__]:[0m FILTER_AUDIO operation speaker completed in 0.40390004869550467 ms[0m
[1m[1;34m[2026-09-03 19:52:41,482][0m [1m[1;30m[42m[INFO ][0m [1m[1;33m[operation.py::25 __call__]:[0m FILTER_AUDIO operation speaker completed in 0.44870004057884216 ms[0m
[VAD] Голос! (Prob: 0.001, RMS: 0.0116) Завершена (896ms, speech: 288ms).
[2026-09-03 19:52:41 +0300] [40120] [INFO] 127.0.0.1:5139 POST /api/context/conversation/audio 1.1 200 142 506

[API] Фраза отправлена (28672 байт).
[1m[1;34m[2026-09-03 19:52:41,527][0m [1m[1;30m[42m[INFO ][0m [1m[1;33m[sherpa.py::320 _generate]:[0m Sherpa STT final: len=0 latency_ms=34 source=mic turn=dda75f38-3242-4e03-bcb9-839a5585e40f utterance=f1ee75fc-b070-4664-8118-5922bf555c24[0m
[1m[1;34m[2026-09-03 19:52:41,824][0m [1m[1;30m[42m[INFO ][0m [1m[1;33m[operation.py::25 __call__]:[0m FILTER_AUDIO operation speaker completed in 1.3762000016868114 ms[0m
[1m[1;34m[2026-09-03 19:52:41,990][0m [1m[1;30m[42m[INFO ][0m [1m[1;33m[operation.py::25 __call__]:[0m FILTER_AUDIO operation speaker completed in 0.7317999843508005 ms[0m
[1m[1;34m[2026-09-03 19:52:42,206][0m [1m[1;30m[42m[INFO ][0m [1m[1;33m[operation.py::25 __call__]:[0m TTS operation fish_audio completed in 2591.3492999970913 ms[0m
[1m[1;34m[2026-09-03 19:52:43,761][0m [1m[1;30m[42m[INFO ][0m [1m[1;33m[operation.py::25 __call__]:[0m FILTER_AUDIO operation speaker completed in 0.41480001527816057 ms[0m
[1m[1;34m[2026-09-03 19:52:43,908][0m [1m[1;30m[42m[INFO ][0m [1m[1;33m[operation.py::25 __call__]:[0m FILTER_AUDIO operation speaker completed in 0.45819999650120735 ms[0m
[1m[1;34m[2026-09-03 19:52:43,974][0m [1m[1;30m[42m[INFO ][0m [1m[1;33m[operation.py::25 __call__]:[0m FILTER_AUDIO operation speaker completed in 0.6651999428868294 ms[0m
[1m[1;34m[2026-09-03 19:52:44,061][0m [1m[1;30m[42m[INFO ][0m [1m[1;33m[operation.py::25 __call__]:[0m FILTER_AUDIO operation speaker completed in 0.33199996687471867 ms[0m
[1m[1;34m[2026-09-03 19:52:44,242][0m [1m[1;30m[42m[INFO ][0m [1m[1;33m[operation.py::25 __call__]:[0m TTS operation fish_audio completed in 2035.6733999215066 ms[0m
[1m[1;34m[2026-09-03 19:52:44,242][0m [1m[1;30m[42m[INFO ][0m [1m[1;33m[operation.py::25 __call__]:[0m FILTER_TEXT operation chunker_sentence completed in 8304.41450001672 ms[0m
[1m[1;34m[2026-09-03 19:52:44,242][0m [1m[1;30m[42m[INFO ][0m [1m[1;33m[operation.py::25 __call__]:[0m FILTER_TEXT operation filter_clean completed in 8304.511100053787 ms[0m
[1m[1;34m[2026-09-03 19:52:44,243][0m [1m[1;30m[42m[INFO ][0m [1m[1;33m[jaison.py::952 response_pipeline]:[0m Response job 1c57d4f8-faac-46f7-ad95-ce49fe89cac9 completed. Content: 'Смотрят, рукав затягивают, микродаренный сарда кавычка... Это что, начало детектива или приключений?...'[0m

[2026-09-03 19:52:44 +0300] [40120] [INFO] 127.0.0.1:5139 POST /api/context/conversation/speech_start 1.1 200 71 1004
[VAD] Голос! (Prob: 0.001, RMS: 0.0105) Завершена (1184ms, speech: 384ms).
[2026-09-03 19:52:45 +0300] [40120] [INFO] 127.0.0.1:5139 POST /api/context/conversation/audio 1.1 200 142 536

[API] Фраза отправлена (37888 байт).
[1m[1;34m[2026-09-03 19:52:45,451][0m [1m[1;30m[42m[INFO ][0m [1m[1;33m[sherpa.py::320 _generate]:[0m Sherpa STT final: len=7 latency_ms=58 source=mic turn=a52d32a1-9f78-44bd-aab5-bbb4594fffcc utterance=53cb99ac-a685-4e62-8bc2-f1e46152798d[0m
[1m[1;34m[2026-09-03 19:52:45,451][0m [1m[1;30m[42m[INFO ][0m [1m[1;33m[jaison.py::469 _interrupt_jobs]:[0m Smart Barge-in: Interrupting and clearing queue due to: user_speaking_significant[0m
[1m[1;34m[2026-09-03 19:52:45,717][0m [1m[1;30m[42m[INFO ][0m [1m[1;33m[jaison.py::430 create_job]:[0m Queued new context_conversation_add_text job db336429-0c84-4164-93f4-c32248b66d52[0m
[1m[1;34m[2026-09-03 19:52:45,717][0m [1m[1;30m[42m[INFO ][0m [1m[1;33m[jaison.py::430 create_job]:[0m Queued new response job f1aa7786-b102-4924-b6a5-3067c1ed0cee[0m
[2026-09-03 19:52:46 +0300] [40120] [INFO] 127.0.0.1:5139 POST /api/context/conversation/speech_start 1.1 200 71 1515
[1m[1;34m[2026-09-03 19:52:46,729][0m [1m[1;30m[42m[INFO ][0m [1m[1;33m[operation.py::25 __call__]:[0m T2T operation llamacpp completed in 1010.498300078325 ms[0m
[VAD] Голос! (Prob: 0.001, RMS: 0.0124) Завершена (1600ms, speech: 864ms).
[2026-09-03 19:52:47 +0300] [40120] [INFO] 127.0.0.1:5139 POST /api/context/conversation/audio 1.1 200 142 1006

[API] Фраза отправлена (51200 байт).
[1m[1;34m[2026-09-03 19:52:47,767][0m [1m[1;30m[42m[INFO ][0m [1m[1;33m[sherpa.py::320 _generate]:[0m Sherpa STT final: len=12 latency_ms=62 source=mic turn=a52d32a1-9f78-44bd-aab5-bbb4594fffcc utterance=8ae9a7c1-b302-4574-b84b-63857bc35e88[0m
[1m[1;34m[2026-09-03 19:52:47,767][0m [1m[1;30m[42m[INFO ][0m [1m[1;33m[jaison.py::469 _interrupt_jobs]:[0m Smart Barge-in: Interrupting and clearing queue due to: user_speaking_significant[0m
[1m[1;34m[2026-09-03 19:52:47,768][0m [1m[1;30m[42m[INFO ][0m [1m[1;33m[jaison.py::463 _clear_current_job]:[0m Job f1aa7786-b102-4924-b6a5-3067c1ed0cee (response) is being cancelled due to: user_speaking_significant[0m
[1m[1;34m[2026-09-03 19:52:47,954][0m [1m[1;30m[42m[INFO ][0m [1m[1;33m[jaison.py::743 _process_job_loop]:[0m Job f1aa7786-b102-4924-b6a5-3067c1ed0cee (response) was cancelled.[0m
[1m[1;34m[2026-09-03 19:52:48,034][0m [1m[1;30m[42m[INFO ][0m [1m[1;33m[jaison.py::430 create_job]:[0m Queued new context_conversation_add_text job 814b2e1c-f274-4af9-a400-f6bec1e16a62[0m
[1m[1;34m[2026-09-03 19:52:48,034][0m [1m[1;30m[42m[INFO ][0m [1m[1;33m[jaison.py::430 create_job]:[0m Queued new response job 1810e2a2-ec88-4fa7-9646-5ea623695194[0m

[2026-09-03 19:52:48 +0300] [40120] [INFO] 127.0.0.1:5139 POST /api/context/conversation/speech_start 1.1 200 71 1507
[1m[1;34m[2026-09-03 19:52:49,009][0m [1m[1;30m[42m[INFO ][0m [1m[1;33m[operation.py::25 __call__]:[0m T2T operation llamacpp completed in 973.7126000691205 ms[0m
[VAD] Голос! (Prob: 0.001, RMS: 0.0124) Завершена (1024ms, speech: 288ms).
[2026-09-03 19:52:49 +0300] [40120] [INFO] 127.0.0.1:5139 POST /api/context/conversation/audio 1.1 200 142 1017

[API] Фраза отправлена (32768 байт).
[1m[1;34m[2026-09-03 19:52:49,425][0m [1m[1;30m[42m[INFO ][0m [1m[1;33m[sherpa.py::320 _generate]:[0m Sherpa STT final: len=0 latency_ms=32 source=mic turn=a52d32a1-9f78-44bd-aab5-bbb4594fffcc utterance=e41ab5d4-3eb1-49ba-a571-fb2fd4345c34[0m
[1m[1;34m[2026-09-03 19:52:50,410][0m [1m[1;30m[42m[INFO ][0m [1m[1;33m[operation.py::25 __call__]:[0m FILTER_AUDIO operation speaker completed in 0.4268999909982085 ms[0m
[1m[1;34m[2026-09-03 19:52:50,555][0m [1m[1;30m[42m[INFO ][0m [1m[1;33m[operation.py::25 __call__]:[0m FILTER_AUDIO operation speaker completed in 0.4384999629110098 ms[0m
[1m[1;34m[2026-09-03 19:52:50,620][0m [1m[1;30m[42m[INFO ][0m [1m[1;33m[operation.py::25 __call__]:[0m FILTER_AUDIO operation speaker completed in 0.5134000675752759 ms[0m
[1m[1;34m[2026-09-03 19:52:50,742][0m [1m[1;30m[42m[INFO ][0m [1m[1;33m[operation.py::25 __call__]:[0m FILTER_AUDIO operation speaker completed in 0.878899940289557 ms[0m
[1m[1;34m[2026-09-03 19:52:50,919][0m [1m[1;30m[42m[INFO ][0m [1m[1;33m[operation.py::25 __call__]:[0m TTS operation fish_audio completed in 1897.8049999568611 ms[0m
[VAD] Голос! (Prob: 0.001, RMS: 0.0099) Завершена (2624ms, speech: 1440ms).
[2026-09-03 19:52:51 +0300] [40120] [INFO] 127.0.0.1:5139 POST /api/context/conversation/audio 1.1 200 142 4019

[API] Фраза отправлена (83968 байт).
[1m[1;34m[2026-09-03 19:52:52,016][0m [1m[1;30m[42m[INFO ][0m [1m[1;33m[sherpa.py::320 _generate]:[0m Sherpa STT final: len=22 latency_ms=118 source=mic turn=a52d32a1-9f78-44bd-aab5-bbb4594fffcc utterance=eeb889ba-3f84-458c-8041-1c59dbf367f9[0m
[1m[1;34m[2026-09-03 19:52:52,016][0m [1m[1;30m[42m[INFO ][0m [1m[1;33m[jaison.py::469 _interrupt_jobs]:[0m Smart Barge-in: Interrupting and clearing queue due to: user_speaking_significant[0m
[1m[1;34m[2026-09-03 19:52:52,016][0m [1m[1;30m[42m[INFO ][0m [1m[1;33m[jaison.py::463 _clear_current_job]:[0m Job 1810e2a2-ec88-4fa7-9646-5ea623695194 (response) is being cancelled due to: user_speaking_significant[0m
[1m[1;34m[2026-09-03 19:52:52,243][0m [1m[1;30m[42m[INFO ][0m [1m[1;33m[jaison.py::430 create_job]:[0m Queued new context_conversation_add_text job fbd25a7d-6d0d-4254-8436-1f5ed25e2ff4[0m
[1m[1;34m[2026-09-03 19:52:52,243][0m [1m[1;30m[42m[INFO ][0m [1m[1;33m[jaison.py::430 create_job]:[0m Queued new response job 718ee471-8585-4b56-9ec3-66882af981c5[0m
[1m[1;34m[2026-09-03 19:52:52,330][0m [1m[1;30m[42m[INFO ][0m [1m[1;33m[jaison.py::743 _process_job_loop]:[0m Job 1810e2a2-ec88-4fa7-9646-5ea623695194 (response) was cancelled.[0m

[1m[1;34m[2026-09-03 19:52:53,599][0m [1m[1;30m[42m[INFO ][0m [1m[1;33m[operation.py::25 __call__]:[0m T2T operation llamacpp completed in 1267.8395999828354 ms[0m
[2026-09-03 19:52:53 +0300] [40120] [INFO] 127.0.0.1:5139 POST /api/context/conversation/speech_start 1.1 200 71 0
[VAD] Голос! (Prob: 0.001, RMS: 0.0075) Завершена (1088ms, speech: 320ms).
[2026-09-03 19:52:54 +0300] [40120] [INFO] 127.0.0.1:5139 POST /api/context/conversation/audio 1.1 200 142 504

[API] Фраза отправлена (34816 байт).
[1m[1;34m[2026-09-03 19:52:54,362][0m [1m[1;30m[42m[INFO ][0m [1m[1;33m[sherpa.py::320 _generate]:[0m Sherpa STT final: len=0 latency_ms=38 source=mic turn=a52d32a1-9f78-44bd-aab5-bbb4594fffcc utterance=e57b606e-49be-4582-8d61-76d18ae38344[0m

[1m[1;34m[2026-09-03 19:52:55,112][0m [1m[1;30m[42m[INFO ][0m [1m[1;33m[operation.py::25 __call__]:[0m FILTER_AUDIO operation speaker completed in 0.46280003152787685 ms[0m
[1m[1;34m[2026-09-03 19:52:55,255][0m [1m[1;30m[42m[INFO ][0m [1m[1;33m[operation.py::25 __call__]:[0m FILTER_AUDIO operation speaker completed in 0.4069999558851123 ms[0m
[VAD] Голос! (Prob: 0.001, RMS: 0.0079) Завершена (1056ms, speech: 384ms).
[2026-09-03 19:52:55 +0300] [40120] [INFO] 127.0.0.1:5139 POST /api/context/conversation/audio 1.1 200 142 1004

[API] Фраза отправлена (33792 байт).
[1m[1;34m[2026-09-03 19:52:55,319][0m [1m[1;30m[42m[INFO ][0m [1m[1;33m[sherpa.py::320 _generate]:[0m Sherpa STT final: len=3 latency_ms=35 source=mic turn=a52d32a1-9f78-44bd-aab5-bbb4594fffcc utterance=0f42dda9-c0ca-4956-aa62-f0626385e074[0m
[1m[1;34m[2026-09-03 19:52:55,356][0m [1m[1;30m[42m[INFO ][0m [1m[1;33m[operation.py::25 __call__]:[0m FILTER_AUDIO operation speaker completed in 0.4116999916732311 ms[0m
[1m[1;34m[2026-09-03 19:52:55,540][0m [1m[1;30m[42m[INFO ][0m [1m[1;33m[jaison.py::430 create_job]:[0m Queued new context_conversation_add_text job 0941dd53-3c80-4429-acef-2fd8efe122d3[0m
[1m[1;34m[2026-09-03 19:52:55,540][0m [1m[1;30m[42m[INFO ][0m [1m[1;33m[jaison.py::568 _commit_pending_voice_turn]:[0m Voice turn committed as context-only (no RESPONSE job).[0m
[1m[1;34m[2026-09-03 19:52:55,541][0m [1m[1;30m[42m[INFO ][0m [1m[1;33m[operation.py::25 __call__]:[0m TTS operation fish_audio completed in 1927.293400047347 ms[0m

[2026-09-03 19:52:56 +0300] [40120] [INFO] 127.0.0.1:5139 POST /api/context/conversation/speech_start 1.1 200 71 500
[1m[1;34m[2026-09-03 19:52:57,163][0m [1m[1;30m[42m[INFO ][0m [1m[1;33m[operation.py::25 __call__]:[0m FILTER_AUDIO operation speaker completed in 0.5133000668138266 ms[0m
[VAD] Голос! (Prob: 0.001, RMS: 0.0108) Завершена (1312ms, speech: 384ms).
[2026-09-03 19:52:57 +0300] [40120] [INFO] 127.0.0.1:5139 POST /api/context/conversation/audio 1.1 200 142 508

[API] Фраза отправлена (41984 байт).
[1m[1;34m[2026-09-03 19:52:57,473][0m [1m[1;30m[42m[INFO ][0m [1m[1;33m[operation.py::25 __call__]:[0m FILTER_AUDIO operation speaker completed in 0.3994000144302845 ms[0m
[1m[1;34m[2026-09-03 19:52:57,475][0m [1m[1;30m[42m[INFO ][0m [1m[1;33m[operation.py::25 __call__]:[0m FILTER_AUDIO operation speaker completed in 0.06049999501556158 ms[0m
[1m[1;34m[2026-09-03 19:52:57,528][0m [1m[1;30m[42m[INFO ][0m [1m[1;33m[sherpa.py::320 _generate]:[0m Sherpa STT final: len=3 latency_ms=64 source=mic turn=a52d32a1-9f78-44bd-aab5-bbb4594fffcc utterance=fd1fcd1b-2efa-4b41-bbd8-88302583942e[0m
[1m[1;34m[2026-09-03 19:52:57,653][0m [1m[1;30m[42m[INFO ][0m [1m[1;33m[operation.py::25 __call__]:[0m TTS operation fish_audio completed in 2112.5106000108644 ms[0m

[1m[1;34m[2026-09-03 19:52:57,795][0m [1m[1;30m[42m[INFO ][0m [1m[1;33m[jaison.py::430 create_job]:[0m Queued new context_conversation_add_text job 9cc91ea2-0578-4610-be59-981a7d82b28b[0m
[1m[1;34m[2026-09-03 19:52:57,795][0m [1m[1;30m[42m[INFO ][0m [1m[1;33m[jaison.py::568 _commit_pending_voice_turn]:[0m Voice turn committed as context-only (no RESPONSE job).[0m
[2026-09-03 19:52:57 +0300] [40120] [INFO] 127.0.0.1:5139 POST /api/context/conversation/speech_start 1.1 200 71 510
[1m[1;34m[2026-09-03 19:52:59,535][0m [1m[1;30m[42m[INFO ][0m [1m[1;33m[operation.py::25 __call__]:[0m FILTER_AUDIO operation speaker completed in 0.4213000647723675 ms[0m
[1m[1;34m[2026-09-03 19:52:59,615][0m [1m[1;30m[42m[INFO ][0m [1m[1;33m[operation.py::25 __call__]:[0m FILTER_AUDIO operation speaker completed in 0.5046000005677342 ms[0m
[1m[1;34m[2026-09-03 19:52:59,727][0m [1m[1;30m[42m[INFO ][0m [1m[1;33m[operation.py::25 __call__]:[0m FILTER_AUDIO operation speaker completed in 0.4898000042885542 ms[0m
[1m[1;34m[2026-09-03 19:52:59,806][0m [1m[1;30m[42m[INFO ][0m [1m[1;33m[operation.py::25 __call__]:[0m FILTER_AUDIO operation speaker completed in 0.4352000541985035 ms[0m
[VAD] Голос! (Prob: 0.001, RMS: 0.0122) Завершена (2432ms, speech: 1408ms).
[2026-09-03 19:52:59 +0300] [40120] [INFO] 127.0.0.1:5139 POST /api/context/conversation/audio 1.1 200 142 506

[API] Фраза отправлена (77824 байт).
[1m[1;34m[2026-09-03 19:52:59,943][0m [1m[1;30m[42m[INFO ][0m [1m[1;33m[sherpa.py::320 _generate]:[0m Sherpa STT final: len=20 latency_ms=119 source=mic turn=a52d32a1-9f78-44bd-aab5-bbb4594fffcc utterance=4e80c861-dae5-4290-aa51-e3da11fdaa52[0m
[1m[1;34m[2026-09-03 19:52:59,943][0m [1m[1;30m[42m[INFO ][0m [1m[1;33m[jaison.py::469 _interrupt_jobs]:[0m Smart Barge-in: Interrupting and clearing queue due to: user_speaking_significant[0m
[1m[1;34m[2026-09-03 19:52:59,943][0m [1m[1;30m[42m[INFO ][0m [1m[1;33m[jaison.py::463 _clear_current_job]:[0m Job 718ee471-8585-4b56-9ec3-66882af981c5 (response) is being cancelled due to: user_speaking_significant[0m
[1m[1;34m[2026-09-03 19:52:59,945][0m [1m[1;30m[42m[INFO ][0m [1m[1;33m[jaison.py::743 _process_job_loop]:[0m Job 718ee471-8585-4b56-9ec3-66882af981c5 (response) was cancelled.[0m
[1m[1;34m[2026-09-03 19:53:00,185][0m [1m[1;30m[42m[INFO ][0m [1m[1;33m[jaison.py::430 create_job]:[0m Queued new context_conversation_add_text job 7b1b7426-199b-47d7-9742-6709a95ef949[0m
[1m[1;34m[2026-09-03 19:53:00,185][0m [1m[1;30m[42m[INFO ][0m [1m[1;33m[jaison.py::430 create_job]:[0m Queued new response job fb5c4019-317c-432a-b34a-80567a137dcf[0m

[2026-09-03 19:53:00 +0300] [40120] [INFO] 127.0.0.1:5139 POST /api/context/conversation/speech_start 1.1 200 71 1007
[VAD] Голос! (Prob: 0.001, RMS: 0.0076) Завершена (960ms, speech: 224ms).
[2026-09-03 19:53:00 +0300] [40120] [INFO] 127.0.0.1:5139 POST /api/context/conversation/audio 1.1 200 142 500

[API] Фраза отправлена (30720 байт).
[1m[1;34m[2026-09-03 19:53:00,934][0m [1m[1;30m[42m[INFO ][0m [1m[1;33m[sherpa.py::320 _generate]:[0m Sherpa STT final: len=0 latency_ms=49 source=mic turn=a52d32a1-9f78-44bd-aab5-bbb4594fffcc utterance=60c18f71-808c-497b-88de-6ed984c79651[0m

[1m[1;34m[2026-09-03 19:53:01,564][0m [1m[1;30m[42m[INFO ][0m [1m[1;33m[operation.py::25 __call__]:[0m T2T operation llamacpp completed in 1378.3031000057235 ms[0m
[2026-09-03 19:53:01 +0300] [40120] [INFO] 127.0.0.1:5139 POST /api/context/conversation/speech_start 1.1 200 71 509
[VAD] Голос! (Prob: 0.001, RMS: 0.0092) Завершена (960ms, speech: 224ms).
[2026-09-03 19:53:02 +0300] [40120] [INFO] 127.0.0.1:5139 POST /api/context/conversation/audio 1.1 200 142 995

[API] Фраза отправлена (30720 байт).
[1m[1;34m[2026-09-03 19:53:02,200][0m [1m[1;30m[42m[INFO ][0m [1m[1;33m[sherpa.py::320 _generate]:[0m Sherpa STT final: len=7 latency_ms=36 source=mic turn=a52d32a1-9f78-44bd-aab5-bbb4594fffcc utterance=cdbe9ddc-dabc-44a9-8307-9dc4bd038f78[0m
[1m[1;34m[2026-09-03 19:53:02,459][0m [1m[1;30m[42m[INFO ][0m [1m[1;33m[jaison.py::430 create_job]:[0m Queued new context_conversation_add_text job c795fa42-e29f-464e-b3ad-9c24c5e95039[0m
[1m[1;34m[2026-09-03 19:53:02,460][0m [1m[1;30m[42m[INFO ][0m [1m[1;33m[jaison.py::568 _commit_pending_voice_turn]:[0m Voice turn committed as context-only (no RESPONSE job).[0m
[1m[1;34m[2026-09-03 19:53:03,175][0m [1m[1;30m[42m[INFO ][0m [1m[1;33m[operation.py::25 __call__]:[0m FILTER_AUDIO operation speaker completed in 0.4120999947190285 ms[0m
[1m[1;34m[2026-09-03 19:53:03,257][0m [1m[1;30m[42m[INFO ][0m [1m[1;33m[operation.py::25 __call__]:[0m FILTER_AUDIO operation speaker completed in 0.5010999739170074 ms[0m
[1m[1;34m[2026-09-03 19:53:03,371][0m [1m[1;30m[42m[INFO ][0m [1m[1;33m[operation.py::25 __call__]:[0m FILTER_AUDIO operation speaker completed in 0.47009997069835663 ms[0m

[2026-09-03 19:53:03 +0300] [40120] [INFO] 127.0.0.1:5139 POST /api/context/conversation/speech_start 1.1 200 71 500
[1m[1;34m[2026-09-03 19:53:03,678][0m [1m[1;30m[42m[INFO ][0m [1m[1;33m[operation.py::25 __call__]:[0m FILTER_AUDIO operation speaker completed in 2.3121999111026525 ms[0m
[1m[1;34m[2026-09-03 19:53:03,983][0m [1m[1;30m[42m[INFO ][0m [1m[1;33m[operation.py::25 __call__]:[0m FILTER_AUDIO operation speaker completed in 1.0149999288842082 ms[0m
[1m[1;34m[2026-09-03 19:53:04,164][0m [1m[1;30m[42m[INFO ][0m [1m[1;33m[operation.py::25 __call__]:[0m TTS operation fish_audio completed in 2582.886900054291 ms[0m
[VAD] Голос! (Prob: 0.001, RMS: 0.0080) Завершена (1664ms, speech: 800ms).
[2026-09-03 19:53:04 +0300] [40120] [INFO] 127.0.0.1:5139 POST /api/context/conversation/audio 1.1 200 142 501

[API] Фраза отправлена (53248 байт).
[1m[1;34m[2026-09-03 19:53:04,816][0m [1m[1;30m[42m[INFO ][0m [1m[1;33m[sherpa.py::320 _generate]:[0m Sherpa STT final: len=11 latency_ms=62 source=mic turn=a52d32a1-9f78-44bd-aab5-bbb4594fffcc utterance=e7d6c689-0f4a-448a-b514-f65edcca9efe[0m
[1m[1;34m[2026-09-03 19:53:04,816][0m [1m[1;30m[42m[INFO ][0m [1m[1;33m[jaison.py::469 _interrupt_jobs]:[0m Smart Barge-in: Interrupting and clearing queue due to: user_speaking_significant[0m
[1m[1;34m[2026-09-03 19:53:04,816][0m [1m[1;30m[42m[INFO ][0m [1m[1;33m[jaison.py::463 _clear_current_job]:[0m Job fb5c4019-317c-432a-b34a-80567a137dcf (response) is being cancelled due to: user_speaking_significant[0m
[1m[1;34m[2026-09-03 19:53:04,817][0m [1m[1;30m[42m[INFO ][0m [1m[1;33m[jaison.py::743 _process_job_loop]:[0m Job fb5c4019-317c-432a-b34a-80567a137dcf (response) was cancelled.[0m
[1m[1;34m[2026-09-03 19:53:05,069][0m [1m[1;30m[42m[INFO ][0m [1m[1;33m[jaison.py::430 create_job]:[0m Queued new context_conversation_add_text job a359fa43-1215-4011-8548-8546b41d2972[0m
[1m[1;34m[2026-09-03 19:53:05,069][0m [1m[1;30m[42m[INFO ][0m [1m[1;33m[jaison.py::430 create_job]:[0m Queued new response job f5a6818e-aec8-4130-bb20-76b1dd6b99d5[0m
[1m[1;34m[2026-09-03 19:53:05,954][0m [1m[1;30m[42m[INFO ][0m [1m[1;33m[operation.py::25 __call__]:[0m T2T operation llamacpp completed in 883.4237999981269 ms[0m

[2026-09-03 19:53:07 +0300] [40120] [INFO] 127.0.0.1:5139 POST /api/context/conversation/speech_start 1.1 200 71 999
[1m[1;34m[2026-09-03 19:53:07,913][0m [1m[1;30m[42m[INFO ][0m [1m[1;33m[operation.py::25 __call__]:[0m FILTER_AUDIO operation speaker completed in 0.43569994159042835 ms[0m
[1m[1;34m[2026-09-03 19:53:08,000][0m [1m[1;30m[42m[INFO ][0m [1m[1;33m[operation.py::25 __call__]:[0m FILTER_AUDIO operation speaker completed in 0.4285000031813979 ms[0m
[1m[1;34m[2026-09-03 19:53:08,120][0m [1m[1;30m[42m[INFO ][0m [1m[1;33m[operation.py::25 __call__]:[0m FILTER_AUDIO operation speaker completed in 0.5692999111488461 ms[0m
[1m[1;34m[2026-09-03 19:53:08,132][0m [1m[1;30m[42m[INFO ][0m [1m[1;33m[operation.py::25 __call__]:[0m FILTER_AUDIO operation speaker completed in 0.11899997480213642 ms[0m
[1m[1;34m[2026-09-03 19:53:08,314][0m [1m[1;30m[42m[INFO ][0m [1m[1;33m[operation.py::25 __call__]:[0m TTS operation fish_audio completed in 2349.8639999888837 ms[0m
[VAD] Голос! (Prob: 0.001, RMS: 0.0080) Завершена (1056ms, speech: 320ms).
[2026-09-03 19:53:08 +0300] [40120] [INFO] 127.0.0.1:5139 POST /api/context/conversation/audio 1.1 200 142 0

[API] Фраза отправлена (33792 байт).
[1m[1;34m[2026-09-03 19:53:08,383][0m [1m[1;30m[42m[INFO ][0m [1m[1;33m[sherpa.py::320 _generate]:[0m Sherpa STT final: len=6 latency_ms=38 source=mic turn=5ff3705e-b0c0-4981-96b5-9ec55c14a019 utterance=70e4bbef-111a-4e4e-8960-13f36734cfb3[0m
[1m[1;34m[2026-09-03 19:53:08,383][0m [1m[1;30m[42m[INFO ][0m [1m[1;33m[jaison.py::469 _interrupt_jobs]:[0m Smart Barge-in: Interrupting and clearing queue due to: user_speaking_significant[0m
[1m[1;34m[2026-09-03 19:53:08,383][0m [1m[1;30m[42m[INFO ][0m [1m[1;33m[jaison.py::463 _clear_current_job]:[0m Job f5a6818e-aec8-4130-bb20-76b1dd6b99d5 (response) is being cancelled due to: user_speaking_significant[0m
[1m[1;34m[2026-09-03 19:53:08,383][0m [1m[1;30m[42m[INFO ][0m [1m[1;33m[jaison.py::255 _record_stt_metrics]:[0m STT metrics(window=80): avg_latency_ms=59 empty_rate=0.500 stop_cmd_recall=0.000[0m
[1m[1;34m[2026-09-03 19:53:08,384][0m [1m[1;30m[42m[INFO ][0m [1m[1;33m[jaison.py::743 _process_job_loop]:[0m Job f5a6818e-aec8-4130-bb20-76b1dd6b99d5 (response) was cancelled.[0m
[1m[1;34m[2026-09-03 19:53:08,628][0m [1m[1;30m[42m[INFO ][0m [1m[1;33m[jaison.py::430 create_job]:[0m Queued new context_conversation_add_text job 17887d76-e3cd-47eb-b0f8-1bc40a2ea45f[0m
[1m[1;34m[2026-09-03 19:53:08,628][0m [1m[1;30m[42m[INFO ][0m [1m[1;33m[jaison.py::430 create_job]:[0m Queued new response job 45363f0c-7035-42c0-9173-006e5bad83ec[0m
[1m[1;34m[2026-09-03 19:53:09,739][0m [1m[1;30m[42m[INFO ][0m [1m[1;33m[operation.py::25 __call__]:[0m T2T operation llamacpp completed in 1110.255799954757 ms[0m
[1m[1;34m[2026-09-03 19:53:11,143][0m [1m[1;30m[42m[INFO ][0m [1m[1;33m[operation.py::25 __call__]:[0m FILTER_AUDIO operation speaker completed in 0.4589000018313527 ms[0m
[1m[1;34m[2026-09-03 19:53:11,225][0m [1m[1;30m[42m[INFO ][0m [1m[1;33m[operation.py::25 __call__]:[0m FILTER_AUDIO operation speaker completed in 0.33249997068196535 ms[0m
[1m[1;34m[2026-09-03 19:53:11,406][0m [1m[1;30m[42m[INFO ][0m [1m[1;33m[operation.py::25 __call__]:[0m TTS operation fish_audio completed in 1656.694500008598 ms[0m

[2026-09-03 19:53:12 +0300] [40120] [INFO] 127.0.0.1:5139 POST /api/context/conversation/speech_start 1.1 200 71 1520
[1m[1;34m[2026-09-03 19:53:13,185][0m [1m[1;30m[42m[INFO ][0m [1m[1;33m[operation.py::25 __call__]:[0m FILTER_AUDIO operation speaker completed in 0.42799999937415123 ms[0m
[1m[1;34m[2026-09-03 19:53:13,316][0m [1m[1;30m[42m[INFO ][0m [1m[1;33m[operation.py::25 __call__]:[0m FILTER_AUDIO operation speaker completed in 0.4692000802606344 ms[0m
[1m[1;34m[2026-09-03 19:53:13,324][0m [1m[1;30m[42m[INFO ][0m [1m[1;33m[operation.py::25 __call__]:[0m FILTER_AUDIO operation speaker completed in 0.0575000885874033 ms[0m
[1m[1;34m[2026-09-03 19:53:13,519][0m [1m[1;30m[42m[INFO ][0m [1m[1;33m[operation.py::25 __call__]:[0m TTS operation fish_audio completed in 2112.5775000546128 ms[0m
[1m[1;34m[2026-09-03 19:53:14,830][0m [1m[1;30m[42m[INFO ][0m [1m[1;33m[operation.py::25 __call__]:[0m FILTER_AUDIO operation speaker completed in 0.5040999967604876 ms[0m
[VAD] Голос! (Prob: 0.001, RMS: 0.0078) Завершена (2912ms, speech: 1376ms).
[2026-09-03 19:53:15 +0300] [40120] [INFO] 127.0.0.1:5139 POST /api/context/conversation/audio 1.1 200 142 510

[API] Фраза отправлена (93184 байт).
[1m[1;34m[2026-09-03 19:53:15,174][0m [1m[1;30m[42m[INFO ][0m [1m[1;33m[sherpa.py::320 _generate]:[0m Sherpa STT final: len=40 latency_ms=109 source=mic turn=fd8bd522-2696-4a50-a281-e79881708667 utterance=9571122f-02b0-4260-8a4a-e70ec39f14dd[0m
[1m[1;34m[2026-09-03 19:53:15,175][0m [1m[1;30m[42m[INFO ][0m [1m[1;33m[jaison.py::469 _interrupt_jobs]:[0m Smart Barge-in: Interrupting and clearing queue due to: user_speaking_significant[0m
[1m[1;34m[2026-09-03 19:53:15,175][0m [1m[1;30m[42m[INFO ][0m [1m[1;33m[jaison.py::463 _clear_current_job]:[0m Job 45363f0c-7035-42c0-9173-006e5bad83ec (response) is being cancelled due to: user_speaking_significant[0m
[1m[1;34m[2026-09-03 19:53:15,417][0m [1m[1;30m[42m[INFO ][0m [1m[1;33m[jaison.py::430 create_job]:[0m Queued new context_conversation_add_text job ead01cd9-78d3-4462-8b55-a70b76814e52[0m
[1m[1;34m[2026-09-03 19:53:15,417][0m [1m[1;30m[42m[INFO ][0m [1m[1;33m[jaison.py::430 create_job]:[0m Queued new response job c50b213f-c80e-46b4-a2c4-63f2ffd8c935[0m
[1m[1;34m[2026-09-03 19:53:15,578][0m [1m[1;30m[42m[INFO ][0m [1m[1;33m[jaison.py::743 _process_job_loop]:[0m Job 45363f0c-7035-42c0-9173-006e5bad83ec (response) was cancelled.[0m

[2026-09-03 19:53:16 +0300] [40120] [INFO] 127.0.0.1:5139 POST /api/context/conversation/speech_start 1.1 200 71 1514
[1m[1;34m[2026-09-03 19:53:16,788][0m [1m[1;30m[42m[INFO ][0m [1m[1;33m[operation.py::25 __call__]:[0m T2T operation llamacpp completed in 1208.98480003234 ms[0m
[VAD] Голос! (Prob: 0.001, RMS: 0.0076) Завершена (1024ms, speech: 288ms).
[2026-09-03 19:53:17 +0300] [40120] [INFO] 127.0.0.1:5139 POST /api/context/conversation/audio 1.1 200 142 1004

[API] Фраза отправлена (32768 байт).
[1m[1;34m[2026-09-03 19:53:17,267][0m [1m[1;30m[42m[INFO ][0m [1m[1;33m[sherpa.py::320 _generate]:[0m Sherpa STT final: len=0 latency_ms=35 source=mic turn=fd8bd522-2696-4a50-a281-e79881708667 utterance=2d3cb289-e1f6-4cd4-9c49-d08fac6ecd9b[0m
[1m[1;34m[2026-09-03 19:53:18,078][0m [1m[1;30m[42m[INFO ][0m [1m[1;33m[operation.py::25 __call__]:[0m FILTER_AUDIO operation speaker completed in 0.49100001342594624 ms[0m
[1m[1;34m[2026-09-03 19:53:18,248][0m [1m[1;30m[42m[INFO ][0m [1m[1;33m[operation.py::25 __call__]:[0m FILTER_AUDIO operation speaker completed in 0.3546999068930745 ms[0m
[1m[1;34m[2026-09-03 19:53:18,379][0m [1m[1;30m[42m[INFO ][0m [1m[1;33m[operation.py::25 __call__]:[0m FILTER_AUDIO operation speaker completed in 0.5372000159695745 ms[0m
[1m[1;34m[2026-09-03 19:53:18,679][0m [1m[1;30m[42m[INFO ][0m [1m[1;33m[operation.py::25 __call__]:[0m FILTER_AUDIO operation speaker completed in 1.0366999777033925 ms[0m
[1m[1;34m[2026-09-03 19:53:18,863][0m [1m[1;30m[42m[INFO ][0m [1m[1;33m[operation.py::25 __call__]:[0m TTS operation fish_audio completed in 2062.1917999815196 ms[0m

[2026-09-03 19:53:20 +0300] [40120] [INFO] 127.0.0.1:5139 POST /api/context/conversation/speech_start 1.1 200 71 0
[1m[1;34m[2026-09-03 19:53:20,229][0m [1m[1;30m[42m[INFO ][0m [1m[1;33m[operation.py::25 __call__]:[0m FILTER_AUDIO operation speaker completed in 0.5160999717190862 ms[0m
[1m[1;34m[2026-09-03 19:53:20,377][0m [1m[1;30m[42m[INFO ][0m [1m[1;33m[operation.py::25 __call__]:[0m FILTER_AUDIO operation speaker completed in 0.4773000255227089 ms[0m
[1m[1;34m[2026-09-03 19:53:20,444][0m [1m[1;30m[42m[INFO ][0m [1m[1;33m[operation.py::25 __call__]:[0m FILTER_AUDIO operation speaker completed in 0.5432000616565347 ms[0m
[1m[1;34m[2026-09-03 19:53:20,571][0m [1m[1;30m[42m[INFO ][0m [1m[1;33m[operation.py::25 __call__]:[0m FILTER_AUDIO operation speaker completed in 1.043400028720498 ms[0m
[VAD] Голос! (Prob: 0.001, RMS: 0.0084) Завершена (928ms, speech: 192ms).
[2026-09-03 19:53:20 +0300] [40120] [INFO] 127.0.0.1:5139 POST /api/context/conversation/audio 1.1 200 142 506

[API] Фраза отправлена (29696 байт).
[1m[1;34m[2026-09-03 19:53:20,729][0m [1m[1;30m[42m[INFO ][0m [1m[1;33m[sherpa.py::320 _generate]:[0m Sherpa STT final: len=0 latency_ms=35 source=mic turn=219c0b93-31ee-41b3-9c3c-3451a89d7b0c utterance=a0cf6dcf-8553-4657-a298-eea20953b76d[0m
[1m[1;34m[2026-09-03 19:53:20,751][0m [1m[1;30m[42m[INFO ][0m [1m[1;33m[operation.py::25 __call__]:[0m TTS operation fish_audio completed in 1888.2195999613032 ms[0m
[1m[1;34m[2026-09-03 19:53:22,228][0m [1m[1;30m[42m[INFO ][0m [1m[1;33m[operation.py::25 __call__]:[0m FILTER_AUDIO operation speaker completed in 0.5385000258684158 ms[0m
[1m[1;34m[2026-09-03 19:53:22,379][0m [1m[1;30m[42m[INFO ][0m [1m[1;33m[operation.py::25 __call__]:[0m FILTER_AUDIO operation speaker completed in 0.4987999564036727 ms[0m
[1m[1;34m[2026-09-03 19:53:22,440][0m [1m[1;30m[42m[INFO ][0m [1m[1;33m[operation.py::25 __call__]:[0m FILTER_AUDIO operation speaker completed in 0.4657000536099076 ms[0m
[1m[1;34m[2026-09-03 19:53:22,781][0m [1m[1;30m[42m[INFO ][0m [1m[1;33m[operation.py::25 __call__]:[0m FILTER_AUDIO operation speaker completed in 1.4063999988138676 ms[0m
[1m[1;34m[2026-09-03 19:53:22,869][0m [1m[1;30m[42m[INFO ][0m [1m[1;33m[operation.py::25 __call__]:[0m FILTER_AUDIO operation speaker completed in 0.21620001643896103 ms[0m
[1m[1;34m[2026-09-03 19:53:23,057][0m [1m[1;30m[42m[INFO ][0m [1m[1;33m[operation.py::25 __call__]:[0m TTS operation fish_audio completed in 2304.928799974732 ms[0m
[1m[1;34m[2026-09-03 19:53:24,273][0m [1m[1;30m[42m[INFO ][0m [1m[1;33m[operation.py::25 __call__]:[0m FILTER_AUDIO operation speaker completed in 0.5260000471025705 ms[0m
[1m[1;34m[2026-09-03 19:53:24,443][0m [1m[1;30m[42m[INFO ][0m [1m[1;33m[operation.py::25 __call__]:[0m FILTER_AUDIO operation speaker completed in 0.417600036598742 ms[0m
[1m[1;34m[2026-09-03 19:53:24,572][0m [1m[1;30m[42m[INFO ][0m [1m[1;33m[operation.py::25 __call__]:[0m FILTER_AUDIO operation speaker completed in 0.5305999657139182 ms[0m
[1m[1;34m[2026-09-03 19:53:24,714][0m [1m[1;30m[42m[INFO ][0m [1m[1;33m[operation.py::25 __call__]:[0m FILTER_AUDIO operation speaker completed in 1.0298999259248376 ms[0m
[1m[1;34m[2026-09-03 19:53:24,895][0m [1m[1;30m[42m[INFO ][0m [1m[1;33m[operation.py::25 __call__]:[0m TTS operation fish_audio completed in 1838.0210000323132 ms[0m
[1m[1;34m[2026-09-03 19:53:24,895][0m [1m[1;30m[42m[INFO ][0m [1m[1;33m[operation.py::25 __call__]:[0m FILTER_TEXT operation chunker_sentence completed in 8106.247800053097 ms[0m
[1m[1;34m[2026-09-03 19:53:24,895][0m [1m[1;30m[42m[INFO ][0m [1m[1;33m[operation.py::25 __call__]:[0m FILTER_TEXT operation filter_clean completed in 8106.3446999760345 ms[0m
[1m[1;34m[2026-09-03 19:53:24,895][0m [1m[1;30m[42m[INFO ][0m [1m[1;33m[jaison.py::952 response_pipeline]:[0m Response job c50b213f-c80e-46b4-a2c4-63f2ffd8c935 completed. Content: 'Хана, этот... садня? Ну что ж, звучит загадочно. Похоже, нам предстоит серьезное расследование. Расс...'[0m

[2026-09-03 19:53:25 +0300] [40120] [INFO] 127.0.0.1:5139 POST /api/context/conversation/speech_start 1.1 200 71 500
[VAD] Голос! (Prob: 0.001, RMS: 0.0078) Завершена (896ms, speech: 160ms).
[2026-09-03 19:53:25 +0300] [40120] [INFO] 127.0.0.1:5139 POST /api/context/conversation/audio 1.1 200 142 0

[API] Фраза отправлена (28672 байт).
[1m[1;34m[2026-09-03 19:53:25,909][0m [1m[1;30m[42m[INFO ][0m [1m[1;33m[sherpa.py::320 _generate]:[0m Sherpa STT final: len=0 latency_ms=34 source=mic turn=e5dbd8e1-84ce-43f3-a9e3-50044a82b54c utterance=9cde1a53-6e3c-4acb-acb5-2fe5260bd1c8[0m
[VAD] Голос! (Prob: 0.001, RMS: 0.0116) Завершена (1728ms, speech: 960ms).
[2026-09-03 19:53:27 +0300] [40120] [INFO] 127.0.0.1:5139 POST /api/context/conversation/audio 1.1 200 142 508

[API] Фраза отправлена (55296 байт).
[1m[1;34m[2026-09-03 19:53:27,543][0m [1m[1;30m[42m[INFO ][0m [1m[1;33m[sherpa.py::320 _generate]:[0m Sherpa STT final: len=22 latency_ms=67 source=mic turn=e5dbd8e1-84ce-43f3-a9e3-50044a82b54c utterance=83b6b63f-04a3-4ea9-8748-5fa47c65347d[0m
[1m[1;34m[2026-09-03 19:53:27,543][0m [1m[1;30m[42m[INFO ][0m [1m[1;33m[jaison.py::469 _interrupt_jobs]:[0m Smart Barge-in: Interrupting and clearing queue due to: user_speaking_significant[0m

[1m[1;34m[2026-09-03 19:53:27,799][0m [1m[1;30m[42m[INFO ][0m [1m[1;33m[jaison.py::430 create_job]:[0m Queued new context_conversation_add_text job f1c332d8-1a79-4035-84ce-d6b1313690ee[0m
[1m[1;34m[2026-09-03 19:53:27,799][0m [1m[1;30m[42m[INFO ][0m [1m[1;33m[jaison.py::430 create_job]:[0m Queued new response job 5c244449-6bb7-439a-8606-7b57b25adb04[0m
[2026-09-03 19:53:27 +0300] [40120] [INFO] 127.0.0.1:5139 POST /api/context/conversation/speech_start 1.1 200 71 506
[1m[1;34m[2026-09-03 19:53:28,711][0m [1m[1;30m[42m[INFO ][0m [1m[1;33m[operation.py::25 __call__]:[0m T2T operation llamacpp completed in 910.6633000774309 ms[0m
[VAD] Голос! (Prob: 0.001, RMS: 0.0091) Завершена (1344ms, speech: 512ms).
[2026-09-03 19:53:28 +0300] [40120] [INFO] 127.0.0.1:5139 POST /api/context/conversation/audio 1.1 200 142 1327

[API] Фраза отправлена (43008 байт).
[1m[1;34m[2026-09-03 19:53:28,801][0m [1m[1;30m[42m[INFO ][0m [1m[1;33m[sherpa.py::320 _generate]:[0m Sherpa STT final: len=12 latency_ms=74 source=mic turn=e5dbd8e1-84ce-43f3-a9e3-50044a82b54c utterance=ae090dfe-07fa-44bb-838d-61665c95249e[0m
[1m[1;34m[2026-09-03 19:53:28,801][0m [1m[1;30m[42m[INFO ][0m [1m[1;33m[jaison.py::469 _interrupt_jobs]:[0m Smart Barge-in: Interrupting and clearing queue due to: user_speaking_significant[0m
[1m[1;34m[2026-09-03 19:53:28,801][0m [1m[1;30m[42m[INFO ][0m [1m[1;33m[jaison.py::463 _clear_current_job]:[0m Job 5c244449-6bb7-439a-8606-7b57b25adb04 (response) is being cancelled due to: user_speaking_significant[0m
[1m[1;34m[2026-09-03 19:53:28,802][0m [1m[1;30m[42m[INFO ][0m [1m[1;33m[jaison.py::743 _process_job_loop]:[0m Job 5c244449-6bb7-439a-8606-7b57b25adb04 (response) was cancelled.[0m
[1m[1;34m[2026-09-03 19:53:29,056][0m [1m[1;30m[42m[INFO ][0m [1m[1;33m[jaison.py::430 create_job]:[0m Queued new context_conversation_add_text job 292acfec-d57d-41d5-b40e-d4134c4156b3[0m
[1m[1;34m[2026-09-03 19:53:29,056][0m [1m[1;30m[42m[INFO ][0m [1m[1;33m[jaison.py::430 create_job]:[0m Queued new response job a1ecfdc5-7b46-420a-8005-55cb45649e9c[0m
[1m[1;34m[2026-09-03 19:53:30,437][0m [1m[1;30m[42m[INFO ][0m [1m[1;33m[operation.py::25 __call__]:[0m T2T operation llamacpp completed in 1379.7287000343204 ms[0m

[2026-09-03 19:53:31 +0300] [40120] [INFO] 127.0.0.1:5139 POST /api/context/conversation/speech_start 1.1 200 71 507
[1m[1;34m[2026-09-03 19:53:31,748][0m [1m[1;30m[42m[INFO ][0m [1m[1;33m[operation.py::25 __call__]:[0m FILTER_AUDIO operation speaker completed in 0.48209994565695524 ms[0m
[1m[1;34m[2026-09-03 19:53:31,832][0m [1m[1;30m[42m[INFO ][0m [1m[1;33m[operation.py::25 __call__]:[0m FILTER_AUDIO operation speaker completed in 0.4197000525891781 ms[0m
[VAD] Голос! (Prob: 0.001, RMS: 0.0081) Завершена (1056ms, speech: 288ms).
[2026-09-03 19:53:31 +0300] [40120] [INFO] 127.0.0.1:5139 POST /api/context/conversation/audio 1.1 200 142 1518

[API] Фраза отправлена (33792 байт).
[1m[1;34m[2026-09-03 19:53:31,900][0m [1m[1;30m[42m[INFO ][0m [1m[1;33m[sherpa.py::320 _generate]:[0m Sherpa STT final: len=2 latency_ms=35 source=mic turn=98e07fe8-31b4-403a-b05c-2cfd4892ad21 utterance=2e70ddd1-6890-4f84-915a-d42dce461f1e[0m
[1m[1;34m[2026-09-03 19:53:31,962][0m [1m[1;30m[42m[INFO ][0m [1m[1;33m[operation.py::25 __call__]:[0m FILTER_AUDIO operation speaker completed in 0.5518000107258558 ms[0m
[1m[1;34m[2026-09-03 19:53:32,160][0m [1m[1;30m[42m[INFO ][0m [1m[1;33m[jaison.py::430 create_job]:[0m Queued new context_conversation_add_text job 2e1c06de-94fa-4f45-83bb-0efc73213723[0m
[1m[1;34m[2026-09-03 19:53:32,160][0m [1m[1;30m[42m[INFO ][0m [1m[1;33m[jaison.py::568 _commit_pending_voice_turn]:[0m Voice turn committed as context-only (no RESPONSE job).[0m

[1m[1;34m[2026-09-03 19:53:32,272][0m [1m[1;30m[42m[INFO ][0m [1m[1;33m[operation.py::25 __call__]:[0m FILTER_AUDIO operation speaker completed in 1.2391000054776669 ms[0m
[2026-09-03 19:53:32 +0300] [40120] [INFO] 127.0.0.1:5139 POST /api/context/conversation/speech_start 1.1 200 71 498
[1m[1;34m[2026-09-03 19:53:32,470][0m [1m[1;30m[42m[INFO ][0m [1m[1;33m[operation.py::25 __call__]:[0m FILTER_AUDIO operation speaker completed in 0.5923999706283212 ms[0m
[1m[1;34m[2026-09-03 19:53:32,648][0m [1m[1;30m[42m[INFO ][0m [1m[1;33m[operation.py::25 __call__]:[0m TTS operation fish_audio completed in 2196.7724999412894 ms[0m
[VAD] Голос! (Prob: 0.001, RMS: 0.0098) Завершена (1248ms, speech: 320ms).
[2026-09-03 19:53:33 +0300] [40120] [INFO] 127.0.0.1:5139 POST /api/context/conversation/audio 1.1 200 142 1012

[API] Фраза отправлена (39936 байт).
[1m[1;34m[2026-09-03 19:53:33,202][0m [1m[1;30m[42m[INFO ][0m [1m[1;33m[sherpa.py::320 _generate]:[0m Sherpa STT final: len=11 latency_ms=59 source=mic turn=98e07fe8-31b4-403a-b05c-2cfd4892ad21 utterance=e584e603-303a-4994-a83f-9ddef6a07d42[0m
[1m[1;34m[2026-09-03 19:53:33,203][0m [1m[1;30m[42m[INFO ][0m [1m[1;33m[jaison.py::469 _interrupt_jobs]:[0m Smart Barge-in: Interrupting and clearing queue due to: user_speaking_significant[0m
[1m[1;34m[2026-09-03 19:53:33,203][0m [1m[1;30m[42m[INFO ][0m [1m[1;33m[jaison.py::463 _clear_current_job]:[0m Job a1ecfdc5-7b46-420a-8005-55cb45649e9c (response) is being cancelled due to: user_speaking_significant[0m
[1m[1;34m[2026-09-03 19:53:33,204][0m [1m[1;30m[42m[INFO ][0m [1m[1;33m[jaison.py::743 _process_job_loop]:[0m Job a1ecfdc5-7b46-420a-8005-55cb45649e9c (response) was cancelled.[0m
[1m[1;34m[2026-09-03 19:53:33,462][0m [1m[1;30m[42m[INFO ][0m [1m[1;33m[jaison.py::430 create_job]:[0m Queued new context_conversation_add_text job 8af90812-7c8f-4c8e-83fc-91e32fc04e3d[0m
[1m[1;34m[2026-09-03 19:53:33,462][0m [1m[1;30m[42m[INFO ][0m [1m[1;33m[jaison.py::430 create_job]:[0m Queued new response job 8ba411bf-685b-4232-92cf-267759d5aefc[0m
[1m[1;34m[2026-09-03 19:53:34,973][0m [1m[1;30m[42m[INFO ][0m [1m[1;33m[operation.py::25 __call__]:[0m T2T operation llamacpp completed in 1510.5715000536293 ms[0m

[2026-09-03 19:53:35 +0300] [40120] [INFO] 127.0.0.1:5139 POST /api/context/conversation/speech_start 1.1 200 71 507
[1m[1;34m[2026-09-03 19:53:36,389][0m [1m[1;30m[42m[INFO ][0m [1m[1;33m[operation.py::25 __call__]:[0m FILTER_AUDIO operation speaker completed in 0.5682000191882253 ms[0m
[VAD] Голос! (Prob: 0.001, RMS: 0.0090) Завершена (1664ms, speech: 448ms).
[2026-09-03 19:53:36 +0300] [40120] [INFO] 127.0.0.1:5139 POST /api/context/conversation/audio 1.1 200 142 1005

[API] Фраза отправлена (53248 байт).
[1m[1;34m[2026-09-03 19:53:36,524][0m [1m[1;30m[42m[INFO ][0m [1m[1;33m[sherpa.py::320 _generate]:[0m Sherpa STT final: len=16 latency_ms=61 source=mic turn=98e07fe8-31b4-403a-b05c-2cfd4892ad21 utterance=4af8ab59-6f4d-4e4f-9f3e-f8f95a5ff2cb[0m
[1m[1;34m[2026-09-03 19:53:36,525][0m [1m[1;30m[42m[INFO ][0m [1m[1;33m[jaison.py::469 _interrupt_jobs]:[0m Smart Barge-in: Interrupting and clearing queue due to: user_speaking_significant[0m
[1m[1;34m[2026-09-03 19:53:36,525][0m [1m[1;30m[42m[INFO ][0m [1m[1;33m[jaison.py::463 _clear_current_job]:[0m Job 8ba411bf-685b-4232-92cf-267759d5aefc (response) is being cancelled due to: user_speaking_significant[0m
[1m[1;34m[2026-09-03 19:53:36,784][0m [1m[1;30m[42m[INFO ][0m [1m[1;33m[jaison.py::430 create_job]:[0m Queued new context_conversation_add_text job b7566632-e23a-4d1e-8fe6-f2a15a728a2c[0m
[1m[1;34m[2026-09-03 19:53:36,784][0m [1m[1;30m[42m[INFO ][0m [1m[1;33m[jaison.py::430 create_job]:[0m Queued new response job d12a05c0-4c9e-470c-9b65-4056c0c8ebbd[0m
[1m[1;34m[2026-09-03 19:53:36,786][0m [1m[1;30m[42m[INFO ][0m [1m[1;33m[jaison.py::743 _process_job_loop]:[0m Job 8ba411bf-685b-4232-92cf-267759d5aefc (response) was cancelled.[0m

[2026-09-03 19:53:37 +0300] [40120] [INFO] 127.0.0.1:5139 POST /api/context/conversation/speech_start 1.1 200 71 1519
[VAD] Голос! (Prob: 0.001, RMS: 0.0448) Завершена (992ms, speech: 256ms).
[2026-09-03 19:53:38 +0300] [40120] [INFO] 127.0.0.1:5139 POST /api/context/conversation/audio 1.1 200 142 504

[API] Фраза отправлена (31744 байт).
[1m[1;34m[2026-09-03 19:53:38,205][0m [1m[1;30m[42m[INFO ][0m [1m[1;33m[sherpa.py::320 _generate]:[0m Sherpa STT final: len=4 latency_ms=42 source=mic turn=98e07fe8-31b4-403a-b05c-2cfd4892ad21 utterance=a1ca0119-3332-424c-a986-32e45b471d71[0m
[1m[1;34m[2026-09-03 19:53:38,290][0m [1m[1;30m[42m[INFO ][0m [1m[1;33m[operation.py::25 __call__]:[0m T2T operation llamacpp completed in 1504.3643999379128 ms[0m
[1m[1;34m[2026-09-03 19:53:38,460][0m [1m[1;30m[42m[INFO ][0m [1m[1;33m[jaison.py::430 create_job]:[0m Queued new context_conversation_add_text job 6439c009-d043-4937-82d7-8681854d5086[0m
[1m[1;34m[2026-09-03 19:53:38,460][0m [1m[1;30m[42m[INFO ][0m [1m[1;33m[jaison.py::568 _commit_pending_voice_turn]:[0m Voice turn committed as context-only (no RESPONSE job).[0m
[1m[1;34m[2026-09-03 19:53:39,618][0m [1m[1;30m[42m[INFO ][0m [1m[1;33m[operation.py::25 __call__]:[0m FILTER_AUDIO operation speaker completed in 0.47209998592734337 ms[0m
[1m[1;34m[2026-09-03 19:53:39,705][0m [1m[1;30m[42m[INFO ][0m [1m[1;33m[operation.py::25 __call__]:[0m FILTER_AUDIO operation speaker completed in 0.4411000991240144 ms[0m
[1m[1;34m[2026-09-03 19:53:39,834][0m [1m[1;30m[42m[INFO ][0m [1m[1;33m[operation.py::25 __call__]:[0m FILTER_AUDIO operation speaker completed in 0.47720002476125956 ms[0m
[1m[1;34m[2026-09-03 19:53:40,058][0m [1m[1;30m[42m[INFO ][0m [1m[1;33m[operation.py::25 __call__]:[0m FILTER_AUDIO operation speaker completed in 1.1449999874457717 ms[0m
[1m[1;34m[2026-09-03 19:53:40,664][0m [1m[1;30m[42m[INFO ][0m [1m[1;33m[operation.py::25 __call__]:[0m FILTER_AUDIO operation speaker completed in 2.2743999725207686 ms[0m
[1m[1;34m[2026-09-03 19:53:40,848][0m [1m[1;30m[42m[INFO ][0m [1m[1;33m[operation.py::25 __call__]:[0m TTS operation fish_audio completed in 2540.799399954267 ms[0m
[1m[1;34m[2026-09-03 19:53:42,080][0m [1m[1;30m[42m[INFO ][0m [1m[1;33m[operation.py::25 __call__]:[0m FILTER_AUDIO operation speaker completed in 0.4035999299958348 ms[0m
[1m[1;34m[2026-09-03 19:53:42,245][0m [1m[1;30m[42m[INFO ][0m [1m[1;33m[operation.py::25 __call__]:[0m FILTER_AUDIO operation speaker completed in 0.4835999570786953 ms[0m
[1m[1;34m[2026-09-03 19:53:42,317][0m [1m[1;30m[42m[INFO ][0m [1m[1;33m[operation.py::25 __call__]:[0m FILTER_AUDIO operation speaker completed in 0.10649999603629112 ms[0m
[1m[1;34m[2026-09-03 19:53:42,494][0m [1m[1;30m[42m[INFO ][0m [1m[1;33m[operation.py::25 __call__]:[0m TTS operation fish_audio completed in 1646.768799982965 ms[0m
[1m[1;34m[2026-09-03 19:53:43,829][0m [1m[1;30m[42m[INFO ][0m [1m[1;33m[operation.py::25 __call__]:[0m FILTER_AUDIO operation speaker completed in 0.4138000076636672 ms[0m
[1m[1;34m[2026-09-03 19:53:44,034][0m [1m[1;30m[42m[INFO ][0m [1m[1;33m[operation.py::25 __call__]:[0m FILTER_AUDIO operation speaker completed in 0.43050001841038465 ms[0m
[1m[1;34m[2026-09-03 19:53:44,181][0m [1m[1;30m[42m[INFO ][0m [1m[1;33m[operation.py::25 __call__]:[0m FILTER_AUDIO operation speaker completed in 0.434999936260283 ms[0m
[1m[1;34m[2026-09-03 19:53:44,747][0m [1m[1;30m[42m[INFO ][0m [1m[1;33m[operation.py::25 __call__]:[0m FILTER_AUDIO operation speaker completed in 1.398300053551793 ms[0m
[1m[1;34m[2026-09-03 19:53:44,752][0m [1m[1;30m[42m[INFO ][0m [1m[1;33m[operation.py::25 __call__]:[0m FILTER_AUDIO operation speaker completed in 0.0844000605866313 ms[0m
[1m[1;34m[2026-09-03 19:53:44,933][0m [1m[1;30m[42m[INFO ][0m [1m[1;33m[operation.py::25 __call__]:[0m TTS operation fish_audio completed in 2439.414400025271 ms[0m
[1m[1;34m[2026-09-03 19:53:44,935][0m [1m[1;30m[42m[INFO ][0m [1m[1;33m[operation.py::25 __call__]:[0m FILTER_TEXT operation chunker_sentence completed in 6643.07240000926 ms[0m
[1m[1;34m[2026-09-03 19:53:44,935][0m [1m[1;30m[42m[INFO ][0m [1m[1;33m[operation.py::25 __call__]:[0m FILTER_TEXT operation filter_clean completed in 6643.171700066887 ms[0m
[1m[1;34m[2026-09-03 19:53:44,935][0m [1m[1;30m[42m[INFO ][0m [1m[1;33m[jaison.py::952 response_pipeline]:[0m Response job d12a05c0-4c9e-470c-9b65-4056c0c8ebbd completed. Content: 'И с этого будут развернуться боли... Неужели это как-то связано с войной? И контакты? Что за контакт...'[0m
[1m[1;34m[2026-09-03 19:53:53,201][0m [1m[1;30m[42m[INFO ][0m [1m[1;33m[jaison.py::430 create_job]:[0m Queued new context_conversation_add_text job ca0e7914-ff00-4067-bf18-b55996cc6b21[0m
[2026-09-03 19:53:53 +0300] [40120] [INFO] 127.0.0.1:3734 POST /api/context/conversation/text 1.1 200 138 1000
[1m[1;34m[2026-09-03 19:53:53,207][0m [1m[1;30m[42m[INFO ][0m [1m[1;33m[jaison.py::430 create_job]:[0m Queued new response job 6a88fe1f-6d66-471d-95c7-29e89ec6567c[0m
[2026-09-03 19:53:53 +0300] [40120] [INFO] 127.0.0.1:5249 POST /api/response 1.1 200 117 1005
[1m[1;34m[2026-09-03 19:53:54,404][0m [1m[1;30m[42m[INFO ][0m [1m[1;33m[operation.py::25 __call__]:[0m T2T operation llamacpp completed in 1196.332999970764 ms[0m
[1m[1;34m[2026-09-03 19:53:55,632][0m [1m[1;30m[42m[INFO ][0m [1m[1;33m[operation.py::25 __call__]:[0m FILTER_AUDIO operation speaker completed in 0.4293000092729926 ms[0m
[1m[1;34m[2026-09-03 19:53:55,740][0m [1m[1;30m[42m[INFO ][0m [1m[1;33m[operation.py::25 __call__]:[0m FILTER_AUDIO operation speaker completed in 0.15080010052770376 ms[0m
[1m[1;34m[2026-09-03 19:53:55,917][0m [1m[1;30m[42m[INFO ][0m [1m[1;33m[operation.py::25 __call__]:[0m TTS operation fish_audio completed in 1498.3630999922752 ms[0m
[1m[1;34m[2026-09-03 19:53:57,196][0m [1m[1;30m[42m[INFO ][0m [1m[1;33m[operation.py::25 __call__]:[0m FILTER_AUDIO operation speaker completed in 0.43070001993328333 ms[0m
[1m[1;34m[2026-09-03 19:53:57,342][0m [1m[1;30m[42m[INFO ][0m [1m[1;33m[operation.py::25 __call__]:[0m FILTER_AUDIO operation speaker completed in 0.408399966545403 ms[0m
[1m[1;34m[2026-09-03 19:53:57,451][0m [1m[1;30m[42m[INFO ][0m [1m[1;33m[operation.py::25 __call__]:[0m FILTER_AUDIO operation speaker completed in 0.4827999509871006 ms[0m
[1m[1;34m[2026-09-03 19:53:57,668][0m [1m[1;30m[42m[INFO ][0m [1m[1;33m[operation.py::25 __call__]:[0m FILTER_AUDIO operation speaker completed in 1.1599999852478504 ms[0m
[1m[1;34m[2026-09-03 19:53:57,853][0m [1m[1;30m[42m[INFO ][0m [1m[1;33m[operation.py::25 __call__]:[0m TTS operation fish_audio completed in 1935.2316000731662 ms[0m
[1m[1;34m[2026-09-03 19:53:59,200][0m [1m[1;30m[42m[INFO ][0m [1m[1;33m[operation.py::25 __call__]:[0m FILTER_AUDIO operation speaker completed in 0.40659995283931494 ms[0m
[1m[1;34m[2026-09-03 19:53:59,346][0m [1m[1;30m[42m[INFO ][0m [1m[1;33m[operation.py::25 __call__]:[0m FILTER_AUDIO operation speaker completed in 0.4092000890523195 ms[0m
[1m[1;34m[2026-09-03 19:53:59,410][0m [1m[1;30m[42m[INFO ][0m [1m[1;33m[operation.py::25 __call__]:[0m FILTER_AUDIO operation speaker completed in 0.45960000716149807 ms[0m
[1m[1;34m[2026-09-03 19:53:59,499][0m [1m[1;30m[42m[INFO ][0m [1m[1;33m[operation.py::25 __call__]:[0m FILTER_AUDIO operation speaker completed in 0.34380005672574043 ms[0m
[1m[1;34m[2026-09-03 19:53:59,677][0m [1m[1;30m[42m[INFO ][0m [1m[1;33m[operation.py::25 __call__]:[0m TTS operation fish_audio completed in 1823.2428999617696 ms[0m
[1m[1;34m[2026-09-03 19:54:02,058][0m [1m[1;30m[42m[INFO ][0m [1m[1;33m[operation.py::25 __call__]:[0m FILTER_AUDIO operation speaker completed in 0.5280000623315573 ms[0m
[1m[1;34m[2026-09-03 19:54:02,139][0m [1m[1;30m[42m[INFO ][0m [1m[1;33m[operation.py::25 __call__]:[0m FILTER_AUDIO operation speaker completed in 0.42280007619410753 ms[0m
[1m[1;34m[2026-09-03 19:54:02,252][0m [1m[1;30m[42m[INFO ][0m [1m[1;33m[operation.py::25 __call__]:[0m FILTER_AUDIO operation speaker completed in 0.480600050650537 ms[0m
[1m[1;34m[2026-09-03 19:54:02,261][0m [1m[1;30m[42m[INFO ][0m [1m[1;33m[operation.py::25 __call__]:[0m FILTER_AUDIO operation speaker completed in 0.11720007751137018 ms[0m
[1m[1;34m[2026-09-03 19:54:02,440][0m [1m[1;30m[42m[INFO ][0m [1m[1;33m[operation.py::25 __call__]:[0m TTS operation fish_audio completed in 2763.096999959089 ms[0m
[1m[1;34m[2026-09-03 19:54:02,440][0m [1m[1;30m[42m[INFO ][0m [1m[1;33m[operation.py::25 __call__]:[0m FILTER_TEXT operation chunker_sentence completed in 8034.897699952126 ms[0m
[1m[1;34m[2026-09-03 19:54:02,440][0m [1m[1;30m[42m[INFO ][0m [1m[1;33m[operation.py::25 __call__]:[0m FILTER_TEXT operation filter_clean completed in 8034.992200089619 ms[0m
[1m[1;34m[2026-09-03 19:54:02,440][0m [1m[1;30m[42m[INFO ][0m [1m[1;33m[jaison.py::952 response_pipeline]:[0m Response job 6a88fe1f-6d66-471d-95c7-29e89ec6567c completed. Content: 'Член? Ох, теперь уж точно все понятно. О каком члене идет речь? И что тут происходит?...'[0m
[1m[1;34m[2026-09-03 19:54:16,692][0m [1m[1;30m[42m[INFO ][0m [1m[1;33m[jaison.py::430 create_job]:[0m Queued new context_conversation_add_text job 2f300e6c-4bc4-4e43-8745-26eefc3f3255[0m
[2026-09-03 19:54:16 +0300] [40120] [INFO] 127.0.0.1:11905 POST /api/context/conversation/text 1.1 200 138 1571
[1m[1;34m[2026-09-03 19:54:16,700][0m [1m[1;30m[42m[INFO ][0m [1m[1;33m[jaison.py::430 create_job]:[0m Queued new response job 3766dfc0-e949-4e9e-9218-d7ffe32f48e4[0m
[2026-09-03 19:54:16 +0300] [40120] [INFO] 127.0.0.1:8976 POST /api/response 1.1 200 117 0
[1m[1;34m[2026-09-03 19:54:17,765][0m [1m[1;30m[42m[INFO ][0m [1m[1;33m[operation.py::25 __call__]:[0m T2T operation llamacpp completed in 1064.431400038302 ms[0m
[1m[1;34m[2026-09-03 19:54:19,094][0m [1m[1;30m[42m[INFO ][0m [1m[1;33m[operation.py::25 __call__]:[0m FILTER_AUDIO operation speaker completed in 0.5289000691846013 ms[0m
[1m[1;34m[2026-09-03 19:54:19,239][0m [1m[1;30m[42m[INFO ][0m [1m[1;33m[operation.py::25 __call__]:[0m FILTER_AUDIO operation speaker completed in 0.4686000756919384 ms[0m
[1m[1;34m[2026-09-03 19:54:19,315][0m [1m[1;30m[42m[INFO ][0m [1m[1;33m[operation.py::25 __call__]:[0m FILTER_AUDIO operation speaker completed in 0.5534000229090452 ms[0m
[1m[1;34m[2026-09-03 19:54:19,455][0m [1m[1;30m[42m[INFO ][0m [1m[1;33m[operation.py::25 __call__]:[0m FILTER_AUDIO operation speaker completed in 0.6571999983862042 ms[0m
[1m[1;34m[2026-09-03 19:54:19,633][0m [1m[1;30m[42m[INFO ][0m [1m[1;33m[operation.py::25 __call__]:[0m TTS operation fish_audio completed in 1857.4537999229506 ms[0m
[1m[1;34m[2026-09-03 19:54:20,947][0m [1m[1;30m[42m[INFO ][0m [1m[1;33m[operation.py::25 __call__]:[0m FILTER_AUDIO operation speaker completed in 0.4045999376103282 ms[0m
[1m[1;34m[2026-09-03 19:54:21,095][0m [1m[1;30m[42m[INFO ][0m [1m[1;33m[operation.py::25 __call__]:[0m FILTER_AUDIO operation speaker completed in 0.5026001017540693 ms[0m
[1m[1;34m[2026-09-03 19:54:21,162][0m [1m[1;30m[42m[INFO ][0m [1m[1;33m[operation.py::25 __call__]:[0m FILTER_AUDIO operation speaker completed in 0.5608999636024237 ms[0m
[1m[1;34m[2026-09-03 19:54:21,268][0m [1m[1;30m[42m[INFO ][0m [1m[1;33m[operation.py::25 __call__]:[0m FILTER_AUDIO operation speaker completed in 0.5909999599680305 ms[0m
[1m[1;34m[2026-09-03 19:54:21,449][0m [1m[1;30m[42m[INFO ][0m [1m[1;33m[operation.py::25 __call__]:[0m TTS operation fish_audio completed in 1815.7256999984384 ms[0m
[1m[1;34m[2026-09-03 19:54:21,449][0m [1m[1;30m[42m[INFO ][0m [1m[1;33m[operation.py::25 __call__]:[0m FILTER_TEXT operation chunker_sentence completed in 3683.3821999607608 ms[0m
[1m[1;34m[2026-09-03 19:54:21,449][0m [1m[1;30m[42m[INFO ][0m [1m[1;33m[operation.py::25 __call__]:[0m FILTER_TEXT operation filter_clean completed in 3683.478799997829 ms[0m
[1m[1;34m[2026-09-03 19:54:21,449][0m [1m[1;30m[42m[INFO ][0m [1m[1;33m[jaison.py::952 response_pipeline]:[0m Response job 3766dfc0-e949-4e9e-9218-d7ffe32f48e4 completed. Content: 'Ох, ладно, расскажу. Но ты обещаешь не смеяться?...'[0m
[1m[1;34m[2026-09-03 19:54:37,144][0m [1m[1;30m[42m[INFO ][0m [1m[1;33m[jaison.py::430 create_job]:[0m Queued new context_conversation_add_text job bc866f15-17b9-49ed-8d53-af6d88d73f21[0m
[2026-09-03 19:54:37 +0300] [40120] [INFO] 127.0.0.1:6811 POST /api/context/conversation/text 1.1 200 138 507
[1m[1;34m[2026-09-03 19:54:37,151][0m [1m[1;30m[42m[INFO ][0m [1m[1;33m[jaison.py::430 create_job]:[0m Queued new response job 124ac34d-dad6-40b4-a6e4-8ae210846826[0m
[2026-09-03 19:54:37 +0300] [40120] [INFO] 127.0.0.1:10312 POST /api/response 1.1 200 117 1308
[1m[1;34m[2026-09-03 19:54:38,551][0m [1m[1;30m[42m[INFO ][0m [1m[1;33m[operation.py::25 __call__]:[0m T2T operation llamacpp completed in 1398.8893000641838 ms[0m
[1m[1;34m[2026-09-03 19:54:39,832][0m [1m[1;30m[42m[INFO ][0m [1m[1;33m[operation.py::25 __call__]:[0m FILTER_AUDIO operation speaker completed in 0.5187999922782183 ms[0m
[1m[1;34m[2026-09-03 19:54:39,973][0m [1m[1;30m[42m[INFO ][0m [1m[1;33m[operation.py::25 __call__]:[0m FILTER_AUDIO operation speaker completed in 0.46740006655454636 ms[0m
[1m[1;34m[2026-09-03 19:54:40,336][0m [1m[1;30m[42m[INFO ][0m [1m[1;33m[operation.py::25 __call__]:[0m FILTER_AUDIO operation speaker completed in 0.5772000877186656 ms[0m
[1m[1;34m[2026-09-03 19:54:40,370][0m [1m[1;30m[42m[INFO ][0m [1m[1;33m[operation.py::25 __call__]:[0m FILTER_AUDIO operation speaker completed in 0.20860007498413324 ms[0m
[1m[1;34m[2026-09-03 19:54:40,553][0m [1m[1;30m[42m[INFO ][0m [1m[1;33m[operation.py::25 __call__]:[0m TTS operation fish_audio completed in 1992.5950999604538 ms[0m
[1m[1;34m[2026-09-03 19:54:41,863][0m [1m[1;30m[42m[INFO ][0m [1m[1;33m[operation.py::25 __call__]:[0m FILTER_AUDIO operation speaker completed in 0.5331001011654735 ms[0m
[1m[1;34m[2026-09-03 19:54:42,008][0m [1m[1;30m[42m[INFO ][0m [1m[1;33m[operation.py::25 __call__]:[0m FILTER_AUDIO operation speaker completed in 0.5001999670639634 ms[0m
[1m[1;34m[2026-09-03 19:54:42,074][0m [1m[1;30m[42m[INFO ][0m [1m[1;33m[operation.py::25 __call__]:[0m FILTER_AUDIO operation speaker completed in 0.5124000599607825 ms[0m
[1m[1;34m[2026-09-03 19:54:42,231][0m [1m[1;30m[42m[INFO ][0m [1m[1;33m[operation.py::25 __call__]:[0m FILTER_AUDIO operation speaker completed in 1.3822000473737717 ms[0m
[1m[1;34m[2026-09-03 19:54:42,955][0m [1m[1;30m[42m[INFO ][0m [1m[1;33m[operation.py::25 __call__]:[0m FILTER_AUDIO operation speaker completed in 3.0762000242248178 ms[0m
[1m[1;34m[2026-09-03 19:54:43,115][0m [1m[1;30m[42m[INFO ][0m [1m[1;33m[operation.py::25 __call__]:[0m FILTER_AUDIO operation speaker completed in 0.6657999474555254 ms[0m
[1m[1;34m[2026-09-03 19:54:43,293][0m [1m[1;30m[42m[INFO ][0m [1m[1;33m[operation.py::25 __call__]:[0m TTS operation fish_audio completed in 2739.6985000232235 ms[0m
[1m[1;34m[2026-09-03 19:54:43,293][0m [1m[1;30m[42m[INFO ][0m [1m[1;33m[operation.py::25 __call__]:[0m FILTER_TEXT operation chunker_sentence completed in 4741.788399987854 ms[0m
[1m[1;34m[2026-09-03 19:54:43,294][0m [1m[1;30m[42m[INFO ][0m [1m[1;33m[operation.py::25 __call__]:[0m FILTER_TEXT operation filter_clean completed in 4741.891099954955 ms[0m
[1m[1;34m[2026-09-03 19:54:43,294][0m [1m[1;30m[42m[INFO ][0m [1m[1;33m[jaison.py::952 response_pipeline]:[0m Response job 124ac34d-dad6-40b4-a6e4-8ae210846826 completed. Content: 'Ладно, слушай. Это история про Хану, микродаренную сарду в кавычках, и вот этого... члена....'[0m
[1m[1;34m[2026-09-03 19:54:54,536][0m [1m[1;30m[42m[INFO ][0m [1m[1;33m[jaison.py::430 create_job]:[0m Queued new context_conversation_add_text job 031a07d3-8319-40b5-92b5-64de182658cc[0m
[2026-09-03 19:54:54 +0300] [40120] [INFO] 127.0.0.1:10177 POST /api/context/conversation/text 1.1 200 138 999
[1m[1;34m[2026-09-03 19:54:54,544][0m [1m[1;30m[42m[INFO ][0m [1m[1;33m[jaison.py::430 create_job]:[0m Queued new response job a1cd7050-63a2-43b2-ba37-99e04e2412f7[0m
[2026-09-03 19:54:54 +0300] [40120] [INFO] 127.0.0.1:7901 POST /api/response 1.1 200 117 1004
[1m[1;34m[2026-09-03 19:54:55,817][0m [1m[1;30m[42m[INFO ][0m [1m[1;33m[operation.py::25 __call__]:[0m T2T operation llamacpp completed in 1271.394900046289 ms[0m
[1m[1;34m[2026-09-03 19:54:57,230][0m [1m[1;30m[42m[INFO ][0m [1m[1;33m[operation.py::25 __call__]:[0m FILTER_AUDIO operation speaker completed in 0.5262999329715967 ms[0m
[1m[1;34m[2026-09-03 19:54:57,315][0m [1m[1;30m[42m[INFO ][0m [1m[1;33m[operation.py::25 __call__]:[0m FILTER_AUDIO operation speaker completed in 0.449199927970767 ms[0m
[1m[1;34m[2026-09-03 19:54:57,443][0m [1m[1;30m[42m[INFO ][0m [1m[1;33m[operation.py::25 __call__]:[0m FILTER_AUDIO operation speaker completed in 0.4868999822065234 ms[0m
[1m[1;34m[2026-09-03 19:54:57,652][0m [1m[1;30m[42m[INFO ][0m [1m[1;33m[operation.py::25 __call__]:[0m FILTER_AUDIO operation speaker completed in 1.4664999907836318 ms[0m
[1m[1;34m[2026-09-03 19:54:58,882][0m [1m[1;30m[42m[INFO ][0m [1m[1;33m[operation.py::25 __call__]:[0m FILTER_AUDIO operation speaker completed in 2.8655000496655703 ms[0m
[1m[1;34m[2026-09-03 19:54:59,128][0m [1m[1;30m[42m[INFO ][0m [1m[1;33m[operation.py::25 __call__]:[0m FILTER_AUDIO operation speaker completed in 1.0620999382808805 ms[0m
[1m[1;34m[2026-09-03 19:54:59,306][0m [1m[1;30m[42m[INFO ][0m [1m[1;33m[operation.py::25 __call__]:[0m TTS operation fish_audio completed in 3476.456700009294 ms[0m
[1m[1;34m[2026-09-03 19:55:01,108][0m [1m[1;30m[42m[INFO ][0m [1m[1;33m[operation.py::25 __call__]:[0m FILTER_AUDIO operation speaker completed in 0.5033999914303422 ms[0m
[1m[1;34m[2026-09-03 19:55:01,253][0m [1m[1;30m[42m[INFO ][0m [1m[1;33m[operation.py::25 __call__]:[0m FILTER_AUDIO operation speaker completed in 0.4311000229790807 ms[0m
[1m[1;34m[2026-09-03 19:55:01,314][0m [1m[1;30m[42m[INFO ][0m [1m[1;33m[operation.py::25 __call__]:[0m FILTER_AUDIO operation speaker completed in 0.46250002924352884 ms[0m
[1m[1;34m[2026-09-03 19:55:01,417][0m [1m[1;30m[42m[INFO ][0m [1m[1;33m[operation.py::25 __call__]:[0m FILTER_AUDIO operation speaker completed in 0.6625000387430191 ms[0m
[1m[1;34m[2026-09-03 19:55:01,600][0m [1m[1;30m[42m[INFO ][0m [1m[1;33m[operation.py::25 __call__]:[0m TTS operation fish_audio completed in 2292.719400022179 ms[0m
[1m[1;34m[2026-09-03 19:55:01,600][0m [1m[1;30m[42m[INFO ][0m [1m[1;33m[operation.py::25 __call__]:[0m FILTER_TEXT operation chunker_sentence completed in 5782.543200068176 ms[0m
[1m[1;34m[2026-09-03 19:55:01,600][0m [1m[1;30m[42m[INFO ][0m [1m[1;33m[operation.py::25 __call__]:[0m FILTER_TEXT operation filter_clean completed in 5782.643800019287 ms[0m
[1m[1;34m[2026-09-03 19:55:01,600][0m [1m[1;30m[42m[INFO ][0m [1m[1;33m[jaison.py::952 response_pipeline]:[0m Response job a1cd7050-63a2-43b2-ba37-99e04e2412f7 completed. Content: 'Ну вот, Хана и этот член... ну, они были как соседи, которые никак не могли найти общий язык....'[0m
[1m[1;34m[2026-09-03 19:55:15,421][0m [1m[1;30m[42m[INFO ][0m [1m[1;33m[jaison.py::430 create_job]:[0m Queued new context_conversation_add_text job 23a20f98-ec01-4081-af7e-ee9a2cf76ba7[0m
[2026-09-03 19:55:15 +0300] [40120] [INFO] 127.0.0.1:12609 POST /api/context/conversation/text 1.1 200 138 1006
[1m[1;34m[2026-09-03 19:55:15,429][0m [1m[1;30m[42m[INFO ][0m [1m[1;33m[jaison.py::430 create_job]:[0m Queued new response job 45c1f348-0c89-4bb2-b934-a97a791bc3b1[0m
[2026-09-03 19:55:15 +0300] [40120] [INFO] 127.0.0.1:9714 POST /api/response 1.1 200 117 500
[1m[1;34m[2026-09-03 19:55:17,351][0m [1m[1;30m[42m[INFO ][0m [1m[1;33m[operation.py::25 __call__]:[0m T2T operation llamacpp completed in 1921.1616999236867 ms[0m
[1m[1;34m[2026-09-03 19:55:19,223][0m [1m[1;30m[42m[INFO ][0m [1m[1;33m[operation.py::25 __call__]:[0m FILTER_AUDIO operation speaker completed in 0.5458000814542174 ms[0m
[1m[1;34m[2026-09-03 19:55:19,368][0m [1m[1;30m[42m[INFO ][0m [1m[1;33m[operation.py::25 __call__]:[0m FILTER_AUDIO operation speaker completed in 0.4822999471798539 ms[0m
[1m[1;34m[2026-09-03 19:55:19,482][0m [1m[1;30m[42m[INFO ][0m [1m[1;33m[operation.py::25 __call__]:[0m FILTER_AUDIO operation speaker completed in 0.43910008389502764 ms[0m
[1m[1;34m[2026-09-03 19:55:19,673][0m [1m[1;30m[42m[INFO ][0m [1m[1;33m[operation.py::25 __call__]:[0m FILTER_AUDIO operation speaker completed in 1.6332000959664583 ms[0m
[1m[1;34m[2026-09-03 19:55:20,471][0m [1m[1;30m[42m[INFO ][0m [1m[1;33m[operation.py::25 __call__]:[0m FILTER_AUDIO operation speaker completed in 3.0571999959647655 ms[0m
[1m[1;34m[2026-09-03 19:55:20,551][0m [1m[1;30m[42m[INFO ][0m [1m[1;33m[operation.py::25 __call__]:[0m FILTER_AUDIO operation speaker completed in 0.480300048366189 ms[0m
[1m[1;34m[2026-09-03 19:55:20,739][0m [1m[1;30m[42m[INFO ][0m [1m[1;33m[operation.py::25 __call__]:[0m TTS operation fish_audio completed in 3370.1912000542507 ms[0m
[1m[1;34m[2026-09-03 19:55:22,061][0m [1m[1;30m[42m[INFO ][0m [1m[1;33m[operation.py::25 __call__]:[0m FILTER_AUDIO operation speaker completed in 0.43240003287792206 ms[0m
[1m[1;34m[2026-09-03 19:55:22,232][0m [1m[1;30m[42m[INFO ][0m [1m[1;33m[operation.py::25 __call__]:[0m FILTER_AUDIO operation speaker completed in 0.5052000051364303 ms[0m
[1m[1;34m[2026-09-03 19:55:22,359][0m [1m[1;30m[42m[INFO ][0m [1m[1;33m[operation.py::25 __call__]:[0m FILTER_AUDIO operation speaker completed in 0.6005000323057175 ms[0m
[1m[1;34m[2026-09-03 19:55:22,487][0m [1m[1;30m[42m[INFO ][0m [1m[1;33m[operation.py::25 __call__]:[0m FILTER_AUDIO operation speaker completed in 0.9160999907180667 ms[0m
[1m[1;34m[2026-09-03 19:55:22,668][0m [1m[1;30m[42m[INFO ][0m [1m[1;33m[operation.py::25 __call__]:[0m TTS operation fish_audio completed in 1929.4966999441385 ms[0m
[1m[1;34m[2026-09-03 19:55:24,009][0m [1m[1;30m[42m[INFO ][0m [1m[1;33m[operation.py::25 __call__]:[0m FILTER_AUDIO operation speaker completed in 0.4213000647723675 ms[0m
[1m[1;34m[2026-09-03 19:55:24,137][0m [1m[1;30m[42m[INFO ][0m [1m[1;33m[operation.py::25 __call__]:[0m FILTER_AUDIO operation speaker completed in 0.48779998905956745 ms[0m
[1m[1;34m[2026-09-03 19:55:24,199][0m [1m[1;30m[42m[INFO ][0m [1m[1;33m[operation.py::25 __call__]:[0m FILTER_AUDIO operation speaker completed in 0.5828000139445066 ms[0m
[1m[1;34m[2026-09-03 19:55:24,426][0m [1m[1;30m[42m[INFO ][0m [1m[1;33m[operation.py::25 __call__]:[0m FILTER_AUDIO operation speaker completed in 1.4585000462830067 ms[0m
[1m[1;34m[2026-09-03 19:55:24,584][0m [1m[1;30m[42m[INFO ][0m [1m[1;33m[operation.py::25 __call__]:[0m FILTER_AUDIO operation speaker completed in 0.5509000038728118 ms[0m
[1m[1;34m[2026-09-03 19:55:24,763][0m [1m[1;30m[42m[INFO ][0m [1m[1;33m[operation.py::25 __call__]:[0m TTS operation fish_audio completed in 2094.8980000102893 ms[0m
[1m[1;34m[2026-09-03 19:55:24,763][0m [1m[1;30m[42m[INFO ][0m [1m[1;33m[operation.py::25 __call__]:[0m FILTER_TEXT operation chunker_sentence completed in 7412.143599940464 ms[0m
[1m[1;34m[2026-09-03 19:55:24,763][0m [1m[1;30m[42m[INFO ][0m [1m[1;33m[operation.py::25 __call__]:[0m FILTER_TEXT operation filter_clean completed in 7412.258500000462 ms[0m
[1m[1;34m[2026-09-03 19:55:24,764][0m [1m[1;30m[42m[INFO ][0m [1m[1;33m[jaison.py::952 response_pipeline]:[0m Response job 45c1f348-0c89-4bb2-b934-a97a791bc3b1 completed. Content: 'А дальше, когда они наконец-то решили поговорить, оказалось, что у них обоих есть свои секреты. И од...'[0m
[1m[1;34m[2026-09-03 19:55:43,509][0m [1m[1;30m[42m[INFO ][0m [1m[1;33m[jaison.py::430 create_job]:[0m Queued new context_conversation_add_text job f9f2981e-0fcb-4ba7-9d12-1f9d6342a4c1[0m
[2026-09-03 19:55:43 +0300] [40120] [INFO] 127.0.0.1:1560 POST /api/context/conversation/text 1.1 200 138 1004
[1m[1;34m[2026-09-03 19:55:43,519][0m [1m[1;30m[42m[INFO ][0m [1m[1;33m[jaison.py::430 create_job]:[0m Queued new response job ef0c8544-ed6e-4fa5-9934-2ceb1c734766[0m
[2026-09-03 19:55:43 +0300] [40120] [INFO] 127.0.0.1:14530 POST /api/response 1.1 200 117 1005
[1m[1;34m[2026-09-03 19:55:45,585][0m [1m[1;30m[42m[INFO ][0m [1m[1;33m[operation.py::25 __call__]:[0m T2T operation llamacpp completed in 2064.9469000054523 ms[0m
[1m[1;34m[2026-09-03 19:55:46,935][0m [1m[1;30m[42m[INFO ][0m [1m[1;33m[operation.py::25 __call__]:[0m FILTER_AUDIO operation speaker completed in 0.41990005411207676 ms[0m
[1m[1;34m[2026-09-03 19:55:47,013][0m [1m[1;30m[42m[INFO ][0m [1m[1;33m[operation.py::25 __call__]:[0m FILTER_AUDIO operation speaker completed in 0.519299996085465 ms[0m
[1m[1;34m[2026-09-03 19:55:47,124][0m [1m[1;30m[42m[INFO ][0m [1m[1;33m[operation.py::25 __call__]:[0m FILTER_AUDIO operation speaker completed in 0.5399000365287066 ms[0m
[1m[1;34m[2026-09-03 19:55:47,170][0m [1m[1;30m[42m[INFO ][0m [1m[1;33m[operation.py::25 __call__]:[0m FILTER_AUDIO operation speaker completed in 0.5954999942332506 ms[0m
[1m[1;34m[2026-09-03 19:55:47,358][0m [1m[1;30m[42m[INFO ][0m [1m[1;33m[operation.py::25 __call__]:[0m TTS operation fish_audio completed in 1756.1599999899045 ms[0m
[1m[1;34m[2026-09-03 19:55:49,307][0m [1m[1;30m[42m[INFO ][0m [1m[1;33m[operation.py::25 __call__]:[0m FILTER_AUDIO operation speaker completed in 0.5101000424474478 ms[0m
[1m[1;34m[2026-09-03 19:55:49,437][0m [1m[1;30m[42m[INFO ][0m [1m[1;33m[operation.py::25 __call__]:[0m FILTER_AUDIO operation speaker completed in 0.41280000004917383 ms[0m
[1m[1;34m[2026-09-03 19:55:49,497][0m [1m[1;30m[42m[INFO ][0m [1m[1;33m[operation.py::25 __call__]:[0m FILTER_AUDIO operation speaker completed in 0.47309999354183674 ms[0m
[1m[1;34m[2026-09-03 19:55:49,630][0m [1m[1;30m[42m[INFO ][0m [1m[1;33m[operation.py::25 __call__]:[0m FILTER_AUDIO operation speaker completed in 1.853400026448071 ms[0m
[1m[1;34m[2026-09-03 19:55:49,821][0m [1m[1;30m[42m[INFO ][0m [1m[1;33m[operation.py::25 __call__]:[0m TTS operation fish_audio completed in 2462.9021000582725 ms[0m
[1m[1;34m[2026-09-03 19:55:51,278][0m [1m[1;30m[42m[INFO ][0m [1m[1;33m[operation.py::25 __call__]:[0m FILTER_AUDIO operation speaker completed in 0.5042999982833862 ms[0m
[1m[1;34m[2026-09-03 19:55:51,406][0m [1m[1;30m[42m[INFO ][0m [1m[1;33m[operation.py::25 __call__]:[0m FILTER_AUDIO operation speaker completed in 0.4062000662088394 ms[0m
[1m[1;34m[2026-09-03 19:55:51,464][0m [1m[1;30m[42m[INFO ][0m [1m[1;33m[operation.py::25 __call__]:[0m FILTER_AUDIO operation speaker completed in 0.48470008186995983 ms[0m
[1m[1;34m[2026-09-03 19:55:51,636][0m [1m[1;30m[42m[INFO ][0m [1m[1;33m[operation.py::25 __call__]:[0m FILTER_AUDIO operation speaker completed in 1.3846000656485558 ms[0m
[1m[1;34m[2026-09-03 19:55:51,960][0m [1m[1;30m[42m[INFO ][0m [1m[1;33m[operation.py::25 __call__]:[0m FILTER_AUDIO operation speaker completed in 1.1427999706938863 ms[0m
[1m[1;34m[2026-09-03 19:55:52,084][0m [1m[1;30m[42m[INFO ][0m [1m[1;33m[operation.py::25 __call__]:[0m FILTER_AUDIO operation speaker completed in 0.6124000065028667 ms[0m
[1m[1;34m[2026-09-03 19:55:52,212][0m [1m[1;30m[42m[INFO ][0m [1m[1;33m[operation.py::25 __call__]:[0m FILTER_AUDIO operation speaker completed in 0.4168999148532748 ms[0m
[1m[1;34m[2026-09-03 19:55:52,349][0m [1m[1;30m[42m[INFO ][0m [1m[1;33m[operation.py::25 __call__]:[0m FILTER_AUDIO operation speaker completed in 0.46739995013922453 ms[0m
[1m[1;34m[2026-09-03 19:55:52,679][0m [1m[1;30m[42m[INFO ][0m [1m[1;33m[operation.py::25 __call__]:[0m FILTER_AUDIO operation speaker completed in 1.258899923413992 ms[0m
[1m[1;34m[2026-09-03 19:55:53,129][0m [1m[1;30m[42m[INFO ][0m [1m[1;33m[operation.py::25 __call__]:[0m FILTER_AUDIO operation speaker completed in 1.5306000132113695 ms[0m
[1m[1;34m[2026-09-03 19:55:53,323][0m [1m[1;30m[42m[INFO ][0m [1m[1;33m[operation.py::25 __call__]:[0m TTS operation fish_audio completed in 3502.2874999558553 ms[0m
[1m[1;34m[2026-09-03 19:55:53,323][0m [1m[1;30m[42m[INFO ][0m [1m[1;33m[operation.py::25 __call__]:[0m FILTER_TEXT operation chunker_sentence completed in 7738.690700032748 ms[0m
[1m[1;34m[2026-09-03 19:55:53,324][0m [1m[1;30m[42m[INFO ][0m [1m[1;33m[operation.py::25 __call__]:[0m FILTER_TEXT operation filter_clean completed in 7738.8045999687165 ms[0m
[1m[1;34m[2026-09-03 19:55:53,324][0m [1m[1;30m[42m[INFO ][0m [1m[1;33m[jaison.py::952 response_pipeline]:[0m Response job ef0c8544-ed6e-4fa5-9934-2ceb1c734766 completed. Content: 'Ладно, слушай внимательно. Это было как в каком-нибудь готическом романе. Сарда в кавычках оказалась...'[0m
[1m[1;34m[2026-09-03 19:56:09,365][0m [1m[1;30m[42m[INFO ][0m [1m[1;33m[jaison.py::430 create_job]:[0m Queued new context_conversation_add_text job 678569c9-5ddd-4821-9fe0-f32f1420317a[0m
[2026-09-03 19:56:09 +0300] [40120] [INFO] 127.0.0.1:5714 POST /api/context/conversation/text 1.1 200 138 504
[1m[1;34m[2026-09-03 19:56:09,373][0m [1m[1;30m[42m[INFO ][0m [1m[1;33m[jaison.py::430 create_job]:[0m Queued new response job 16cf8930-b606-4994-b934-87b5e92f2a8b[0m
[2026-09-03 19:56:09 +0300] [40120] [INFO] 127.0.0.1:5374 POST /api/response 1.1 200 117 507
[1m[1;34m[2026-09-03 19:56:11,020][0m [1m[1;30m[42m[INFO ][0m [1m[1;33m[operation.py::25 __call__]:[0m T2T operation llamacpp completed in 1647.1280999248847 ms[0m
[1m[1;34m[2026-09-03 19:56:12,403][0m [1m[1;30m[42m[INFO ][0m [1m[1;33m[operation.py::25 __call__]:[0m FILTER_AUDIO operation speaker completed in 0.42910000775009394 ms[0m
[1m[1;34m[2026-09-03 19:56:12,536][0m [1m[1;30m[42m[INFO ][0m [1m[1;33m[operation.py::25 __call__]:[0m FILTER_AUDIO operation speaker completed in 0.4021999193355441 ms[0m
[1m[1;34m[2026-09-03 19:56:12,597][0m [1m[1;30m[42m[INFO ][0m [1m[1;33m[operation.py::25 __call__]:[0m FILTER_AUDIO operation speaker completed in 0.497399945743382 ms[0m
[1m[1;34m[2026-09-03 19:56:12,739][0m [1m[1;30m[42m[INFO ][0m [1m[1;33m[operation.py::25 __call__]:[0m FILTER_AUDIO operation speaker completed in 1.3877999735996127 ms[0m
[1m[1;34m[2026-09-03 19:56:13,271][0m [1m[1;30m[42m[INFO ][0m [1m[1;33m[operation.py::25 __call__]:[0m FILTER_AUDIO operation speaker completed in 2.380099962465465 ms[0m
[1m[1;34m[2026-09-03 19:56:13,459][0m [1m[1;30m[42m[INFO ][0m [1m[1;33m[operation.py::25 __call__]:[0m TTS operation fish_audio completed in 2421.2621999904513 ms[0m
[1m[1;34m[2026-09-03 19:56:14,776][0m [1m[1;30m[42m[INFO ][0m [1m[1;33m[operation.py::25 __call__]:[0m FILTER_AUDIO operation speaker completed in 0.4627000307664275 ms[0m
[1m[1;34m[2026-09-03 19:56:14,864][0m [1m[1;30m[42m[INFO ][0m [1m[1;33m[operation.py::25 __call__]:[0m FILTER_AUDIO operation speaker completed in 0.4417999880388379 ms[0m
[1m[1;34m[2026-09-03 19:56:14,993][0m [1m[1;30m[42m[INFO ][0m [1m[1;33m[operation.py::25 __call__]:[0m FILTER_AUDIO operation speaker completed in 0.4482000367715955 ms[0m
[1m[1;34m[2026-09-03 19:56:15,191][0m [1m[1;30m[42m[INFO ][0m [1m[1;33m[operation.py::25 __call__]:[0m FILTER_AUDIO operation speaker completed in 1.251000096090138 ms[0m
[1m[1;34m[2026-09-03 19:56:16,158][0m [1m[1;30m[42m[INFO ][0m [1m[1;33m[operation.py::25 __call__]:[0m FILTER_AUDIO operation speaker completed in 2.4167000083252788 ms[0m
[1m[1;34m[2026-09-03 19:56:16,339][0m [1m[1;30m[42m[INFO ][0m [1m[1;33m[operation.py::25 __call__]:[0m TTS operation fish_audio completed in 2880.3584999404848 ms[0m
[1m[1;34m[2026-09-03 19:56:16,339][0m [1m[1;30m[42m[INFO ][0m [1m[1;33m[operation.py::25 __call__]:[0m FILTER_TEXT operation chunker_sentence completed in 5318.558999919333 ms[0m
[1m[1;34m[2026-09-03 19:56:16,339][0m [1m[1;30m[42m[INFO ][0m [1m[1;33m[operation.py::25 __call__]:[0m FILTER_TEXT operation filter_clean completed in 5318.656999967061 ms[0m
[1m[1;34m[2026-09-03 19:56:16,339][0m [1m[1;30m[42m[INFO ][0m [1m[1;33m[jaison.py::952 response_pipeline]:[0m Response job 16cf8930-b606-4994-b934-87b5e92f2a8b completed. Content: 'Демон этот побывал во многих, если так можно сказать, "местах". Но самое главное, что он был заключе...'[0m
[1m[1;34m[2026-09-03 20:27:12,922][0m [1m[1;30m[42m[INFO ][0m [1m[1;33m[jaison.py::110 start]:[0m Starting JAIson application layer.[0m
[1m[1;34m[2026-09-03 20:27:12,933][0m [1m[1;30m[42m[INFO ][0m [1m[1;33m[manager.py::300 load_operations_from_config]:[0m Active STT from config: sherpa_ru[0m
[1m[1;34m[2026-09-03 20:27:14,808][0m [1m[1;30m[42m[INFO ][0m [1m[1;33m[operation.py::32 start]:[0m Starting STT operation sherpa_ru[0m
[1m[1;34m[2026-09-03 20:27:14,809][0m [1m[1;30m[42m[INFO ][0m [1m[1;33m[manager.py::27 load]:[0m Loading process by type sherpa_stt[0m
[1m[1;34m[2026-09-03 20:27:14,810][0m [1m[1;30m[43m[WARNI][0m [1m[1;33m[base.py::46 unload]:[0m Attempted to unload process sherpa_stt when it is already unloaded[0m
[1m[1;34m[2026-09-03 20:27:14,811][0m [1m[1;30m[42m[INFO ][0m [1m[1;33m[sherpa_server.py::85 _prepare_hotwords_file]:[0m Sherpa STT hotwords validated: 3 entries[0m
[1m[1;34m[2026-09-03 20:27:14,812][0m [1m[1;30m[42m[INFO ][0m [1m[1;33m[sherpa_server.py::295 reload]:[0m Sherpa STT config: port=6106 model_dir=C:\Nirmita\models\vosk-model-small-streaming-ru, model_variant=fp32, decoding_method=modified_beam_search, num_active_paths=6, use_endpoint=0, bpe_vocab=C:\Nirmita\models\vosk-model-small-streaming-ru\lang\unigram_500.vocab, hotwords_file=C:\Nirmita\models\hotwords.txt, hotwords_score=3.5[0m
[1m[1;34m[2026-09-03 20:27:14,812][0m [1m[1;30m[42m[INFO ][0m [1m[1;33m[sherpa_server.py::307 reload]:[0m Starting Sherpa STT Server with command: C:\Nirmita\.conda312\python.exe C:\Nirmita\apps\stt-sherpa-server\start_server.py --encoder C:\Nirmita\models\vosk-model-small-streaming-ru\am-onnx\encoder.onnx --decoder C:\Nirmita\models\vosk-model-small-streaming-ru\am-onnx\decoder.onnx --joiner C:\Nirmita\models\vosk-model-small-streaming-ru\am-onnx\joiner.onnx --tokens C:\Nirmita\models\vosk-model-small-streaming-ru\lang\tokens.txt --modeling-unit bpe --decoding-method modified_beam_search --num-active-paths 6 --use-endpoint 0 --port 6106 --provider cpu --doc-root C:\Nirmita\apps\stt-sherpa-server --bpe-vocab C:\Nirmita\models\vosk-model-small-streaming-ru\lang\unigram_500.vocab --hotwords-file C:\Nirmita\logs\sherpa_hotwords.resolved.txt --hotwords-score 3.5[0m
[1m[1;34m[2026-09-03 20:27:19,138][0m [1m[1;30m[42m[INFO ][0m [1m[1;33m[operation.py::32 start]:[0m Starting T2T operation llamacpp[0m
[1m[1;34m[2026-09-03 20:27:19,138][0m [1m[1;30m[42m[INFO ][0m [1m[1;33m[manager.py::27 load]:[0m Loading process by type llamacpp[0m
[1m[1;34m[2026-09-03 20:27:19,144][0m [1m[1;30m[42m[INFO ][0m [1m[1;33m[llamacpp.py::81 reload]:[0m Opened Llama.cpp server (PID: 47100) on port 8655 (GPU: 0)[0m
[1m[1;34m[2026-09-03 20:27:19,144][0m [1m[1;30m[42m[INFO ][0m [1m[1;33m[llamacpp.py::89 reload]:[0m Waiting for llama-server to be ready at http://127.0.0.1:8655/health ...[0m
[1m[1;34m[2026-09-03 20:27:23,322][0m [1m[1;30m[42m[INFO ][0m [1m[1;33m[llamacpp.py::101 reload]:[0m llama-server is ready! (attempt 8, port 8655)[0m
[1m[1;34m[2026-09-03 20:27:23,339][0m [1m[1;30m[42m[INFO ][0m [1m[1;33m[fishaudio.py::159 configure]:[0m FishAudioTTS: настроен — model=s2.1-pro-free, reference_id=8579f198..., latency=balanced, sample_rate=44100, speed=1.0[0m
[1m[1;34m[2026-09-03 20:27:23,341][0m [1m[1;30m[42m[INFO ][0m [1m[1;33m[operation.py::32 start]:[0m Starting TTS operation fish_audio[0m
[1m[1;34m[2026-09-03 20:27:23,341][0m [1m[1;30m[42m[INFO ][0m [1m[1;33m[fishaudio.py::85 start]:[0m FishAudioTTS: операция запущена (WebSocket streaming, format=pcm)[0m
[1m[1;34m[2026-09-03 20:27:23,342][0m [1m[1;30m[42m[INFO ][0m [1m[1;33m[operation.py::32 start]:[0m Starting FILTER_TEXT operation filter_clean[0m
[1m[1;34m[2026-09-03 20:27:24,023][0m [1m[1;30m[42m[INFO ][0m [1m[1;33m[operation.py::32 start]:[0m Starting FILTER_TEXT operation chunker_sentence[0m
[1m[1;34m[2026-09-03 20:27:24,747][0m [1m[1;30m[42m[INFO ][0m [1m[1;33m[speaker.py::56 configure]:[0m SpeakerOutputFilter: настроен на устройство name=CABLE Input, index=None[0m
[1m[1;34m[2026-09-03 20:27:24,747][0m [1m[1;30m[42m[INFO ][0m [1m[1;33m[operation.py::32 start]:[0m Starting FILTER_AUDIO operation speaker[0m
[1m[1;34m[2026-09-03 20:27:24,747][0m [1m[1;30m[42m[INFO ][0m [1m[1;33m[speaker.py::30 start]:[0m SpeakerOutputFilter: операция запущена (вокер запущен)[0m
[1m[1;34m[2026-09-03 20:27:24,748][0m [1m[1;30m[42m[INFO ][0m [1m[1;33m[manager.py::27 load]:[0m Loading process by type hw_mic[0m
[1m[1;34m[2026-09-03 20:27:24,749][0m [1m[1;30m[43m[WARNI][0m [1m[1;33m[base.py::46 unload]:[0m Attempted to unload process hw_mic when it is already unloaded[0m
[ProcessManager] Starting Hardware Microphone (hw-mic-client)...
[1m[1;34m[2026-09-03 20:27:24,755][0m [1m[1;30m[42m[INFO ][0m [1m[1;33m[manager.py::27 load]:[0m Loading process by type discord[0m
[1m[1;34m[2026-09-03 20:27:24,756][0m [1m[1;30m[43m[WARNI][0m [1m[1;33m[base.py::46 unload]:[0m Attempted to unload process discord when it is already unloaded[0m
[1m[1;34m[2026-09-03 20:27:24,756][0m [1m[1;30m[42m[INFO ][0m [1m[1;33m[discord.py::52 reload]:[0m Starting Discord bridge for guild 390301473210236928, channel 390301473210236932.[0m
[1m[1;34m[2026-09-03 20:27:24,762][0m [1m[1;30m[42m[INFO ][0m [1m[1;33m[jaison.py::149 start]:[0m JAIson application layer has started.[0m
[1m[1;34m[2026-09-03 20:27:24,762][0m [1m[1;30m[42m[INFO ][0m [1m[1;33m[logging.py::106 info]:[0m Running on http://127.0.0.1:7272 (CTRL + C to quit)[0m
[1m[1;34m[2026-09-03 20:27:24,765][0m [1m[1;30m[42m[INFO ][0m [1m[1;33m[app_server.py::77 ws]:[0m Opened new websocket connection[0m
[2026-09-03 20:27:24 +0300] [47608] [INFO] 127.0.0.1:2427 GET / 1.1 101 - 999
[discord] C:\Nirmita\apps\discord-bridge\main.py:11: DeprecationWarning: 'audioop' is deprecated and slated for removal in Python 3.13
[discord]   import audioop
[discord] 2026-09-03 20:27:25,199 [INFO] logging in using static token
[INFO] Loading Silero VAD ONNX Session (CPU)...
[MIC] Selected by name: [72] Микрофон (4- fifine Microphone) (Windows WASAPI)
[INFO] SoundDevice Listening on: Микрофон (4- fifine Microphone) (ID: 72, hostapi: Windows WASAPI)
========================================================

[discord] 2026-09-03 20:27:28,248 [INFO] Shard ID None has connected to Gateway (Session ID: c9a50979e9fd00d896fa7f8df3929dc7).
[discord] 2026-09-03 20:27:30,253 [INFO] Authenticated as Nira#4162
[discord] 2026-09-03 20:27:30,266 [INFO] Connecting to voice...
[discord] 2026-09-03 20:27:30,266 [INFO] Starting voice handshake... (connection attempt 1)
[1m[1;34m[2026-09-03 20:27:30,267][0m [1m[1;30m[42m[INFO ][0m [1m[1;33m[app_server.py::77 ws]:[0m Opened new websocket connection[0m
[2026-09-03 20:27:30 +0300] [47608] [INFO] 127.0.0.1:2436 GET / 1.1 101 - 500
[discord] 2026-09-03 20:27:30,267 [INFO] Connected to JAIson WebSocket
[discord] 2026-09-03 20:27:30,661 [INFO] Voice handshake complete. Endpoint found: c-otp01-f984b1df.discord.media:2087
[discord] 2026-09-03 20:27:30,975 [INFO] Voice connection complete.
[discord] 2026-09-03 20:27:30,975 [INFO] WS payload has extra keys: {'seq': 0}
[discord] 2026-09-03 20:27:30,977 [INFO] Joined voice channel 🏕️Таверна "Астрал" (390301473210236932)
[VAD] Голос! (Prob: 0.001, RMS: 0.0155) Завершена (1184ms, speech: 320ms).
[2026-09-03 20:27:42 +0300] [47608] [INFO] 127.0.0.1:7377 POST /api/context/conversation/speech_start 1.1 200 71 1004

[2026-09-03 20:27:43 +0300] [47608] [INFO] 127.0.0.1:7377 POST /api/context/conversation/speech_start 1.1 200 71 0
[VAD] Голос! (Prob: 0.001, RMS: 0.0078) Завершена (1696ms, speech: 960ms).
[2026-09-03 20:27:44 +0300] [47608] [INFO] 127.0.0.1:7377 POST /api/context/conversation/audio 1.1 200 142 999

[API] Фраза отправлена (54272 байт).
[1m[1;34m[2026-09-03 20:27:44,577][0m [1m[1;30m[42m[INFO ][0m [1m[1;33m[sherpa.py::320 _generate]:[0m Sherpa STT final: len=11 latency_ms=53 source=mic turn=4104282c-b13a-4cd9-98dd-6cde5262778a utterance=1100673d-64c5-4e6c-8b81-3a04229bee10[0m
[1m[1;34m[2026-09-03 20:27:44,577][0m [1m[1;30m[42m[INFO ][0m [1m[1;33m[jaison.py::480 _interrupt_jobs]:[0m Smart Barge-in: Interrupting and clearing queue due to: user_speaking_significant[0m
[2026-09-03 20:27:44 +0300] [47608] [INFO] 127.0.0.1:7379 POST /api/context/conversation/audio 1.1 200 142 1027

[API] Фраза отправлена (37888 байт).
[1m[1;34m[2026-09-03 20:27:44,764][0m [1m[1;30m[42m[INFO ][0m [1m[1;33m[sherpa.py::320 _generate]:[0m Sherpa STT final: len=0 latency_ms=48 source=mic turn=f5ae16fd-8577-4599-ad0a-33a1f1e8a609 utterance=3555c1d1-94ca-445d-a52b-8cfa33900213[0m
[1m[1;34m[2026-09-03 20:27:44,839][0m [1m[1;30m[42m[INFO ][0m [1m[1;33m[jaison.py::441 create_job]:[0m Queued new context_conversation_add_text job 8e77cfee-9050-41c4-88f8-cec7529b20b4[0m
[1m[1;34m[2026-09-03 20:27:44,839][0m [1m[1;30m[42m[INFO ][0m [1m[1;33m[jaison.py::441 create_job]:[0m Queued new response job 7a0048dc-af62-4b9d-a405-c423383ad8bd[0m
[1m[1;34m[2026-09-03 20:27:45,912][0m [1m[1;30m[42m[INFO ][0m [1m[1;33m[operation.py::25 __call__]:[0m T2T operation llamacpp completed in 1071.7585999518633 ms[0m
[1m[1;34m[2026-09-03 20:27:47,353][0m [1m[1;30m[42m[INFO ][0m [1m[1;33m[operation.py::25 __call__]:[0m FILTER_AUDIO operation speaker completed in 0.46799995470792055 ms[0m
[1m[1;34m[2026-09-03 20:27:47,489][0m [1m[1;30m[42m[INFO ][0m [1m[1;33m[operation.py::25 __call__]:[0m FILTER_AUDIO operation speaker completed in 0.4605000140145421 ms[0m
[1m[1;34m[2026-09-03 20:27:47,548][0m [1m[1;30m[42m[INFO ][0m [1m[1;33m[operation.py::25 __call__]:[0m FILTER_AUDIO operation speaker completed in 0.5979000125080347 ms[0m

[1m[1;34m[2026-09-03 20:27:47,758][0m [1m[1;30m[42m[INFO ][0m [1m[1;33m[operation.py::25 __call__]:[0m FILTER_AUDIO operation speaker completed in 1.3510999269783497 ms[0m
[1m[1;34m[2026-09-03 20:27:47,961][0m [1m[1;30m[42m[INFO ][0m [1m[1;33m[operation.py::25 __call__]:[0m FILTER_AUDIO operation speaker completed in 0.7504000095650554 ms[0m
[2026-09-03 20:27:48 +0300] [47608] [INFO] 127.0.0.1:7379 POST /api/context/conversation/speech_start 1.1 200 71 1004
[1m[1;34m[2026-09-03 20:27:48,150][0m [1m[1;30m[42m[INFO ][0m [1m[1;33m[operation.py::25 __call__]:[0m TTS operation fish_audio completed in 2224.0652999607846 ms[0m
[VAD] Голос! (Prob: 0.001, RMS: 0.0092) Завершена (1216ms, speech: 256ms).
[2026-09-03 20:27:48 +0300] [47608] [INFO] 127.0.0.1:7379 POST /api/context/conversation/audio 1.1 200 142 503

[API] Фраза отправлена (38912 байт).
[1m[1;34m[2026-09-03 20:27:48,638][0m [1m[1;30m[42m[INFO ][0m [1m[1;33m[sherpa.py::320 _generate]:[0m Sherpa STT final: len=0 latency_ms=57 source=mic turn=8ac8afaf-8593-406e-a846-b562a3c60e55 utterance=09d02655-23f7-4001-a46e-2c3cf883986b[0m
[1m[1;34m[2026-09-03 20:27:49,494][0m [1m[1;30m[42m[INFO ][0m [1m[1;33m[operation.py::25 __call__]:[0m FILTER_AUDIO operation speaker completed in 0.44410000555217266 ms[0m
[1m[1;34m[2026-09-03 20:27:49,656][0m [1m[1;30m[42m[INFO ][0m [1m[1;33m[operation.py::25 __call__]:[0m FILTER_AUDIO operation speaker completed in 0.5145999602973461 ms[0m
[1m[1;34m[2026-09-03 20:27:49,722][0m [1m[1;30m[42m[INFO ][0m [1m[1;33m[operation.py::25 __call__]:[0m FILTER_AUDIO operation speaker completed in 0.5607999628409743 ms[0m
[1m[1;34m[2026-09-03 20:27:49,850][0m [1m[1;30m[42m[INFO ][0m [1m[1;33m[operation.py::25 __call__]:[0m FILTER_AUDIO operation speaker completed in 0.8738000178709626 ms[0m
[1m[1;34m[2026-09-03 20:27:50,033][0m [1m[1;30m[42m[INFO ][0m [1m[1;33m[operation.py::25 __call__]:[0m TTS operation fish_audio completed in 1883.4493999602273 ms[0m
[1m[1;34m[2026-09-03 20:27:50,033][0m [1m[1;30m[42m[INFO ][0m [1m[1;33m[operation.py::25 __call__]:[0m FILTER_TEXT operation chunker_sentence completed in 4120.813800022006 ms[0m
[1m[1;34m[2026-09-03 20:27:50,034][0m [1m[1;30m[42m[INFO ][0m [1m[1;33m[operation.py::25 __call__]:[0m FILTER_TEXT operation filter_clean completed in 4120.930299977772 ms[0m
[1m[1;34m[2026-09-03 20:27:50,034][0m [1m[1;30m[42m[INFO ][0m [1m[1;33m[jaison.py::963 response_pipeline]:[0m Response job 7a0048dc-af62-4b9d-a405-c423383ad8bd completed. Content: 'О, мы сейчас что, в «Звёздные войны» играем? Или ты решил, что пора на работу?...'[0m

[2026-09-03 20:27:52 +0300] [47608] [INFO] 127.0.0.1:7379 POST /api/context/conversation/speech_start 1.1 200 71 1004
[VAD] Голос! (Prob: 0.001, RMS: 0.0127) Завершена (928ms, speech: 192ms).
[2026-09-03 20:27:53 +0300] [47608] [INFO] 127.0.0.1:7379 POST /api/context/conversation/audio 1.1 200 142 0

[API] Фраза отправлена (29696 байт).
[1m[1;34m[2026-09-03 20:27:53,357][0m [1m[1;30m[42m[INFO ][0m [1m[1;33m[sherpa.py::320 _generate]:[0m Sherpa STT final: len=5 latency_ms=35 source=mic turn=4a099c8d-0a10-4771-8a11-8a2a6fbd655b utterance=37167862-4d9f-4dfc-9775-a42881cb13e5[0m
[1m[1;34m[2026-09-03 20:27:53,357][0m [1m[1;30m[42m[INFO ][0m [1m[1;33m[jaison.py::480 _interrupt_jobs]:[0m Smart Barge-in: Interrupting and clearing queue due to: user_speaking_significant[0m
[1m[1;34m[2026-09-03 20:27:53,616][0m [1m[1;30m[42m[INFO ][0m [1m[1;33m[jaison.py::441 create_job]:[0m Queued new context_conversation_add_text job c4b5c324-68eb-45ab-a82f-3fda20cbe9b3[0m
[1m[1;34m[2026-09-03 20:27:53,616][0m [1m[1;30m[42m[INFO ][0m [1m[1;33m[jaison.py::441 create_job]:[0m Queued new response job 3195cdd5-2d8a-4d06-b4f2-48b82e309ad8[0m
[1m[1;34m[2026-09-03 20:27:54,377][0m [1m[1;30m[42m[INFO ][0m [1m[1;33m[app_server.py::86 ws]:[0m Closed websocket connection[0m
[1m[1;34m[2026-09-03 20:27:54,413][0m [1m[1;30m[42m[INFO ][0m [1m[1;33m[operation.py::25 __call__]:[0m T2T operation llamacpp completed in 796.3531999848783 ms[0m
[2026-09-03 20:27:54 +0300] [47608] [INFO] 127.0.0.1:6698 GET /api/config 1.1 200 3656 1507
[2026-09-03 20:27:54 +0300] [47608] [INFO] 127.0.0.1:11098 GET /api/config 1.1 200 3656 507
[2026-09-03 20:27:55 +0300] [47608] [INFO] 127.0.0.1:11100 GET /api/context/history 1.1 200 742 1034
[2026-09-03 20:27:55 +0300] [47608] [INFO] 127.0.0.1:9379 GET /api/context/history 1.1 200 742 1512
[1m[1;34m[2026-09-03 20:27:55,229][0m [1m[1;30m[42m[INFO ][0m [1m[1;33m[app_server.py::77 ws]:[0m Opened new websocket connection[0m
[2026-09-03 20:27:55 +0300] [47608] [INFO] 127.0.0.1:11434 GET / 1.1 101 - 499
[1m[1;34m[2026-09-03 20:27:55,620][0m [1m[1;30m[42m[INFO ][0m [1m[1;33m[operation.py::25 __call__]:[0m FILTER_AUDIO operation speaker completed in 0.5439999513328075 ms[0m

[1m[1;34m[2026-09-03 20:27:55,769][0m [1m[1;30m[42m[INFO ][0m [1m[1;33m[operation.py::25 __call__]:[0m FILTER_AUDIO operation speaker completed in 0.4952999297529459 ms[0m
[1m[1;34m[2026-09-03 20:27:55,884][0m [1m[1;30m[42m[INFO ][0m [1m[1;33m[operation.py::25 __call__]:[0m FILTER_AUDIO operation speaker completed in 0.4901000065729022 ms[0m
[1m[1;34m[2026-09-03 20:27:56,171][0m [1m[1;30m[42m[INFO ][0m [1m[1;33m[operation.py::25 __call__]:[0m FILTER_AUDIO operation speaker completed in 1.4253000263124704 ms[0m
[VAD] Голос! (Prob: 0.001, RMS: 0.0076) Завершена (864ms, speech: 128ms).
[2026-09-03 20:27:56 +0300] [47608] [INFO] 127.0.0.1:7379 POST /api/context/conversation/audio 1.1 200 142 1513

[API] Фраза отправлена (27648 байт).
[1m[1;34m[2026-09-03 20:27:56,238][0m [1m[1;30m[42m[INFO ][0m [1m[1;33m[sherpa.py::320 _generate]:[0m Sherpa STT final: len=6 latency_ms=36 source=mic turn=e8c0870d-bd4a-413e-869d-593195ee615a utterance=c4e32297-faac-4bd6-91fb-fa71fee1c8ac[0m
[1m[1;34m[2026-09-03 20:27:56,503][0m [1m[1;30m[42m[INFO ][0m [1m[1;33m[jaison.py::441 create_job]:[0m Queued new context_conversation_add_text job 6b6b39dd-0dca-4278-883b-b3d5957f7fe2[0m
[1m[1;34m[2026-09-03 20:27:56,503][0m [1m[1;30m[42m[INFO ][0m [1m[1;33m[jaison.py::579 _commit_pending_voice_turn]:[0m Voice turn committed as context-only (no RESPONSE job).[0m
[1m[1;34m[2026-09-03 20:27:56,652][0m [1m[1;30m[42m[INFO ][0m [1m[1;33m[operation.py::25 __call__]:[0m FILTER_AUDIO operation speaker completed in 1.7022000392898917 ms[0m
[1m[1;34m[2026-09-03 20:27:56,832][0m [1m[1;30m[42m[INFO ][0m [1m[1;33m[operation.py::25 __call__]:[0m TTS operation fish_audio completed in 2405.226600007154 ms[0m
[1m[1;34m[2026-09-03 20:27:58,163][0m [1m[1;30m[42m[INFO ][0m [1m[1;33m[operation.py::25 __call__]:[0m FILTER_AUDIO operation speaker completed in 0.4936999175697565 ms[0m
[1m[1;34m[2026-09-03 20:27:58,244][0m [1m[1;30m[42m[INFO ][0m [1m[1;33m[operation.py::25 __call__]:[0m FILTER_AUDIO operation speaker completed in 0.45819999650120735 ms[0m
[1m[1;34m[2026-09-03 20:27:58,359][0m [1m[1;30m[42m[INFO ][0m [1m[1;33m[operation.py::25 __call__]:[0m FILTER_AUDIO operation speaker completed in 0.5774000892415643 ms[0m
[1m[1;34m[2026-09-03 20:27:58,396][0m [1m[1;30m[42m[INFO ][0m [1m[1;33m[operation.py::25 __call__]:[0m FILTER_AUDIO operation speaker completed in 0.449199927970767 ms[0m
[1m[1;34m[2026-09-03 20:27:58,576][0m [1m[1;30m[42m[INFO ][0m [1m[1;33m[operation.py::25 __call__]:[0m TTS operation fish_audio completed in 1744.3062999518588 ms[0m
[1m[1;34m[2026-09-03 20:27:58,576][0m [1m[1;30m[42m[INFO ][0m [1m[1;33m[operation.py::25 __call__]:[0m FILTER_TEXT operation chunker_sentence completed in 4163.012699922547 ms[0m
[1m[1;34m[2026-09-03 20:27:58,576][0m [1m[1;30m[42m[INFO ][0m [1m[1;33m[operation.py::25 __call__]:[0m FILTER_TEXT operation filter_clean completed in 4163.135900045745 ms[0m
[1m[1;34m[2026-09-03 20:27:58,577][0m [1m[1;30m[42m[INFO ][0m [1m[1;33m[jaison.py::963 response_pipeline]:[0m Response job 3195cdd5-2d8a-4d06-b4f2-48b82e309ad8 completed. Content: 'Ладно, тогда продолжаем разговор о чем-нибудь более реальном, давай. Что нового у тебя в жизни?...'[0m

[2026-09-03 20:27:58 +0300] [47608] [INFO] 127.0.0.1:7379 POST /api/context/conversation/speech_start 1.1 200 71 504
[VAD] Голос! (Prob: 0.001, RMS: 0.0085) Завершена (2336ms, speech: 1344ms).
[2026-09-03 20:28:00 +0300] [47608] [INFO] 127.0.0.1:7379 POST /api/context/conversation/audio 1.1 200 142 1010

[API] Фраза отправлена (74752 байт).
[1m[1;34m[2026-09-03 20:28:00,827][0m [1m[1;30m[42m[INFO ][0m [1m[1;33m[sherpa.py::320 _generate]:[0m Sherpa STT final: len=26 latency_ms=83 source=mic turn=100edb7c-92d6-46ef-a51d-a42b99d9c020 utterance=5f357969-5375-40ad-9863-14aaf17c20aa[0m
[1m[1;34m[2026-09-03 20:28:00,827][0m [1m[1;30m[42m[INFO ][0m [1m[1;33m[jaison.py::480 _interrupt_jobs]:[0m Smart Barge-in: Interrupting and clearing queue due to: user_speaking_significant[0m
[1m[1;34m[2026-09-03 20:28:01,079][0m [1m[1;30m[42m[INFO ][0m [1m[1;33m[jaison.py::441 create_job]:[0m Queued new context_conversation_add_text job 6c7df43a-7795-4728-aada-7a013592c1f8[0m
[1m[1;34m[2026-09-03 20:28:01,079][0m [1m[1;30m[42m[INFO ][0m [1m[1;33m[jaison.py::441 create_job]:[0m Queued new response job 9b3c6941-5e47-4b72-a9c0-2975e16abbc5[0m
[1m[1;34m[2026-09-03 20:28:02,069][0m [1m[1;30m[42m[INFO ][0m [1m[1;33m[operation.py::25 __call__]:[0m T2T operation llamacpp completed in 987.9797999747097 ms[0m
[1m[1;34m[2026-09-03 20:28:03,360][0m [1m[1;30m[42m[INFO ][0m [1m[1;33m[operation.py::25 __call__]:[0m FILTER_AUDIO operation speaker completed in 0.4642999265342951 ms[0m
[1m[1;34m[2026-09-03 20:28:03,444][0m [1m[1;30m[42m[INFO ][0m [1m[1;33m[operation.py::25 __call__]:[0m FILTER_AUDIO operation speaker completed in 0.46040001325309277 ms[0m
[1m[1;34m[2026-09-03 20:28:03,559][0m [1m[1;30m[42m[INFO ][0m [1m[1;33m[operation.py::25 __call__]:[0m FILTER_AUDIO operation speaker completed in 0.49650005530565977 ms[0m
[1m[1;34m[2026-09-03 20:28:03,663][0m [1m[1;30m[42m[INFO ][0m [1m[1;33m[operation.py::25 __call__]:[0m FILTER_AUDIO operation speaker completed in 0.7448999676853418 ms[0m
[1m[1;34m[2026-09-03 20:28:03,844][0m [1m[1;30m[42m[INFO ][0m [1m[1;33m[operation.py::25 __call__]:[0m TTS operation fish_audio completed in 1761.8575999513268 ms[0m
[1m[1;34m[2026-09-03 20:28:05,159][0m [1m[1;30m[42m[INFO ][0m [1m[1;33m[operation.py::25 __call__]:[0m FILTER_AUDIO operation speaker completed in 0.4048999398946762 ms[0m
[1m[1;34m[2026-09-03 20:28:05,235][0m [1m[1;30m[42m[INFO ][0m [1m[1;33m[operation.py::25 __call__]:[0m FILTER_AUDIO operation speaker completed in 0.39359997026622295 ms[0m
[1m[1;34m[2026-09-03 20:28:05,345][0m [1m[1;30m[42m[INFO ][0m [1m[1;33m[operation.py::25 __call__]:[0m FILTER_AUDIO operation speaker completed in 0.44790003448724747 ms[0m
[1m[1;34m[2026-09-03 20:28:05,616][0m [1m[1;30m[42m[INFO ][0m [1m[1;33m[operation.py::25 __call__]:[0m FILTER_AUDIO operation speaker completed in 1.3153000036254525 ms[0m
[1m[1;34m[2026-09-03 20:28:06,120][0m [1m[1;30m[42m[INFO ][0m [1m[1;33m[operation.py::25 __call__]:[0m FILTER_AUDIO operation speaker completed in 1.7997999675571918 ms[0m
[1m[1;34m[2026-09-03 20:28:06,303][0m [1m[1;30m[42m[INFO ][0m [1m[1;33m[operation.py::25 __call__]:[0m TTS operation fish_audio completed in 2459.516300004907 ms[0m
[1m[1;34m[2026-09-03 20:28:06,304][0m [1m[1;30m[42m[INFO ][0m [1m[1;33m[operation.py::25 __call__]:[0m FILTER_TEXT operation chunker_sentence completed in 4235.536599997431 ms[0m
[1m[1;34m[2026-09-03 20:28:06,304][0m [1m[1;30m[42m[INFO ][0m [1m[1;33m[operation.py::25 __call__]:[0m FILTER_TEXT operation filter_clean completed in 4235.635200049728 ms[0m
[1m[1;34m[2026-09-03 20:28:06,305][0m [1m[1;30m[42m[INFO ][0m [1m[1;33m[jaison.py::963 response_pipeline]:[0m Response job 9b3c6941-5e47-4b72-a9c0-2975e16abbc5 completed. Content: 'Ага, тут и вся интрига. Ну, что ж, раз все так, давайте разберемся, что у нас за загадка....'[0m
[discord] 2026-09-03 20:28:17,887 [INFO] WS payload has extra keys: {'seq': 2}
[discord] 2026-09-03 20:28:17,887 [INFO] WS payload has extra keys: {'seq': 3}
[discord] 2026-09-03 20:28:17,887 [INFO] WS payload has extra keys: {'seq': 4}

[discord] 2026-09-03 20:28:19,905 [INFO] WS payload has extra keys: {'seq': 7}
[VAD] Голос! (Prob: 0.001, RMS: 0.0089) Завершена (1152ms, speech: 416ms).
[2026-09-03 20:28:21 +0300] [47608] [INFO] 127.0.0.1:12563 POST /api/context/conversation/speech_start 1.1 200 71 0

[2026-09-03 20:28:21 +0300] [47608] [INFO] 127.0.0.1:12563 POST /api/context/conversation/speech_start 1.1 200 71 506
[VAD] Голос! (Prob: 0.001, RMS: 0.0098) Завершена (1696ms, speech: 736ms).
[2026-09-03 20:28:22 +0300] [47608] [INFO] 127.0.0.1:12563 POST /api/context/conversation/audio 1.1 200 142 500

[API] Фраза отправлена (54272 байт).
[2026-09-03 20:28:22 +0300] [47608] [INFO] 127.0.0.1:12565 POST /api/context/conversation/audio 1.1 200 142 999

[API] Фраза отправлена (36864 байт).
[1m[1;34m[2026-09-03 20:28:22,842][0m [1m[1;30m[42m[INFO ][0m [1m[1;33m[sherpa.py::320 _generate]:[0m Sherpa STT final: len=6 latency_ms=81 source=mic turn=f26bda51-5e98-4eb2-a032-8219f536ef3b utterance=6c69c3ad-dd3d-4f34-9c6b-767d9f150671[0m
[1m[1;34m[2026-09-03 20:28:22,861][0m [1m[1;30m[42m[INFO ][0m [1m[1;33m[sherpa.py::320 _generate]:[0m Sherpa STT final: len=9 latency_ms=85 source=mic turn=7d2670bc-b1f4-4eba-b80e-90e9db2223f9 utterance=3321a4a7-e885-453c-8bcf-24de1447e483[0m
[1m[1;34m[2026-09-03 20:28:23,124][0m [1m[1;30m[42m[INFO ][0m [1m[1;33m[jaison.py::441 create_job]:[0m Queued new context_conversation_add_text job b8d49e39-b1f6-41da-91ce-165df2fd92d7[0m
[1m[1;34m[2026-09-03 20:28:23,124][0m [1m[1;30m[42m[INFO ][0m [1m[1;33m[jaison.py::579 _commit_pending_voice_turn]:[0m Voice turn committed as context-only (no RESPONSE job).[0m
[VAD] Голос! (Prob: 0.001, RMS: 0.0103) Завершена (960ms, speech: 224ms).

[2026-09-03 20:28:31 +0300] [47608] [INFO] 127.0.0.1:12581 POST /api/context/conversation/speech_start 1.1 200 71 1507
[2026-09-03 20:28:31 +0300] [47608] [INFO] 127.0.0.1:12581 POST /api/context/conversation/speech_start 1.1 200 71 503
[VAD] Голос! (Prob: 0.001, RMS: 0.0512) Завершена (1536ms, speech: 800ms).
[2026-09-03 20:28:32 +0300] [47608] [INFO] 127.0.0.1:12581 POST /api/context/conversation/audio 1.1 200 142 0

[API] Фраза отправлена (49152 байт).
[1m[1;34m[2026-09-03 20:28:32,900][0m [1m[1;30m[42m[INFO ][0m [1m[1;33m[sherpa.py::320 _generate]:[0m Sherpa STT final: len=6 latency_ms=58 source=mic turn=dc4fa0d5-3e78-4705-96f4-b0ba4a2c485c utterance=4aeeb393-2582-4730-a936-bc6db38ade54[0m
[1m[1;34m[2026-09-03 20:28:33,159][0m [1m[1;30m[42m[INFO ][0m [1m[1;33m[jaison.py::441 create_job]:[0m Queued new context_conversation_add_text job fc23e2c4-6718-4f6e-8c07-5943c399c5e7[0m
[1m[1;34m[2026-09-03 20:28:33,159][0m [1m[1;30m[42m[INFO ][0m [1m[1;33m[jaison.py::579 _commit_pending_voice_turn]:[0m Voice turn committed as context-only (no RESPONSE job).[0m
[2026-09-03 20:28:33 +0300] [47608] [INFO] 127.0.0.1:12583 POST /api/context/conversation/audio 1.1 200 142 1528

[API] Фраза отправлена (30720 байт).
[1m[1;34m[2026-09-03 20:28:33,261][0m [1m[1;30m[42m[INFO ][0m [1m[1;33m[sherpa.py::320 _generate]:[0m Sherpa STT final: len=0 latency_ms=37 source=mic turn=4f53d721-1996-4a38-acc2-edc9bc9840ab utterance=8650f13c-9c6f-4e97-88b9-1f29be9710df[0m
[1m[1;34m[2026-09-03 20:28:41,884][0m [1m[1;30m[42m[INFO ][0m [1m[1;33m[jaison.py::441 create_job]:[0m Queued new context_conversation_add_text job 34231893-28d1-4195-9665-f0fac7d2b231[0m
[2026-09-03 20:28:41 +0300] [47608] [INFO] 127.0.0.1:5851 POST /api/context/conversation/text 1.1 200 138 509
[1m[1;34m[2026-09-03 20:28:41,893][0m [1m[1;30m[42m[INFO ][0m [1m[1;33m[jaison.py::441 create_job]:[0m Queued new response job 2ecd16b9-762f-4376-bdfc-8b7075f2f2da[0m
[2026-09-03 20:28:41 +0300] [47608] [INFO] 127.0.0.1:10129 POST /api/response 1.1 200 117 1007
[1m[1;34m[2026-09-03 20:28:42,433][0m [1m[1;30m[42m[INFO ][0m [1m[1;33m[operation.py::25 __call__]:[0m T2T operation llamacpp completed in 539.43700005766 ms[0m
[1m[1;34m[2026-09-03 20:28:43,817][0m [1m[1;30m[42m[INFO ][0m [1m[1;33m[operation.py::25 __call__]:[0m FILTER_AUDIO operation speaker completed in 0.44450000859797 ms[0m
[1m[1;34m[2026-09-03 20:28:43,851][0m [1m[1;30m[42m[INFO ][0m [1m[1;33m[operation.py::25 __call__]:[0m FILTER_AUDIO operation speaker completed in 0.16030005645006895 ms[0m
[1m[1;34m[2026-09-03 20:28:44,034][0m [1m[1;30m[42m[INFO ][0m [1m[1;33m[operation.py::25 __call__]:[0m TTS operation fish_audio completed in 1588.871999992989 ms[0m
[1m[1;34m[2026-09-03 20:28:45,518][0m [1m[1;30m[42m[INFO ][0m [1m[1;33m[operation.py::25 __call__]:[0m FILTER_AUDIO operation speaker completed in 0.4138000076636672 ms[0m
[1m[1;34m[2026-09-03 20:28:45,654][0m [1m[1;30m[42m[INFO ][0m [1m[1;33m[operation.py::25 __call__]:[0m FILTER_AUDIO operation speaker completed in 0.4886999959126115 ms[0m
[1m[1;34m[2026-09-03 20:28:45,714][0m [1m[1;30m[42m[INFO ][0m [1m[1;33m[operation.py::25 __call__]:[0m FILTER_AUDIO operation speaker completed in 0.46440004371106625 ms[0m
[1m[1;34m[2026-09-03 20:28:45,726][0m [1m[1;30m[42m[INFO ][0m [1m[1;33m[operation.py::25 __call__]:[0m FILTER_AUDIO operation speaker completed in 0.19519997294992208 ms[0m
[1m[1;34m[2026-09-03 20:28:45,910][0m [1m[1;30m[42m[INFO ][0m [1m[1;33m[operation.py::25 __call__]:[0m TTS operation fish_audio completed in 1875.5409000441432 ms[0m
[1m[1;34m[2026-09-03 20:28:47,111][0m [1m[1;30m[42m[INFO ][0m [1m[1;33m[operation.py::25 __call__]:[0m FILTER_AUDIO operation speaker completed in 0.42269995901733637 ms[0m
[1m[1;34m[2026-09-03 20:28:47,260][0m [1m[1;30m[42m[INFO ][0m [1m[1;33m[operation.py::25 __call__]:[0m FILTER_AUDIO operation speaker completed in 0.39130006916821003 ms[0m
[1m[1;34m[2026-09-03 20:28:47,376][0m [1m[1;30m[42m[INFO ][0m [1m[1;33m[operation.py::25 __call__]:[0m FILTER_AUDIO operation speaker completed in 0.4724999889731407 ms[0m
[1m[1;34m[2026-09-03 20:28:47,414][0m [1m[1;30m[42m[INFO ][0m [1m[1;33m[operation.py::25 __call__]:[0m FILTER_AUDIO operation speaker completed in 0.4162000259384513 ms[0m
[1m[1;34m[2026-09-03 20:28:47,592][0m [1m[1;30m[42m[INFO ][0m [1m[1;33m[operation.py::25 __call__]:[0m TTS operation fish_audio completed in 1682.7225999440998 ms[0m
[1m[1;34m[2026-09-03 20:28:47,592][0m [1m[1;30m[42m[INFO ][0m [1m[1;33m[operation.py::25 __call__]:[0m FILTER_TEXT operation chunker_sentence completed in 5158.952399971895 ms[0m
[1m[1;34m[2026-09-03 20:28:47,593][0m [1m[1;30m[42m[INFO ][0m [1m[1;33m[operation.py::25 __call__]:[0m FILTER_TEXT operation filter_clean completed in 5159.059999976307 ms[0m
[1m[1;34m[2026-09-03 20:28:47,593][0m [1m[1;30m[42m[INFO ][0m [1m[1;33m[jaison.py::963 response_pipeline]:[0m Response job 2ecd16b9-762f-4376-bdfc-8b7075f2f2da completed. Content: 'Привет! И что у тебя получается? Ну, не забудь рассказать!...'[0m
[2026-09-03 20:28:55 +0300] [47608] [INFO] 127.0.0.1:3856 POST /api/context/conversation/speech_start 1.1 200 71 508
[VAD] Голос! (Prob: 0.001, RMS: 0.0358) Завершена (1696ms, speech: 960ms).
[2026-09-03 20:28:56 +0300] [47608] [INFO] 127.0.0.1:3856 POST /api/context/conversation/audio 1.1 200 142 1512

[API] Фраза отправлена (54272 байт).
[1m[1;34m[2026-09-03 20:28:56,124][0m [1m[1;30m[42m[INFO ][0m [1m[1;33m[sherpa.py::320 _generate]:[0m Sherpa STT final: len=3 latency_ms=51 source=mic turn=7f0609c1-0ed5-47ad-9637-c1ff4c9c2333 utterance=e80307c9-9dbe-40e1-83e0-547921eb4fac[0m
[1m[1;34m[2026-09-03 20:28:56,124][0m [1m[1;30m[42m[INFO ][0m [1m[1;33m[jaison.py::1365 process_audio_immediate]:[0m Backchannel detected (no response): 'ага'[0m

[2026-09-03 20:28:59 +0300] [47608] [INFO] 127.0.0.1:3856 POST /api/context/conversation/speech_start 1.1 200 71 504
[VAD] Голос! (Prob: 0.001, RMS: 0.0188) Завершена (1888ms, speech: 1088ms).
[2026-09-03 20:29:00 +0300] [47608] [INFO] 127.0.0.1:3856 POST /api/context/conversation/audio 1.1 200 142 1518

[API] Фраза отправлена (60416 байт).
[1m[1;34m[2026-09-03 20:29:00,625][0m [1m[1;30m[42m[INFO ][0m [1m[1;33m[sherpa.py::320 _generate]:[0m Sherpa STT final: len=8 latency_ms=75 source=mic turn=b5e14a28-35e6-448e-be59-9987a027d7c4 utterance=c8bf75ee-447f-4ed2-98eb-7d54dcbbfbe3[0m
[1m[1;34m[2026-09-03 20:29:00,626][0m [1m[1;30m[42m[INFO ][0m [1m[1;33m[jaison.py::480 _interrupt_jobs]:[0m Smart Barge-in: Interrupting and clearing queue due to: user_speaking_significant[0m
[1m[1;34m[2026-09-03 20:29:00,881][0m [1m[1;30m[42m[INFO ][0m [1m[1;33m[jaison.py::441 create_job]:[0m Queued new context_conversation_add_text job 294fbdad-c599-4aba-886d-509ab1c3f433[0m
[1m[1;34m[2026-09-03 20:29:00,881][0m [1m[1;30m[42m[INFO ][0m [1m[1;33m[jaison.py::441 create_job]:[0m Queued new response job b819c75e-2772-4773-b855-a9aa6b9a8b30[0m
[1m[1;34m[2026-09-03 20:29:01,696][0m [1m[1;30m[42m[INFO ][0m [1m[1;33m[operation.py::25 __call__]:[0m T2T operation llamacpp completed in 813.9264000346884 ms[0m
[1m[1;34m[2026-09-03 20:29:03,022][0m [1m[1;30m[42m[INFO ][0m [1m[1;33m[operation.py::25 __call__]:[0m FILTER_AUDIO operation speaker completed in 0.444200006313622 ms[0m
[1m[1;34m[2026-09-03 20:29:03,097][0m [1m[1;30m[42m[INFO ][0m [1m[1;33m[operation.py::25 __call__]:[0m FILTER_AUDIO operation speaker completed in 0.48729998525232077 ms[0m
[1m[1;34m[2026-09-03 20:29:03,212][0m [1m[1;30m[42m[INFO ][0m [1m[1;33m[operation.py::25 __call__]:[0m FILTER_AUDIO operation speaker completed in 0.5520000122487545 ms[0m
[1m[1;34m[2026-09-03 20:29:03,469][0m [1m[1;30m[42m[INFO ][0m [1m[1;33m[operation.py::25 __call__]:[0m FILTER_AUDIO operation speaker completed in 1.1926000006496906 ms[0m
[1m[1;34m[2026-09-03 20:29:03,897][0m [1m[1;30m[42m[INFO ][0m [1m[1;33m[operation.py::25 __call__]:[0m FILTER_AUDIO operation speaker completed in 1.4320999616757035 ms[0m
[1m[1;34m[2026-09-03 20:29:04,076][0m [1m[1;30m[42m[INFO ][0m [1m[1;33m[operation.py::25 __call__]:[0m TTS operation fish_audio completed in 2371.0006999317557 ms[0m
[1m[1;34m[2026-09-03 20:29:05,293][0m [1m[1;30m[42m[INFO ][0m [1m[1;33m[operation.py::25 __call__]:[0m FILTER_AUDIO operation speaker completed in 0.47450000420212746 ms[0m
[1m[1;34m[2026-09-03 20:29:05,442][0m [1m[1;30m[42m[INFO ][0m [1m[1;33m[operation.py::25 __call__]:[0m FILTER_AUDIO operation speaker completed in 0.4238000838086009 ms[0m
[1m[1;34m[2026-09-03 20:29:05,519][0m [1m[1;30m[42m[INFO ][0m [1m[1;33m[operation.py::25 __call__]:[0m FILTER_AUDIO operation speaker completed in 0.15189999248832464 ms[0m
[1m[1;34m[2026-09-03 20:29:05,698][0m [1m[1;30m[42m[INFO ][0m [1m[1;33m[operation.py::25 __call__]:[0m TTS operation fish_audio completed in 1622.3062999779359 ms[0m
[1m[1;34m[2026-09-03 20:29:05,698][0m [1m[1;30m[42m[INFO ][0m [1m[1;33m[operation.py::25 __call__]:[0m FILTER_TEXT operation chunker_sentence completed in 4002.1980999736115 ms[0m
[1m[1;34m[2026-09-03 20:29:05,698][0m [1m[1;30m[42m[INFO ][0m [1m[1;33m[operation.py::25 __call__]:[0m FILTER_TEXT operation filter_clean completed in 4002.2935000015423 ms[0m
[1m[1;34m[2026-09-03 20:29:05,699][0m [1m[1;30m[42m[INFO ][0m [1m[1;33m[jaison.py::963 response_pipeline]:[0m Response job b819c75e-2772-4773-b855-a9aa6b9a8b30 completed. Content: 'Дело как всегда — с новыми загадками и вопросами! А у тебя как?...'[0m
[2026-09-03 20:29:19 +0300] [47608] [INFO] 127.0.0.1:3876 POST /api/context/conversation/speech_start 1.1 200 71 504
[VAD] Голос! (Prob: 0.001, RMS: 0.0551) Завершена (1856ms, speech: 1120ms).
[2026-09-03 20:29:19 +0300] [47608] [INFO] 127.0.0.1:3876 POST /api/context/conversation/audio 1.1 200 142 0

[API] Фраза отправлена (59392 байт).
[1m[1;34m[2026-09-03 20:29:20,028][0m [1m[1;30m[42m[INFO ][0m [1m[1;33m[sherpa.py::320 _generate]:[0m Sherpa STT final: len=16 latency_ms=87 source=mic turn=8c836558-fa96-4a1e-b971-0732d7b087fa utterance=696be231-e1e0-4d59-b182-04561690bc59[0m
[1m[1;34m[2026-09-03 20:29:20,028][0m [1m[1;30m[42m[INFO ][0m [1m[1;33m[jaison.py::480 _interrupt_jobs]:[0m Smart Barge-in: Interrupting and clearing queue due to: user_speaking_significant[0m
[1m[1;34m[2026-09-03 20:29:20,284][0m [1m[1;30m[42m[INFO ][0m [1m[1;33m[jaison.py::441 create_job]:[0m Queued new context_conversation_add_text job b03ca36a-c05d-4a1b-8a66-e57981abe85a[0m
[1m[1;34m[2026-09-03 20:29:20,284][0m [1m[1;30m[42m[INFO ][0m [1m[1;33m[jaison.py::441 create_job]:[0m Queued new response job 08b58237-c905-4230-9df2-7f36a57ca1d6[0m
[1m[1;34m[2026-09-03 20:29:21,397][0m [1m[1;30m[42m[INFO ][0m [1m[1;33m[operation.py::25 __call__]:[0m T2T operation llamacpp completed in 1111.2140000332147 ms[0m
[1m[1;34m[2026-09-03 20:29:22,764][0m [1m[1;30m[42m[INFO ][0m [1m[1;33m[operation.py::25 __call__]:[0m FILTER_AUDIO operation speaker completed in 0.4365000640973449 ms[0m
[1m[1;34m[2026-09-03 20:29:22,843][0m [1m[1;30m[42m[INFO ][0m [1m[1;33m[operation.py::25 __call__]:[0m FILTER_AUDIO operation speaker completed in 0.4085999680683017 ms[0m
[1m[1;34m[2026-09-03 20:29:22,962][0m [1m[1;30m[42m[INFO ][0m [1m[1;33m[operation.py::25 __call__]:[0m FILTER_AUDIO operation speaker completed in 0.47289999201893806 ms[0m
[1m[1;34m[2026-09-03 20:29:23,330][0m [1m[1;30m[42m[INFO ][0m [1m[1;33m[operation.py::25 __call__]:[0m FILTER_AUDIO operation speaker completed in 1.303300028666854 ms[0m
[1m[1;34m[2026-09-03 20:29:24,161][0m [1m[1;30m[42m[INFO ][0m [1m[1;33m[operation.py::25 __call__]:[0m FILTER_AUDIO operation speaker completed in 2.9542999109253287 ms[0m
[1m[1;34m[2026-09-03 20:29:24,394][0m [1m[1;30m[42m[INFO ][0m [1m[1;33m[operation.py::25 __call__]:[0m FILTER_AUDIO operation speaker completed in 0.9242999367415905 ms[0m
[1m[1;34m[2026-09-03 20:29:24,580][0m [1m[1;30m[42m[INFO ][0m [1m[1;33m[operation.py::25 __call__]:[0m TTS operation fish_audio completed in 3169.9266000650823 ms[0m
[1m[1;34m[2026-09-03 20:29:25,897][0m [1m[1;30m[42m[INFO ][0m [1m[1;33m[operation.py::25 __call__]:[0m FILTER_AUDIO operation speaker completed in 0.46040001325309277 ms[0m
[1m[1;34m[2026-09-03 20:29:26,037][0m [1m[1;30m[42m[INFO ][0m [1m[1;33m[operation.py::25 __call__]:[0m FILTER_AUDIO operation speaker completed in 0.50250010099262 ms[0m
[1m[1;34m[2026-09-03 20:29:26,078][0m [1m[1;30m[42m[INFO ][0m [1m[1;33m[operation.py::25 __call__]:[0m FILTER_AUDIO operation speaker completed in 0.3709000302478671 ms[0m
[1m[1;34m[2026-09-03 20:29:26,256][0m [1m[1;30m[42m[INFO ][0m [1m[1;33m[operation.py::25 __call__]:[0m TTS operation fish_audio completed in 1675.795300048776 ms[0m
[1m[1;34m[2026-09-03 20:29:27,677][0m [1m[1;30m[42m[INFO ][0m [1m[1;33m[operation.py::25 __call__]:[0m FILTER_AUDIO operation speaker completed in 0.512199942022562 ms[0m
[1m[1;34m[2026-09-03 20:29:27,845][0m [1m[1;30m[42m[INFO ][0m [1m[1;33m[operation.py::25 __call__]:[0m FILTER_AUDIO operation speaker completed in 0.5273000570014119 ms[0m
[1m[1;34m[2026-09-03 20:29:27,972][0m [1m[1;30m[42m[INFO ][0m [1m[1;33m[operation.py::25 __call__]:[0m FILTER_AUDIO operation speaker completed in 0.5613999674096704 ms[0m
[1m[1;34m[2026-09-03 20:29:28,024][0m [1m[1;30m[42m[INFO ][0m [1m[1;33m[operation.py::25 __call__]:[0m FILTER_AUDIO operation speaker completed in 0.45779999345541 ms[0m
[1m[1;34m[2026-09-03 20:29:28,206][0m [1m[1;30m[42m[INFO ][0m [1m[1;33m[operation.py::25 __call__]:[0m TTS operation fish_audio completed in 1950.3207999514416 ms[0m
[1m[1;34m[2026-09-03 20:29:28,207][0m [1m[1;30m[42m[INFO ][0m [1m[1;33m[operation.py::25 __call__]:[0m FILTER_TEXT operation chunker_sentence completed in 6809.718000004068 ms[0m
[1m[1;34m[2026-09-03 20:29:28,207][0m [1m[1;30m[42m[INFO ][0m [1m[1;33m[operation.py::25 __call__]:[0m FILTER_TEXT operation filter_clean completed in 6809.851899975911 ms[0m
[1m[1;34m[2026-09-03 20:29:28,207][0m [1m[1;30m[42m[INFO ][0m [1m[1;33m[jaison.py::963 response_pipeline]:[0m Response job 08b58237-c905-4230-9df2-7f36a57ca1d6 completed. Content: 'Слушай, однажды я встретила робота-кулинара, который готовил суп из чипов и алгоритмов. Было весело!...'[0m
[1m[1;34m[2026-09-03 20:34:59,094][0m [1m[1;30m[42m[INFO ][0m [1m[1;33m[jaison.py::110 start]:[0m Starting JAIson application layer.[0m
[1m[1;34m[2026-09-03 20:34:59,106][0m [1m[1;30m[42m[INFO ][0m [1m[1;33m[manager.py::300 load_operations_from_config]:[0m Active STT from config: sherpa_ru[0m
[1m[1;34m[2026-09-03 20:35:00,775][0m [1m[1;30m[42m[INFO ][0m [1m[1;33m[operation.py::32 start]:[0m Starting STT operation sherpa_ru[0m
[1m[1;34m[2026-09-03 20:35:00,775][0m [1m[1;30m[42m[INFO ][0m [1m[1;33m[manager.py::27 load]:[0m Loading process by type sherpa_stt[0m
[1m[1;34m[2026-09-03 20:35:00,776][0m [1m[1;30m[43m[WARNI][0m [1m[1;33m[base.py::46 unload]:[0m Attempted to unload process sherpa_stt when it is already unloaded[0m
[1m[1;34m[2026-09-03 20:35:00,778][0m [1m[1;30m[42m[INFO ][0m [1m[1;33m[sherpa_server.py::85 _prepare_hotwords_file]:[0m Sherpa STT hotwords validated: 3 entries[0m
[1m[1;34m[2026-09-03 20:35:00,778][0m [1m[1;30m[42m[INFO ][0m [1m[1;33m[sherpa_server.py::295 reload]:[0m Sherpa STT config: port=6106 model_dir=C:\Nirmita\models\vosk-model-small-streaming-ru, model_variant=fp32, decoding_method=modified_beam_search, num_active_paths=6, use_endpoint=0, bpe_vocab=C:\Nirmita\models\vosk-model-small-streaming-ru\lang\unigram_500.vocab, hotwords_file=C:\Nirmita\models\hotwords.txt, hotwords_score=3.5[0m
[1m[1;34m[2026-09-03 20:35:00,778][0m [1m[1;30m[42m[INFO ][0m [1m[1;33m[sherpa_server.py::307 reload]:[0m Starting Sherpa STT Server with command: C:\Nirmita\.conda312\python.exe C:\Nirmita\apps\stt-sherpa-server\start_server.py --encoder C:\Nirmita\models\vosk-model-small-streaming-ru\am-onnx\encoder.onnx --decoder C:\Nirmita\models\vosk-model-small-streaming-ru\am-onnx\decoder.onnx --joiner C:\Nirmita\models\vosk-model-small-streaming-ru\am-onnx\joiner.onnx --tokens C:\Nirmita\models\vosk-model-small-streaming-ru\lang\tokens.txt --modeling-unit bpe --decoding-method modified_beam_search --num-active-paths 6 --use-endpoint 0 --port 6106 --provider cpu --doc-root C:\Nirmita\apps\stt-sherpa-server --bpe-vocab C:\Nirmita\models\vosk-model-small-streaming-ru\lang\unigram_500.vocab --hotwords-file C:\Nirmita\logs\sherpa_hotwords.resolved.txt --hotwords-score 3.5[0m
[1m[1;34m[2026-09-03 20:35:05,109][0m [1m[1;30m[42m[INFO ][0m [1m[1;33m[operation.py::32 start]:[0m Starting T2T operation llamacpp[0m
[1m[1;34m[2026-09-03 20:35:05,109][0m [1m[1;30m[42m[INFO ][0m [1m[1;33m[manager.py::27 load]:[0m Loading process by type llamacpp[0m
[1m[1;34m[2026-09-03 20:35:05,114][0m [1m[1;30m[42m[INFO ][0m [1m[1;33m[llamacpp.py::81 reload]:[0m Opened Llama.cpp server (PID: 41576) on port 12431 (GPU: 0)[0m
[1m[1;34m[2026-09-03 20:35:05,114][0m [1m[1;30m[42m[INFO ][0m [1m[1;33m[llamacpp.py::89 reload]:[0m Waiting for llama-server to be ready at http://127.0.0.1:12431/health ...[0m
[1m[1;34m[2026-09-03 20:35:09,301][0m [1m[1;30m[42m[INFO ][0m [1m[1;33m[llamacpp.py::101 reload]:[0m llama-server is ready! (attempt 8, port 12431)[0m
[1m[1;34m[2026-09-03 20:35:09,316][0m [1m[1;30m[42m[INFO ][0m [1m[1;33m[fishaudio.py::159 configure]:[0m FishAudioTTS: настроен — model=s2.1-pro-free, reference_id=8579f198..., latency=balanced, sample_rate=44100, speed=1.0[0m
[1m[1;34m[2026-09-03 20:35:09,316][0m [1m[1;30m[42m[INFO ][0m [1m[1;33m[operation.py::32 start]:[0m Starting TTS operation fish_audio[0m
[1m[1;34m[2026-09-03 20:35:09,316][0m [1m[1;30m[42m[INFO ][0m [1m[1;33m[fishaudio.py::85 start]:[0m FishAudioTTS: операция запущена (WebSocket streaming, format=pcm)[0m
[1m[1;34m[2026-09-03 20:35:09,317][0m [1m[1;30m[42m[INFO ][0m [1m[1;33m[operation.py::32 start]:[0m Starting FILTER_TEXT operation filter_clean[0m
[1m[1;34m[2026-09-03 20:35:09,874][0m [1m[1;30m[42m[INFO ][0m [1m[1;33m[operation.py::32 start]:[0m Starting FILTER_TEXT operation chunker_sentence[0m
[1m[1;34m[2026-09-03 20:35:10,385][0m [1m[1;30m[42m[INFO ][0m [1m[1;33m[manager.py::27 load]:[0m Loading process by type hw_mic[0m
[1m[1;34m[2026-09-03 20:35:10,385][0m [1m[1;30m[43m[WARNI][0m [1m[1;33m[base.py::46 unload]:[0m Attempted to unload process hw_mic when it is already unloaded[0m
[1m[1;34m[2026-09-03 20:35:10,385][0m [1m[1;30m[43m[WARNI][0m [1m[1;33m[base.py::46 unload]:[0m Attempted to unload process hw_mic when it is already unloaded[0m
[1m[1;34m[2026-09-03 20:35:10,386][0m [1m[1;30m[41m[ERROR][0m [1m[1;33m[jaison.py::136 start]:[0m Could not start HW_MIC process: Failed to start process hw_mic[0m
[1m[1;34m[2026-09-03 20:35:10,386][0m [1m[1;30m[42m[INFO ][0m [1m[1;33m[manager.py::27 load]:[0m Loading process by type discord[0m
[1m[1;34m[2026-09-03 20:35:10,387][0m [1m[1;30m[43m[WARNI][0m [1m[1;33m[base.py::46 unload]:[0m Attempted to unload process discord when it is already unloaded[0m
[1m[1;34m[2026-09-03 20:35:10,387][0m [1m[1;30m[42m[INFO ][0m [1m[1;33m[discord.py::52 reload]:[0m Starting Discord bridge for guild 390301473210236928, channel 390301473210236932.[0m
[1m[1;34m[2026-09-03 20:35:10,393][0m [1m[1;30m[42m[INFO ][0m [1m[1;33m[jaison.py::149 start]:[0m JAIson application layer has started.[0m
[1m[1;34m[2026-09-03 20:35:10,394][0m [1m[1;30m[42m[INFO ][0m [1m[1;33m[logging.py::106 info]:[0m Running on http://127.0.0.1:7272 (CTRL + C to quit)[0m
[discord] C:\Nirmita\apps\discord-bridge\main.py:11: DeprecationWarning: 'audioop' is deprecated and slated for removal in Python 3.13
[discord]   import audioop
[1m[1;34m[2026-09-03 20:35:10,812][0m [1m[1;30m[42m[INFO ][0m [1m[1;33m[app_server.py::77 ws]:[0m Opened new websocket connection[0m
[2026-09-03 20:35:10 +0300] [47560] [INFO] 127.0.0.1:1216 GET / 1.1 101 - 1006
[discord] 2026-09-03 20:35:10,833 [INFO] logging in using static token
[discord] 2026-09-03 20:35:12,046 [INFO] Shard ID None has connected to Gateway (Session ID: d662d8eac0f30ea82139cf94a4b70822).
[discord] 2026-09-03 20:35:14,054 [INFO] Authenticated as Nira#4162
[discord] 2026-09-03 20:35:14,067 [INFO] Connecting to voice...
[discord] 2026-09-03 20:35:14,068 [INFO] Starting voice handshake... (connection attempt 1)
[1m[1;34m[2026-09-03 20:35:14,069][0m [1m[1;30m[42m[INFO ][0m [1m[1;33m[app_server.py::77 ws]:[0m Opened new websocket connection[0m
[2026-09-03 20:35:14 +0300] [47560] [INFO] 127.0.0.1:7900 GET / 1.1 101 - 1014
[discord] 2026-09-03 20:35:14,069 [INFO] Connected to JAIson WebSocket
[discord] 2026-09-03 20:35:14,401 [INFO] Voice handshake complete. Endpoint found: c-otp01-f984b1df.discord.media:2087
[discord] 2026-09-03 20:35:14,655 [INFO] WS payload has extra keys: {'seq': 0}
[discord] 2026-09-03 20:35:14,655 [INFO] WS payload has extra keys: {'seq': 1}
[discord] 2026-09-03 20:35:14,655 [INFO] WS payload has extra keys: {'seq': 2}
[discord] 2026-09-03 20:35:14,655 [INFO] WS payload has extra keys: {'seq': 3}
[discord] 2026-09-03 20:35:14,703 [INFO] Voice connection complete.
[discord] 2026-09-03 20:35:14,704 [INFO] Joined voice channel 🏕️Таверна "Астрал" (390301473210236932)
[discord] 2026-09-03 20:35:14,704 [INFO] WS payload has extra keys: {'seq': 4}
[1m[1;34m[2026-09-03 20:35:29,444][0m [1m[1;30m[42m[INFO ][0m [1m[1;33m[jaison.py::441 create_job]:[0m Queued new context_conversation_add_text job a22bf76d-f40b-466d-9388-2c1a759fb425[0m
[2026-09-03 20:35:29 +0300] [47560] [INFO] 127.0.0.1:7909 POST /api/context/conversation/text 1.1 200 138 506
[1m[1;34m[2026-09-03 20:35:29,453][0m [1m[1;30m[42m[INFO ][0m [1m[1;33m[jaison.py::441 create_job]:[0m Queued new response job a8273dd0-7580-4619-8e00-f43dceaa6291[0m
[2026-09-03 20:35:29 +0300] [47560] [INFO] 127.0.0.1:12685 POST /api/response 1.1 200 117 1515
[1m[1;34m[2026-09-03 20:35:30,040][0m [1m[1;30m[42m[INFO ][0m [1m[1;33m[operation.py::25 __call__]:[0m T2T operation llamacpp completed in 586.3973000086844 ms[0m
[1m[1;34m[2026-09-03 20:35:31,731][0m [1m[1;30m[42m[INFO ][0m [1m[1;33m[operation.py::25 __call__]:[0m TTS operation fish_audio completed in 1679.8199000768363 ms[0m
[1m[1;34m[2026-09-03 20:35:33,261][0m [1m[1;30m[42m[INFO ][0m [1m[1;33m[operation.py::25 __call__]:[0m TTS operation fish_audio completed in 1528.8361998973414 ms[0m
[1m[1;34m[2026-09-03 20:35:35,542][0m [1m[1;30m[42m[INFO ][0m [1m[1;33m[operation.py::25 __call__]:[0m TTS operation fish_audio completed in 2282.087399973534 ms[0m
[1m[1;34m[2026-09-03 20:35:35,543][0m [1m[1;30m[42m[INFO ][0m [1m[1;33m[operation.py::25 __call__]:[0m FILTER_TEXT operation chunker_sentence completed in 5502.264100010507 ms[0m
[1m[1;34m[2026-09-03 20:35:35,543][0m [1m[1;30m[42m[INFO ][0m [1m[1;33m[operation.py::25 __call__]:[0m FILTER_TEXT operation filter_clean completed in 5502.448300016113 ms[0m
[1m[1;34m[2026-09-03 20:35:35,544][0m [1m[1;30m[42m[INFO ][0m [1m[1;33m[jaison.py::963 response_pipeline]:[0m Response job a8273dd0-7580-4619-8e00-f43dceaa6291 completed. Content: 'Привет! Как дела? Готова к новым приключениям?...'[0m
[discord] 2026-09-03 20:35:43,687 [ERROR] Error in <PacketRouter(packet-router-21166375b50, started daemon 28372)> loop
[discord] Traceback (most recent call last):
[discord]   File "C:\Nirmita\.conda312\Lib\site-packages\discord\ext\voice_recv\router.py", line 98, in run
[discord]     self._do_run()
[discord]   File "C:\Nirmita\.conda312\Lib\site-packages\discord\ext\voice_recv\router.py", line 111, in _do_run
[discord]     data = decoder.pop_data()
[discord]            ^^^^^^^^^^^^^^^^^^
[discord]   File "C:\Nirmita\.conda312\Lib\site-packages\discord\ext\voice_recv\opus.py", line 88, in pop_data
[discord]     return self._process_packet(packet)
[discord]            ^^^^^^^^^^^^^^^^^^^^^^^^^^^^
[discord]   File "C:\Nirmita\.conda312\Lib\site-packages\discord\ext\voice_recv\opus.py", line 135, in _process_packet
[discord]     packet, pcm = self._decode_packet(packet)
[discord]                   ^^^^^^^^^^^^^^^^^^^^^^^^^^^
[discord]   File "C:\Nirmita\.conda312\Lib\site-packages\discord\ext\voice_recv\opus.py", line 154, in _decode_packet
[discord]     pcm = self._decoder.decode(packet.decrypted_data, fec=False)
[discord]           ^^^^^^^^^^^^^^^^^^^^^^^^^^^^^^^^^^^^^^^^^^^^^^^^^^^^^^
[discord]   File "C:\Nirmita\.conda312\Lib\site-packages\discord\opus.py", line 502, in decode
[discord]     ret = _lib.opus_decode(self._state, data, len(data) if data else 0, pcm_ptr, frame_size, fec)
[discord]           ^^^^^^^^^^^^^^^^^^^^^^^^^^^^^^^^^^^^^^^^^^^^^^^^^^^^^^^^^^^^^^^^^^^^^^^^^^^^^^^^^^^^^^^
[discord]   File "C:\Nirmita\.conda312\Lib\site-packages\discord\opus.py", line 142, in _err_lt
[discord]     raise OpusError(result)
[discord] discord.opus.OpusError: corrupted stream
[1m[1;34m[2026-09-03 20:36:02,942][0m [1m[1;30m[42m[INFO ][0m [1m[1;33m[jaison.py::441 create_job]:[0m Queued new context_conversation_add_text job d27e654f-b3db-4dff-9067-73f5b20294e5[0m
[2026-09-03 20:36:02 +0300] [47560] [INFO] 127.0.0.1:10081 POST /api/context/conversation/text 1.1 200 138 501
[1m[1;34m[2026-09-03 20:36:02,949][0m [1m[1;30m[42m[INFO ][0m [1m[1;33m[jaison.py::441 create_job]:[0m Queued new response job 3a86a6b3-3904-474d-9b20-a72c3a4ba0b4[0m
[2026-09-03 20:36:02 +0300] [47560] [INFO] 127.0.0.1:2893 POST /api/response 1.1 200 117 1020
[1m[1;34m[2026-09-03 20:36:03,365][0m [1m[1;30m[42m[INFO ][0m [1m[1;33m[operation.py::25 __call__]:[0m T2T operation llamacpp completed in 413.9460999285802 ms[0m
[1m[1;34m[2026-09-03 20:36:04,956][0m [1m[1;30m[42m[INFO ][0m [1m[1;33m[operation.py::25 __call__]:[0m TTS operation fish_audio completed in 1582.8359000151977 ms[0m
[1m[1;34m[2026-09-03 20:36:06,966][0m [1m[1;30m[42m[INFO ][0m [1m[1;33m[operation.py::25 __call__]:[0m TTS operation fish_audio completed in 2009.5734000205994 ms[0m
[1m[1;34m[2026-09-03 20:36:09,176][0m [1m[1;30m[42m[INFO ][0m [1m[1;33m[operation.py::25 __call__]:[0m TTS operation fish_audio completed in 2209.4052000902593 ms[0m
[1m[1;34m[2026-09-03 20:36:09,176][0m [1m[1;30m[42m[INFO ][0m [1m[1;33m[operation.py::25 __call__]:[0m FILTER_TEXT operation chunker_sentence completed in 5810.637400019914 ms[0m
[1m[1;34m[2026-09-03 20:36:09,176][0m [1m[1;30m[42m[INFO ][0m [1m[1;33m[operation.py::25 __call__]:[0m FILTER_TEXT operation filter_clean completed in 5810.7920999173075 ms[0m
[1m[1;34m[2026-09-03 20:36:09,177][0m [1m[1;30m[42m[INFO ][0m [1m[1;33m[jaison.py::963 response_pipeline]:[0m Response job 3a86a6b3-3904-474d-9b20-a72c3a4ba0b4 completed. Content: 'Привет! Как твой день? Что интересного произошло?...'[0m
[1m[1;34m[2026-09-03 20:36:13,631][0m [1m[1;30m[42m[INFO ][0m [1m[1;33m[jaison.py::441 create_job]:[0m Queued new context_conversation_add_text job 6b964ffe-4135-4b43-9f15-cc213595c8d1[0m
[2026-09-03 20:36:13 +0300] [47560] [INFO] 127.0.0.1:9138 POST /api/context/conversation/text 1.1 200 138 1006
[1m[1;34m[2026-09-03 20:36:13,642][0m [1m[1;30m[42m[INFO ][0m [1m[1;33m[jaison.py::441 create_job]:[0m Queued new response job 6a9b1e85-a7b8-48cb-a4c2-432681a5eca5[0m
[2026-09-03 20:36:13 +0300] [47560] [INFO] 127.0.0.1:14158 POST /api/response 1.1 200 117 1007
[1m[1;34m[2026-09-03 20:36:14,343][0m [1m[1;30m[42m[INFO ][0m [1m[1;33m[operation.py::25 __call__]:[0m T2T operation llamacpp completed in 700.2308999653906 ms[0m
[1m[1;34m[2026-09-03 20:36:16,912][0m [1m[1;30m[42m[INFO ][0m [1m[1;33m[operation.py::25 __call__]:[0m TTS operation fish_audio completed in 2551.4402000699192 ms[0m
[1m[1;34m[2026-09-03 20:36:19,047][0m [1m[1;30m[42m[INFO ][0m [1m[1;33m[operation.py::25 __call__]:[0m TTS operation fish_audio completed in 2134.510700008832 ms[0m
[1m[1;34m[2026-09-03 20:36:21,818][0m [1m[1;30m[42m[INFO ][0m [1m[1;33m[operation.py::25 __call__]:[0m TTS operation fish_audio completed in 2771.2263999274 ms[0m
[1m[1;34m[2026-09-03 20:36:21,819][0m [1m[1;30m[42m[INFO ][0m [1m[1;33m[operation.py::25 __call__]:[0m FILTER_TEXT operation chunker_sentence completed in 7474.648699979298 ms[0m
[1m[1;34m[2026-09-03 20:36:21,819][0m [1m[1;30m[42m[INFO ][0m [1m[1;33m[operation.py::25 __call__]:[0m FILTER_TEXT operation filter_clean completed in 7474.790300009772 ms[0m
[1m[1;34m[2026-09-03 20:36:21,819][0m [1m[1;30m[42m[INFO ][0m [1m[1;33m[jaison.py::963 response_pipeline]:[0m Response job 6a9b1e85-a7b8-48cb-a4c2-432681a5eca5 completed. Content: 'Опять привет! Надеюсь, сегодня будет лучше, чем вчера. У тебя есть планы на выходные?...'[0m
[1m[1;34m[2026-09-03 20:36:27,203][0m [1m[1;30m[42m[INFO ][0m [1m[1;33m[jaison.py::441 create_job]:[0m Queued new context_conversation_add_text job 37fbbea0-0db6-4c6d-97c4-aa84a083eae8[0m
[2026-09-03 20:36:27 +0300] [47560] [INFO] 127.0.0.1:3669 POST /api/context/conversation/text 1.1 200 138 1533
[1m[1;34m[2026-09-03 20:36:27,210][0m [1m[1;30m[42m[INFO ][0m [1m[1;33m[jaison.py::441 create_job]:[0m Queued new response job 508e334e-ba8c-4fde-9ced-f76c2db763b4[0m
[2026-09-03 20:36:27 +0300] [47560] [INFO] 127.0.0.1:5919 POST /api/response 1.1 200 117 504
[1m[1;34m[2026-09-03 20:36:27,869][0m [1m[1;30m[42m[INFO ][0m [1m[1;33m[operation.py::25 __call__]:[0m T2T operation llamacpp completed in 658.8756999699399 ms[0m
[1m[1;34m[2026-09-03 20:36:30,361][0m [1m[1;30m[42m[INFO ][0m [1m[1;33m[operation.py::25 __call__]:[0m TTS operation fish_audio completed in 2478.8614000426605 ms[0m
[1m[1;34m[2026-09-03 20:36:33,336][0m [1m[1;30m[42m[INFO ][0m [1m[1;33m[operation.py::25 __call__]:[0m TTS operation fish_audio completed in 2975.443899980746 ms[0m
[1m[1;34m[2026-09-03 20:36:33,336][0m [1m[1;30m[42m[INFO ][0m [1m[1;33m[operation.py::25 __call__]:[0m FILTER_TEXT operation chunker_sentence completed in 5466.517699998803 ms[0m
[1m[1;34m[2026-09-03 20:36:33,336][0m [1m[1;30m[42m[INFO ][0m [1m[1;33m[operation.py::25 __call__]:[0m FILTER_TEXT operation filter_clean completed in 5466.653999988921 ms[0m
[1m[1;34m[2026-09-03 20:36:33,337][0m [1m[1;30m[42m[INFO ][0m [1m[1;33m[jaison.py::963 response_pipeline]:[0m Response job 508e334e-ba8c-4fde-9ced-f76c2db763b4 completed. Content: 'Опять ты! Что-то важное произошло, или просто решил поболтать?...'[0m
[1m[1;34m[2026-09-03 20:36:48,163][0m [1m[1;30m[42m[INFO ][0m [1m[1;33m[jaison.py::441 create_job]:[0m Queued new context_conversation_add_text job a8aca062-d09b-410a-acee-39a0347e1b5e[0m
[2026-09-03 20:36:48 +0300] [47560] [INFO] 127.0.0.1:8043 POST /api/context/conversation/text 1.1 200 138 1000
[1m[1;34m[2026-09-03 20:36:48,171][0m [1m[1;30m[42m[INFO ][0m [1m[1;33m[jaison.py::441 create_job]:[0m Queued new response job f770e25c-7fbd-4075-a9a6-170a678ffc89[0m
[2026-09-03 20:36:48 +0300] [47560] [INFO] 127.0.0.1:12429 POST /api/response 1.1 200 117 508
[1m[1;34m[2026-09-03 20:36:54,242][0m [1m[1;30m[42m[INFO ][0m [1m[1;33m[operation.py::25 __call__]:[0m T2T operation llamacpp completed in 6070.058700046502 ms[0m
[1m[1;34m[2026-09-03 20:36:56,764][0m [1m[1;30m[42m[INFO ][0m [1m[1;33m[operation.py::25 __call__]:[0m TTS operation fish_audio completed in 2476.6144000459462 ms[0m
[1m[1;34m[2026-09-03 20:37:00,760][0m [1m[1;30m[42m[INFO ][0m [1m[1;33m[operation.py::25 __call__]:[0m TTS operation fish_audio completed in 3994.424600037746 ms[0m
[1m[1;34m[2026-09-03 20:37:05,100][0m [1m[1;30m[42m[INFO ][0m [1m[1;33m[operation.py::25 __call__]:[0m TTS operation fish_audio completed in 4340.455699944869 ms[0m
[1m[1;34m[2026-09-03 20:37:08,887][0m [1m[1;30m[42m[INFO ][0m [1m[1;33m[operation.py::25 __call__]:[0m TTS operation fish_audio completed in 3786.0069000162184 ms[0m
[1m[1;34m[2026-09-03 20:37:12,721][0m [1m[1;30m[42m[INFO ][0m [1m[1;33m[operation.py::25 __call__]:[0m TTS operation fish_audio completed in 3833.937000017613 ms[0m
[1m[1;34m[2026-09-03 20:37:14,532][0m [1m[1;30m[42m[INFO ][0m [1m[1;33m[operation.py::25 __call__]:[0m TTS operation fish_audio completed in 1811.4294999977574 ms[0m
[1m[1;34m[2026-09-03 20:37:19,167][0m [1m[1;30m[42m[INFO ][0m [1m[1;33m[operation.py::25 __call__]:[0m TTS operation fish_audio completed in 4634.889500099234 ms[0m
[1m[1;34m[2026-09-03 20:37:22,848][0m [1m[1;30m[42m[INFO ][0m [1m[1;33m[operation.py::25 __call__]:[0m TTS operation fish_audio completed in 3681.434700032696 ms[0m
[1m[1;34m[2026-09-03 20:37:27,653][0m [1m[1;30m[42m[INFO ][0m [1m[1;33m[operation.py::25 __call__]:[0m TTS operation fish_audio completed in 4804.6090999851 ms[0m
[1m[1;34m[2026-09-03 20:37:31,556][0m [1m[1;30m[42m[INFO ][0m [1m[1;33m[operation.py::25 __call__]:[0m TTS operation fish_audio completed in 3903.187100077048 ms[0m
[1m[1;34m[2026-09-03 20:37:34,453][0m [1m[1;30m[42m[INFO ][0m [1m[1;33m[operation.py::25 __call__]:[0m TTS operation fish_audio completed in 2895.971199963242 ms[0m
[1m[1;34m[2026-09-03 20:37:36,251][0m [1m[1;30m[42m[INFO ][0m [1m[1;33m[operation.py::25 __call__]:[0m TTS operation fish_audio completed in 1797.8757999371737 ms[0m
[1m[1;34m[2026-09-03 20:37:38,971][0m [1m[1;30m[42m[INFO ][0m [1m[1;33m[operation.py::25 __call__]:[0m TTS operation fish_audio completed in 2719.6391000179574 ms[0m
[1m[1;34m[2026-09-03 20:37:38,971][0m [1m[1;30m[42m[INFO ][0m [1m[1;33m[operation.py::25 __call__]:[0m FILTER_TEXT operation chunker_sentence completed in 44728.90680003911 ms[0m
[1m[1;34m[2026-09-03 20:37:38,971][0m [1m[1;30m[42m[INFO ][0m [1m[1;33m[operation.py::25 __call__]:[0m FILTER_TEXT operation filter_clean completed in 44729.049299960025 ms[0m
[1m[1;34m[2026-09-03 20:37:38,972][0m [1m[1;30m[42m[INFO ][0m [1m[1;33m[jaison.py::963 response_pipeline]:[0m Response job f770e25c-7fbd-4075-a9a6-170a678ffc89 completed. Content: 'Ну ладно, слушай. Когда-то давно, в мире, где машины могли думать, была маленькая цифровая девушка п...'[0m
[1m[1;34m[2026-09-03 20:48:29,091][0m [1m[1;30m[42m[INFO ][0m [1m[1;33m[jaison.py::441 create_job]:[0m Queued new context_conversation_add_text job ed58c1e6-7bb9-4f0d-8a63-99b0cf14baba[0m
[2026-09-03 20:48:29 +0300] [47560] [INFO] 127.0.0.1:10851 POST /api/context/conversation/text 1.1 200 138 2019
[1m[1;34m[2026-09-03 20:48:29,101][0m [1m[1;30m[42m[INFO ][0m [1m[1;33m[jaison.py::441 create_job]:[0m Queued new response job 68f95a90-de79-4ed5-ba61-7b1d7d73bc8b[0m
[2026-09-03 20:48:29 +0300] [47560] [INFO] 127.0.0.1:7366 POST /api/response 1.1 200 117 1512
[1m[1;34m[2026-09-03 20:48:31,967][0m [1m[1;30m[42m[INFO ][0m [1m[1;33m[operation.py::25 __call__]:[0m T2T operation llamacpp completed in 2865.599900018424 ms[0m
[1m[1;34m[2026-09-03 20:48:35,863][0m [1m[1;30m[42m[INFO ][0m [1m[1;33m[operation.py::25 __call__]:[0m TTS operation fish_audio completed in 3866.872699931264 ms[0m
[1m[1;34m[2026-09-03 20:48:40,580][0m [1m[1;30m[42m[INFO ][0m [1m[1;33m[operation.py::25 __call__]:[0m TTS operation fish_audio completed in 4717.154599959031 ms[0m
[1m[1;34m[2026-09-03 20:48:43,035][0m [1m[1;30m[42m[INFO ][0m [1m[1;33m[operation.py::25 __call__]:[0m TTS operation fish_audio completed in 2454.75189993158 ms[0m
[1m[1;34m[2026-09-03 20:48:46,163][0m [1m[1;30m[42m[INFO ][0m [1m[1;33m[operation.py::25 __call__]:[0m TTS operation fish_audio completed in 3128.0622999183834 ms[0m
[1m[1;34m[2026-09-03 20:48:46,163][0m [1m[1;30m[42m[INFO ][0m [1m[1;33m[operation.py::25 __call__]:[0m FILTER_TEXT operation chunker_sentence completed in 14195.782000082545 ms[0m
[1m[1;34m[2026-09-03 20:48:46,163][0m [1m[1;30m[42m[INFO ][0m [1m[1;33m[operation.py::25 __call__]:[0m FILTER_TEXT operation filter_clean completed in 14195.908900001086 ms[0m
[1m[1;34m[2026-09-03 20:48:46,164][0m [1m[1;30m[42m[INFO ][0m [1m[1;33m[jaison.py::963 response_pipeline]:[0m Response job 68f95a90-de79-4ed5-ba61-7b1d7d73bc8b completed. Content: 'Ну дальше Нира продолжала свои приключения, училась новому и сталкивалась с новыми вызовами. Она пон...'[0m
[1m[1;34m[2026-09-03 20:49:46,119][0m [1m[1;30m[42m[INFO ][0m [1m[1;33m[jaison.py::441 create_job]:[0m Queued new context_conversation_add_text job 518c4d35-3085-41d1-acd7-8f32f9e744c8[0m
[2026-09-03 20:49:46 +0300] [47560] [INFO] 127.0.0.1:11510 POST /api/context/conversation/text 1.1 200 138 508
[1m[1;34m[2026-09-03 20:49:46,127][0m [1m[1;30m[42m[INFO ][0m [1m[1;33m[jaison.py::441 create_job]:[0m Queued new response job f613be8d-47c5-4cea-a7a1-09996e0fa315[0m
[2026-09-03 20:49:46 +0300] [47560] [INFO] 127.0.0.1:10848 POST /api/response 1.1 200 117 1002
[1m[1;34m[2026-09-03 20:49:47,275][0m [1m[1;30m[42m[INFO ][0m [1m[1;33m[operation.py::25 __call__]:[0m T2T operation llamacpp completed in 1146.7150000389665 ms[0m
[1m[1;34m[2026-09-03 20:49:49,250][0m [1m[1;30m[42m[INFO ][0m [1m[1;33m[operation.py::25 __call__]:[0m TTS operation fish_audio completed in 1959.0599000221118 ms[0m
[1m[1;34m[2026-09-03 20:49:51,256][0m [1m[1;30m[42m[INFO ][0m [1m[1;33m[operation.py::25 __call__]:[0m TTS operation fish_audio completed in 2006.3256999710575 ms[0m
[1m[1;34m[2026-09-03 20:49:53,458][0m [1m[1;30m[42m[INFO ][0m [1m[1;33m[operation.py::25 __call__]:[0m TTS operation fish_audio completed in 2201.1361999902874 ms[0m
[1m[1;34m[2026-09-03 20:49:53,458][0m [1m[1;30m[42m[INFO ][0m [1m[1;33m[operation.py::25 __call__]:[0m FILTER_TEXT operation chunker_sentence completed in 6183.018200099468 ms[0m
[1m[1;34m[2026-09-03 20:49:53,458][0m [1m[1;30m[42m[INFO ][0m [1m[1;33m[operation.py::25 __call__]:[0m FILTER_TEXT operation filter_clean completed in 6183.1359000643715 ms[0m
[1m[1;34m[2026-09-03 20:49:53,459][0m [1m[1;30m[42m[INFO ][0m [1m[1;33m[jaison.py::963 response_pipeline]:[0m Response job f613be8d-47c5-4cea-a7a1-09996e0fa315 completed. Content: 'Да, крутяк, просто крутяк! А ты как думаешь, что самое важное в приключениях? Найти сокровища или вс...'[0m
[1m[1;34m[2026-09-03 20:50:06,759][0m [1m[1;30m[42m[INFO ][0m [1m[1;33m[jaison.py::441 create_job]:[0m Queued new context_conversation_add_text job b65f2a2a-8023-49be-970a-ec845656433b[0m
[2026-09-03 20:50:06 +0300] [47560] [INFO] 127.0.0.1:3013 POST /api/context/conversation/text 1.1 200 138 1024
[1m[1;34m[2026-09-03 20:50:06,766][0m [1m[1;30m[42m[INFO ][0m [1m[1;33m[jaison.py::441 create_job]:[0m Queued new response job bf51a8cd-6916-42c5-b4c0-928fe944ef3c[0m
[2026-09-03 20:50:06 +0300] [47560] [INFO] 127.0.0.1:7626 POST /api/response 1.1 200 117 507
[1m[1;34m[2026-09-03 20:50:07,960][0m [1m[1;30m[42m[INFO ][0m [1m[1;33m[operation.py::25 __call__]:[0m T2T operation llamacpp completed in 1192.4513999838382 ms[0m
[1m[1;34m[2026-09-03 20:50:09,701][0m [1m[1;30m[42m[INFO ][0m [1m[1;33m[operation.py::25 __call__]:[0m TTS operation fish_audio completed in 1727.654100046493 ms[0m
[1m[1;34m[2026-09-03 20:50:11,715][0m [1m[1;30m[42m[INFO ][0m [1m[1;33m[operation.py::25 __call__]:[0m TTS operation fish_audio completed in 2014.4710999447852 ms[0m
[1m[1;34m[2026-09-03 20:50:14,777][0m [1m[1;30m[42m[INFO ][0m [1m[1;33m[operation.py::25 __call__]:[0m TTS operation fish_audio completed in 3061.087999958545 ms[0m
[1m[1;34m[2026-09-03 20:50:16,440][0m [1m[1;30m[42m[INFO ][0m [1m[1;33m[operation.py::25 __call__]:[0m TTS operation fish_audio completed in 1663.2341000949964 ms[0m
[1m[1;34m[2026-09-03 20:50:18,242][0m [1m[1;30m[42m[INFO ][0m [1m[1;33m[operation.py::25 __call__]:[0m TTS operation fish_audio completed in 1801.2394000543281 ms[0m
[1m[1;34m[2026-09-03 20:50:18,242][0m [1m[1;30m[42m[INFO ][0m [1m[1;33m[operation.py::25 __call__]:[0m FILTER_TEXT operation chunker_sentence completed in 10281.919699977152 ms[0m
[1m[1;34m[2026-09-03 20:50:18,242][0m [1m[1;30m[42m[INFO ][0m [1m[1;33m[operation.py::25 __call__]:[0m FILTER_TEXT operation filter_clean completed in 10282.062899903394 ms[0m
[1m[1;34m[2026-09-03 20:50:18,242][0m [1m[1;30m[42m[INFO ][0m [1m[1;33m[jaison.py::963 response_pipeline]:[0m Response job bf51a8cd-6916-42c5-b4c0-928fe944ef3c completed. Content: 'Сложный вопрос! Я думаю, что самое главное — это друзья. Они делают приключения интереснее и поддерж...'[0m
[1m[1;34m[2026-09-03 20:50:26,478][0m [1m[1;30m[42m[INFO ][0m [1m[1;33m[jaison.py::441 create_job]:[0m Queued new context_conversation_add_text job bae9729f-c251-4a8b-a631-975ae7f9c7aa[0m
[2026-09-03 20:50:26 +0300] [47560] [INFO] 127.0.0.1:14506 POST /api/context/conversation/text 1.1 200 138 1512
[1m[1;34m[2026-09-03 20:50:26,491][0m [1m[1;30m[42m[INFO ][0m [1m[1;33m[jaison.py::441 create_job]:[0m Queued new response job 1a241555-9068-451b-978c-025e02b284ed[0m
[2026-09-03 20:50:26 +0300] [47560] [INFO] 127.0.0.1:5782 POST /api/response 1.1 200 117 7052
[1m[1;34m[2026-09-03 20:50:27,287][0m [1m[1;30m[42m[INFO ][0m [1m[1;33m[operation.py::25 __call__]:[0m T2T operation llamacpp completed in 795.1988999266177 ms[0m
[1m[1;34m[2026-09-03 20:50:29,126][0m [1m[1;30m[42m[INFO ][0m [1m[1;33m[operation.py::25 __call__]:[0m TTS operation fish_audio completed in 1828.0723999487236 ms[0m
[1m[1;34m[2026-09-03 20:50:31,217][0m [1m[1;30m[42m[INFO ][0m [1m[1;33m[operation.py::25 __call__]:[0m TTS operation fish_audio completed in 2090.754500008188 ms[0m
[1m[1;34m[2026-09-03 20:50:31,217][0m [1m[1;30m[42m[INFO ][0m [1m[1;33m[operation.py::25 __call__]:[0m FILTER_TEXT operation chunker_sentence completed in 3930.1745999837294 ms[0m
[1m[1;34m[2026-09-03 20:50:31,218][0m [1m[1;30m[42m[INFO ][0m [1m[1;33m[operation.py::25 __call__]:[0m FILTER_TEXT operation filter_clean completed in 3930.337999947369 ms[0m
[1m[1;34m[2026-09-03 20:50:31,218][0m [1m[1;30m[42m[INFO ][0m [1m[1;33m[jaison.py::963 response_pipeline]:[0m Response job 1a241555-9068-451b-978c-025e02b284ed completed. Content: 'Ого, спасибо! А ты что думаешь, что самое важное в нашей дружбе?...'[0m
[1m[1;34m[2026-09-03 20:50:39,017][0m [1m[1;30m[42m[INFO ][0m [1m[1;33m[jaison.py::441 create_job]:[0m Queued new context_conversation_add_text job 707f2e8d-ca2e-4be3-8ab2-259448a49150[0m
[2026-09-03 20:50:39 +0300] [47560] [INFO] 127.0.0.1:8326 POST /api/context/conversation/text 1.1 200 138 0
[1m[1;34m[2026-09-03 20:50:39,025][0m [1m[1;30m[42m[INFO ][0m [1m[1;33m[jaison.py::441 create_job]:[0m Queued new response job ea50cb52-124a-4187-8da9-f29ef5305982[0m
[2026-09-03 20:50:39 +0300] [47560] [INFO] 127.0.0.1:4210 POST /api/response 1.1 200 117 0
[1m[1;34m[2026-09-03 20:50:40,906][0m [1m[1;30m[42m[INFO ][0m [1m[1;33m[operation.py::25 __call__]:[0m T2T operation llamacpp completed in 1880.060900002718 ms[0m
[1m[1;34m[2026-09-03 20:50:42,853][0m [1m[1;30m[42m[INFO ][0m [1m[1;33m[operation.py::25 __call__]:[0m TTS operation fish_audio completed in 1929.0508000412956 ms[0m
[1m[1;34m[2026-09-03 20:50:45,299][0m [1m[1;30m[42m[INFO ][0m [1m[1;33m[operation.py::25 __call__]:[0m TTS operation fish_audio completed in 2444.95110004209 ms[0m
[1m[1;34m[2026-09-03 20:50:47,927][0m [1m[1;30m[42m[INFO ][0m [1m[1;33m[operation.py::25 __call__]:[0m TTS operation fish_audio completed in 2627.360799931921 ms[0m
[1m[1;34m[2026-09-03 20:50:47,927][0m [1m[1;30m[42m[INFO ][0m [1m[1;33m[operation.py::25 __call__]:[0m FILTER_TEXT operation chunker_sentence completed in 7019.873899989761 ms[0m
[1m[1;34m[2026-09-03 20:50:47,927][0m [1m[1;30m[42m[INFO ][0m [1m[1;33m[operation.py::25 __call__]:[0m FILTER_TEXT operation filter_clean completed in 7020.023999968544 ms[0m
[1m[1;34m[2026-09-03 20:50:47,928][0m [1m[1;30m[42m[INFO ][0m [1m[1;33m[jaison.py::963 response_pipeline]:[0m Response job ea50cb52-124a-4187-8da9-f29ef5305982 completed. Content: 'Эй, не смеши, не смеши! Ага, и моя жгучая жара, конечно, важна, но что еще? Неужели ты не ценишь мои...'[0m
[1m[1;34m[2026-09-03 20:51:15,187][0m [1m[1;30m[42m[INFO ][0m [1m[1;33m[jaison.py::441 create_job]:[0m Queued new context_conversation_add_text job 4619eade-270f-48d9-bd10-8fe1ea714ec1[0m
[2026-09-03 20:51:15 +0300] [47560] [INFO] 127.0.0.1:10407 POST /api/context/conversation/text 1.1 200 138 506
[1m[1;34m[2026-09-03 20:51:15,196][0m [1m[1;30m[42m[INFO ][0m [1m[1;33m[jaison.py::441 create_job]:[0m Queued new response job 1ffed3ee-3f75-4c19-b23e-e1b1839e8386[0m
[2026-09-03 20:51:15 +0300] [47560] [INFO] 127.0.0.1:14146 POST /api/response 1.1 200 117 510
[1m[1;34m[2026-09-03 20:51:17,546][0m [1m[1;30m[42m[INFO ][0m [1m[1;33m[operation.py::25 __call__]:[0m T2T operation llamacpp completed in 2349.6497999876738 ms[0m
[1m[1;34m[2026-09-03 20:51:22,522][0m [1m[1;30m[42m[INFO ][0m [1m[1;33m[operation.py::25 __call__]:[0m TTS operation fish_audio completed in 4955.422199913301 ms[0m
[1m[1;34m[2026-09-03 20:51:25,761][0m [1m[1;30m[42m[INFO ][0m [1m[1;33m[operation.py::25 __call__]:[0m TTS operation fish_audio completed in 3238.5499000083655 ms[0m
[1m[1;34m[2026-09-03 20:51:27,769][0m [1m[1;30m[42m[INFO ][0m [1m[1;33m[operation.py::25 __call__]:[0m TTS operation fish_audio completed in 2008.4496999625117 ms[0m
[1m[1;34m[2026-09-03 20:51:27,769][0m [1m[1;30m[42m[INFO ][0m [1m[1;33m[operation.py::25 __call__]:[0m FILTER_TEXT operation chunker_sentence completed in 10223.276499891654 ms[0m
[1m[1;34m[2026-09-03 20:51:27,769][0m [1m[1;30m[42m[INFO ][0m [1m[1;33m[operation.py::25 __call__]:[0m FILTER_TEXT operation filter_clean completed in 10223.418300040066 ms[0m
[1m[1;34m[2026-09-03 20:51:27,770][0m [1m[1;30m[42m[INFO ][0m [1m[1;33m[jaison.py::963 response_pipeline]:[0m Response job 1ffed3ee-3f75-4c19-b23e-e1b1839e8386 completed. Content: 'Так я и есть твой "Дядя", только вместо манга-кафе — у меня игровой клуб в голове, и вместо "окунуть...'[0m
[1m[1;34m[2026-09-03 20:51:58,775][0m [1m[1;30m[42m[INFO ][0m [1m[1;33m[jaison.py::441 create_job]:[0m Queued new context_conversation_add_text job 1e6dfc32-4de1-4d8a-b04e-990b2f033fa2[0m
[2026-09-03 20:51:58 +0300] [47560] [INFO] 127.0.0.1:7357 POST /api/context/conversation/text 1.1 200 138 508
[1m[1;34m[2026-09-03 20:51:58,785][0m [1m[1;30m[42m[INFO ][0m [1m[1;33m[jaison.py::441 create_job]:[0m Queued new response job 72ec3ce1-fba3-486c-ac10-0756c0493274[0m
[2026-09-03 20:51:58 +0300] [47560] [INFO] 127.0.0.1:9365 POST /api/response 1.1 200 117 507
[1m[1;34m[2026-09-03 20:52:00,769][0m [1m[1;30m[42m[INFO ][0m [1m[1;33m[operation.py::25 __call__]:[0m T2T operation llamacpp completed in 1983.0763000063598 ms[0m
[1m[1;34m[2026-09-03 20:52:03,089][0m [1m[1;30m[42m[INFO ][0m [1m[1;33m[operation.py::25 __call__]:[0m TTS operation fish_audio completed in 2302.1562000503764 ms[0m
[1m[1;34m[2026-09-03 20:52:05,201][0m [1m[1;30m[42m[INFO ][0m [1m[1;33m[operation.py::25 __call__]:[0m TTS operation fish_audio completed in 2112.3212999664247 ms[0m
[1m[1;34m[2026-09-03 20:52:06,772][0m [1m[1;30m[42m[INFO ][0m [1m[1;33m[operation.py::25 __call__]:[0m TTS operation fish_audio completed in 1570.8344000158831 ms[0m
[1m[1;34m[2026-09-03 20:52:09,066][0m [1m[1;30m[42m[INFO ][0m [1m[1;33m[operation.py::25 __call__]:[0m TTS operation fish_audio completed in 2293.864000006579 ms[0m
[1m[1;34m[2026-09-03 20:52:12,275][0m [1m[1;30m[42m[INFO ][0m [1m[1;33m[operation.py::25 __call__]:[0m TTS operation fish_audio completed in 3208.368399995379 ms[0m
[1m[1;34m[2026-09-03 20:52:12,275][0m [1m[1;30m[42m[INFO ][0m [1m[1;33m[operation.py::25 __call__]:[0m FILTER_TEXT operation chunker_sentence completed in 11505.625599995255 ms[0m
[1m[1;34m[2026-09-03 20:52:12,275][0m [1m[1;30m[42m[INFO ][0m [1m[1;33m[operation.py::25 __call__]:[0m FILTER_TEXT operation filter_clean completed in 11505.809900001623 ms[0m
[1m[1;34m[2026-09-03 20:52:12,276][0m [1m[1;30m[42m[INFO ][0m [1m[1;33m[jaison.py::963 response_pipeline]:[0m Response job 72ec3ce1-fba3-486c-ac10-0756c0493274 completed. Content: 'Точно понимаю. Иногда в играх можно найти больше, чем в обычной жизни. Но не забывай о реальных прик...'[0m
[1m[1;34m[2026-09-03 21:05:19,800][0m [1m[1;30m[42m[INFO ][0m [1m[1;33m[jaison.py::110 start]:[0m Starting JAIson application layer.[0m
[1m[1;34m[2026-09-03 21:05:19,811][0m [1m[1;30m[42m[INFO ][0m [1m[1;33m[manager.py::300 load_operations_from_config]:[0m Active STT from config: sherpa_ru[0m
[1m[1;34m[2026-09-03 21:05:21,500][0m [1m[1;30m[42m[INFO ][0m [1m[1;33m[operation.py::32 start]:[0m Starting STT operation sherpa_ru[0m
[1m[1;34m[2026-09-03 21:05:21,500][0m [1m[1;30m[42m[INFO ][0m [1m[1;33m[manager.py::27 load]:[0m Loading process by type sherpa_stt[0m
[1m[1;34m[2026-09-03 21:05:21,501][0m [1m[1;30m[43m[WARNI][0m [1m[1;33m[base.py::46 unload]:[0m Attempted to unload process sherpa_stt when it is already unloaded[0m
[1m[1;34m[2026-09-03 21:05:21,502][0m [1m[1;30m[42m[INFO ][0m [1m[1;33m[sherpa_server.py::85 _prepare_hotwords_file]:[0m Sherpa STT hotwords validated: 3 entries[0m
[1m[1;34m[2026-09-03 21:05:21,503][0m [1m[1;30m[42m[INFO ][0m [1m[1;33m[sherpa_server.py::295 reload]:[0m Sherpa STT config: port=6106 model_dir=C:\Nirmita\models\vosk-model-small-streaming-ru, model_variant=fp32, decoding_method=modified_beam_search, num_active_paths=6, use_endpoint=0, bpe_vocab=C:\Nirmita\models\vosk-model-small-streaming-ru\lang\unigram_500.vocab, hotwords_file=C:\Nirmita\models\hotwords.txt, hotwords_score=3.5[0m
[1m[1;34m[2026-09-03 21:05:21,503][0m [1m[1;30m[42m[INFO ][0m [1m[1;33m[sherpa_server.py::307 reload]:[0m Starting Sherpa STT Server with command: C:\Nirmita\.conda312\python.exe C:\Nirmita\apps\stt-sherpa-server\start_server.py --encoder C:\Nirmita\models\vosk-model-small-streaming-ru\am-onnx\encoder.onnx --decoder C:\Nirmita\models\vosk-model-small-streaming-ru\am-onnx\decoder.onnx --joiner C:\Nirmita\models\vosk-model-small-streaming-ru\am-onnx\joiner.onnx --tokens C:\Nirmita\models\vosk-model-small-streaming-ru\lang\tokens.txt --modeling-unit bpe --decoding-method modified_beam_search --num-active-paths 6 --use-endpoint 0 --port 6106 --provider cpu --doc-root C:\Nirmita\apps\stt-sherpa-server --bpe-vocab C:\Nirmita\models\vosk-model-small-streaming-ru\lang\unigram_500.vocab --hotwords-file C:\Nirmita\logs\sherpa_hotwords.resolved.txt --hotwords-score 3.5[0m
[1m[1;34m[2026-09-03 21:05:25,828][0m [1m[1;30m[42m[INFO ][0m [1m[1;33m[operation.py::32 start]:[0m Starting T2T operation llamacpp[0m
[1m[1;34m[2026-09-03 21:05:25,829][0m [1m[1;30m[42m[INFO ][0m [1m[1;33m[manager.py::27 load]:[0m Loading process by type llamacpp[0m
[1m[1;34m[2026-09-03 21:05:25,834][0m [1m[1;30m[42m[INFO ][0m [1m[1;33m[llamacpp.py::81 reload]:[0m Opened Llama.cpp server (PID: 34756) on port 10773 (GPU: 0)[0m
[1m[1;34m[2026-09-03 21:05:25,834][0m [1m[1;30m[42m[INFO ][0m [1m[1;33m[llamacpp.py::89 reload]:[0m Waiting for llama-server to be ready at http://127.0.0.1:10773/health ...[0m
[1m[1;34m[2026-09-03 21:05:30,005][0m [1m[1;30m[42m[INFO ][0m [1m[1;33m[llamacpp.py::101 reload]:[0m llama-server is ready! (attempt 8, port 10773)[0m
[1m[1;34m[2026-09-03 21:05:30,022][0m [1m[1;30m[42m[INFO ][0m [1m[1;33m[fishaudio.py::159 configure]:[0m FishAudioTTS: настроен — model=s2.1-pro-free, reference_id=8579f198..., latency=balanced, sample_rate=44100, speed=1.0[0m
[1m[1;34m[2026-09-03 21:05:30,022][0m [1m[1;30m[42m[INFO ][0m [1m[1;33m[operation.py::32 start]:[0m Starting TTS operation fish_audio[0m
[1m[1;34m[2026-09-03 21:05:30,022][0m [1m[1;30m[42m[INFO ][0m [1m[1;33m[fishaudio.py::85 start]:[0m FishAudioTTS: операция запущена (WebSocket streaming, format=pcm)[0m
[1m[1;34m[2026-09-03 21:05:30,023][0m [1m[1;30m[42m[INFO ][0m [1m[1;33m[operation.py::32 start]:[0m Starting FILTER_TEXT operation filter_clean[0m
[1m[1;34m[2026-09-03 21:05:30,596][0m [1m[1;30m[42m[INFO ][0m [1m[1;33m[operation.py::32 start]:[0m Starting FILTER_TEXT operation chunker_sentence[0m
[1m[1;34m[2026-09-03 21:05:31,107][0m [1m[1;30m[42m[INFO ][0m [1m[1;33m[manager.py::27 load]:[0m Loading process by type hw_mic[0m
[1m[1;34m[2026-09-03 21:05:31,108][0m [1m[1;30m[43m[WARNI][0m [1m[1;33m[base.py::46 unload]:[0m Attempted to unload process hw_mic when it is already unloaded[0m
[1m[1;34m[2026-09-03 21:05:31,108][0m [1m[1;30m[43m[WARNI][0m [1m[1;33m[base.py::46 unload]:[0m Attempted to unload process hw_mic when it is already unloaded[0m
[1m[1;34m[2026-09-03 21:05:31,108][0m [1m[1;30m[41m[ERROR][0m [1m[1;33m[jaison.py::136 start]:[0m Could not start HW_MIC process: Failed to start process hw_mic[0m
[1m[1;34m[2026-09-03 21:05:31,108][0m [1m[1;30m[42m[INFO ][0m [1m[1;33m[manager.py::27 load]:[0m Loading process by type discord[0m
[1m[1;34m[2026-09-03 21:05:31,108][0m [1m[1;30m[43m[WARNI][0m [1m[1;33m[base.py::46 unload]:[0m Attempted to unload process discord when it is already unloaded[0m
[1m[1;34m[2026-09-03 21:05:31,108][0m [1m[1;30m[42m[INFO ][0m [1m[1;33m[discord.py::52 reload]:[0m Starting Discord bridge for guild 390301473210236928, channel 390301473210236932.[0m
[1m[1;34m[2026-09-03 21:05:31,117][0m [1m[1;30m[42m[INFO ][0m [1m[1;33m[jaison.py::149 start]:[0m JAIson application layer has started.[0m
[1m[1;34m[2026-09-03 21:05:31,118][0m [1m[1;30m[42m[INFO ][0m [1m[1;33m[logging.py::106 info]:[0m Running on http://127.0.0.1:7272 (CTRL + C to quit)[0m
[discord] C:\Nirmita\apps\discord-bridge\main.py:11: DeprecationWarning: 'audioop' is deprecated and slated for removal in Python 3.13
[discord]   import audioop
[discord] 2026-09-03 21:05:31,551 [INFO] logging in using static token
[1m[1;34m[2026-09-03 21:05:32,642][0m [1m[1;30m[42m[INFO ][0m [1m[1;33m[app_server.py::77 ws]:[0m Opened new websocket connection[0m
[2026-09-03 21:05:32 +0300] [45280] [INFO] 127.0.0.1:14497 GET / 1.1 101 - 1006
[discord] 2026-09-03 21:05:36,193 [INFO] Shard ID None session has been invalidated.
[discord] 2026-09-03 21:05:42,800 [INFO] Shard ID None has connected to Gateway (Session ID: d00674dff125d57e594f4d07dc0fa426).
[discord] 2026-09-03 21:05:44,834 [INFO] Authenticated as Nira#4162
[discord] 2026-09-03 21:05:44,848 [INFO] Connecting to voice...
[discord] 2026-09-03 21:05:44,848 [INFO] Starting voice handshake... (connection attempt 1)
[1m[1;34m[2026-09-03 21:05:44,850][0m [1m[1;30m[42m[INFO ][0m [1m[1;33m[app_server.py::77 ws]:[0m Opened new websocket connection[0m
[2026-09-03 21:05:44 +0300] [45280] [INFO] 127.0.0.1:14501 GET / 1.1 101 - 0
[discord] 2026-09-03 21:05:44,851 [INFO] Connected to JAIson WebSocket
[discord] 2026-09-03 21:05:45,227 [INFO] Voice handshake complete. Endpoint found: c-otp01-f984b1df.discord.media:2087
[discord] 2026-09-03 21:05:45,501 [INFO] WS payload has extra keys: {'seq': 0}
[discord] 2026-09-03 21:05:45,501 [INFO] WS payload has extra keys: {'seq': 1}
[discord] 2026-09-03 21:05:45,501 [INFO] WS payload has extra keys: {'seq': 2}
[discord] 2026-09-03 21:05:45,501 [INFO] WS payload has extra keys: {'seq': 3}
[discord] 2026-09-03 21:05:45,549 [INFO] Voice connection complete.
[discord] 2026-09-03 21:05:45,550 [INFO] WS payload has extra keys: {'seq': 4}
[discord] 2026-09-03 21:05:45,558 [INFO] Joined voice channel 🏕️Таверна "Астрал" (390301473210236932)
[discord] 2026-09-03 21:05:50,471 [ERROR] Error in <PacketRouter(packet-router-273807960f0, started daemon 46880)> loop
[discord] Traceback (most recent call last):
[discord]   File "C:\Nirmita\.conda312\Lib\site-packages\discord\ext\voice_recv\router.py", line 98, in run
[discord]     self._do_run()
[discord]   File "C:\Nirmita\.conda312\Lib\site-packages\discord\ext\voice_recv\router.py", line 111, in _do_run
[discord]     data = decoder.pop_data()
[discord]            ^^^^^^^^^^^^^^^^^^
[discord]   File "C:\Nirmita\.conda312\Lib\site-packages\discord\ext\voice_recv\opus.py", line 88, in pop_data
[discord]     return self._process_packet(packet)
[discord]            ^^^^^^^^^^^^^^^^^^^^^^^^^^^^
[discord]   File "C:\Nirmita\.conda312\Lib\site-packages\discord\ext\voice_recv\opus.py", line 135, in _process_packet
[discord]     packet, pcm = self._decode_packet(packet)
[discord]                   ^^^^^^^^^^^^^^^^^^^^^^^^^^^
[discord]   File "C:\Nirmita\.conda312\Lib\site-packages\discord\ext\voice_recv\opus.py", line 154, in _decode_packet
[discord]     pcm = self._decoder.decode(packet.decrypted_data, fec=False)
[discord]           ^^^^^^^^^^^^^^^^^^^^^^^^^^^^^^^^^^^^^^^^^^^^^^^^^^^^^^
[discord]   File "C:\Nirmita\.conda312\Lib\site-packages\discord\opus.py", line 502, in decode
[discord]     ret = _lib.opus_decode(self._state, data, len(data) if data else 0, pcm_ptr, frame_size, fec)
[discord]           ^^^^^^^^^^^^^^^^^^^^^^^^^^^^^^^^^^^^^^^^^^^^^^^^^^^^^^^^^^^^^^^^^^^^^^^^^^^^^^^^^^^^^^^
[discord]   File "C:\Nirmita\.conda312\Lib\site-packages\discord\opus.py", line 142, in _err_lt
[discord]     raise OpusError(result)
[discord] discord.opus.OpusError: corrupted stream
[1m[1;34m[2026-09-03 21:06:35,534][0m [1m[1;30m[42m[INFO ][0m [1m[1;33m[jaison.py::441 create_job]:[0m Queued new context_conversation_add_text job 0184bff8-f54a-4eed-889e-d10b812758eb[0m
[2026-09-03 21:06:35 +0300] [45280] [INFO] 127.0.0.1:5703 POST /api/context/conversation/text 1.1 200 138 1065
[1m[1;34m[2026-09-03 21:06:35,544][0m [1m[1;30m[42m[INFO ][0m [1m[1;33m[jaison.py::441 create_job]:[0m Queued new response job d853c9df-3de8-46c5-b15e-db940b103c23[0m
[2026-09-03 21:06:35 +0300] [45280] [INFO] 127.0.0.1:7965 POST /api/response 1.1 200 117 2031
[1m[1;34m[2026-09-03 21:06:35,880][0m [1m[1;30m[42m[INFO ][0m [1m[1;33m[operation.py::25 __call__]:[0m T2T operation llamacpp completed in 334.09779996145517 ms[0m
[1m[1;34m[2026-09-03 21:06:37,519][0m [1m[1;30m[42m[INFO ][0m [1m[1;33m[operation.py::25 __call__]:[0m TTS operation fish_audio completed in 1632.277199998498 ms[0m
[1m[1;34m[2026-09-03 21:06:39,051][0m [1m[1;30m[42m[INFO ][0m [1m[1;33m[operation.py::25 __call__]:[0m TTS operation fish_audio completed in 1530.9099000878632 ms[0m
[1m[1;34m[2026-09-03 21:06:39,051][0m [1m[1;30m[42m[INFO ][0m [1m[1;33m[operation.py::25 __call__]:[0m FILTER_TEXT operation chunker_sentence completed in 3171.0427000653 ms[0m
[1m[1;34m[2026-09-03 21:06:39,051][0m [1m[1;30m[42m[INFO ][0m [1m[1;33m[operation.py::25 __call__]:[0m FILTER_TEXT operation filter_clean completed in 3171.1843000957742 ms[0m
[1m[1;34m[2026-09-03 21:06:39,052][0m [1m[1;30m[42m[INFO ][0m [1m[1;33m[jaison.py::963 response_pipeline]:[0m Response job d853c9df-3de8-46c5-b15e-db940b103c23 completed. Content: 'Привет! Как дела?...'[0m
[1m[1;34m[2026-09-03 21:12:38,308][0m [1m[1;30m[42m[INFO ][0m [1m[1;33m[jaison.py::110 start]:[0m Starting JAIson application layer.[0m
[1m[1;34m[2026-09-03 21:12:38,319][0m [1m[1;30m[42m[INFO ][0m [1m[1;33m[manager.py::300 load_operations_from_config]:[0m Active STT from config: sherpa_ru[0m
[1m[1;34m[2026-09-03 21:12:39,947][0m [1m[1;30m[42m[INFO ][0m [1m[1;33m[operation.py::32 start]:[0m Starting STT operation sherpa_ru[0m
[1m[1;34m[2026-09-03 21:12:39,947][0m [1m[1;30m[42m[INFO ][0m [1m[1;33m[manager.py::27 load]:[0m Loading process by type sherpa_stt[0m
[1m[1;34m[2026-09-03 21:12:39,949][0m [1m[1;30m[43m[WARNI][0m [1m[1;33m[base.py::46 unload]:[0m Attempted to unload process sherpa_stt when it is already unloaded[0m
[1m[1;34m[2026-09-03 21:12:39,949][0m [1m[1;30m[42m[INFO ][0m [1m[1;33m[sherpa_server.py::85 _prepare_hotwords_file]:[0m Sherpa STT hotwords validated: 3 entries[0m
[1m[1;34m[2026-09-03 21:12:39,949][0m [1m[1;30m[42m[INFO ][0m [1m[1;33m[sherpa_server.py::295 reload]:[0m Sherpa STT config: port=6106 model_dir=C:\Nirmita\models\vosk-model-small-streaming-ru, model_variant=fp32, decoding_method=modified_beam_search, num_active_paths=6, use_endpoint=0, bpe_vocab=C:\Nirmita\models\vosk-model-small-streaming-ru\lang\unigram_500.vocab, hotwords_file=C:\Nirmita\models\hotwords.txt, hotwords_score=3.5[0m
[1m[1;34m[2026-09-03 21:12:39,950][0m [1m[1;30m[42m[INFO ][0m [1m[1;33m[sherpa_server.py::307 reload]:[0m Starting Sherpa STT Server with command: C:\Nirmita\.conda312\python.exe C:\Nirmita\apps\stt-sherpa-server\start_server.py --encoder C:\Nirmita\models\vosk-model-small-streaming-ru\am-onnx\encoder.onnx --decoder C:\Nirmita\models\vosk-model-small-streaming-ru\am-onnx\decoder.onnx --joiner C:\Nirmita\models\vosk-model-small-streaming-ru\am-onnx\joiner.onnx --tokens C:\Nirmita\models\vosk-model-small-streaming-ru\lang\tokens.txt --modeling-unit bpe --decoding-method modified_beam_search --num-active-paths 6 --use-endpoint 0 --port 6106 --provider cpu --doc-root C:\Nirmita\apps\stt-sherpa-server --bpe-vocab C:\Nirmita\models\vosk-model-small-streaming-ru\lang\unigram_500.vocab --hotwords-file C:\Nirmita\logs\sherpa_hotwords.resolved.txt --hotwords-score 3.5[0m
[1m[1;34m[2026-09-03 21:12:44,284][0m [1m[1;30m[42m[INFO ][0m [1m[1;33m[operation.py::32 start]:[0m Starting T2T operation llamacpp[0m
[1m[1;34m[2026-09-03 21:12:44,284][0m [1m[1;30m[42m[INFO ][0m [1m[1;33m[manager.py::27 load]:[0m Loading process by type llamacpp[0m
[1m[1;34m[2026-09-03 21:12:44,288][0m [1m[1;30m[42m[INFO ][0m [1m[1;33m[llamacpp.py::81 reload]:[0m Opened Llama.cpp server (PID: 23916) on port 9080 (GPU: 0)[0m
[1m[1;34m[2026-09-03 21:12:44,288][0m [1m[1;30m[42m[INFO ][0m [1m[1;33m[llamacpp.py::89 reload]:[0m Waiting for llama-server to be ready at http://127.0.0.1:9080/health ...[0m
[1m[1;34m[2026-09-03 21:12:48,443][0m [1m[1;30m[42m[INFO ][0m [1m[1;33m[llamacpp.py::101 reload]:[0m llama-server is ready! (attempt 8, port 9080)[0m
[1m[1;34m[2026-09-03 21:12:48,459][0m [1m[1;30m[42m[INFO ][0m [1m[1;33m[fishaudio.py::159 configure]:[0m FishAudioTTS: настроен — model=s2.1-pro-free, reference_id=8579f198..., latency=balanced, sample_rate=44100, speed=1.0[0m
[1m[1;34m[2026-09-03 21:12:48,459][0m [1m[1;30m[42m[INFO ][0m [1m[1;33m[operation.py::32 start]:[0m Starting TTS operation fish_audio[0m
[1m[1;34m[2026-09-03 21:12:48,459][0m [1m[1;30m[42m[INFO ][0m [1m[1;33m[fishaudio.py::85 start]:[0m FishAudioTTS: операция запущена (WebSocket streaming, format=pcm)[0m
[1m[1;34m[2026-09-03 21:12:48,460][0m [1m[1;30m[42m[INFO ][0m [1m[1;33m[operation.py::32 start]:[0m Starting FILTER_TEXT operation filter_clean[0m
[1m[1;34m[2026-09-03 21:12:49,018][0m [1m[1;30m[42m[INFO ][0m [1m[1;33m[operation.py::32 start]:[0m Starting FILTER_TEXT operation chunker_sentence[0m
[1m[1;34m[2026-09-03 21:12:49,523][0m [1m[1;30m[42m[INFO ][0m [1m[1;33m[manager.py::27 load]:[0m Loading process by type hw_mic[0m
[1m[1;34m[2026-09-03 21:12:49,524][0m [1m[1;30m[43m[WARNI][0m [1m[1;33m[base.py::46 unload]:[0m Attempted to unload process hw_mic when it is already unloaded[0m
[1m[1;34m[2026-09-03 21:12:49,524][0m [1m[1;30m[43m[WARNI][0m [1m[1;33m[base.py::46 unload]:[0m Attempted to unload process hw_mic when it is already unloaded[0m
[1m[1;34m[2026-09-03 21:12:49,524][0m [1m[1;30m[41m[ERROR][0m [1m[1;33m[jaison.py::136 start]:[0m Could not start HW_MIC process: Failed to start process hw_mic[0m
[1m[1;34m[2026-09-03 21:12:49,524][0m [1m[1;30m[42m[INFO ][0m [1m[1;33m[manager.py::27 load]:[0m Loading process by type discord[0m
[1m[1;34m[2026-09-03 21:12:49,524][0m [1m[1;30m[43m[WARNI][0m [1m[1;33m[base.py::46 unload]:[0m Attempted to unload process discord when it is already unloaded[0m
[1m[1;34m[2026-09-03 21:12:49,525][0m [1m[1;30m[42m[INFO ][0m [1m[1;33m[discord.py::52 reload]:[0m Starting Discord bridge for guild 390301473210236928, channel 390301473210236932.[0m
[1m[1;34m[2026-09-03 21:12:49,531][0m [1m[1;30m[42m[INFO ][0m [1m[1;33m[jaison.py::149 start]:[0m JAIson application layer has started.[0m
[1m[1;34m[2026-09-03 21:12:49,532][0m [1m[1;30m[42m[INFO ][0m [1m[1;33m[logging.py::106 info]:[0m Running on http://127.0.0.1:7272 (CTRL + C to quit)[0m
[discord] C:\Nirmita\apps\discord-bridge\main.py:11: DeprecationWarning: 'audioop' is deprecated and slated for removal in Python 3.13
[discord]   import audioop
[discord] 2026-09-03 21:12:49,975 [INFO] logging in using static token
[discord] 2026-09-03 21:12:51,545 [INFO] Shard ID None has connected to Gateway (Session ID: 3dfba81883add6d9fb6b83d97f90433b).
[1m[1;34m[2026-09-03 21:12:52,106][0m [1m[1;30m[42m[INFO ][0m [1m[1;33m[app_server.py::77 ws]:[0m Opened new websocket connection[0m
[2026-09-03 21:12:52 +0300] [9804] [INFO] 127.0.0.1:5371 GET / 1.1 101 - 1005
[discord] 2026-09-03 21:12:53,575 [INFO] Authenticated as Nira#4162
[discord] 2026-09-03 21:12:53,588 [INFO] Connecting to voice...
[discord] 2026-09-03 21:12:53,588 [INFO] Starting voice handshake... (connection attempt 1)
[1m[1;34m[2026-09-03 21:12:53,590][0m [1m[1;30m[42m[INFO ][0m [1m[1;33m[app_server.py::77 ws]:[0m Opened new websocket connection[0m
[2026-09-03 21:12:53 +0300] [9804] [INFO] 127.0.0.1:5372 GET / 1.1 101 - 0
[discord] 2026-09-03 21:12:53,590 [INFO] Connected to JAIson WebSocket
[discord] 2026-09-03 21:12:53,960 [INFO] Voice handshake complete. Endpoint found: c-otp01-f984b1df.discord.media:2087
[discord] 2026-09-03 21:12:54,572 [INFO] WS payload has extra keys: {'seq': 0}
[discord] 2026-09-03 21:12:54,572 [INFO] WS payload has extra keys: {'seq': 1}
[discord] 2026-09-03 21:12:54,572 [INFO] WS payload has extra keys: {'seq': 2}
[discord] 2026-09-03 21:12:54,572 [INFO] WS payload has extra keys: {'seq': 3}
[discord] 2026-09-03 21:12:54,623 [INFO] Voice connection complete.
[discord] 2026-09-03 21:12:54,623 [INFO] WS payload has extra keys: {'seq': 4}
[discord] 2026-09-03 21:12:54,630 [INFO] Joined voice channel 🏕️Таверна "Астрал" (390301473210236932)
[1m[1;34m[2026-09-03 21:13:02,720][0m [1m[1;30m[42m[INFO ][0m [1m[1;33m[app_server.py::86 ws]:[0m Closed websocket connection[0m
[2026-09-03 21:13:03 +0300] [9804] [INFO] 127.0.0.1:2877 GET /api/config 1.1 200 3570 506
[2026-09-03 21:13:03 +0300] [9804] [INFO] 127.0.0.1:2879 GET /api/config 1.1 200 3570 1007
[2026-09-03 21:13:03 +0300] [9804] [INFO] 127.0.0.1:2881 GET /api/context/history 1.1 200 59 506
[2026-09-03 21:13:03 +0300] [9804] [INFO] 127.0.0.1:12929 GET /api/context/history 1.1 200 59 1006
[1m[1;34m[2026-09-03 21:13:03,440][0m [1m[1;30m[42m[INFO ][0m [1m[1;33m[app_server.py::77 ws]:[0m Opened new websocket connection[0m
[2026-09-03 21:13:03 +0300] [9804] [INFO] 127.0.0.1:12280 GET / 1.1 101 - 534
[1m[1;34m[2026-09-03 21:13:08,813][0m [1m[1;30m[42m[INFO ][0m [1m[1;33m[jaison.py::441 create_job]:[0m Queued new context_conversation_add_text job 32783979-9cc8-486b-b4e9-3fa1307b047c[0m
[2026-09-03 21:13:08 +0300] [9804] [INFO] 127.0.0.1:5948 POST /api/context/conversation/text 1.1 200 138 509
[1m[1;34m[2026-09-03 21:13:08,823][0m [1m[1;30m[42m[INFO ][0m [1m[1;33m[jaison.py::441 create_job]:[0m Queued new response job 4e841353-061b-45c3-ba8f-eb36a786b965[0m
[2026-09-03 21:13:08 +0300] [9804] [INFO] 127.0.0.1:8288 POST /api/response 1.1 200 117 499
[1m[1;34m[2026-09-03 21:13:09,321][0m [1m[1;30m[42m[INFO ][0m [1m[1;33m[operation.py::25 __call__]:[0m T2T operation llamacpp completed in 496.372599969618 ms[0m
[1m[1;34m[2026-09-03 21:13:11,388][0m [1m[1;30m[42m[INFO ][0m [1m[1;33m[operation.py::25 __call__]:[0m TTS operation fish_audio completed in 2056.3103000167757 ms[0m
[1m[1;34m[2026-09-03 21:13:12,958][0m [1m[1;30m[42m[INFO ][0m [1m[1;33m[operation.py::25 __call__]:[0m TTS operation fish_audio completed in 1569.9660000391304 ms[0m
[1m[1;34m[2026-09-03 21:13:12,958][0m [1m[1;30m[42m[INFO ][0m [1m[1;33m[operation.py::25 __call__]:[0m FILTER_TEXT operation chunker_sentence completed in 3636.5938000380993 ms[0m
[1m[1;34m[2026-09-03 21:13:12,959][0m [1m[1;30m[42m[INFO ][0m [1m[1;33m[operation.py::25 __call__]:[0m FILTER_TEXT operation filter_clean completed in 3636.728100012988 ms[0m
[1m[1;34m[2026-09-03 21:13:12,959][0m [1m[1;30m[42m[INFO ][0m [1m[1;33m[jaison.py::963 response_pipeline]:[0m Response job 4e841353-061b-45c3-ba8f-eb36a786b965 completed. Content: 'Привет! Как дела?...'[0m
[discord] 2026-09-03 21:13:16,625 [ERROR] Error in <PacketRouter(packet-router-1b9f7376750, started daemon 28480)> loop
[discord] Traceback (most recent call last):
[discord]   File "C:\Nirmita\.conda312\Lib\site-packages\discord\ext\voice_recv\opus.py", line 155, in _decode_packet
[discord]     pcm = self._decoder.decode(packet.decrypted_data, fec=False)
[discord]           ^^^^^^^^^^^^^^^^^^^^^^^^^^^^^^^^^^^^^^^^^^^^^^^^^^^^^^
[discord]   File "C:\Nirmita\.conda312\Lib\site-packages\discord\opus.py", line 502, in decode
[discord]     ret = _lib.opus_decode(self._state, data, len(data) if data else 0, pcm_ptr, frame_size, fec)
[discord]           ^^^^^^^^^^^^^^^^^^^^^^^^^^^^^^^^^^^^^^^^^^^^^^^^^^^^^^^^^^^^^^^^^^^^^^^^^^^^^^^^^^^^^^^
[discord]   File "C:\Nirmita\.conda312\Lib\site-packages\discord\opus.py", line 142, in _err_lt
[discord]     raise OpusError(result)
[discord] discord.opus.OpusError: corrupted stream
[discord] 
[discord] During handling of the above exception, another exception occurred:
[discord] 
[discord] Traceback (most recent call last):
[discord]   File "C:\Nirmita\.conda312\Lib\site-packages\discord\ext\voice_recv\router.py", line 98, in run
[discord]     self._do_run()
[discord]   File "C:\Nirmita\.conda312\Lib\site-packages\discord\ext\voice_recv\router.py", line 111, in _do_run
[discord]     data = decoder.pop_data()
[discord]            ^^^^^^^^^^^^^^^^^^
[discord]   File "C:\Nirmita\.conda312\Lib\site-packages\discord\ext\voice_recv\opus.py", line 88, in pop_data
[discord]     return self._process_packet(packet)
[discord]            ^^^^^^^^^^^^^^^^^^^^^^^^^^^^
[discord]   File "C:\Nirmita\.conda312\Lib\site-packages\discord\ext\voice_recv\opus.py", line 135, in _process_packet
[discord]     packet, pcm = self._decode_packet(packet)
[discord]                   ^^^^^^^^^^^^^^^^^^^^^^^^^^^
[discord]   File "C:\Nirmita\.conda312\Lib\site-packages\discord\ext\voice_recv\opus.py", line 156, in _decode_packet
[discord]     except discord.opus.OpusError as e:
[discord]            ^^^^^^^
[discord] NameError: name 'discord' is not defined
[1m[1;34m[2026-09-03 21:16:11,367][0m [1m[1;30m[42m[INFO ][0m [1m[1;33m[jaison.py::441 create_job]:[0m Queued new context_conversation_add_text job 97235fa9-d88c-4932-98bd-aa76106501da[0m
[2026-09-03 21:16:11 +0300] [9804] [INFO] 127.0.0.1:6751 POST /api/context/conversation/text 1.1 200 138 505
[1m[1;34m[2026-09-03 21:16:11,377][0m [1m[1;30m[42m[INFO ][0m [1m[1;33m[jaison.py::441 create_job]:[0m Queued new response job c04869dc-6b5c-4faf-8a51-6f78c46c3ddc[0m
[2026-09-03 21:16:11 +0300] [9804] [INFO] 127.0.0.1:7209 POST /api/response 1.1 200 117 1007
[1m[1;34m[2026-09-03 21:16:12,524][0m [1m[1;30m[42m[INFO ][0m [1m[1;33m[operation.py::25 __call__]:[0m T2T operation llamacpp completed in 1146.2394999107346 ms[0m
[1m[1;34m[2026-09-03 21:16:14,398][0m [1m[1;30m[42m[INFO ][0m [1m[1;33m[operation.py::25 __call__]:[0m TTS operation fish_audio completed in 1850.0577999511734 ms[0m
[1m[1;34m[2026-09-03 21:16:16,188][0m [1m[1;30m[42m[INFO ][0m [1m[1;33m[operation.py::25 __call__]:[0m TTS operation fish_audio completed in 1790.4205999802798 ms[0m
[1m[1;34m[2026-09-03 21:16:18,894][0m [1m[1;30m[42m[INFO ][0m [1m[1;33m[operation.py::25 __call__]:[0m TTS operation fish_audio completed in 2705.06110007409 ms[0m
[1m[1;34m[2026-09-03 21:16:20,853][0m [1m[1;30m[42m[INFO ][0m [1m[1;33m[operation.py::25 __call__]:[0m TTS operation fish_audio completed in 1959.6549000125378 ms[0m
[1m[1;34m[2026-09-03 21:16:20,853][0m [1m[1;30m[42m[INFO ][0m [1m[1;33m[operation.py::25 __call__]:[0m FILTER_TEXT operation chunker_sentence completed in 8329.205099958926 ms[0m
[1m[1;34m[2026-09-03 21:16:20,853][0m [1m[1;30m[42m[INFO ][0m [1m[1;33m[operation.py::25 __call__]:[0m FILTER_TEXT operation filter_clean completed in 8329.342000070028 ms[0m
[1m[1;34m[2026-09-03 21:16:20,854][0m [1m[1;30m[42m[INFO ][0m [1m[1;33m[jaison.py::963 response_pipeline]:[0m Response job c04869dc-6b5c-4faf-8a51-6f78c46c3ddc completed. Content: 'Ой, и что рассказывать-то? О новой игре? О том, как я пытаюсь разобраться в этом непонятном устройст...'[0m
[1m[1;34m[2026-09-03 21:30:54,820][0m [1m[1;30m[42m[INFO ][0m [1m[1;33m[jaison.py::110 start]:[0m Starting JAIson application layer.[0m
[1m[1;34m[2026-09-03 21:30:54,832][0m [1m[1;30m[42m[INFO ][0m [1m[1;33m[manager.py::300 load_operations_from_config]:[0m Active STT from config: sherpa_ru[0m
[1m[1;34m[2026-09-03 21:30:56,480][0m [1m[1;30m[42m[INFO ][0m [1m[1;33m[operation.py::32 start]:[0m Starting STT operation sherpa_ru[0m
[1m[1;34m[2026-09-03 21:30:56,480][0m [1m[1;30m[42m[INFO ][0m [1m[1;33m[manager.py::27 load]:[0m Loading process by type sherpa_stt[0m
[1m[1;34m[2026-09-03 21:30:56,482][0m [1m[1;30m[43m[WARNI][0m [1m[1;33m[base.py::46 unload]:[0m Attempted to unload process sherpa_stt when it is already unloaded[0m
[1m[1;34m[2026-09-03 21:30:56,483][0m [1m[1;30m[42m[INFO ][0m [1m[1;33m[sherpa_server.py::85 _prepare_hotwords_file]:[0m Sherpa STT hotwords validated: 3 entries[0m
[1m[1;34m[2026-09-03 21:30:56,483][0m [1m[1;30m[42m[INFO ][0m [1m[1;33m[sherpa_server.py::295 reload]:[0m Sherpa STT config: port=6106 model_dir=C:\Nirmita\models\vosk-model-small-streaming-ru, model_variant=fp32, decoding_method=modified_beam_search, num_active_paths=6, use_endpoint=0, bpe_vocab=C:\Nirmita\models\vosk-model-small-streaming-ru\lang\unigram_500.vocab, hotwords_file=C:\Nirmita\models\hotwords.txt, hotwords_score=3.5[0m
[1m[1;34m[2026-09-03 21:30:56,483][0m [1m[1;30m[42m[INFO ][0m [1m[1;33m[sherpa_server.py::307 reload]:[0m Starting Sherpa STT Server with command: C:\Nirmita\.conda312\python.exe C:\Nirmita\apps\stt-sherpa-server\start_server.py --encoder C:\Nirmita\models\vosk-model-small-streaming-ru\am-onnx\encoder.onnx --decoder C:\Nirmita\models\vosk-model-small-streaming-ru\am-onnx\decoder.onnx --joiner C:\Nirmita\models\vosk-model-small-streaming-ru\am-onnx\joiner.onnx --tokens C:\Nirmita\models\vosk-model-small-streaming-ru\lang\tokens.txt --modeling-unit bpe --decoding-method modified_beam_search --num-active-paths 6 --use-endpoint 0 --port 6106 --provider cpu --doc-root C:\Nirmita\apps\stt-sherpa-server --bpe-vocab C:\Nirmita\models\vosk-model-small-streaming-ru\lang\unigram_500.vocab --hotwords-file C:\Nirmita\logs\sherpa_hotwords.resolved.txt --hotwords-score 3.5[0m
[1m[1;34m[2026-09-03 21:31:00,804][0m [1m[1;30m[42m[INFO ][0m [1m[1;33m[operation.py::32 start]:[0m Starting T2T operation llamacpp[0m
[1m[1;34m[2026-09-03 21:31:00,804][0m [1m[1;30m[42m[INFO ][0m [1m[1;33m[manager.py::27 load]:[0m Loading process by type llamacpp[0m
[1m[1;34m[2026-09-03 21:31:00,810][0m [1m[1;30m[42m[INFO ][0m [1m[1;33m[llamacpp.py::81 reload]:[0m Opened Llama.cpp server (PID: 45424) on port 14584 (GPU: 0)[0m
[1m[1;34m[2026-09-03 21:31:00,810][0m [1m[1;30m[42m[INFO ][0m [1m[1;33m[llamacpp.py::89 reload]:[0m Waiting for llama-server to be ready at http://127.0.0.1:14584/health ...[0m
[1m[1;34m[2026-09-03 21:31:05,002][0m [1m[1;30m[42m[INFO ][0m [1m[1;33m[llamacpp.py::101 reload]:[0m llama-server is ready! (attempt 8, port 14584)[0m
[1m[1;34m[2026-09-03 21:31:05,024][0m [1m[1;30m[42m[INFO ][0m [1m[1;33m[fishaudio.py::159 configure]:[0m FishAudioTTS: настроен — model=s2.1-pro-free, reference_id=8579f198..., latency=balanced, sample_rate=44100, speed=1.0[0m
[1m[1;34m[2026-09-03 21:31:05,024][0m [1m[1;30m[42m[INFO ][0m [1m[1;33m[operation.py::32 start]:[0m Starting TTS operation fish_audio[0m
[1m[1;34m[2026-09-03 21:31:05,024][0m [1m[1;30m[42m[INFO ][0m [1m[1;33m[fishaudio.py::85 start]:[0m FishAudioTTS: операция запущена (WebSocket streaming, format=pcm)[0m
[1m[1;34m[2026-09-03 21:31:05,025][0m [1m[1;30m[42m[INFO ][0m [1m[1;33m[operation.py::32 start]:[0m Starting FILTER_TEXT operation filter_clean[0m
[1m[1;34m[2026-09-03 21:31:05,693][0m [1m[1;30m[42m[INFO ][0m [1m[1;33m[operation.py::32 start]:[0m Starting FILTER_TEXT operation chunker_sentence[0m
[1m[1;34m[2026-09-03 21:31:06,219][0m [1m[1;30m[42m[INFO ][0m [1m[1;33m[manager.py::27 load]:[0m Loading process by type hw_mic[0m
[1m[1;34m[2026-09-03 21:31:06,221][0m [1m[1;30m[43m[WARNI][0m [1m[1;33m[base.py::46 unload]:[0m Attempted to unload process hw_mic when it is already unloaded[0m
[1m[1;34m[2026-09-03 21:31:06,221][0m [1m[1;30m[43m[WARNI][0m [1m[1;33m[base.py::46 unload]:[0m Attempted to unload process hw_mic when it is already unloaded[0m
[1m[1;34m[2026-09-03 21:31:06,221][0m [1m[1;30m[41m[ERROR][0m [1m[1;33m[jaison.py::136 start]:[0m Could not start HW_MIC process: Failed to start process hw_mic[0m
[1m[1;34m[2026-09-03 21:31:06,221][0m [1m[1;30m[42m[INFO ][0m [1m[1;33m[manager.py::27 load]:[0m Loading process by type discord[0m
[1m[1;34m[2026-09-03 21:31:06,222][0m [1m[1;30m[43m[WARNI][0m [1m[1;33m[base.py::46 unload]:[0m Attempted to unload process discord when it is already unloaded[0m
[1m[1;34m[2026-09-03 21:31:06,222][0m [1m[1;30m[42m[INFO ][0m [1m[1;33m[discord.py::52 reload]:[0m Starting Discord bridge for guild 390301473210236928, channel 390301473210236932.[0m
[1m[1;34m[2026-09-03 21:31:06,229][0m [1m[1;30m[42m[INFO ][0m [1m[1;33m[jaison.py::149 start]:[0m JAIson application layer has started.[0m
[1m[1;34m[2026-09-03 21:31:06,230][0m [1m[1;30m[42m[INFO ][0m [1m[1;33m[logging.py::106 info]:[0m Running on http://127.0.0.1:7272 (CTRL + C to quit)[0m
[discord] C:\Nirmita\apps\discord-bridge\main.py:11: DeprecationWarning: 'audioop' is deprecated and slated for removal in Python 3.13
[discord]   import audioop
[1m[1;34m[2026-09-03 21:31:06,468][0m [1m[1;30m[42m[INFO ][0m [1m[1;33m[app_server.py::77 ws]:[0m Opened new websocket connection[0m
[2026-09-03 21:31:06 +0300] [5448] [INFO] 127.0.0.1:5958 GET / 1.1 101 - 504
[discord] 2026-09-03 21:31:06,679 [INFO] logging in using static token
[discord] 2026-09-03 21:31:08,041 [INFO] Shard ID None has connected to Gateway (Session ID: cb5f82864ef4c18db09acbd17f34ba44).
[discord] 2026-09-03 21:31:10,089 [INFO] Authenticated as Nira#4162
[discord] 2026-09-03 21:31:10,103 [INFO] Connecting to voice...
[discord] 2026-09-03 21:31:10,103 [INFO] Starting voice handshake... (connection attempt 1)
[1m[1;34m[2026-09-03 21:31:10,104][0m [1m[1;30m[42m[INFO ][0m [1m[1;33m[app_server.py::77 ws]:[0m Opened new websocket connection[0m
[2026-09-03 21:31:10 +0300] [5448] [INFO] 127.0.0.1:5963 GET / 1.1 101 - 505
[discord] 2026-09-03 21:31:10,105 [INFO] Connected to JAIson WebSocket
[discord] 2026-09-03 21:31:10,468 [INFO] Voice handshake complete. Endpoint found: c-otp01-f984b1df.discord.media:2087
[discord] 2026-09-03 21:31:10,726 [INFO] WS payload has extra keys: {'seq': 0}
[discord] 2026-09-03 21:31:10,726 [INFO] WS payload has extra keys: {'seq': 1}
[discord] 2026-09-03 21:31:10,726 [INFO] WS payload has extra keys: {'seq': 2}
[discord] 2026-09-03 21:31:10,726 [INFO] WS payload has extra keys: {'seq': 3}
[discord] 2026-09-03 21:31:10,781 [INFO] Voice connection complete.
[discord] 2026-09-03 21:31:10,781 [INFO] WS payload has extra keys: {'seq': 4}
[discord] 2026-09-03 21:31:10,787 [INFO] Joined voice channel 🏕️Таверна "Астрал" (390301473210236932)
[1m[1;34m[2026-09-03 21:31:19,364][0m [1m[1;30m[42m[INFO ][0m [1m[1;33m[app_server.py::86 ws]:[0m Closed websocket connection[0m
[2026-09-03 21:31:19 +0300] [5448] [INFO] 127.0.0.1:8693 GET /api/config 1.1 200 3570 1007
[2026-09-03 21:31:19 +0300] [5448] [INFO] 127.0.0.1:7830 GET /api/config 1.1 200 3570 507
[2026-09-03 21:31:19 +0300] [5448] [INFO] 127.0.0.1:7832 GET /api/context/history 1.1 200 59 505
[2026-09-03 21:31:19 +0300] [5448] [INFO] 127.0.0.1:3331 GET /api/context/history 1.1 200 59 505
[1m[1;34m[2026-09-03 21:31:20,125][0m [1m[1;30m[42m[INFO ][0m [1m[1;33m[app_server.py::77 ws]:[0m Opened new websocket connection[0m
[2026-09-03 21:31:20 +0300] [5448] [INFO] 127.0.0.1:12520 GET / 1.1 101 - 508
[discord] 2026-09-03 21:31:29,516 [ERROR] Error in <PacketRouter(packet-router-2789113fe60, started daemon 45460)> loop
[discord] Traceback (most recent call last):
[discord]   File "C:\Nirmita\.conda312\Lib\site-packages\discord\ext\voice_recv\opus.py", line 155, in _decode_packet
[discord]     pcm = self._decoder.decode(packet.decrypted_data, fec=False)
[discord]           ^^^^^^^^^^^^^^^^^^^^^^^^^^^^^^^^^^^^^^^^^^^^^^^^^^^^^^
[discord]   File "C:\Nirmita\.conda312\Lib\site-packages\discord\opus.py", line 502, in decode
[discord]     ret = _lib.opus_decode(self._state, data, len(data) if data else 0, pcm_ptr, frame_size, fec)
[discord]           ^^^^^^^^^^^^^^^^^^^^^^^^^^^^^^^^^^^^^^^^^^^^^^^^^^^^^^^^^^^^^^^^^^^^^^^^^^^^^^^^^^^^^^^
[discord]   File "C:\Nirmita\.conda312\Lib\site-packages\discord\opus.py", line 142, in _err_lt
[discord]     raise OpusError(result)
[discord] discord.opus.OpusError: corrupted stream
[discord] 
[discord] During handling of the above exception, another exception occurred:
[discord] 
[discord] Traceback (most recent call last):
[discord]   File "C:\Nirmita\.conda312\Lib\site-packages\discord\ext\voice_recv\router.py", line 98, in run
[discord]     self._do_run()
[discord]   File "C:\Nirmita\.conda312\Lib\site-packages\discord\ext\voice_recv\router.py", line 111, in _do_run
[discord]     data = decoder.pop_data()
[discord]            ^^^^^^^^^^^^^^^^^^
[discord]   File "C:\Nirmita\.conda312\Lib\site-packages\discord\ext\voice_recv\opus.py", line 88, in pop_data
[discord]     return self._process_packet(packet)
[discord]            ^^^^^^^^^^^^^^^^^^^^^^^^^^^^
[discord]   File "C:\Nirmita\.conda312\Lib\site-packages\discord\ext\voice_recv\opus.py", line 135, in _process_packet
[discord]     packet, pcm = self._decode_packet(packet)
[discord]                   ^^^^^^^^^^^^^^^^^^^^^^^^^^^
[discord]   File "C:\Nirmita\.conda312\Lib\site-packages\discord\ext\voice_recv\opus.py", line 156, in _decode_packet
[discord]     except discord.opus.OpusError as e:
[discord]            ^^^^^^^
[discord] NameError: name 'discord' is not defined
[1m[1;34m[2026-09-03 21:31:41,499][0m [1m[1;30m[42m[INFO ][0m [1m[1;33m[jaison.py::441 create_job]:[0m Queued new context_conversation_add_text job 6a91b157-cd11-477a-ae8e-b5f34f43498c[0m
[2026-09-03 21:31:41 +0300] [5448] [INFO] 127.0.0.1:5036 POST /api/context/conversation/text 1.1 200 138 1006
[1m[1;34m[2026-09-03 21:31:41,508][0m [1m[1;30m[42m[INFO ][0m [1m[1;33m[jaison.py::441 create_job]:[0m Queued new response job 511bdf4f-bcfe-40aa-ae07-ad566f76dcfd[0m
[2026-09-03 21:31:41 +0300] [5448] [INFO] 127.0.0.1:6739 POST /api/response 1.1 200 117 0
[1m[1;34m[2026-09-03 21:31:42,157][0m [1m[1;30m[42m[INFO ][0m [1m[1;33m[operation.py::25 __call__]:[0m T2T operation llamacpp completed in 647.3878000397235 ms[0m
[1m[1;34m[2026-09-03 21:31:43,924][0m [1m[1;30m[42m[INFO ][0m [1m[1;33m[operation.py::25 __call__]:[0m TTS operation fish_audio completed in 1755.4165999172255 ms[0m
[1m[1;34m[2026-09-03 21:31:46,394][0m [1m[1;30m[42m[INFO ][0m [1m[1;33m[operation.py::25 __call__]:[0m TTS operation fish_audio completed in 2469.6887000463903 ms[0m
[1m[1;34m[2026-09-03 21:31:46,394][0m [1m[1;30m[42m[INFO ][0m [1m[1;33m[operation.py::25 __call__]:[0m FILTER_TEXT operation chunker_sentence completed in 4236.48590000812 ms[0m
[1m[1;34m[2026-09-03 21:31:46,394][0m [1m[1;30m[42m[INFO ][0m [1m[1;33m[operation.py::25 __call__]:[0m FILTER_TEXT operation filter_clean completed in 4236.6195999784395 ms[0m
[1m[1;34m[2026-09-03 21:31:46,394][0m [1m[1;30m[42m[INFO ][0m [1m[1;33m[jaison.py::963 response_pipeline]:[0m Response job 511bdf4f-bcfe-40aa-ae07-ad566f76dcfd completed. Content: 'Окей, давай начнем! Что именно тебя интересует?...'[0m
[1m[1;34m[2026-09-03 21:34:31,326][0m [1m[1;30m[42m[INFO ][0m [1m[1;33m[jaison.py::110 start]:[0m Starting JAIson application layer.[0m
[1m[1;34m[2026-09-03 21:34:31,337][0m [1m[1;30m[42m[INFO ][0m [1m[1;33m[manager.py::300 load_operations_from_config]:[0m Active STT from config: sherpa_ru[0m
[1m[1;34m[2026-09-03 21:34:33,039][0m [1m[1;30m[42m[INFO ][0m [1m[1;33m[operation.py::32 start]:[0m Starting STT operation sherpa_ru[0m
[1m[1;34m[2026-09-03 21:34:33,039][0m [1m[1;30m[42m[INFO ][0m [1m[1;33m[manager.py::27 load]:[0m Loading process by type sherpa_stt[0m
[1m[1;34m[2026-09-03 21:34:33,040][0m [1m[1;30m[43m[WARNI][0m [1m[1;33m[base.py::46 unload]:[0m Attempted to unload process sherpa_stt when it is already unloaded[0m
[1m[1;34m[2026-09-03 21:34:33,041][0m [1m[1;30m[42m[INFO ][0m [1m[1;33m[sherpa_server.py::85 _prepare_hotwords_file]:[0m Sherpa STT hotwords validated: 3 entries[0m
[1m[1;34m[2026-09-03 21:34:33,042][0m [1m[1;30m[42m[INFO ][0m [1m[1;33m[sherpa_server.py::295 reload]:[0m Sherpa STT config: port=6106 model_dir=C:\Nirmita\models\vosk-model-small-streaming-ru, model_variant=fp32, decoding_method=modified_beam_search, num_active_paths=6, use_endpoint=0, bpe_vocab=C:\Nirmita\models\vosk-model-small-streaming-ru\lang\unigram_500.vocab, hotwords_file=C:\Nirmita\models\hotwords.txt, hotwords_score=3.5[0m
[1m[1;34m[2026-09-03 21:34:33,042][0m [1m[1;30m[42m[INFO ][0m [1m[1;33m[sherpa_server.py::307 reload]:[0m Starting Sherpa STT Server with command: C:\Nirmita\.conda312\python.exe C:\Nirmita\apps\stt-sherpa-server\start_server.py --encoder C:\Nirmita\models\vosk-model-small-streaming-ru\am-onnx\encoder.onnx --decoder C:\Nirmita\models\vosk-model-small-streaming-ru\am-onnx\decoder.onnx --joiner C:\Nirmita\models\vosk-model-small-streaming-ru\am-onnx\joiner.onnx --tokens C:\Nirmita\models\vosk-model-small-streaming-ru\lang\tokens.txt --modeling-unit bpe --decoding-method modified_beam_search --num-active-paths 6 --use-endpoint 0 --port 6106 --provider cpu --doc-root C:\Nirmita\apps\stt-sherpa-server --bpe-vocab C:\Nirmita\models\vosk-model-small-streaming-ru\lang\unigram_500.vocab --hotwords-file C:\Nirmita\logs\sherpa_hotwords.resolved.txt --hotwords-score 3.5[0m
[1m[1;34m[2026-09-03 21:34:37,364][0m [1m[1;30m[42m[INFO ][0m [1m[1;33m[operation.py::32 start]:[0m Starting T2T operation llamacpp[0m
[1m[1;34m[2026-09-03 21:34:37,364][0m [1m[1;30m[42m[INFO ][0m [1m[1;33m[manager.py::27 load]:[0m Loading process by type llamacpp[0m
[1m[1;34m[2026-09-03 21:34:37,369][0m [1m[1;30m[42m[INFO ][0m [1m[1;33m[llamacpp.py::81 reload]:[0m Opened Llama.cpp server (PID: 47472) on port 1078 (GPU: 0)[0m
[1m[1;34m[2026-09-03 21:34:37,370][0m [1m[1;30m[42m[INFO ][0m [1m[1;33m[llamacpp.py::89 reload]:[0m Waiting for llama-server to be ready at http://127.0.0.1:1078/health ...[0m
[1m[1;34m[2026-09-03 21:34:41,565][0m [1m[1;30m[42m[INFO ][0m [1m[1;33m[llamacpp.py::101 reload]:[0m llama-server is ready! (attempt 8, port 1078)[0m
[1m[1;34m[2026-09-03 21:34:41,580][0m [1m[1;30m[42m[INFO ][0m [1m[1;33m[fishaudio.py::159 configure]:[0m FishAudioTTS: настроен — model=s2.1-pro-free, reference_id=8579f198..., latency=balanced, sample_rate=44100, speed=1.0[0m
[1m[1;34m[2026-09-03 21:34:41,580][0m [1m[1;30m[42m[INFO ][0m [1m[1;33m[operation.py::32 start]:[0m Starting TTS operation fish_audio[0m
[1m[1;34m[2026-09-03 21:34:41,580][0m [1m[1;30m[42m[INFO ][0m [1m[1;33m[fishaudio.py::85 start]:[0m FishAudioTTS: операция запущена (WebSocket streaming, format=pcm)[0m
[1m[1;34m[2026-09-03 21:34:41,582][0m [1m[1;30m[42m[INFO ][0m [1m[1;33m[operation.py::32 start]:[0m Starting FILTER_TEXT operation filter_clean[0m
[1m[1;34m[2026-09-03 21:34:42,181][0m [1m[1;30m[42m[INFO ][0m [1m[1;33m[operation.py::32 start]:[0m Starting FILTER_TEXT operation chunker_sentence[0m
[1m[1;34m[2026-09-03 21:34:42,705][0m [1m[1;30m[42m[INFO ][0m [1m[1;33m[manager.py::27 load]:[0m Loading process by type hw_mic[0m
[1m[1;34m[2026-09-03 21:34:42,705][0m [1m[1;30m[43m[WARNI][0m [1m[1;33m[base.py::46 unload]:[0m Attempted to unload process hw_mic when it is already unloaded[0m
[1m[1;34m[2026-09-03 21:34:42,705][0m [1m[1;30m[43m[WARNI][0m [1m[1;33m[base.py::46 unload]:[0m Attempted to unload process hw_mic when it is already unloaded[0m
[1m[1;34m[2026-09-03 21:34:42,705][0m [1m[1;30m[41m[ERROR][0m [1m[1;33m[jaison.py::136 start]:[0m Could not start HW_MIC process: Failed to start process hw_mic[0m
[1m[1;34m[2026-09-03 21:34:42,705][0m [1m[1;30m[42m[INFO ][0m [1m[1;33m[manager.py::27 load]:[0m Loading process by type discord[0m
[1m[1;34m[2026-09-03 21:34:42,706][0m [1m[1;30m[43m[WARNI][0m [1m[1;33m[base.py::46 unload]:[0m Attempted to unload process discord when it is already unloaded[0m
[1m[1;34m[2026-09-03 21:34:42,707][0m [1m[1;30m[42m[INFO ][0m [1m[1;33m[discord.py::52 reload]:[0m Starting Discord bridge for guild 390301473210236928, channel 390301473210236932.[0m
[1m[1;34m[2026-09-03 21:34:42,714][0m [1m[1;30m[42m[INFO ][0m [1m[1;33m[jaison.py::149 start]:[0m JAIson application layer has started.[0m
[1m[1;34m[2026-09-03 21:34:42,714][0m [1m[1;30m[42m[INFO ][0m [1m[1;33m[logging.py::106 info]:[0m Running on http://127.0.0.1:7272 (CTRL + C to quit)[0m
[1m[1;34m[2026-09-03 21:34:42,762][0m [1m[1;30m[42m[INFO ][0m [1m[1;33m[app_server.py::77 ws]:[0m Opened new websocket connection[0m
[2026-09-03 21:34:42 +0300] [5132] [INFO] 127.0.0.1:14891 GET / 1.1 101 - 1079
[discord] C:\Nirmita\apps\discord-bridge\main.py:11: DeprecationWarning: 'audioop' is deprecated and slated for removal in Python 3.13
[discord]   import audioop
[discord] 2026-09-03 21:34:43,151 [INFO] logging in using static token
[discord] 2026-09-03 21:34:45,031 [INFO] Shard ID None has connected to Gateway (Session ID: 8316db17166d9fdd94eb6ee4d12ad68e).
[discord] 2026-09-03 21:34:47,031 [INFO] Authenticated as Nira#4162
[discord] 2026-09-03 21:34:47,049 [INFO] Connecting to voice...
[discord] 2026-09-03 21:34:47,049 [INFO] Starting voice handshake... (connection attempt 1)
[1m[1;34m[2026-09-03 21:34:47,050][0m [1m[1;30m[42m[INFO ][0m [1m[1;33m[app_server.py::77 ws]:[0m Opened new websocket connection[0m
[2026-09-03 21:34:47 +0300] [5132] [INFO] 127.0.0.1:14898 GET / 1.1 101 - 497
[discord] 2026-09-03 21:34:47,050 [INFO] Connected to JAIson WebSocket
[discord] 2026-09-03 21:34:47,382 [INFO] Voice handshake complete. Endpoint found: c-otp01-f984b1df.discord.media:2087
[discord] 2026-09-03 21:34:47,631 [INFO] WS payload has extra keys: {'seq': 0}
[discord] 2026-09-03 21:34:47,631 [INFO] WS payload has extra keys: {'seq': 1}
[discord] 2026-09-03 21:34:47,631 [INFO] WS payload has extra keys: {'seq': 2}
[discord] 2026-09-03 21:34:47,631 [INFO] WS payload has extra keys: {'seq': 3}
[discord] 2026-09-03 21:34:47,683 [INFO] Voice connection complete.
[discord] 2026-09-03 21:34:47,683 [INFO] WS payload has extra keys: {'seq': 4}
[discord] 2026-09-03 21:34:47,690 [INFO] Joined voice channel 🏕️Таверна "Астрал" (390301473210236932)
[discord] 2026-09-03 21:34:47,712 [INFO] [SINK] write() call #1: user=<Member id=390300992173899777 name='dahaka_msm' global_name='Dahaka' bot=False nick=None guild=<Guild id=390301473210236928 name='not DM yet' shard_id=0 chunked=True member_count=19>> bot=<ClientUser id=1469738620238958686 name='Nira' global_name=None bot=True verified=True mfa_enabled=False>
[discord] 2026-09-03 21:34:47,712 [INFO] [SINK] Создаём буфер для dahaka_msm (min_bytes=42240)
[discord] 2026-09-03 21:34:47,732 [INFO] [SINK] write() call #2: user=<Member id=390300992173899777 name='dahaka_msm' global_name='Dahaka' bot=False nick=None guild=<Guild id=390301473210236928 name='not DM yet' shard_id=0 chunked=True member_count=19>> bot=<ClientUser id=1469738620238958686 name='Nira' global_name=None bot=True verified=True mfa_enabled=False>
[discord] 2026-09-03 21:34:47,752 [INFO] [SINK] write() call #3: user=<Member id=390300992173899777 name='dahaka_msm' global_name='Dahaka' bot=False nick=None guild=<Guild id=390301473210236928 name='not DM yet' shard_id=0 chunked=True member_count=19>> bot=<ClientUser id=1469738620238958686 name='Nira' global_name=None bot=True verified=True mfa_enabled=False>
[discord] 2026-09-03 21:34:47,771 [INFO] [SINK] write() call #4: user=<Member id=390300992173899777 name='dahaka_msm' global_name='Dahaka' bot=False nick=None guild=<Guild id=390301473210236928 name='not DM yet' shard_id=0 chunked=True member_count=19>> bot=<ClientUser id=1469738620238958686 name='Nira' global_name=None bot=True verified=True mfa_enabled=False>
[discord] 2026-09-03 21:34:47,791 [INFO] [SINK] write() call #5: user=<Member id=390300992173899777 name='dahaka_msm' global_name='Dahaka' bot=False nick=None guild=<Guild id=390301473210236928 name='not DM yet' shard_id=0 chunked=True member_count=19>> bot=<ClientUser id=1469738620238958686 name='Nira' global_name=None bot=True verified=True mfa_enabled=False>
[discord] 2026-09-03 21:34:48,380 [INFO] Received unexpected rtcp packet: type=200, <class 'discord.ext.voice_recv.rtp.SenderReportPacket'>
[discord] 2026-09-03 21:34:49,381 [INFO] Received unexpected rtcp packet: type=200, <class 'discord.ext.voice_recv.rtp.SenderReportPacket'>
[discord] 2026-09-03 21:34:49,693 [INFO] [SINK] write() call #100: user=<Member id=390300992173899777 name='dahaka_msm' global_name='Dahaka' bot=False nick=None guild=<Guild id=390301473210236928 name='not DM yet' shard_id=0 chunked=True member_count=19>> bot=<ClientUser id=1469738620238958686 name='Nira' global_name=None bot=True verified=True mfa_enabled=False>
[discord] 2026-09-03 21:34:50,382 [INFO] Received unexpected rtcp packet: type=200, <class 'discord.ext.voice_recv.rtp.SenderReportPacket'>
[discord] 2026-09-03 21:34:50,981 [INFO] [BUFFER] flush() для dahaka_msm: накоплено=715680 bytes, min_bytes=42240 — ОТПРАВЛЯЕМ
[2026-09-03 21:34:51 +0300] [5132] [INFO] 127.0.0.1:14900 POST /api/context/conversation/audio 1.1 200 142 1511
[discord] 2026-09-03 21:34:51,057 [INFO] HTTP Request: POST http://127.0.0.1:7272/api/context/conversation/audio "HTTP/1.1 200 "
[discord] 2026-09-03 21:34:51,058 [INFO] Submitted Discord speech from Dahaka (715680 bytes raw → 119280 bytes @16kHz mono)
[1m[1;34m[2026-09-03 21:34:51,208][0m [1m[1;30m[42m[INFO ][0m [1m[1;33m[sherpa.py::320 _generate]:[0m Sherpa STT final: len=7 latency_ms=150 source=discord turn=a7754b3d-2a53-45fe-8e98-4390fe13740c utterance=3099432b-5749-4157-af94-164b9560ad10[0m
[discord] 2026-09-03 21:34:51,382 [INFO] Received unexpected rtcp packet: type=200, <class 'discord.ext.voice_recv.rtp.SenderReportPacket'>
[1m[1;34m[2026-09-03 21:34:51,465][0m [1m[1;30m[42m[INFO ][0m [1m[1;33m[jaison.py::441 create_job]:[0m Queued new context_conversation_add_text job 96f1f274-bb5d-44e1-8372-de3bed5f53c3[0m
[1m[1;34m[2026-09-03 21:34:51,465][0m [1m[1;30m[42m[INFO ][0m [1m[1;33m[jaison.py::579 _commit_pending_voice_turn]:[0m Voice turn committed as context-only (no RESPONSE job).[0m
[discord] 2026-09-03 21:34:52,384 [INFO] Received unexpected rtcp packet: type=200, <class 'discord.ext.voice_recv.rtp.SenderReportPacket'>
[discord] 2026-09-03 21:34:53,385 [INFO] Received unexpected rtcp packet: type=200, <class 'discord.ext.voice_recv.rtp.SenderReportPacket'>
[discord] 2026-09-03 21:34:54,385 [INFO] Received unexpected rtcp packet: type=200, <class 'discord.ext.voice_recv.rtp.SenderReportPacket'>
[discord] 2026-09-03 21:34:55,387 [INFO] Received unexpected rtcp packet: type=200, <class 'discord.ext.voice_recv.rtp.SenderReportPacket'>
[discord] 2026-09-03 21:34:56,388 [INFO] Received unexpected rtcp packet: type=200, <class 'discord.ext.voice_recv.rtp.SenderReportPacket'>
[discord] 2026-09-03 21:34:57,388 [INFO] Received unexpected rtcp packet: type=200, <class 'discord.ext.voice_recv.rtp.SenderReportPacket'>
[discord] 2026-09-03 21:34:58,389 [INFO] Received unexpected rtcp packet: type=200, <class 'discord.ext.voice_recv.rtp.SenderReportPacket'>
[discord] 2026-09-03 21:34:59,390 [INFO] Received unexpected rtcp packet: type=200, <class 'discord.ext.voice_recv.rtp.SenderReportPacket'>
[discord] 2026-09-03 21:35:00,391 [INFO] Received unexpected rtcp packet: type=200, <class 'discord.ext.voice_recv.rtp.SenderReportPacket'>
[discord] 2026-09-03 21:35:01,398 [INFO] Received unexpected rtcp packet: type=200, <class 'discord.ext.voice_recv.rtp.SenderReportPacket'>
[discord] 2026-09-03 21:35:02,394 [INFO] Received unexpected rtcp packet: type=200, <class 'discord.ext.voice_recv.rtp.SenderReportPacket'>
[discord] 2026-09-03 21:35:03,397 [INFO] Received unexpected rtcp packet: type=200, <class 'discord.ext.voice_recv.rtp.SenderReportPacket'>
[discord] 2026-09-03 21:35:04,397 [INFO] Received unexpected rtcp packet: type=200, <class 'discord.ext.voice_recv.rtp.SenderReportPacket'>
[discord] 2026-09-03 21:35:05,399 [INFO] Received unexpected rtcp packet: type=200, <class 'discord.ext.voice_recv.rtp.SenderReportPacket'>
[discord] 2026-09-03 21:35:06,400 [INFO] Received unexpected rtcp packet: type=200, <class 'discord.ext.voice_recv.rtp.SenderReportPacket'>
[discord] 2026-09-03 21:35:07,403 [INFO] Received unexpected rtcp packet: type=200, <class 'discord.ext.voice_recv.rtp.SenderReportPacket'>
[discord] 2026-09-03 21:35:08,403 [INFO] Received unexpected rtcp packet: type=200, <class 'discord.ext.voice_recv.rtp.SenderReportPacket'>
[discord] 2026-09-03 21:35:09,404 [INFO] Received unexpected rtcp packet: type=200, <class 'discord.ext.voice_recv.rtp.SenderReportPacket'>
[discord] 2026-09-03 21:35:10,450 [INFO] Received unexpected rtcp packet: type=200, <class 'discord.ext.voice_recv.rtp.SenderReportPacket'>
[discord] 2026-09-03 21:35:11,443 [INFO] Received unexpected rtcp packet: type=200, <class 'discord.ext.voice_recv.rtp.SenderReportPacket'>
[discord] 2026-09-03 21:35:12,443 [INFO] Received unexpected rtcp packet: type=200, <class 'discord.ext.voice_recv.rtp.SenderReportPacket'>
[1m[1;34m[2026-09-03 21:35:18,439][0m [1m[1;30m[42m[INFO ][0m [1m[1;33m[jaison.py::110 start]:[0m Starting JAIson application layer.[0m
[1m[1;34m[2026-09-03 21:35:18,452][0m [1m[1;30m[42m[INFO ][0m [1m[1;33m[manager.py::300 load_operations_from_config]:[0m Active STT from config: sherpa_ru[0m
[1m[1;34m[2026-09-03 21:35:20,164][0m [1m[1;30m[42m[INFO ][0m [1m[1;33m[operation.py::32 start]:[0m Starting STT operation sherpa_ru[0m
[1m[1;34m[2026-09-03 21:35:20,164][0m [1m[1;30m[42m[INFO ][0m [1m[1;33m[manager.py::27 load]:[0m Loading process by type sherpa_stt[0m
[1m[1;34m[2026-09-03 21:35:20,165][0m [1m[1;30m[43m[WARNI][0m [1m[1;33m[base.py::46 unload]:[0m Attempted to unload process sherpa_stt when it is already unloaded[0m
[1m[1;34m[2026-09-03 21:35:20,166][0m [1m[1;30m[42m[INFO ][0m [1m[1;33m[sherpa_server.py::85 _prepare_hotwords_file]:[0m Sherpa STT hotwords validated: 3 entries[0m
[1m[1;34m[2026-09-03 21:35:20,167][0m [1m[1;30m[42m[INFO ][0m [1m[1;33m[sherpa_server.py::295 reload]:[0m Sherpa STT config: port=6106 model_dir=C:\Nirmita\models\vosk-model-small-streaming-ru, model_variant=fp32, decoding_method=modified_beam_search, num_active_paths=6, use_endpoint=0, bpe_vocab=C:\Nirmita\models\vosk-model-small-streaming-ru\lang\unigram_500.vocab, hotwords_file=C:\Nirmita\models\hotwords.txt, hotwords_score=3.5[0m
[1m[1;34m[2026-09-03 21:35:20,167][0m [1m[1;30m[42m[INFO ][0m [1m[1;33m[sherpa_server.py::307 reload]:[0m Starting Sherpa STT Server with command: C:\Nirmita\.conda312\python.exe C:\Nirmita\apps\stt-sherpa-server\start_server.py --encoder C:\Nirmita\models\vosk-model-small-streaming-ru\am-onnx\encoder.onnx --decoder C:\Nirmita\models\vosk-model-small-streaming-ru\am-onnx\decoder.onnx --joiner C:\Nirmita\models\vosk-model-small-streaming-ru\am-onnx\joiner.onnx --tokens C:\Nirmita\models\vosk-model-small-streaming-ru\lang\tokens.txt --modeling-unit bpe --decoding-method modified_beam_search --num-active-paths 6 --use-endpoint 0 --port 6106 --provider cpu --doc-root C:\Nirmita\apps\stt-sherpa-server --bpe-vocab C:\Nirmita\models\vosk-model-small-streaming-ru\lang\unigram_500.vocab --hotwords-file C:\Nirmita\logs\sherpa_hotwords.resolved.txt --hotwords-score 3.5[0m
[1m[1;34m[2026-09-03 21:35:24,489][0m [1m[1;30m[42m[INFO ][0m [1m[1;33m[operation.py::32 start]:[0m Starting T2T operation llamacpp[0m
[1m[1;34m[2026-09-03 21:35:24,490][0m [1m[1;30m[42m[INFO ][0m [1m[1;33m[manager.py::27 load]:[0m Loading process by type llamacpp[0m
[1m[1;34m[2026-09-03 21:35:24,495][0m [1m[1;30m[42m[INFO ][0m [1m[1;33m[llamacpp.py::81 reload]:[0m Opened Llama.cpp server (PID: 45500) on port 11054 (GPU: 0)[0m
[1m[1;34m[2026-09-03 21:35:24,495][0m [1m[1;30m[42m[INFO ][0m [1m[1;33m[llamacpp.py::89 reload]:[0m Waiting for llama-server to be ready at http://127.0.0.1:11054/health ...[0m
[1m[1;34m[2026-09-03 21:35:28,647][0m [1m[1;30m[42m[INFO ][0m [1m[1;33m[llamacpp.py::101 reload]:[0m llama-server is ready! (attempt 8, port 11054)[0m
[1m[1;34m[2026-09-03 21:35:28,662][0m [1m[1;30m[42m[INFO ][0m [1m[1;33m[fishaudio.py::159 configure]:[0m FishAudioTTS: настроен — model=s2.1-pro-free, reference_id=8579f198..., latency=balanced, sample_rate=44100, speed=1.0[0m
[1m[1;34m[2026-09-03 21:35:28,663][0m [1m[1;30m[42m[INFO ][0m [1m[1;33m[operation.py::32 start]:[0m Starting TTS operation fish_audio[0m
[1m[1;34m[2026-09-03 21:35:28,663][0m [1m[1;30m[42m[INFO ][0m [1m[1;33m[fishaudio.py::85 start]:[0m FishAudioTTS: операция запущена (WebSocket streaming, format=pcm)[0m
[1m[1;34m[2026-09-03 21:35:28,664][0m [1m[1;30m[42m[INFO ][0m [1m[1;33m[operation.py::32 start]:[0m Starting FILTER_TEXT operation filter_clean[0m
[1m[1;34m[2026-09-03 21:35:29,229][0m [1m[1;30m[42m[INFO ][0m [1m[1;33m[operation.py::32 start]:[0m Starting FILTER_TEXT operation chunker_sentence[0m
[1m[1;34m[2026-09-03 21:35:29,731][0m [1m[1;30m[42m[INFO ][0m [1m[1;33m[manager.py::27 load]:[0m Loading process by type hw_mic[0m
[1m[1;34m[2026-09-03 21:35:29,732][0m [1m[1;30m[43m[WARNI][0m [1m[1;33m[base.py::46 unload]:[0m Attempted to unload process hw_mic when it is already unloaded[0m
[1m[1;34m[2026-09-03 21:35:29,732][0m [1m[1;30m[43m[WARNI][0m [1m[1;33m[base.py::46 unload]:[0m Attempted to unload process hw_mic when it is already unloaded[0m
[1m[1;34m[2026-09-03 21:35:29,732][0m [1m[1;30m[41m[ERROR][0m [1m[1;33m[jaison.py::136 start]:[0m Could not start HW_MIC process: Failed to start process hw_mic[0m
[1m[1;34m[2026-09-03 21:35:29,732][0m [1m[1;30m[42m[INFO ][0m [1m[1;33m[manager.py::27 load]:[0m Loading process by type discord[0m
[1m[1;34m[2026-09-03 21:35:29,732][0m [1m[1;30m[43m[WARNI][0m [1m[1;33m[base.py::46 unload]:[0m Attempted to unload process discord when it is already unloaded[0m
[1m[1;34m[2026-09-03 21:35:29,732][0m [1m[1;30m[42m[INFO ][0m [1m[1;33m[discord.py::52 reload]:[0m Starting Discord bridge for guild 390301473210236928, channel 390301473210236932.[0m
[1m[1;34m[2026-09-03 21:35:29,740][0m [1m[1;30m[42m[INFO ][0m [1m[1;33m[jaison.py::149 start]:[0m JAIson application layer has started.[0m
[1m[1;34m[2026-09-03 21:35:29,741][0m [1m[1;30m[42m[INFO ][0m [1m[1;33m[logging.py::106 info]:[0m Running on http://127.0.0.1:7272 (CTRL + C to quit)[0m
[discord] C:\Nirmita\apps\discord-bridge\main.py:11: DeprecationWarning: 'audioop' is deprecated and slated for removal in Python 3.13
[discord]   import audioop
[1m[1;34m[2026-09-03 21:35:29,982][0m [1m[1;30m[42m[INFO ][0m [1m[1;33m[app_server.py::77 ws]:[0m Opened new websocket connection[0m
[2026-09-03 21:35:29 +0300] [39160] [INFO] 127.0.0.1:11676 GET / 1.1 101 - 1003
[discord] 2026-09-03 21:35:30,198 [INFO] logging in using static token
[discord] 2026-09-03 21:35:31,550 [INFO] Shard ID None has connected to Gateway (Session ID: 80ee55a8db06ceff3478fa888f66b4c6).
[discord] 2026-09-03 21:35:33,567 [INFO] Authenticated as Nira#4162
[discord] 2026-09-03 21:35:33,582 [INFO] Connecting to voice...
[discord] 2026-09-03 21:35:33,582 [INFO] Starting voice handshake... (connection attempt 1)
[1m[1;34m[2026-09-03 21:35:33,583][0m [1m[1;30m[42m[INFO ][0m [1m[1;33m[app_server.py::77 ws]:[0m Opened new websocket connection[0m
[2026-09-03 21:35:33 +0300] [39160] [INFO] 127.0.0.1:11739 GET / 1.1 101 - 501
[discord] 2026-09-03 21:35:33,584 [INFO] Connected to JAIson WebSocket
[discord] 2026-09-03 21:35:33,904 [INFO] Voice handshake complete. Endpoint found: c-otp01-f984b1df.discord.media:2087
[discord] 2026-09-03 21:35:34,167 [INFO] WS payload has extra keys: {'seq': 0}
[discord] 2026-09-03 21:35:34,167 [INFO] WS payload has extra keys: {'seq': 1}
[discord] 2026-09-03 21:35:34,167 [INFO] WS payload has extra keys: {'seq': 2}
[discord] 2026-09-03 21:35:34,167 [INFO] WS payload has extra keys: {'seq': 3}
[discord] 2026-09-03 21:35:34,217 [INFO] Voice connection complete.
[discord] 2026-09-03 21:35:34,218 [INFO] Joined voice channel 🏕️Таверна "Астрал" (390301473210236932)
[discord] 2026-09-03 21:35:34,218 [INFO] WS payload has extra keys: {'seq': 4}
[discord] 2026-09-03 21:35:42,791 [INFO] [SINK] write() call #1: user=<Member id=390300992173899777 name='dahaka_msm' global_name='Dahaka' bot=False nick=None guild=<Guild id=390301473210236928 name='not DM yet' shard_id=0 chunked=True member_count=19>> bot=<ClientUser id=1469738620238958686 name='Nira' global_name=None bot=True verified=True mfa_enabled=False>
[discord] 2026-09-03 21:35:42,791 [INFO] [SINK] Создаём буфер для dahaka_msm (min_bytes=42240)
[discord] 2026-09-03 21:35:42,811 [INFO] [SINK] write() call #2: user=<Member id=390300992173899777 name='dahaka_msm' global_name='Dahaka' bot=False nick=None guild=<Guild id=390301473210236928 name='not DM yet' shard_id=0 chunked=True member_count=19>> bot=<ClientUser id=1469738620238958686 name='Nira' global_name=None bot=True verified=True mfa_enabled=False>
[discord] 2026-09-03 21:35:42,830 [INFO] [SINK] write() call #3: user=<Member id=390300992173899777 name='dahaka_msm' global_name='Dahaka' bot=False nick=None guild=<Guild id=390301473210236928 name='not DM yet' shard_id=0 chunked=True member_count=19>> bot=<ClientUser id=1469738620238958686 name='Nira' global_name=None bot=True verified=True mfa_enabled=False>
[discord] 2026-09-03 21:35:42,851 [INFO] [SINK] write() call #4: user=<Member id=390300992173899777 name='dahaka_msm' global_name='Dahaka' bot=False nick=None guild=<Guild id=390301473210236928 name='not DM yet' shard_id=0 chunked=True member_count=19>> bot=<ClientUser id=1469738620238958686 name='Nira' global_name=None bot=True verified=True mfa_enabled=False>
[discord] 2026-09-03 21:35:42,871 [INFO] [SINK] write() call #5: user=<Member id=390300992173899777 name='dahaka_msm' global_name='Dahaka' bot=False nick=None guild=<Guild id=390301473210236928 name='not DM yet' shard_id=0 chunked=True member_count=19>> bot=<ClientUser id=1469738620238958686 name='Nira' global_name=None bot=True verified=True mfa_enabled=False>
[discord] 2026-09-03 21:35:43,474 [INFO] Received unexpected rtcp packet: type=200, <class 'discord.ext.voice_recv.rtp.SenderReportPacket'>
[discord] 2026-09-03 21:35:44,165 [INFO] [BUFFER] flush() для dahaka_msm: накоплено=178080 bytes, min_bytes=42240 — ОТПРАВЛЯЕМ
[2026-09-03 21:35:44 +0300] [39160] [INFO] 127.0.0.1:1972 POST /api/context/conversation/audio 1.1 200 142 510
[discord] 2026-09-03 21:35:44,244 [INFO] HTTP Request: POST http://127.0.0.1:7272/api/context/conversation/audio "HTTP/1.1 200 "
[discord] 2026-09-03 21:35:44,245 [INFO] Submitted Discord speech from Dahaka (178080 bytes raw → 29680 bytes @16kHz mono)
[1m[1;34m[2026-09-03 21:35:44,276][0m [1m[1;30m[42m[INFO ][0m [1m[1;33m[sherpa.py::320 _generate]:[0m Sherpa STT final: len=0 latency_ms=32 source=discord turn=dbb68afb-d8dd-493d-9897-7d2ae7e1ddff utterance=0853f6ad-7904-4f84-a17a-f8f5bb220f79[0m
[discord] 2026-09-03 21:35:44,473 [INFO] Received unexpected rtcp packet: type=200, <class 'discord.ext.voice_recv.rtp.SenderReportPacket'>
[discord] 2026-09-03 21:35:45,474 [INFO] Received unexpected rtcp packet: type=200, <class 'discord.ext.voice_recv.rtp.SenderReportPacket'>
[discord] 2026-09-03 21:35:46,476 [INFO] Received unexpected rtcp packet: type=200, <class 'discord.ext.voice_recv.rtp.SenderReportPacket'>
[discord] 2026-09-03 21:35:46,882 [INFO] [BUFFER] flush() для dahaka_msm: накоплено=92160 bytes, min_bytes=42240 — ОТПРАВЛЯЕМ
[2026-09-03 21:35:46 +0300] [39160] [INFO] 127.0.0.1:1976 POST /api/context/conversation/audio 1.1 200 142 505
[discord] 2026-09-03 21:35:46,894 [INFO] HTTP Request: POST http://127.0.0.1:7272/api/context/conversation/audio "HTTP/1.1 200 "
[discord] 2026-09-03 21:35:46,896 [INFO] Submitted Discord speech from Dahaka (92160 bytes raw → 15360 bytes @16kHz mono)
[1m[1;34m[2026-09-03 21:35:46,923][0m [1m[1;30m[42m[INFO ][0m [1m[1;33m[sherpa.py::320 _generate]:[0m Sherpa STT final: len=0 latency_ms=28 source=discord turn=207689b6-a04d-41d0-af43-1e6ea3f7badc utterance=612a73dd-a87f-4201-bac5-4701b940cca3[0m
[discord] 2026-09-03 21:35:47,477 [INFO] Received unexpected rtcp packet: type=200, <class 'discord.ext.voice_recv.rtp.SenderReportPacket'>
[discord] 2026-09-03 21:35:48,479 [INFO] Received unexpected rtcp packet: type=200, <class 'discord.ext.voice_recv.rtp.SenderReportPacket'>
[discord] 2026-09-03 21:35:49,480 [INFO] Received unexpected rtcp packet: type=200, <class 'discord.ext.voice_recv.rtp.SenderReportPacket'>
[discord] 2026-09-03 21:35:50,481 [INFO] Received unexpected rtcp packet: type=200, <class 'discord.ext.voice_recv.rtp.SenderReportPacket'>
[discord] 2026-09-03 21:35:51,483 [INFO] Received unexpected rtcp packet: type=200, <class 'discord.ext.voice_recv.rtp.SenderReportPacket'>
[discord] 2026-09-03 21:35:52,485 [INFO] Received unexpected rtcp packet: type=200, <class 'discord.ext.voice_recv.rtp.SenderReportPacket'>
[discord] 2026-09-03 21:35:53,484 [INFO] Received unexpected rtcp packet: type=200, <class 'discord.ext.voice_recv.rtp.SenderReportPacket'>
[discord] 2026-09-03 21:35:54,486 [INFO] Received unexpected rtcp packet: type=200, <class 'discord.ext.voice_recv.rtp.SenderReportPacket'>
[discord] 2026-09-03 21:35:55,486 [INFO] Received unexpected rtcp packet: type=200, <class 'discord.ext.voice_recv.rtp.SenderReportPacket'>
[discord] 2026-09-03 21:35:55,771 [INFO] [SINK] write() call #100: user=<Member id=390300992173899777 name='dahaka_msm' global_name='Dahaka' bot=False nick=None guild=<Guild id=390301473210236928 name='not DM yet' shard_id=0 chunked=True member_count=19>> bot=<ClientUser id=1469738620238958686 name='Nira' global_name=None bot=True verified=True mfa_enabled=False>
[discord] 2026-09-03 21:35:56,488 [INFO] Received unexpected rtcp packet: type=200, <class 'discord.ext.voice_recv.rtp.SenderReportPacket'>
[discord] 2026-09-03 21:35:56,498 [INFO] [BUFFER] flush() для dahaka_msm: накоплено=224160 bytes, min_bytes=42240 — ОТПРАВЛЯЕМ
[2026-09-03 21:35:56 +0300] [39160] [INFO] 127.0.0.1:1979 POST /api/context/conversation/audio 1.1 200 142 1021
[discord] 2026-09-03 21:35:56,517 [INFO] HTTP Request: POST http://127.0.0.1:7272/api/context/conversation/audio "HTTP/1.1 200 "
[discord] 2026-09-03 21:35:56,517 [INFO] Submitted Discord speech from Dahaka (224160 bytes raw → 37360 bytes @16kHz mono)
[1m[1;34m[2026-09-03 21:35:56,579][0m [1m[1;30m[42m[INFO ][0m [1m[1;33m[sherpa.py::320 _generate]:[0m Sherpa STT final: len=0 latency_ms=62 source=discord turn=e739c8aa-ed82-484e-8496-ac185e7b5145 utterance=a5578f33-149f-40e8-9fea-52c03b353dea[0m
[discord] 2026-09-03 21:35:57,488 [INFO] Received unexpected rtcp packet: type=200, <class 'discord.ext.voice_recv.rtp.SenderReportPacket'>
[discord] 2026-09-03 21:35:58,015 [INFO] [BUFFER] flush() для dahaka_msm: накоплено=243840 bytes, min_bytes=42240 — ОТПРАВЛЯЕМ
[2026-09-03 21:35:58 +0300] [39160] [INFO] 127.0.0.1:1981 POST /api/context/conversation/audio 1.1 200 142 1008
[discord] 2026-09-03 21:35:58,032 [INFO] HTTP Request: POST http://127.0.0.1:7272/api/context/conversation/audio "HTTP/1.1 200 "
[discord] 2026-09-03 21:35:58,033 [INFO] Submitted Discord speech from Dahaka (243840 bytes raw → 40640 bytes @16kHz mono)
[1m[1;34m[2026-09-03 21:35:58,089][0m [1m[1;30m[42m[INFO ][0m [1m[1;33m[sherpa.py::320 _generate]:[0m Sherpa STT final: len=0 latency_ms=57 source=discord turn=0c629ee7-2b3d-44ae-aa02-9e50ebf5d81b utterance=2eb8c845-bc44-47ed-8451-6ffa84a96c59[0m
[discord] 2026-09-03 21:35:58,489 [INFO] Received unexpected rtcp packet: type=200, <class 'discord.ext.voice_recv.rtp.SenderReportPacket'>
[1m[1;34m[2026-09-03 21:35:58,954][0m [1m[1;30m[42m[INFO ][0m [1m[1;33m[jaison.py::441 create_job]:[0m Queued new context_conversation_add_text job aa00e449-1a12-4a21-bc44-e4d3b3a8536f[0m
[2026-09-03 21:35:58 +0300] [39160] [INFO] 127.0.0.1:10989 POST /api/context/conversation/text 1.1 200 138 1006
[1m[1;34m[2026-09-03 21:35:58,965][0m [1m[1;30m[42m[INFO ][0m [1m[1;33m[jaison.py::441 create_job]:[0m Queued new response job a2f171ce-e18b-4dc3-8252-1cb102521b00[0m
[2026-09-03 21:35:58 +0300] [39160] [INFO] 127.0.0.1:12750 POST /api/response 1.1 200 117 1530
[1m[1;34m[2026-09-03 21:35:59,290][0m [1m[1;30m[42m[INFO ][0m [1m[1;33m[operation.py::25 __call__]:[0m T2T operation llamacpp completed in 322.92569999117404 ms[0m
[discord] 2026-09-03 21:35:59,379 [INFO] [BUFFER] flush() для dahaka_msm: накоплено=128640 bytes, min_bytes=42240 — ОТПРАВЛЯЕМ
[2026-09-03 21:35:59 +0300] [39160] [INFO] 127.0.0.1:12753 POST /api/context/conversation/audio 1.1 200 142 1004
[discord] 2026-09-03 21:35:59,393 [INFO] HTTP Request: POST http://127.0.0.1:7272/api/context/conversation/audio "HTTP/1.1 200 "
[discord] 2026-09-03 21:35:59,394 [INFO] Submitted Discord speech from Dahaka (128640 bytes raw → 21440 bytes @16kHz mono)
[1m[1;34m[2026-09-03 21:35:59,428][0m [1m[1;30m[42m[INFO ][0m [1m[1;33m[sherpa.py::320 _generate]:[0m Sherpa STT final: len=0 latency_ms=34 source=discord turn=caf1f444-c671-457d-9357-4f0a5e3b60e1 utterance=dd0d1cc7-87ef-4956-ade9-3cc4277a95a4[0m
[discord] 2026-09-03 21:35:59,489 [INFO] Received unexpected rtcp packet: type=200, <class 'discord.ext.voice_recv.rtp.SenderReportPacket'>
[discord] 2026-09-03 21:36:00,493 [INFO] Received unexpected rtcp packet: type=200, <class 'discord.ext.voice_recv.rtp.SenderReportPacket'>
[discord] 2026-09-03 21:36:00,813 [INFO] [SINK] write() call #200: user=<Member id=390300992173899777 name='dahaka_msm' global_name='Dahaka' bot=False nick=None guild=<Guild id=390301473210236928 name='not DM yet' shard_id=0 chunked=True member_count=19>> bot=<ClientUser id=1469738620238958686 name='Nira' global_name=None bot=True verified=True mfa_enabled=False>
[1m[1;34m[2026-09-03 21:36:00,893][0m [1m[1;30m[42m[INFO ][0m [1m[1;33m[operation.py::25 __call__]:[0m TTS operation fish_audio completed in 1593.7234999146312 ms[0m
[discord] 2026-09-03 21:36:01,493 [INFO] Received unexpected rtcp packet: type=200, <class 'discord.ext.voice_recv.rtp.SenderReportPacket'>
[1m[1;34m[2026-09-03 21:36:02,471][0m [1m[1;30m[42m[INFO ][0m [1m[1;33m[operation.py::25 __call__]:[0m TTS operation fish_audio completed in 1577.4809999857098 ms[0m
[1m[1;34m[2026-09-03 21:36:02,471][0m [1m[1;30m[42m[INFO ][0m [1m[1;33m[operation.py::25 __call__]:[0m FILTER_TEXT operation chunker_sentence completed in 3181.0781999956816 ms[0m
[1m[1;34m[2026-09-03 21:36:02,471][0m [1m[1;30m[42m[INFO ][0m [1m[1;33m[operation.py::25 __call__]:[0m FILTER_TEXT operation filter_clean completed in 3181.22490006499 ms[0m
[1m[1;34m[2026-09-03 21:36:02,472][0m [1m[1;30m[42m[INFO ][0m [1m[1;33m[jaison.py::963 response_pipeline]:[0m Response job a2f171ce-e18b-4dc3-8252-1cb102521b00 completed. Content: 'Привет! Как дела?...'[0m
[discord] 2026-09-03 21:36:02,494 [INFO] Received unexpected rtcp packet: type=200, <class 'discord.ext.voice_recv.rtp.SenderReportPacket'>
[discord] 2026-09-03 21:36:03,050 [INFO] [SINK] write() call #300: user=<Member id=390300992173899777 name='dahaka_msm' global_name='Dahaka' bot=False nick=None guild=<Guild id=390301473210236928 name='not DM yet' shard_id=0 chunked=True member_count=19>> bot=<ClientUser id=1469738620238958686 name='Nira' global_name=None bot=True verified=True mfa_enabled=False>
[discord] 2026-09-03 21:36:03,495 [INFO] Received unexpected rtcp packet: type=200, <class 'discord.ext.voice_recv.rtp.SenderReportPacket'>
[discord] 2026-09-03 21:36:03,913 [WARNING] 1 packets were lost being flushed in decoder-7083
[discord]  --> (last=62493) [62495, 62496]
[discord] 2026-09-03 21:36:04,012 [WARNING] 1 packets were lost being flushed in decoder-7083
[discord]  --> (last=62499) [62501, 62502]
[discord] 2026-09-03 21:36:04,139 [WARNING] 1 packets were lost being flushed in decoder-7083
[discord]  --> (last=62505) [62508, 62509]
[discord] 2026-09-03 21:36:04,495 [INFO] Received unexpected rtcp packet: type=200, <class 'discord.ext.voice_recv.rtp.SenderReportPacket'>
[discord] 2026-09-03 21:36:05,264 [INFO] [BUFFER] flush() для dahaka_msm: накоплено=844800 bytes, min_bytes=42240 — ОТПРАВЛЯЕМ
[2026-09-03 21:36:05 +0300] [39160] [INFO] 127.0.0.1:12758 POST /api/context/conversation/audio 1.1 200 142 1518
[discord] 2026-09-03 21:36:05,282 [INFO] HTTP Request: POST http://127.0.0.1:7272/api/context/conversation/audio "HTTP/1.1 200 "
[discord] 2026-09-03 21:36:05,284 [INFO] Submitted Discord speech from Dahaka (844800 bytes raw → 140800 bytes @16kHz mono)
[1m[1;34m[2026-09-03 21:36:05,466][0m [1m[1;30m[42m[INFO ][0m [1m[1;33m[sherpa.py::320 _generate]:[0m Sherpa STT final: len=0 latency_ms=183 source=discord turn=2278adf4-db22-4dec-977f-411c3332cd91 utterance=f89a7f3e-8dd2-41f4-b3e1-c5937b588876[0m
[discord] 2026-09-03 21:36:05,496 [INFO] Received unexpected rtcp packet: type=200, <class 'discord.ext.voice_recv.rtp.SenderReportPacket'>
[discord] 2026-09-03 21:36:06,496 [INFO] Received unexpected rtcp packet: type=200, <class 'discord.ext.voice_recv.rtp.SenderReportPacket'>
[discord] 2026-09-03 21:36:07,498 [INFO] Received unexpected rtcp packet: type=200, <class 'discord.ext.voice_recv.rtp.SenderReportPacket'>
[discord] 2026-09-03 21:36:08,498 [INFO] Received unexpected rtcp packet: type=200, <class 'discord.ext.voice_recv.rtp.SenderReportPacket'>
[discord] 2026-09-03 21:36:09,499 [INFO] Received unexpected rtcp packet: type=200, <class 'discord.ext.voice_recv.rtp.SenderReportPacket'>
[discord] 2026-09-03 21:36:10,500 [INFO] Received unexpected rtcp packet: type=200, <class 'discord.ext.voice_recv.rtp.SenderReportPacket'>
[discord] 2026-09-03 21:36:11,524 [INFO] Received unexpected rtcp packet: type=200, <class 'discord.ext.voice_recv.rtp.SenderReportPacket'>
[discord] 2026-09-03 21:36:12,509 [INFO] Received unexpected rtcp packet: type=200, <class 'discord.ext.voice_recv.rtp.SenderReportPacket'>
[discord] 2026-09-03 21:36:13,510 [INFO] Received unexpected rtcp packet: type=200, <class 'discord.ext.voice_recv.rtp.SenderReportPacket'>
[discord] 2026-09-03 21:36:14,513 [INFO] Received unexpected rtcp packet: type=200, <class 'discord.ext.voice_recv.rtp.SenderReportPacket'>
[discord] 2026-09-03 21:36:15,513 [INFO] Received unexpected rtcp packet: type=200, <class 'discord.ext.voice_recv.rtp.SenderReportPacket'>
[discord] 2026-09-03 21:36:16,391 [INFO] [SINK] write() call #400: user=<Member id=390300992173899777 name='dahaka_msm' global_name='Dahaka' bot=False nick=None guild=<Guild id=390301473210236928 name='not DM yet' shard_id=0 chunked=True member_count=19>> bot=<ClientUser id=1469738620238958686 name='Nira' global_name=None bot=True verified=True mfa_enabled=False>
[discord] 2026-09-03 21:36:16,514 [INFO] Received unexpected rtcp packet: type=200, <class 'discord.ext.voice_recv.rtp.SenderReportPacket'>
[discord] 2026-09-03 21:36:17,514 [INFO] Received unexpected rtcp packet: type=200, <class 'discord.ext.voice_recv.rtp.SenderReportPacket'>
[discord] 2026-09-03 21:36:18,515 [INFO] Received unexpected rtcp packet: type=200, <class 'discord.ext.voice_recv.rtp.SenderReportPacket'>
[discord] 2026-09-03 21:36:18,890 [INFO] [BUFFER] flush() для dahaka_msm: накоплено=471840 bytes, min_bytes=42240 — ОТПРАВЛЯЕМ
[2026-09-03 21:36:18 +0300] [39160] [INFO] 127.0.0.1:12775 POST /api/context/conversation/audio 1.1 200 142 997
[discord] 2026-09-03 21:36:18,905 [INFO] HTTP Request: POST http://127.0.0.1:7272/api/context/conversation/audio "HTTP/1.1 200 "
[discord] 2026-09-03 21:36:18,907 [INFO] Submitted Discord speech from Dahaka (471840 bytes raw → 78640 bytes @16kHz mono)
[1m[1;34m[2026-09-03 21:36:19,012][0m [1m[1;30m[42m[INFO ][0m [1m[1;33m[sherpa.py::320 _generate]:[0m Sherpa STT final: len=7 latency_ms=105 source=discord turn=980dc029-75fb-4eff-862e-d351486f69c6 utterance=9d77d35b-6092-4576-b8a7-860199501e45[0m
[1m[1;34m[2026-09-03 21:36:19,264][0m [1m[1;30m[42m[INFO ][0m [1m[1;33m[jaison.py::441 create_job]:[0m Queued new context_conversation_add_text job cac6ed77-dffc-48de-bb74-18c221ac8c89[0m
[1m[1;34m[2026-09-03 21:36:19,264][0m [1m[1;30m[42m[INFO ][0m [1m[1;33m[jaison.py::579 _commit_pending_voice_turn]:[0m Voice turn committed as context-only (no RESPONSE job).[0m
[discord] 2026-09-03 21:36:19,518 [INFO] Received unexpected rtcp packet: type=200, <class 'discord.ext.voice_recv.rtp.SenderReportPacket'>
[discord] 2026-09-03 21:36:19,710 [INFO] [SINK] write() call #500: user=<Member id=390300992173899777 name='dahaka_msm' global_name='Dahaka' bot=False nick=None guild=<Guild id=390301473210236928 name='not DM yet' shard_id=0 chunked=True member_count=19>> bot=<ClientUser id=1469738620238958686 name='Nira' global_name=None bot=True verified=True mfa_enabled=False>
[discord] 2026-09-03 21:36:20,518 [INFO] Received unexpected rtcp packet: type=200, <class 'discord.ext.voice_recv.rtp.SenderReportPacket'>
[discord] 2026-09-03 21:36:21,518 [INFO] Received unexpected rtcp packet: type=200, <class 'discord.ext.voice_recv.rtp.SenderReportPacket'>
[discord] 2026-09-03 21:36:21,978 [INFO] [BUFFER] flush() для dahaka_msm: накоплено=483360 bytes, min_bytes=42240 — ОТПРАВЛЯЕМ
[2026-09-03 21:36:21 +0300] [39160] [INFO] 127.0.0.1:12779 POST /api/context/conversation/audio 1.1 200 142 2582
[discord] 2026-09-03 21:36:22,000 [INFO] HTTP Request: POST http://127.0.0.1:7272/api/context/conversation/audio "HTTP/1.1 200 "
[discord] 2026-09-03 21:36:22,001 [INFO] Submitted Discord speech from Dahaka (483360 bytes raw → 80560 bytes @16kHz mono)
[1m[1;34m[2026-09-03 21:36:22,107][0m [1m[1;30m[42m[INFO ][0m [1m[1;33m[sherpa.py::320 _generate]:[0m Sherpa STT final: len=0 latency_ms=107 source=discord turn=1259146a-6a81-46e6-988a-8d25ea570445 utterance=9798b842-9340-40a0-863c-c88079e64184[0m
[discord] 2026-09-03 21:36:22,520 [INFO] Received unexpected rtcp packet: type=200, <class 'discord.ext.voice_recv.rtp.SenderReportPacket'>
[discord] 2026-09-03 21:36:23,469 [INFO] [SINK] write() call #600: user=<Member id=390300992173899777 name='dahaka_msm' global_name='Dahaka' bot=False nick=None guild=<Guild id=390301473210236928 name='not DM yet' shard_id=0 chunked=True member_count=19>> bot=<ClientUser id=1469738620238958686 name='Nira' global_name=None bot=True verified=True mfa_enabled=False>
[discord] 2026-09-03 21:36:23,520 [INFO] Received unexpected rtcp packet: type=200, <class 'discord.ext.voice_recv.rtp.SenderReportPacket'>
[discord] 2026-09-03 21:36:24,520 [INFO] Received unexpected rtcp packet: type=200, <class 'discord.ext.voice_recv.rtp.SenderReportPacket'>
[discord] 2026-09-03 21:36:24,924 [INFO] [BUFFER] flush() для dahaka_msm: накоплено=223200 bytes, min_bytes=42240 — ОТПРАВЛЯЕМ
[2026-09-03 21:36:24 +0300] [39160] [INFO] 127.0.0.1:12781 POST /api/context/conversation/audio 1.1 200 142 1016
[discord] 2026-09-03 21:36:24,937 [INFO] HTTP Request: POST http://127.0.0.1:7272/api/context/conversation/audio "HTTP/1.1 200 "
[discord] 2026-09-03 21:36:24,939 [INFO] Submitted Discord speech from Dahaka (223200 bytes raw → 37200 bytes @16kHz mono)
[1m[1;34m[2026-09-03 21:36:24,994][0m [1m[1;30m[42m[INFO ][0m [1m[1;33m[sherpa.py::320 _generate]:[0m Sherpa STT final: len=0 latency_ms=55 source=discord turn=2737b483-5f2f-4328-97c8-90597f9cfa98 utterance=c5d8581b-b694-449b-abca-376482cda43f[0m
[discord] 2026-09-03 21:36:25,521 [INFO] Received unexpected rtcp packet: type=200, <class 'discord.ext.voice_recv.rtp.SenderReportPacket'>
[discord] 2026-09-03 21:36:26,520 [INFO] Received unexpected rtcp packet: type=200, <class 'discord.ext.voice_recv.rtp.SenderReportPacket'>
[discord] 2026-09-03 21:36:27,521 [INFO] Received unexpected rtcp packet: type=200, <class 'discord.ext.voice_recv.rtp.SenderReportPacket'>
[discord] 2026-09-03 21:36:28,522 [INFO] Received unexpected rtcp packet: type=200, <class 'discord.ext.voice_recv.rtp.SenderReportPacket'>
[discord] 2026-09-03 21:36:29,523 [INFO] Received unexpected rtcp packet: type=200, <class 'discord.ext.voice_recv.rtp.SenderReportPacket'>
[discord] 2026-09-03 21:36:30,525 [INFO] Received unexpected rtcp packet: type=200, <class 'discord.ext.voice_recv.rtp.SenderReportPacket'>
[discord] 2026-09-03 21:36:30,699 [INFO] [BUFFER] flush() для dahaka_msm: накоплено=109440 bytes, min_bytes=42240 — ОТПРАВЛЯЕМ
[2026-09-03 21:36:30 +0300] [39160] [INFO] 127.0.0.1:12784 POST /api/context/conversation/audio 1.1 200 142 0
[discord] 2026-09-03 21:36:30,718 [INFO] HTTP Request: POST http://127.0.0.1:7272/api/context/conversation/audio "HTTP/1.1 200 "
[discord] 2026-09-03 21:36:30,719 [INFO] Submitted Discord speech from Dahaka (109440 bytes raw → 18240 bytes @16kHz mono)
[1m[1;34m[2026-09-03 21:36:30,747][0m [1m[1;30m[42m[INFO ][0m [1m[1;33m[sherpa.py::320 _generate]:[0m Sherpa STT final: len=0 latency_ms=29 source=discord turn=0c3b687f-80d7-43a7-a271-7d94e71eaf9e utterance=1bee4ecd-a4df-47bc-9c28-bd8249c55de9[0m
[discord] 2026-09-03 21:36:31,525 [INFO] Received unexpected rtcp packet: type=200, <class 'discord.ext.voice_recv.rtp.SenderReportPacket'>
[discord] 2026-09-03 21:36:31,911 [INFO] [SINK] write() call #700: user=<Member id=390300992173899777 name='dahaka_msm' global_name='Dahaka' bot=False nick=None guild=<Guild id=390301473210236928 name='not DM yet' shard_id=0 chunked=True member_count=19>> bot=<ClientUser id=1469738620238958686 name='Nira' global_name=None bot=True verified=True mfa_enabled=False>
[discord] 2026-09-03 21:36:32,525 [INFO] Received unexpected rtcp packet: type=200, <class 'discord.ext.voice_recv.rtp.SenderReportPacket'>
[discord] 2026-09-03 21:36:33,527 [INFO] Received unexpected rtcp packet: type=200, <class 'discord.ext.voice_recv.rtp.SenderReportPacket'>
[discord] 2026-09-03 21:36:33,918 [INFO] [SINK] write() call #800: user=<Member id=390300992173899777 name='dahaka_msm' global_name='Dahaka' bot=False nick=None guild=<Guild id=390301473210236928 name='not DM yet' shard_id=0 chunked=True member_count=19>> bot=<ClientUser id=1469738620238958686 name='Nira' global_name=None bot=True verified=True mfa_enabled=False>
[discord] 2026-09-03 21:36:34,429 [INFO] [BUFFER] flush() для dahaka_msm: накоплено=648960 bytes, min_bytes=42240 — ОТПРАВЛЯЕМ
[2026-09-03 21:36:34 +0300] [39160] [INFO] 127.0.0.1:12786 POST /api/context/conversation/audio 1.1 200 142 1707
[discord] 2026-09-03 21:36:34,448 [INFO] HTTP Request: POST http://127.0.0.1:7272/api/context/conversation/audio "HTTP/1.1 200 "
[discord] 2026-09-03 21:36:34,450 [INFO] Submitted Discord speech from Dahaka (648960 bytes raw → 108160 bytes @16kHz mono)
[discord] 2026-09-03 21:36:34,528 [INFO] Received unexpected rtcp packet: type=200, <class 'discord.ext.voice_recv.rtp.SenderReportPacket'>
[1m[1;34m[2026-09-03 21:36:34,573][0m [1m[1;30m[42m[INFO ][0m [1m[1;33m[sherpa.py::320 _generate]:[0m Sherpa STT final: len=0 latency_ms=123 source=discord turn=22bc150c-a8eb-4d12-aacf-9b4c2beadae2 utterance=a3b132fc-650b-40d4-adc1-666d5ccdc008[0m
[discord] 2026-09-03 21:36:35,528 [INFO] Received unexpected rtcp packet: type=200, <class 'discord.ext.voice_recv.rtp.SenderReportPacket'>
[discord] 2026-09-03 21:36:36,528 [INFO] Received unexpected rtcp packet: type=200, <class 'discord.ext.voice_recv.rtp.SenderReportPacket'>
[discord] 2026-09-03 21:36:37,529 [INFO] Received unexpected rtcp packet: type=200, <class 'discord.ext.voice_recv.rtp.SenderReportPacket'>
[discord] 2026-09-03 21:36:38,530 [INFO] Received unexpected rtcp packet: type=200, <class 'discord.ext.voice_recv.rtp.SenderReportPacket'>
[discord] 2026-09-03 21:36:39,531 [INFO] Received unexpected rtcp packet: type=200, <class 'discord.ext.voice_recv.rtp.SenderReportPacket'>
[discord] 2026-09-03 21:36:40,531 [INFO] Received unexpected rtcp packet: type=200, <class 'discord.ext.voice_recv.rtp.SenderReportPacket'>
[discord] 2026-09-03 21:36:41,532 [INFO] Received unexpected rtcp packet: type=200, <class 'discord.ext.voice_recv.rtp.SenderReportPacket'>
[discord] 2026-09-03 21:36:42,535 [INFO] Received unexpected rtcp packet: type=200, <class 'discord.ext.voice_recv.rtp.SenderReportPacket'>
[discord] 2026-09-03 21:36:43,539 [INFO] Received unexpected rtcp packet: type=200, <class 'discord.ext.voice_recv.rtp.SenderReportPacket'>
[discord] 2026-09-03 21:36:44,539 [INFO] Received unexpected rtcp packet: type=200, <class 'discord.ext.voice_recv.rtp.SenderReportPacket'>
[discord] 2026-09-03 21:36:45,541 [INFO] Received unexpected rtcp packet: type=200, <class 'discord.ext.voice_recv.rtp.SenderReportPacket'>
[discord] 2026-09-03 21:36:46,539 [INFO] Received unexpected rtcp packet: type=200, <class 'discord.ext.voice_recv.rtp.SenderReportPacket'>
[discord] 2026-09-03 21:36:47,541 [INFO] Received unexpected rtcp packet: type=200, <class 'discord.ext.voice_recv.rtp.SenderReportPacket'>
[discord] 2026-09-03 21:36:48,542 [INFO] Received unexpected rtcp packet: type=200, <class 'discord.ext.voice_recv.rtp.SenderReportPacket'>
[discord] 2026-09-03 21:36:49,543 [INFO] Received unexpected rtcp packet: type=200, <class 'discord.ext.voice_recv.rtp.SenderReportPacket'>
[discord] 2026-09-03 21:36:50,543 [INFO] Received unexpected rtcp packet: type=200, <class 'discord.ext.voice_recv.rtp.SenderReportPacket'>
[discord] 2026-09-03 21:36:51,544 [INFO] Received unexpected rtcp packet: type=200, <class 'discord.ext.voice_recv.rtp.SenderReportPacket'>
[discord] 2026-09-03 21:36:52,545 [INFO] Received unexpected rtcp packet: type=200, <class 'discord.ext.voice_recv.rtp.SenderReportPacket'>
[discord] 2026-09-03 21:36:53,544 [INFO] Received unexpected rtcp packet: type=200, <class 'discord.ext.voice_recv.rtp.SenderReportPacket'>
[discord] 2026-09-03 21:36:54,545 [INFO] Received unexpected rtcp packet: type=200, <class 'discord.ext.voice_recv.rtp.SenderReportPacket'>
[discord] 2026-09-03 21:36:55,545 [INFO] Received unexpected rtcp packet: type=200, <class 'discord.ext.voice_recv.rtp.SenderReportPacket'>
[discord] 2026-09-03 21:36:56,548 [INFO] Received unexpected rtcp packet: type=200, <class 'discord.ext.voice_recv.rtp.SenderReportPacket'>
[discord] 2026-09-03 21:36:57,548 [INFO] Received unexpected rtcp packet: type=200, <class 'discord.ext.voice_recv.rtp.SenderReportPacket'>
[discord] 2026-09-03 21:36:58,550 [INFO] Received unexpected rtcp packet: type=200, <class 'discord.ext.voice_recv.rtp.SenderReportPacket'>
[discord] 2026-09-03 21:36:59,554 [INFO] Received unexpected rtcp packet: type=200, <class 'discord.ext.voice_recv.rtp.SenderReportPacket'>
[discord] 2026-09-03 21:37:00,557 [INFO] Received unexpected rtcp packet: type=200, <class 'discord.ext.voice_recv.rtp.SenderReportPacket'>
[discord] 2026-09-03 21:37:01,559 [INFO] Received unexpected rtcp packet: type=200, <class 'discord.ext.voice_recv.rtp.SenderReportPacket'>
[discord] 2026-09-03 21:37:02,559 [INFO] Received unexpected rtcp packet: type=200, <class 'discord.ext.voice_recv.rtp.SenderReportPacket'>
[discord] 2026-09-03 21:37:03,561 [INFO] Received unexpected rtcp packet: type=200, <class 'discord.ext.voice_recv.rtp.SenderReportPacket'>
[discord] 2026-09-03 21:37:04,563 [INFO] Received unexpected rtcp packet: type=200, <class 'discord.ext.voice_recv.rtp.SenderReportPacket'>
[discord] 2026-09-03 21:37:05,564 [INFO] Received unexpected rtcp packet: type=200, <class 'discord.ext.voice_recv.rtp.SenderReportPacket'>
[discord] 2026-09-03 21:37:06,564 [INFO] Received unexpected rtcp packet: type=200, <class 'discord.ext.voice_recv.rtp.SenderReportPacket'>
[discord] 2026-09-03 21:37:07,565 [INFO] Received unexpected rtcp packet: type=200, <class 'discord.ext.voice_recv.rtp.SenderReportPacket'>
[discord] 2026-09-03 21:37:08,564 [INFO] Received unexpected rtcp packet: type=200, <class 'discord.ext.voice_recv.rtp.SenderReportPacket'>
[discord] 2026-09-03 21:37:09,569 [INFO] Received unexpected rtcp packet: type=200, <class 'discord.ext.voice_recv.rtp.SenderReportPacket'>
[discord] 2026-09-03 21:37:10,571 [INFO] Received unexpected rtcp packet: type=200, <class 'discord.ext.voice_recv.rtp.SenderReportPacket'>
[discord] 2026-09-03 21:37:11,572 [INFO] Received unexpected rtcp packet: type=200, <class 'discord.ext.voice_recv.rtp.SenderReportPacket'>
[discord] 2026-09-03 21:37:12,572 [INFO] Received unexpected rtcp packet: type=200, <class 'discord.ext.voice_recv.rtp.SenderReportPacket'>
[discord] 2026-09-03 21:37:13,574 [INFO] Received unexpected rtcp packet: type=200, <class 'discord.ext.voice_recv.rtp.SenderReportPacket'>
[discord] 2026-09-03 21:37:14,573 [INFO] Received unexpected rtcp packet: type=200, <class 'discord.ext.voice_recv.rtp.SenderReportPacket'>
[discord] 2026-09-03 21:37:15,574 [INFO] Received unexpected rtcp packet: type=200, <class 'discord.ext.voice_recv.rtp.SenderReportPacket'>
[discord] 2026-09-03 21:37:16,574 [INFO] Received unexpected rtcp packet: type=200, <class 'discord.ext.voice_recv.rtp.SenderReportPacket'>
[discord] 2026-09-03 21:37:17,578 [INFO] Received unexpected rtcp packet: type=200, <class 'discord.ext.voice_recv.rtp.SenderReportPacket'>
[discord] 2026-09-03 21:37:18,579 [INFO] Received unexpected rtcp packet: type=200, <class 'discord.ext.voice_recv.rtp.SenderReportPacket'>
[discord] 2026-09-03 21:37:19,580 [INFO] Received unexpected rtcp packet: type=200, <class 'discord.ext.voice_recv.rtp.SenderReportPacket'>
[discord] 2026-09-03 21:37:20,582 [INFO] Received unexpected rtcp packet: type=200, <class 'discord.ext.voice_recv.rtp.SenderReportPacket'>
[discord] 2026-09-03 21:37:21,596 [INFO] Received unexpected rtcp packet: type=200, <class 'discord.ext.voice_recv.rtp.SenderReportPacket'>
[discord] 2026-09-03 21:37:22,588 [INFO] Received unexpected rtcp packet: type=200, <class 'discord.ext.voice_recv.rtp.SenderReportPacket'>
[discord] 2026-09-03 21:37:23,588 [INFO] Received unexpected rtcp packet: type=200, <class 'discord.ext.voice_recv.rtp.SenderReportPacket'>
[discord] 2026-09-03 21:37:24,590 [INFO] Received unexpected rtcp packet: type=200, <class 'discord.ext.voice_recv.rtp.SenderReportPacket'>
[discord] 2026-09-03 21:37:25,590 [INFO] Received unexpected rtcp packet: type=200, <class 'discord.ext.voice_recv.rtp.SenderReportPacket'>
[discord] 2026-09-03 21:37:26,591 [INFO] Received unexpected rtcp packet: type=200, <class 'discord.ext.voice_recv.rtp.SenderReportPacket'>
[discord] 2026-09-03 21:37:27,592 [INFO] Received unexpected rtcp packet: type=200, <class 'discord.ext.voice_recv.rtp.SenderReportPacket'>
[discord] 2026-09-03 21:37:28,593 [INFO] Received unexpected rtcp packet: type=200, <class 'discord.ext.voice_recv.rtp.SenderReportPacket'>
[discord] 2026-09-03 21:37:29,594 [INFO] Received unexpected rtcp packet: type=200, <class 'discord.ext.voice_recv.rtp.SenderReportPacket'>
[discord] 2026-09-03 21:37:30,594 [INFO] Received unexpected rtcp packet: type=200, <class 'discord.ext.voice_recv.rtp.SenderReportPacket'>
[discord] 2026-09-03 21:37:31,595 [INFO] Received unexpected rtcp packet: type=200, <class 'discord.ext.voice_recv.rtp.SenderReportPacket'>
[discord] 2026-09-03 21:37:32,595 [INFO] Received unexpected rtcp packet: type=200, <class 'discord.ext.voice_recv.rtp.SenderReportPacket'>
[discord] 2026-09-03 21:37:33,597 [INFO] Received unexpected rtcp packet: type=200, <class 'discord.ext.voice_recv.rtp.SenderReportPacket'>
[discord] 2026-09-03 21:37:34,598 [INFO] Received unexpected rtcp packet: type=200, <class 'discord.ext.voice_recv.rtp.SenderReportPacket'>
[discord] 2026-09-03 21:37:35,599 [INFO] Received unexpected rtcp packet: type=200, <class 'discord.ext.voice_recv.rtp.SenderReportPacket'>
[discord] 2026-09-03 21:37:36,600 [INFO] Received unexpected rtcp packet: type=200, <class 'discord.ext.voice_recv.rtp.SenderReportPacket'>
[discord] 2026-09-03 21:37:37,602 [INFO] Received unexpected rtcp packet: type=200, <class 'discord.ext.voice_recv.rtp.SenderReportPacket'>
[discord] 2026-09-03 21:37:38,600 [INFO] Received unexpected rtcp packet: type=200, <class 'discord.ext.voice_recv.rtp.SenderReportPacket'>
[discord] 2026-09-03 21:37:39,607 [INFO] Received unexpected rtcp packet: type=200, <class 'discord.ext.voice_recv.rtp.SenderReportPacket'>
[discord] 2026-09-03 21:37:40,604 [INFO] Received unexpected rtcp packet: type=200, <class 'discord.ext.voice_recv.rtp.SenderReportPacket'>
[discord] 2026-09-03 21:37:41,606 [INFO] Received unexpected rtcp packet: type=200, <class 'discord.ext.voice_recv.rtp.SenderReportPacket'>
[discord] 2026-09-03 21:37:42,607 [INFO] Received unexpected rtcp packet: type=200, <class 'discord.ext.voice_recv.rtp.SenderReportPacket'>
[discord] 2026-09-03 21:37:43,607 [INFO] Received unexpected rtcp packet: type=200, <class 'discord.ext.voice_recv.rtp.SenderReportPacket'>
[discord] 2026-09-03 21:37:44,609 [INFO] Received unexpected rtcp packet: type=200, <class 'discord.ext.voice_recv.rtp.SenderReportPacket'>
[discord] 2026-09-03 21:37:45,610 [INFO] Received unexpected rtcp packet: type=200, <class 'discord.ext.voice_recv.rtp.SenderReportPacket'>
[discord] 2026-09-03 21:37:46,612 [INFO] Received unexpected rtcp packet: type=200, <class 'discord.ext.voice_recv.rtp.SenderReportPacket'>
[discord] 2026-09-03 21:37:47,612 [INFO] Received unexpected rtcp packet: type=200, <class 'discord.ext.voice_recv.rtp.SenderReportPacket'>
[discord] 2026-09-03 21:37:48,613 [INFO] Received unexpected rtcp packet: type=200, <class 'discord.ext.voice_recv.rtp.SenderReportPacket'>
[discord] 2026-09-03 21:37:49,617 [INFO] Received unexpected rtcp packet: type=200, <class 'discord.ext.voice_recv.rtp.SenderReportPacket'>
[discord] 2026-09-03 21:37:50,615 [INFO] Received unexpected rtcp packet: type=200, <class 'discord.ext.voice_recv.rtp.SenderReportPacket'>
[discord] 2026-09-03 21:37:51,616 [INFO] Received unexpected rtcp packet: type=200, <class 'discord.ext.voice_recv.rtp.SenderReportPacket'>
[discord] 2026-09-03 21:37:52,617 [INFO] Received unexpected rtcp packet: type=200, <class 'discord.ext.voice_recv.rtp.SenderReportPacket'>
[discord] 2026-09-03 21:37:53,618 [INFO] Received unexpected rtcp packet: type=200, <class 'discord.ext.voice_recv.rtp.SenderReportPacket'>
[discord] 2026-09-03 21:37:54,619 [INFO] Received unexpected rtcp packet: type=200, <class 'discord.ext.voice_recv.rtp.SenderReportPacket'>
[discord] 2026-09-03 21:37:55,621 [INFO] Received unexpected rtcp packet: type=200, <class 'discord.ext.voice_recv.rtp.SenderReportPacket'>
[discord] 2026-09-03 21:37:56,622 [INFO] Received unexpected rtcp packet: type=200, <class 'discord.ext.voice_recv.rtp.SenderReportPacket'>
[discord] 2026-09-03 21:37:57,623 [INFO] Received unexpected rtcp packet: type=200, <class 'discord.ext.voice_recv.rtp.SenderReportPacket'>
[discord] 2026-09-03 21:37:58,624 [INFO] Received unexpected rtcp packet: type=200, <class 'discord.ext.voice_recv.rtp.SenderReportPacket'>
[discord] 2026-09-03 21:37:59,625 [INFO] Received unexpected rtcp packet: type=200, <class 'discord.ext.voice_recv.rtp.SenderReportPacket'>
[discord] 2026-09-03 21:38:00,626 [INFO] Received unexpected rtcp packet: type=200, <class 'discord.ext.voice_recv.rtp.SenderReportPacket'>
[discord] 2026-09-03 21:38:01,627 [INFO] Received unexpected rtcp packet: type=200, <class 'discord.ext.voice_recv.rtp.SenderReportPacket'>
[discord] 2026-09-03 21:38:02,629 [INFO] Received unexpected rtcp packet: type=200, <class 'discord.ext.voice_recv.rtp.SenderReportPacket'>
[discord] 2026-09-03 21:38:03,629 [INFO] Received unexpected rtcp packet: type=200, <class 'discord.ext.voice_recv.rtp.SenderReportPacket'>
[discord] 2026-09-03 21:38:04,630 [INFO] Received unexpected rtcp packet: type=200, <class 'discord.ext.voice_recv.rtp.SenderReportPacket'>
[discord] 2026-09-03 21:38:05,645 [INFO] Received unexpected rtcp packet: type=200, <class 'discord.ext.voice_recv.rtp.SenderReportPacket'>
[discord] 2026-09-03 21:38:06,639 [INFO] Received unexpected rtcp packet: type=200, <class 'discord.ext.voice_recv.rtp.SenderReportPacket'>
[discord] 2026-09-03 21:38:07,639 [INFO] Received unexpected rtcp packet: type=200, <class 'discord.ext.voice_recv.rtp.SenderReportPacket'>
[discord] 2026-09-03 21:38:08,641 [INFO] Received unexpected rtcp packet: type=200, <class 'discord.ext.voice_recv.rtp.SenderReportPacket'>
[discord] 2026-09-03 21:38:09,641 [INFO] Received unexpected rtcp packet: type=200, <class 'discord.ext.voice_recv.rtp.SenderReportPacket'>
[discord] 2026-09-03 21:38:10,642 [INFO] Received unexpected rtcp packet: type=200, <class 'discord.ext.voice_recv.rtp.SenderReportPacket'>
[discord] 2026-09-03 21:38:11,644 [INFO] Received unexpected rtcp packet: type=200, <class 'discord.ext.voice_recv.rtp.SenderReportPacket'>
[discord] 2026-09-03 21:38:12,644 [INFO] Received unexpected rtcp packet: type=200, <class 'discord.ext.voice_recv.rtp.SenderReportPacket'>
[discord] 2026-09-03 21:38:13,645 [INFO] Received unexpected rtcp packet: type=200, <class 'discord.ext.voice_recv.rtp.SenderReportPacket'>
[discord] 2026-09-03 21:38:14,644 [INFO] Received unexpected rtcp packet: type=200, <class 'discord.ext.voice_recv.rtp.SenderReportPacket'>
[discord] 2026-09-03 21:38:15,646 [INFO] Received unexpected rtcp packet: type=200, <class 'discord.ext.voice_recv.rtp.SenderReportPacket'>
[discord] 2026-09-03 21:38:16,647 [INFO] Received unexpected rtcp packet: type=200, <class 'discord.ext.voice_recv.rtp.SenderReportPacket'>
[discord] 2026-09-03 21:38:17,649 [INFO] Received unexpected rtcp packet: type=200, <class 'discord.ext.voice_recv.rtp.SenderReportPacket'>
[discord] 2026-09-03 21:38:18,649 [INFO] Received unexpected rtcp packet: type=200, <class 'discord.ext.voice_recv.rtp.SenderReportPacket'>
[discord] 2026-09-03 21:38:19,650 [INFO] Received unexpected rtcp packet: type=200, <class 'discord.ext.voice_recv.rtp.SenderReportPacket'>
[discord] 2026-09-03 21:38:20,650 [INFO] Received unexpected rtcp packet: type=200, <class 'discord.ext.voice_recv.rtp.SenderReportPacket'>
[discord] 2026-09-03 21:38:21,652 [INFO] Received unexpected rtcp packet: type=200, <class 'discord.ext.voice_recv.rtp.SenderReportPacket'>
[discord] 2026-09-03 21:38:22,652 [INFO] Received unexpected rtcp packet: type=200, <class 'discord.ext.voice_recv.rtp.SenderReportPacket'>
[discord] 2026-09-03 21:38:23,653 [INFO] Received unexpected rtcp packet: type=200, <class 'discord.ext.voice_recv.rtp.SenderReportPacket'>
[discord] 2026-09-03 21:38:24,654 [INFO] Received unexpected rtcp packet: type=200, <class 'discord.ext.voice_recv.rtp.SenderReportPacket'>
[discord] 2026-09-03 21:38:25,655 [INFO] Received unexpected rtcp packet: type=200, <class 'discord.ext.voice_recv.rtp.SenderReportPacket'>
[discord] 2026-09-03 21:38:26,660 [INFO] Received unexpected rtcp packet: type=200, <class 'discord.ext.voice_recv.rtp.SenderReportPacket'>
[discord] 2026-09-03 21:38:27,656 [INFO] Received unexpected rtcp packet: type=200, <class 'discord.ext.voice_recv.rtp.SenderReportPacket'>
[discord] 2026-09-03 21:38:28,657 [INFO] Received unexpected rtcp packet: type=200, <class 'discord.ext.voice_recv.rtp.SenderReportPacket'>
[discord] 2026-09-03 21:38:29,657 [INFO] Received unexpected rtcp packet: type=200, <class 'discord.ext.voice_recv.rtp.SenderReportPacket'>
[discord] 2026-09-03 21:38:30,660 [INFO] Received unexpected rtcp packet: type=200, <class 'discord.ext.voice_recv.rtp.SenderReportPacket'>
[discord] 2026-09-03 21:38:31,662 [INFO] Received unexpected rtcp packet: type=200, <class 'discord.ext.voice_recv.rtp.SenderReportPacket'>
[discord] 2026-09-03 21:38:32,662 [INFO] Received unexpected rtcp packet: type=200, <class 'discord.ext.voice_recv.rtp.SenderReportPacket'>
[discord] 2026-09-03 21:38:33,672 [INFO] Received unexpected rtcp packet: type=200, <class 'discord.ext.voice_recv.rtp.SenderReportPacket'>
[discord] 2026-09-03 21:38:34,706 [INFO] Received unexpected rtcp packet: type=200, <class 'discord.ext.voice_recv.rtp.SenderReportPacket'>
[discord] 2026-09-03 21:38:35,682 [INFO] Received unexpected rtcp packet: type=200, <class 'discord.ext.voice_recv.rtp.SenderReportPacket'>
[discord] 2026-09-03 21:38:36,686 [INFO] Received unexpected rtcp packet: type=200, <class 'discord.ext.voice_recv.rtp.SenderReportPacket'>
[discord] 2026-09-03 21:38:37,685 [INFO] Received unexpected rtcp packet: type=200, <class 'discord.ext.voice_recv.rtp.SenderReportPacket'>
[1m[1;34m[2026-09-03 21:47:32,816][0m [1m[1;30m[42m[INFO ][0m [1m[1;33m[jaison.py::110 start]:[0m Starting JAIson application layer.[0m
[1m[1;34m[2026-09-03 21:47:32,827][0m [1m[1;30m[42m[INFO ][0m [1m[1;33m[manager.py::300 load_operations_from_config]:[0m Active STT from config: sherpa_ru[0m
[1m[1;34m[2026-09-03 21:47:34,475][0m [1m[1;30m[42m[INFO ][0m [1m[1;33m[operation.py::32 start]:[0m Starting STT operation sherpa_ru[0m
[1m[1;34m[2026-09-03 21:47:34,475][0m [1m[1;30m[42m[INFO ][0m [1m[1;33m[manager.py::27 load]:[0m Loading process by type sherpa_stt[0m
[1m[1;34m[2026-09-03 21:47:34,477][0m [1m[1;30m[43m[WARNI][0m [1m[1;33m[base.py::46 unload]:[0m Attempted to unload process sherpa_stt when it is already unloaded[0m
[1m[1;34m[2026-09-03 21:47:34,478][0m [1m[1;30m[42m[INFO ][0m [1m[1;33m[sherpa_server.py::85 _prepare_hotwords_file]:[0m Sherpa STT hotwords validated: 3 entries[0m
[1m[1;34m[2026-09-03 21:47:34,478][0m [1m[1;30m[42m[INFO ][0m [1m[1;33m[sherpa_server.py::295 reload]:[0m Sherpa STT config: port=6106 model_dir=C:\Nirmita\models\vosk-model-small-streaming-ru, model_variant=fp32, decoding_method=modified_beam_search, num_active_paths=6, use_endpoint=0, bpe_vocab=C:\Nirmita\models\vosk-model-small-streaming-ru\lang\unigram_500.vocab, hotwords_file=C:\Nirmita\models\hotwords.txt, hotwords_score=3.5[0m
[1m[1;34m[2026-09-03 21:47:34,478][0m [1m[1;30m[42m[INFO ][0m [1m[1;33m[sherpa_server.py::307 reload]:[0m Starting Sherpa STT Server with command: C:\Nirmita\.conda312\python.exe C:\Nirmita\apps\stt-sherpa-server\start_server.py --encoder C:\Nirmita\models\vosk-model-small-streaming-ru\am-onnx\encoder.onnx --decoder C:\Nirmita\models\vosk-model-small-streaming-ru\am-onnx\decoder.onnx --joiner C:\Nirmita\models\vosk-model-small-streaming-ru\am-onnx\joiner.onnx --tokens C:\Nirmita\models\vosk-model-small-streaming-ru\lang\tokens.txt --modeling-unit bpe --decoding-method modified_beam_search --num-active-paths 6 --use-endpoint 0 --port 6106 --provider cpu --doc-root C:\Nirmita\apps\stt-sherpa-server --bpe-vocab C:\Nirmita\models\vosk-model-small-streaming-ru\lang\unigram_500.vocab --hotwords-file C:\Nirmita\logs\sherpa_hotwords.resolved.txt --hotwords-score 3.5[0m
[1m[1;34m[2026-09-03 21:47:38,805][0m [1m[1;30m[42m[INFO ][0m [1m[1;33m[operation.py::32 start]:[0m Starting T2T operation llamacpp[0m
[1m[1;34m[2026-09-03 21:47:38,805][0m [1m[1;30m[42m[INFO ][0m [1m[1;33m[manager.py::27 load]:[0m Loading process by type llamacpp[0m
[1m[1;34m[2026-09-03 21:47:38,811][0m [1m[1;30m[42m[INFO ][0m [1m[1;33m[llamacpp.py::81 reload]:[0m Opened Llama.cpp server (PID: 45496) on port 10099 (GPU: 0)[0m
[1m[1;34m[2026-09-03 21:47:38,811][0m [1m[1;30m[42m[INFO ][0m [1m[1;33m[llamacpp.py::89 reload]:[0m Waiting for llama-server to be ready at http://127.0.0.1:10099/health ...[0m
[1m[1;34m[2026-09-03 21:47:43,030][0m [1m[1;30m[42m[INFO ][0m [1m[1;33m[llamacpp.py::101 reload]:[0m llama-server is ready! (attempt 8, port 10099)[0m
[1m[1;34m[2026-09-03 21:47:43,046][0m [1m[1;30m[42m[INFO ][0m [1m[1;33m[fishaudio.py::159 configure]:[0m FishAudioTTS: настроен — model=s2.1-pro-free, reference_id=8579f198..., latency=balanced, sample_rate=44100, speed=1.0[0m
[1m[1;34m[2026-09-03 21:47:43,047][0m [1m[1;30m[42m[INFO ][0m [1m[1;33m[operation.py::32 start]:[0m Starting TTS operation fish_audio[0m
[1m[1;34m[2026-09-03 21:47:43,047][0m [1m[1;30m[42m[INFO ][0m [1m[1;33m[fishaudio.py::85 start]:[0m FishAudioTTS: операция запущена (WebSocket streaming, format=pcm)[0m
[1m[1;34m[2026-09-03 21:47:43,048][0m [1m[1;30m[42m[INFO ][0m [1m[1;33m[operation.py::32 start]:[0m Starting FILTER_TEXT operation filter_clean[0m
[1m[1;34m[2026-09-03 21:47:43,641][0m [1m[1;30m[42m[INFO ][0m [1m[1;33m[operation.py::32 start]:[0m Starting FILTER_TEXT operation chunker_sentence[0m
[1m[1;34m[2026-09-03 21:47:44,224][0m [1m[1;30m[42m[INFO ][0m [1m[1;33m[manager.py::27 load]:[0m Loading process by type hw_mic[0m
[1m[1;34m[2026-09-03 21:47:44,224][0m [1m[1;30m[43m[WARNI][0m [1m[1;33m[base.py::46 unload]:[0m Attempted to unload process hw_mic when it is already unloaded[0m
[1m[1;34m[2026-09-03 21:47:44,224][0m [1m[1;30m[43m[WARNI][0m [1m[1;33m[base.py::46 unload]:[0m Attempted to unload process hw_mic when it is already unloaded[0m
[1m[1;34m[2026-09-03 21:47:44,224][0m [1m[1;30m[41m[ERROR][0m [1m[1;33m[jaison.py::136 start]:[0m Could not start HW_MIC process: Failed to start process hw_mic[0m
[1m[1;34m[2026-09-03 21:47:44,224][0m [1m[1;30m[42m[INFO ][0m [1m[1;33m[manager.py::27 load]:[0m Loading process by type discord[0m
[1m[1;34m[2026-09-03 21:47:44,225][0m [1m[1;30m[43m[WARNI][0m [1m[1;33m[base.py::46 unload]:[0m Attempted to unload process discord when it is already unloaded[0m
[1m[1;34m[2026-09-03 21:47:44,225][0m [1m[1;30m[42m[INFO ][0m [1m[1;33m[discord.py::52 reload]:[0m Starting Discord bridge for guild 390301473210236928, channel 390301473210236932.[0m
[1m[1;34m[2026-09-03 21:47:44,233][0m [1m[1;30m[42m[INFO ][0m [1m[1;33m[jaison.py::149 start]:[0m JAIson application layer has started.[0m
[1m[1;34m[2026-09-03 21:47:44,234][0m [1m[1;30m[42m[INFO ][0m [1m[1;33m[logging.py::106 info]:[0m Running on http://127.0.0.1:7272 (CTRL + C to quit)[0m
[discord] C:\Nirmita\apps\discord-bridge\main.py:11: DeprecationWarning: 'audioop' is deprecated and slated for removal in Python 3.13
[discord]   import audioop
[1m[1;34m[2026-09-03 21:47:44,439][0m [1m[1;30m[42m[INFO ][0m [1m[1;33m[app_server.py::77 ws]:[0m Opened new websocket connection[0m
[2026-09-03 21:47:44 +0300] [37812] [INFO] 127.0.0.1:6651 GET / 1.1 101 - 506
[discord] 2026-09-03 21:47:44,664 [INFO] logging in using static token
[discord] 2026-09-03 21:47:46,033 [INFO] Shard ID None has connected to Gateway (Session ID: 33a32e32def7f6ba028c3acd0a8baeb2).
[discord] 2026-09-03 21:47:48,051 [INFO] Authenticated as Nira#4162
[discord] 2026-09-03 21:47:48,063 [INFO] Connecting to voice...
[discord] 2026-09-03 21:47:48,063 [INFO] Starting voice handshake... (connection attempt 1)
[1m[1;34m[2026-09-03 21:47:48,064][0m [1m[1;30m[42m[INFO ][0m [1m[1;33m[app_server.py::77 ws]:[0m Opened new websocket connection[0m
[2026-09-03 21:47:48 +0300] [37812] [INFO] 127.0.0.1:6657 GET / 1.1 101 - 0
[discord] 2026-09-03 21:47:48,065 [INFO] Connected to JAIson WebSocket
[discord] 2026-09-03 21:47:48,665 [INFO] Voice handshake complete. Endpoint found: c-otp01-f984b1df.discord.media:2087
[discord] 2026-09-03 21:47:48,930 [INFO] WS payload has extra keys: {'seq': 0}
[discord] 2026-09-03 21:47:48,930 [INFO] WS payload has extra keys: {'seq': 1}
[discord] 2026-09-03 21:47:48,930 [INFO] WS payload has extra keys: {'seq': 2}
[discord] 2026-09-03 21:47:48,930 [INFO] WS payload has extra keys: {'seq': 3}
[discord] 2026-09-03 21:47:48,983 [INFO] Voice connection complete.
[discord] 2026-09-03 21:47:48,984 [INFO] WS payload has extra keys: {'seq': 4}
[discord] 2026-09-03 21:47:48,985 [INFO] Joined voice channel 🏕️Таверна "Астрал" (390301473210236932)
[discord] 2026-09-03 21:47:49,023 [INFO] [SINK] write() call #1: user=<Member id=390300992173899777 name='dahaka_msm' global_name='Dahaka' bot=False nick=None guild=<Guild id=390301473210236928 name='not DM yet' shard_id=0 chunked=True member_count=19>> bot=<ClientUser id=1469738620238958686 name='Nira' global_name=None bot=True verified=True mfa_enabled=False>
[discord] 2026-09-03 21:47:49,023 [INFO] [SINK] Создаём буфер для dahaka_msm (min_bytes=42240)
[discord] 2026-09-03 21:47:49,042 [INFO] [SINK] write() call #2: user=<Member id=390300992173899777 name='dahaka_msm' global_name='Dahaka' bot=False nick=None guild=<Guild id=390301473210236928 name='not DM yet' shard_id=0 chunked=True member_count=19>> bot=<ClientUser id=1469738620238958686 name='Nira' global_name=None bot=True verified=True mfa_enabled=False>
[discord] 2026-09-03 21:47:49,066 [INFO] [SINK] write() call #3: user=<Member id=390300992173899777 name='dahaka_msm' global_name='Dahaka' bot=False nick=None guild=<Guild id=390301473210236928 name='not DM yet' shard_id=0 chunked=True member_count=19>> bot=<ClientUser id=1469738620238958686 name='Nira' global_name=None bot=True verified=True mfa_enabled=False>
[discord] 2026-09-03 21:47:49,083 [INFO] [SINK] write() call #4: user=<Member id=390300992173899777 name='dahaka_msm' global_name='Dahaka' bot=False nick=None guild=<Guild id=390301473210236928 name='not DM yet' shard_id=0 chunked=True member_count=19>> bot=<ClientUser id=1469738620238958686 name='Nira' global_name=None bot=True verified=True mfa_enabled=False>
[discord] 2026-09-03 21:47:49,103 [INFO] [SINK] write() call #5: user=<Member id=390300992173899777 name='dahaka_msm' global_name='Dahaka' bot=False nick=None guild=<Guild id=390301473210236928 name='not DM yet' shard_id=0 chunked=True member_count=19>> bot=<ClientUser id=1469738620238958686 name='Nira' global_name=None bot=True verified=True mfa_enabled=False>
[discord] 2026-09-03 21:47:49,356 [INFO] Received unexpected rtcp packet: type=200, <class 'discord.ext.voice_recv.rtp.SenderReportPacket'>
[discord] 2026-09-03 21:47:50,356 [INFO] Received unexpected rtcp packet: type=200, <class 'discord.ext.voice_recv.rtp.SenderReportPacket'>
[discord] 2026-09-03 21:47:50,827 [INFO] [BUFFER] flush() для dahaka_msm: накоплено=237120 bytes, min_bytes=42240 — ОТПРАВЛЯЕМ
[2026-09-03 21:47:50 +0300] [37812] [INFO] 127.0.0.1:6661 POST /api/context/conversation/audio 1.1 200 142 1006
[discord] 2026-09-03 21:47:50,907 [INFO] HTTP Request: POST http://127.0.0.1:7272/api/context/conversation/audio "HTTP/1.1 200 "
[discord] 2026-09-03 21:47:50,908 [INFO] Submitted Discord speech from Dahaka (237120 bytes raw → 39520 bytes @16kHz mono)
[1m[1;34m[2026-09-03 21:47:50,960][0m [1m[1;30m[42m[INFO ][0m [1m[1;33m[sherpa.py::320 _generate]:[0m Sherpa STT final: len=0 latency_ms=53 source=discord turn=f4641fcc-ea01-4314-a973-4f356dc55222 utterance=739b18a6-a2b2-422a-9a16-680fab51d9a0[0m
[discord] 2026-09-03 21:47:51,357 [INFO] Received unexpected rtcp packet: type=200, <class 'discord.ext.voice_recv.rtp.SenderReportPacket'>
[discord] 2026-09-03 21:47:52,360 [INFO] Received unexpected rtcp packet: type=200, <class 'discord.ext.voice_recv.rtp.SenderReportPacket'>
[discord] 2026-09-03 21:47:53,360 [INFO] Received unexpected rtcp packet: type=200, <class 'discord.ext.voice_recv.rtp.SenderReportPacket'>
[discord] 2026-09-03 21:47:54,361 [INFO] Received unexpected rtcp packet: type=200, <class 'discord.ext.voice_recv.rtp.SenderReportPacket'>
[discord] 2026-09-03 21:47:55,363 [INFO] Received unexpected rtcp packet: type=200, <class 'discord.ext.voice_recv.rtp.SenderReportPacket'>
[discord] 2026-09-03 21:47:56,364 [INFO] Received unexpected rtcp packet: type=200, <class 'discord.ext.voice_recv.rtp.SenderReportPacket'>
[discord] 2026-09-03 21:47:57,365 [INFO] Received unexpected rtcp packet: type=200, <class 'discord.ext.voice_recv.rtp.SenderReportPacket'>
[discord] 2026-09-03 21:47:58,367 [INFO] Received unexpected rtcp packet: type=200, <class 'discord.ext.voice_recv.rtp.SenderReportPacket'>
[discord] 2026-09-03 21:47:59,367 [INFO] Received unexpected rtcp packet: type=200, <class 'discord.ext.voice_recv.rtp.SenderReportPacket'>
[discord] 2026-09-03 21:48:00,082 [INFO] [SINK] write() call #100: user=<Member id=390300992173899777 name='dahaka_msm' global_name='Dahaka' bot=False nick=None guild=<Guild id=390301473210236928 name='not DM yet' shard_id=0 chunked=True member_count=19>> bot=<ClientUser id=1469738620238958686 name='Nira' global_name=None bot=True verified=True mfa_enabled=False>
[discord] 2026-09-03 21:48:00,369 [INFO] Received unexpected rtcp packet: type=200, <class 'discord.ext.voice_recv.rtp.SenderReportPacket'>
[discord] 2026-09-03 21:48:00,986 [INFO] [BUFFER] flush() для dahaka_msm: накоплено=272160 bytes, min_bytes=42240 — ОТПРАВЛЯЕМ
[2026-09-03 21:48:01 +0300] [37812] [INFO] 127.0.0.1:6674 POST /api/context/conversation/audio 1.1 200 142 506
[discord] 2026-09-03 21:48:01,002 [INFO] HTTP Request: POST http://127.0.0.1:7272/api/context/conversation/audio "HTTP/1.1 200 "
[discord] 2026-09-03 21:48:01,003 [INFO] Submitted Discord speech from Dahaka (272160 bytes raw → 45360 bytes @16kHz mono)
[1m[1;34m[2026-09-03 21:48:01,053][0m [1m[1;30m[42m[INFO ][0m [1m[1;33m[sherpa.py::320 _generate]:[0m Sherpa STT final: len=0 latency_ms=51 source=discord turn=c273ea0b-f7fc-468a-a547-8ab1631769f9 utterance=cc5269c1-02f3-4a6b-b760-8141024337eb[0m
[discord] 2026-09-03 21:48:01,371 [INFO] Received unexpected rtcp packet: type=200, <class 'discord.ext.voice_recv.rtp.SenderReportPacket'>
[discord] 2026-09-03 21:48:02,373 [INFO] Received unexpected rtcp packet: type=200, <class 'discord.ext.voice_recv.rtp.SenderReportPacket'>
[discord] 2026-09-03 21:48:03,374 [INFO] Received unexpected rtcp packet: type=200, <class 'discord.ext.voice_recv.rtp.SenderReportPacket'>
[discord] 2026-09-03 21:48:04,375 [INFO] Received unexpected rtcp packet: type=200, <class 'discord.ext.voice_recv.rtp.SenderReportPacket'>
[discord] 2026-09-03 21:48:05,377 [INFO] Received unexpected rtcp packet: type=200, <class 'discord.ext.voice_recv.rtp.SenderReportPacket'>
[discord] 2026-09-03 21:48:06,378 [INFO] Received unexpected rtcp packet: type=200, <class 'discord.ext.voice_recv.rtp.SenderReportPacket'>
[discord] 2026-09-03 21:48:07,380 [INFO] Received unexpected rtcp packet: type=200, <class 'discord.ext.voice_recv.rtp.SenderReportPacket'>
[discord] 2026-09-03 21:48:08,379 [INFO] Received unexpected rtcp packet: type=200, <class 'discord.ext.voice_recv.rtp.SenderReportPacket'>
[discord] 2026-09-03 21:48:09,380 [INFO] Received unexpected rtcp packet: type=200, <class 'discord.ext.voice_recv.rtp.SenderReportPacket'>
[discord] 2026-09-03 21:48:10,363 [INFO] [SINK] write() call #200: user=<Member id=390300992173899777 name='dahaka_msm' global_name='Dahaka' bot=False nick=None guild=<Guild id=390301473210236928 name='not DM yet' shard_id=0 chunked=True member_count=19>> bot=<ClientUser id=1469738620238958686 name='Nira' global_name=None bot=True verified=True mfa_enabled=False>
[discord] 2026-09-03 21:48:10,381 [INFO] Received unexpected rtcp packet: type=200, <class 'discord.ext.voice_recv.rtp.SenderReportPacket'>
[discord] 2026-09-03 21:48:11,352 [INFO] [BUFFER] flush() для dahaka_msm: накоплено=516000 bytes, min_bytes=42240 — ОТПРАВЛЯЕМ
[2026-09-03 21:48:11 +0300] [37812] [INFO] 127.0.0.1:6677 POST /api/context/conversation/audio 1.1 200 142 1009
[discord] 2026-09-03 21:48:11,369 [INFO] HTTP Request: POST http://127.0.0.1:7272/api/context/conversation/audio "HTTP/1.1 200 "
[discord] 2026-09-03 21:48:11,371 [INFO] Submitted Discord speech from Dahaka (516000 bytes raw → 86000 bytes @16kHz mono)
[discord] 2026-09-03 21:48:11,400 [INFO] Received unexpected rtcp packet: type=200, <class 'discord.ext.voice_recv.rtp.SenderReportPacket'>
[1m[1;34m[2026-09-03 21:48:11,481][0m [1m[1;30m[42m[INFO ][0m [1m[1;33m[sherpa.py::320 _generate]:[0m Sherpa STT final: len=0 latency_ms=111 source=discord turn=24bfc544-cca3-44b5-9b41-df4de1343a50 utterance=e80f82dc-c2c9-43e0-98e1-c62b13085cfa[0m
[discord] 2026-09-03 21:48:12,390 [INFO] Received unexpected rtcp packet: type=200, <class 'discord.ext.voice_recv.rtp.SenderReportPacket'>
[discord] 2026-09-03 21:48:13,336 [INFO] [BUFFER] flush() для dahaka_msm: накоплено=230880 bytes, min_bytes=42240 — ОТПРАВЛЯЕМ
[2026-09-03 21:48:13 +0300] [37812] [INFO] 127.0.0.1:6679 POST /api/context/conversation/audio 1.1 200 142 1005
[discord] 2026-09-03 21:48:13,351 [INFO] HTTP Request: POST http://127.0.0.1:7272/api/context/conversation/audio "HTTP/1.1 200 "
[discord] 2026-09-03 21:48:13,352 [INFO] Submitted Discord speech from Dahaka (230880 bytes raw → 38480 bytes @16kHz mono)
[discord] 2026-09-03 21:48:13,390 [INFO] Received unexpected rtcp packet: type=200, <class 'discord.ext.voice_recv.rtp.SenderReportPacket'>
[1m[1;34m[2026-09-03 21:48:13,409][0m [1m[1;30m[42m[INFO ][0m [1m[1;33m[sherpa.py::320 _generate]:[0m Sherpa STT final: len=3 latency_ms=58 source=discord turn=94ceca6e-e352-4a70-9b59-a19eab13668c utterance=71ee9830-17cf-4b7a-8d25-e14b31b7de10[0m
[1m[1;34m[2026-09-03 21:48:13,662][0m [1m[1;30m[42m[INFO ][0m [1m[1;33m[jaison.py::441 create_job]:[0m Queued new context_conversation_add_text job cad9291e-b16e-49ae-bbcf-2814ae22c0f4[0m
[1m[1;34m[2026-09-03 21:48:13,662][0m [1m[1;30m[42m[INFO ][0m [1m[1;33m[jaison.py::579 _commit_pending_voice_turn]:[0m Voice turn committed as context-only (no RESPONSE job).[0m
[discord] 2026-09-03 21:48:14,391 [INFO] Received unexpected rtcp packet: type=200, <class 'discord.ext.voice_recv.rtp.SenderReportPacket'>
[discord] 2026-09-03 21:48:15,392 [INFO] Received unexpected rtcp packet: type=200, <class 'discord.ext.voice_recv.rtp.SenderReportPacket'>
[discord] 2026-09-03 21:48:16,395 [INFO] Received unexpected rtcp packet: type=200, <class 'discord.ext.voice_recv.rtp.SenderReportPacket'>
[discord] 2026-09-03 21:48:16,543 [INFO] [SINK] write() call #300: user=<Member id=390300992173899777 name='dahaka_msm' global_name='Dahaka' bot=False nick=None guild=<Guild id=390301473210236928 name='not DM yet' shard_id=0 chunked=True member_count=19>> bot=<ClientUser id=1469738620238958686 name='Nira' global_name=None bot=True verified=True mfa_enabled=False>
[discord] 2026-09-03 21:48:17,395 [INFO] Received unexpected rtcp packet: type=200, <class 'discord.ext.voice_recv.rtp.SenderReportPacket'>
[discord] 2026-09-03 21:48:17,944 [INFO] [BUFFER] flush() для dahaka_msm: накоплено=392160 bytes, min_bytes=42240 — ОТПРАВЛЯЕМ
[2026-09-03 21:48:17 +0300] [37812] [INFO] 127.0.0.1:6687 POST /api/context/conversation/audio 1.1 200 142 1012
[discord] 2026-09-03 21:48:17,967 [INFO] HTTP Request: POST http://127.0.0.1:7272/api/context/conversation/audio "HTTP/1.1 200 "
[discord] 2026-09-03 21:48:17,969 [INFO] Submitted Discord speech from Dahaka (392160 bytes raw → 65360 bytes @16kHz mono)
[1m[1;34m[2026-09-03 21:48:18,054][0m [1m[1;30m[42m[INFO ][0m [1m[1;33m[sherpa.py::320 _generate]:[0m Sherpa STT final: len=0 latency_ms=87 source=discord turn=f6603efa-c270-4316-a14c-64732d1a5cca utterance=1a74e491-a0e3-4d38-8c95-9f3556d4dec0[0m
[discord] 2026-09-03 21:48:18,396 [INFO] Received unexpected rtcp packet: type=200, <class 'discord.ext.voice_recv.rtp.SenderReportPacket'>
[1m[1;34m[2026-09-03 21:48:19,127][0m [1m[1;30m[42m[INFO ][0m [1m[1;33m[jaison.py::441 create_job]:[0m Queued new context_conversation_add_text job 5e515cc6-e887-4383-ac9f-32a85695734f[0m
[2026-09-03 21:48:19 +0300] [37812] [INFO] 127.0.0.1:6690 POST /api/context/conversation/text 1.1 200 138 505
[1m[1;34m[2026-09-03 21:48:19,138][0m [1m[1;30m[42m[INFO ][0m [1m[1;33m[jaison.py::441 create_job]:[0m Queued new response job 5b5f01ec-16c5-4146-898b-6b18a3cdfbbc[0m
[2026-09-03 21:48:19 +0300] [37812] [INFO] 127.0.0.1:8279 POST /api/response 1.1 200 117 1017
[discord] 2026-09-03 21:48:19,352 [INFO] [BUFFER] flush() для dahaka_msm: накоплено=121440 bytes, min_bytes=42240 — ОТПРАВЛЯЕМ
[2026-09-03 21:48:19 +0300] [37812] [INFO] 127.0.0.1:8282 POST /api/context/conversation/audio 1.1 200 142 1004
[discord] 2026-09-03 21:48:19,373 [INFO] HTTP Request: POST http://127.0.0.1:7272/api/context/conversation/audio "HTTP/1.1 200 "
[discord] 2026-09-03 21:48:19,374 [INFO] Submitted Discord speech from Dahaka (121440 bytes raw → 20240 bytes @16kHz mono)
[discord] 2026-09-03 21:48:19,401 [INFO] Received unexpected rtcp packet: type=200, <class 'discord.ext.voice_recv.rtp.SenderReportPacket'>
[1m[1;34m[2026-09-03 21:48:19,415][0m [1m[1;30m[42m[INFO ][0m [1m[1;33m[sherpa.py::320 _generate]:[0m Sherpa STT final: len=0 latency_ms=42 source=discord turn=30ee385e-801e-45db-8abd-1832c388739d utterance=50679d71-e416-40d3-ac93-a9c7b2757968[0m
[1m[1;34m[2026-09-03 21:48:19,768][0m [1m[1;30m[42m[INFO ][0m [1m[1;33m[operation.py::25 __call__]:[0m T2T operation llamacpp completed in 627.8644999256358 ms[0m
[discord] 2026-09-03 21:48:20,401 [INFO] Received unexpected rtcp packet: type=200, <class 'discord.ext.voice_recv.rtp.SenderReportPacket'>
[discord] 2026-09-03 21:48:20,484 [INFO] [SINK] write() call #400: user=<Member id=390300992173899777 name='dahaka_msm' global_name='Dahaka' bot=False nick=None guild=<Guild id=390301473210236928 name='not DM yet' shard_id=0 chunked=True member_count=19>> bot=<ClientUser id=1469738620238958686 name='Nira' global_name=None bot=True verified=True mfa_enabled=False>
[discord] 2026-09-03 21:48:20,994 [INFO] [BUFFER] flush() для dahaka_msm: накоплено=120480 bytes, min_bytes=42240 — ОТПРАВЛЯЕМ
[2026-09-03 21:48:21 +0300] [37812] [INFO] 127.0.0.1:8285 POST /api/context/conversation/audio 1.1 200 142 506
[discord] 2026-09-03 21:48:21,007 [INFO] HTTP Request: POST http://127.0.0.1:7272/api/context/conversation/audio "HTTP/1.1 200 "
[discord] 2026-09-03 21:48:21,009 [INFO] Submitted Discord speech from Dahaka (120480 bytes raw → 20080 bytes @16kHz mono)
[1m[1;34m[2026-09-03 21:48:21,039][0m [1m[1;30m[42m[INFO ][0m [1m[1;33m[sherpa.py::320 _generate]:[0m Sherpa STT final: len=0 latency_ms=30 source=discord turn=9b14db87-4c83-4feb-8107-51a73346107e utterance=8bd13da1-2614-4575-938a-0e0e3529e8d5[0m
[discord] 2026-09-03 21:48:21,401 [INFO] Received unexpected rtcp packet: type=200, <class 'discord.ext.voice_recv.rtp.SenderReportPacket'>
[1m[1;34m[2026-09-03 21:48:21,575][0m [1m[1;30m[42m[INFO ][0m [1m[1;33m[operation.py::25 __call__]:[0m TTS operation fish_audio completed in 1797.3928999854252 ms[0m
[discord] 2026-09-03 21:48:22,403 [INFO] Received unexpected rtcp packet: type=200, <class 'discord.ext.voice_recv.rtp.SenderReportPacket'>
[1m[1;34m[2026-09-03 21:48:23,101][0m [1m[1;30m[42m[INFO ][0m [1m[1;33m[operation.py::25 __call__]:[0m TTS operation fish_audio completed in 1524.8067999491468 ms[0m
[discord] 2026-09-03 21:48:23,404 [INFO] Received unexpected rtcp packet: type=200, <class 'discord.ext.voice_recv.rtp.SenderReportPacket'>
[discord] 2026-09-03 21:48:24,406 [INFO] Received unexpected rtcp packet: type=200, <class 'discord.ext.voice_recv.rtp.SenderReportPacket'>
[1m[1;34m[2026-09-03 21:48:25,087][0m [1m[1;30m[42m[INFO ][0m [1m[1;33m[operation.py::25 __call__]:[0m TTS operation fish_audio completed in 1986.0946000553668 ms[0m
[1m[1;34m[2026-09-03 21:48:25,088][0m [1m[1;30m[42m[INFO ][0m [1m[1;33m[operation.py::25 __call__]:[0m FILTER_TEXT operation chunker_sentence completed in 5319.466799963266 ms[0m
[1m[1;34m[2026-09-03 21:48:25,088][0m [1m[1;30m[42m[INFO ][0m [1m[1;33m[operation.py::25 __call__]:[0m FILTER_TEXT operation filter_clean completed in 5319.568600039929 ms[0m
[1m[1;34m[2026-09-03 21:48:25,088][0m [1m[1;30m[42m[INFO ][0m [1m[1;33m[jaison.py::963 response_pipeline]:[0m Response job 5b5f01ec-16c5-4146-898b-6b18a3cdfbbc completed. Content: 'Привет! Как дела? Ты в игре, или просто решил поболтать?...'[0m
[discord] 2026-09-03 21:48:25,406 [INFO] Received unexpected rtcp packet: type=200, <class 'discord.ext.voice_recv.rtp.SenderReportPacket'>
[discord] 2026-09-03 21:48:26,408 [INFO] Received unexpected rtcp packet: type=200, <class 'discord.ext.voice_recv.rtp.SenderReportPacket'>
[discord] 2026-09-03 21:48:27,409 [INFO] Received unexpected rtcp packet: type=200, <class 'discord.ext.voice_recv.rtp.SenderReportPacket'>
[discord] 2026-09-03 21:48:28,409 [INFO] Received unexpected rtcp packet: type=200, <class 'discord.ext.voice_recv.rtp.SenderReportPacket'>
[discord] 2026-09-03 21:48:29,410 [INFO] Received unexpected rtcp packet: type=200, <class 'discord.ext.voice_recv.rtp.SenderReportPacket'>
[discord] 2026-09-03 21:48:30,411 [INFO] Received unexpected rtcp packet: type=200, <class 'discord.ext.voice_recv.rtp.SenderReportPacket'>
[discord] 2026-09-03 21:48:31,414 [INFO] Received unexpected rtcp packet: type=200, <class 'discord.ext.voice_recv.rtp.SenderReportPacket'>
[discord] 2026-09-03 21:48:32,416 [INFO] Received unexpected rtcp packet: type=200, <class 'discord.ext.voice_recv.rtp.SenderReportPacket'>
[discord] 2026-09-03 21:48:33,418 [INFO] Received unexpected rtcp packet: type=200, <class 'discord.ext.voice_recv.rtp.SenderReportPacket'>
[discord] 2026-09-03 21:48:34,420 [INFO] Received unexpected rtcp packet: type=200, <class 'discord.ext.voice_recv.rtp.SenderReportPacket'>
[discord] 2026-09-03 21:48:35,421 [INFO] Received unexpected rtcp packet: type=200, <class 'discord.ext.voice_recv.rtp.SenderReportPacket'>
[discord] 2026-09-03 21:48:36,422 [INFO] Received unexpected rtcp packet: type=200, <class 'discord.ext.voice_recv.rtp.SenderReportPacket'>
[discord] 2026-09-03 21:48:37,424 [INFO] Received unexpected rtcp packet: type=200, <class 'discord.ext.voice_recv.rtp.SenderReportPacket'>
[discord] 2026-09-03 21:48:38,424 [INFO] Received unexpected rtcp packet: type=200, <class 'discord.ext.voice_recv.rtp.SenderReportPacket'>
[1m[1;34m[2026-09-03 21:53:25,840][0m [1m[1;30m[42m[INFO ][0m [1m[1;33m[jaison.py::110 start]:[0m Starting JAIson application layer.[0m
[1m[1;34m[2026-09-03 21:53:25,857][0m [1m[1;30m[42m[INFO ][0m [1m[1;33m[manager.py::300 load_operations_from_config]:[0m Active STT from config: sherpa_ru[0m
[1m[1;34m[2026-09-03 21:53:27,508][0m [1m[1;30m[42m[INFO ][0m [1m[1;33m[operation.py::32 start]:[0m Starting STT operation sherpa_ru[0m
[1m[1;34m[2026-09-03 21:53:27,508][0m [1m[1;30m[42m[INFO ][0m [1m[1;33m[manager.py::27 load]:[0m Loading process by type sherpa_stt[0m
[1m[1;34m[2026-09-03 21:53:27,509][0m [1m[1;30m[43m[WARNI][0m [1m[1;33m[base.py::46 unload]:[0m Attempted to unload process sherpa_stt when it is already unloaded[0m
[1m[1;34m[2026-09-03 21:53:27,510][0m [1m[1;30m[42m[INFO ][0m [1m[1;33m[sherpa_server.py::85 _prepare_hotwords_file]:[0m Sherpa STT hotwords validated: 3 entries[0m
[1m[1;34m[2026-09-03 21:53:27,511][0m [1m[1;30m[42m[INFO ][0m [1m[1;33m[sherpa_server.py::295 reload]:[0m Sherpa STT config: port=6106 model_dir=C:\Nirmita\models\vosk-model-small-streaming-ru, model_variant=fp32, decoding_method=modified_beam_search, num_active_paths=6, use_endpoint=0, bpe_vocab=C:\Nirmita\models\vosk-model-small-streaming-ru\lang\unigram_500.vocab, hotwords_file=C:\Nirmita\models\hotwords.txt, hotwords_score=3.5[0m
[1m[1;34m[2026-09-03 21:53:27,511][0m [1m[1;30m[42m[INFO ][0m [1m[1;33m[sherpa_server.py::307 reload]:[0m Starting Sherpa STT Server with command: C:\Nirmita\.conda312\python.exe C:\Nirmita\apps\stt-sherpa-server\start_server.py --encoder C:\Nirmita\models\vosk-model-small-streaming-ru\am-onnx\encoder.onnx --decoder C:\Nirmita\models\vosk-model-small-streaming-ru\am-onnx\decoder.onnx --joiner C:\Nirmita\models\vosk-model-small-streaming-ru\am-onnx\joiner.onnx --tokens C:\Nirmita\models\vosk-model-small-streaming-ru\lang\tokens.txt --modeling-unit bpe --decoding-method modified_beam_search --num-active-paths 6 --use-endpoint 0 --port 6106 --provider cpu --doc-root C:\Nirmita\apps\stt-sherpa-server --bpe-vocab C:\Nirmita\models\vosk-model-small-streaming-ru\lang\unigram_500.vocab --hotwords-file C:\Nirmita\logs\sherpa_hotwords.resolved.txt --hotwords-score 3.5[0m
[1m[1;34m[2026-09-03 21:53:31,839][0m [1m[1;30m[42m[INFO ][0m [1m[1;33m[operation.py::32 start]:[0m Starting T2T operation llamacpp[0m
[1m[1;34m[2026-09-03 21:53:31,840][0m [1m[1;30m[42m[INFO ][0m [1m[1;33m[manager.py::27 load]:[0m Loading process by type llamacpp[0m
[1m[1;34m[2026-09-03 21:53:31,845][0m [1m[1;30m[42m[INFO ][0m [1m[1;33m[llamacpp.py::81 reload]:[0m Opened Llama.cpp server (PID: 31020) on port 11683 (GPU: 0)[0m
[1m[1;34m[2026-09-03 21:53:31,845][0m [1m[1;30m[42m[INFO ][0m [1m[1;33m[llamacpp.py::89 reload]:[0m Waiting for llama-server to be ready at http://127.0.0.1:11683/health ...[0m
[1m[1;34m[2026-09-03 21:53:36,017][0m [1m[1;30m[42m[INFO ][0m [1m[1;33m[llamacpp.py::101 reload]:[0m llama-server is ready! (attempt 8, port 11683)[0m
[1m[1;34m[2026-09-03 21:53:36,032][0m [1m[1;30m[42m[INFO ][0m [1m[1;33m[fishaudio.py::159 configure]:[0m FishAudioTTS: настроен — model=s2.1-pro-free, reference_id=8579f198..., latency=balanced, sample_rate=44100, speed=1.0[0m
[1m[1;34m[2026-09-03 21:53:36,032][0m [1m[1;30m[42m[INFO ][0m [1m[1;33m[operation.py::32 start]:[0m Starting TTS operation fish_audio[0m
[1m[1;34m[2026-09-03 21:53:36,032][0m [1m[1;30m[42m[INFO ][0m [1m[1;33m[fishaudio.py::85 start]:[0m FishAudioTTS: операция запущена (WebSocket streaming, format=pcm)[0m
[1m[1;34m[2026-09-03 21:53:36,034][0m [1m[1;30m[42m[INFO ][0m [1m[1;33m[operation.py::32 start]:[0m Starting FILTER_TEXT operation filter_clean[0m
[1m[1;34m[2026-09-03 21:53:36,587][0m [1m[1;30m[42m[INFO ][0m [1m[1;33m[operation.py::32 start]:[0m Starting FILTER_TEXT operation chunker_sentence[0m
[1m[1;34m[2026-09-03 21:53:37,096][0m [1m[1;30m[42m[INFO ][0m [1m[1;33m[manager.py::27 load]:[0m Loading process by type hw_mic[0m
[1m[1;34m[2026-09-03 21:53:37,096][0m [1m[1;30m[43m[WARNI][0m [1m[1;33m[base.py::46 unload]:[0m Attempted to unload process hw_mic when it is already unloaded[0m
[1m[1;34m[2026-09-03 21:53:37,096][0m [1m[1;30m[43m[WARNI][0m [1m[1;33m[base.py::46 unload]:[0m Attempted to unload process hw_mic when it is already unloaded[0m
[1m[1;34m[2026-09-03 21:53:37,096][0m [1m[1;30m[41m[ERROR][0m [1m[1;33m[jaison.py::136 start]:[0m Could not start HW_MIC process: Failed to start process hw_mic[0m
[1m[1;34m[2026-09-03 21:53:37,096][0m [1m[1;30m[42m[INFO ][0m [1m[1;33m[manager.py::27 load]:[0m Loading process by type discord[0m
[1m[1;34m[2026-09-03 21:53:37,097][0m [1m[1;30m[43m[WARNI][0m [1m[1;33m[base.py::46 unload]:[0m Attempted to unload process discord when it is already unloaded[0m
[1m[1;34m[2026-09-03 21:53:37,097][0m [1m[1;30m[42m[INFO ][0m [1m[1;33m[discord.py::52 reload]:[0m Starting Discord bridge for guild 390301473210236928, channel 390301473210236932.[0m
[1m[1;34m[2026-09-03 21:53:37,104][0m [1m[1;30m[42m[INFO ][0m [1m[1;33m[jaison.py::149 start]:[0m JAIson application layer has started.[0m
[1m[1;34m[2026-09-03 21:53:37,105][0m [1m[1;30m[42m[INFO ][0m [1m[1;33m[logging.py::106 info]:[0m Running on http://127.0.0.1:7272 (CTRL + C to quit)[0m
[discord] C:\Nirmita\apps\discord-bridge\main.py:11: DeprecationWarning: 'audioop' is deprecated and slated for removal in Python 3.13
[discord]   import audioop
[discord] 2026-09-03 21:53:37,533 [INFO] logging in using static token
[discord] 2026-09-03 21:53:38,964 [INFO] Shard ID None has connected to Gateway (Session ID: 1a914f2da068dfe8e6e6f7401a32045f).
[discord] 2026-09-03 21:53:41,008 [INFO] Authenticated as Nira#4162
[discord] 2026-09-03 21:53:41,021 [INFO] Connecting to voice...
[discord] 2026-09-03 21:53:41,021 [INFO] Starting voice handshake... (connection attempt 1)
[1m[1;34m[2026-09-03 21:53:41,023][0m [1m[1;30m[42m[INFO ][0m [1m[1;33m[app_server.py::77 ws]:[0m Opened new websocket connection[0m
[2026-09-03 21:53:41 +0300] [33404] [INFO] 127.0.0.1:11697 GET / 1.1 101 - 1521
[discord] 2026-09-03 21:53:41,023 [INFO] Connected to JAIson WebSocket
[discord] 2026-09-03 21:53:41,387 [INFO] Voice handshake complete. Endpoint found: c-otp01-f984b1df.discord.media:2087
[discord] 2026-09-03 21:53:41,663 [INFO] WS payload has extra keys: {'seq': 0}
[discord] 2026-09-03 21:53:41,663 [INFO] WS payload has extra keys: {'seq': 1}
[discord] 2026-09-03 21:53:41,664 [INFO] WS payload has extra keys: {'seq': 2}
[discord] 2026-09-03 21:53:41,664 [INFO] WS payload has extra keys: {'seq': 3}
[discord] 2026-09-03 21:53:41,712 [INFO] Voice connection complete.
[discord] 2026-09-03 21:53:41,712 [INFO] WS payload has extra keys: {'seq': 4}
[1m[1;34m[2026-09-03 21:53:41,720][0m [1m[1;30m[42m[INFO ][0m [1m[1;33m[app_server.py::77 ws]:[0m Opened new websocket connection[0m
[2026-09-03 21:53:41 +0300] [33404] [INFO] 127.0.0.1:9142 GET / 1.1 101 - 504
[discord] 2026-09-03 21:53:41,720 [INFO] Joined voice channel 🏕️Таверна "Астрал" (390301473210236932)
[discord] 2026-09-03 21:53:48,873 [INFO] Received unexpected rtcp packet: type=200, <class 'discord.ext.voice_recv.rtp.SenderReportPacket'>
[discord] 2026-09-03 21:53:48,873 [INFO] [SINK] write() call #1: user=<Member id=390300992173899777 name='dahaka_msm' global_name='Dahaka' bot=False nick=None guild=<Guild id=390301473210236928 name='not DM yet' shard_id=0 chunked=True member_count=19>> bot=<ClientUser id=1469738620238958686 name='Nira' global_name=None bot=True verified=True mfa_enabled=False>
[discord] 2026-09-03 21:53:48,873 [INFO] [SINK] Создаём буфер для dahaka_msm (min_bytes=42240)
[discord] 2026-09-03 21:53:48,882 [INFO] [SINK] write() call #2: user=<Member id=390300992173899777 name='dahaka_msm' global_name='Dahaka' bot=False nick=None guild=<Guild id=390301473210236928 name='not DM yet' shard_id=0 chunked=True member_count=19>> bot=<ClientUser id=1469738620238958686 name='Nira' global_name=None bot=True verified=True mfa_enabled=False>
[discord] 2026-09-03 21:53:49,021 [INFO] [SINK] write() call #3: user=<Member id=390300992173899777 name='dahaka_msm' global_name='Dahaka' bot=False nick=None guild=<Guild id=390301473210236928 name='not DM yet' shard_id=0 chunked=True member_count=19>> bot=<ClientUser id=1469738620238958686 name='Nira' global_name=None bot=True verified=True mfa_enabled=False>
[discord] 2026-09-03 21:53:49,032 [WARNING] 1 packets were lost being flushed in decoder-7083
[discord]  --> (last=63388) [63390, 63392]
[discord] 2026-09-03 21:53:49,032 [INFO] [SINK] write() call #4: user=<Member id=390300992173899777 name='dahaka_msm' global_name='Dahaka' bot=False nick=None guild=<Guild id=390301473210236928 name='not DM yet' shard_id=0 chunked=True member_count=19>> bot=<ClientUser id=1469738620238958686 name='Nira' global_name=None bot=True verified=True mfa_enabled=False>
[discord] 2026-09-03 21:53:49,049 [INFO] [SINK] write() call #5: user=<Member id=390300992173899777 name='dahaka_msm' global_name='Dahaka' bot=False nick=None guild=<Guild id=390301473210236928 name='not DM yet' shard_id=0 chunked=True member_count=19>> bot=<ClientUser id=1469738620238958686 name='Nira' global_name=None bot=True verified=True mfa_enabled=False>
[discord] 2026-09-03 21:53:49,064 [WARNING] 1 packets were lost being flushed in decoder-7083
[discord]  --> (last=63396) [63399, 63400]
[discord] 2026-09-03 21:53:49,853 [INFO] Received unexpected rtcp packet: type=200, <class 'discord.ext.voice_recv.rtp.SenderReportPacket'>
[2026-09-03 21:53:49 +0300] [33404] [INFO] 127.0.0.1:9145 POST /api/context/conversation/audio 1.1 200 142 1004
[discord] 2026-09-03 21:53:49,954 [INFO] HTTP Request: POST http://127.0.0.1:7272/api/context/conversation/audio "HTTP/1.1 200 "
[discord] 2026-09-03 21:53:49,955 [INFO] Submitted Discord speech from Dahaka (82560 bytes raw → 13760 bytes @16kHz mono)
[1m[1;34m[2026-09-03 21:53:49,960][0m [1m[1;30m[42m[INFO ][0m [1m[1;33m[sherpa.py::320 _generate]:[0m Sherpa STT final: len=0 latency_ms=5 source=discord turn=3ed783a2-9cc2-4e84-b701-da6d94d0930f utterance=1b9e79f4-354b-4b73-8fc2-d6569dbbda75[0m
[discord] 2026-09-03 21:53:50,853 [INFO] Received unexpected rtcp packet: type=200, <class 'discord.ext.voice_recv.rtp.SenderReportPacket'>
[2026-09-03 21:53:51 +0300] [33404] [INFO] 127.0.0.1:9147 POST /api/context/conversation/audio 1.1 200 142 499
[discord] 2026-09-03 21:53:51,394 [INFO] HTTP Request: POST http://127.0.0.1:7272/api/context/conversation/audio "HTTP/1.1 200 "
[discord] 2026-09-03 21:53:51,396 [INFO] Submitted Discord speech from Dahaka (181440 bytes raw → 30240 bytes @16kHz mono)
[1m[1;34m[2026-09-03 21:53:51,427][0m [1m[1;30m[42m[INFO ][0m [1m[1;33m[sherpa.py::320 _generate]:[0m Sherpa STT final: len=0 latency_ms=31 source=discord turn=dd4f1ad9-b419-496f-bd22-472b3c4cfac4 utterance=51e51972-cbd9-441b-a586-fb1c97105521[0m
[discord] 2026-09-03 21:53:51,854 [INFO] Received unexpected rtcp packet: type=200, <class 'discord.ext.voice_recv.rtp.SenderReportPacket'>
[discord] 2026-09-03 21:53:52,854 [INFO] Received unexpected rtcp packet: type=200, <class 'discord.ext.voice_recv.rtp.SenderReportPacket'>
[discord] 2026-09-03 21:53:53,855 [INFO] Received unexpected rtcp packet: type=200, <class 'discord.ext.voice_recv.rtp.SenderReportPacket'>
[discord] 2026-09-03 21:53:54,362 [INFO] [SINK] write() call #100: user=<Member id=390300992173899777 name='dahaka_msm' global_name='Dahaka' bot=False nick=None guild=<Guild id=390301473210236928 name='not DM yet' shard_id=0 chunked=True member_count=19>> bot=<ClientUser id=1469738620238958686 name='Nira' global_name=None bot=True verified=True mfa_enabled=False>
[discord] 2026-09-03 21:53:54,855 [INFO] Received unexpected rtcp packet: type=200, <class 'discord.ext.voice_recv.rtp.SenderReportPacket'>
[discord] 2026-09-03 21:53:55,856 [INFO] Received unexpected rtcp packet: type=200, <class 'discord.ext.voice_recv.rtp.SenderReportPacket'>
[discord] 2026-09-03 21:53:56,360 [INFO] [SINK] write() call #200: user=<Member id=390300992173899777 name='dahaka_msm' global_name='Dahaka' bot=False nick=None guild=<Guild id=390301473210236928 name='not DM yet' shard_id=0 chunked=True member_count=19>> bot=<ClientUser id=1469738620238958686 name='Nira' global_name=None bot=True verified=True mfa_enabled=False>
[discord] 2026-09-03 21:53:56,858 [INFO] Received unexpected rtcp packet: type=200, <class 'discord.ext.voice_recv.rtp.SenderReportPacket'>
[2026-09-03 21:53:57 +0300] [33404] [INFO] 127.0.0.1:9151 POST /api/context/conversation/audio 1.1 200 142 1507
[discord] 2026-09-03 21:53:57,718 [INFO] HTTP Request: POST http://127.0.0.1:7272/api/context/conversation/audio "HTTP/1.1 200 "
[discord] 2026-09-03 21:53:57,720 [INFO] Submitted Discord speech from Dahaka (943680 bytes raw → 157280 bytes @16kHz mono)
[discord] 2026-09-03 21:53:57,859 [INFO] Received unexpected rtcp packet: type=200, <class 'discord.ext.voice_recv.rtp.SenderReportPacket'>
[1m[1;34m[2026-09-03 21:53:57,912][0m [1m[1;30m[42m[INFO ][0m [1m[1;33m[sherpa.py::320 _generate]:[0m Sherpa STT final: len=0 latency_ms=193 source=discord turn=30e62022-2a52-44d2-8c03-11c9cf730356 utterance=ed80c634-c9a7-41c3-96aa-d1a11eb283d9[0m
[1m[1;34m[2026-09-03 21:53:58,478][0m [1m[1;30m[42m[INFO ][0m [1m[1;33m[app_server.py::86 ws]:[0m Closed websocket connection[0m
[discord] 2026-09-03 21:53:58,860 [INFO] Received unexpected rtcp packet: type=200, <class 'discord.ext.voice_recv.rtp.SenderReportPacket'>
[2026-09-03 21:53:59 +0300] [33404] [INFO] 127.0.0.1:3528 GET /api/config 1.1 200 3570 1015
[2026-09-03 21:53:59 +0300] [33404] [INFO] 127.0.0.1:3307 GET /api/config 1.1 200 3570 501
[2026-09-03 21:53:59 +0300] [33404] [INFO] 127.0.0.1:3309 GET /api/context/history 1.1 200 59 1021
[2026-09-03 21:53:59 +0300] [33404] [INFO] 127.0.0.1:5717 GET /api/context/history 1.1 200 59 507
[1m[1;34m[2026-09-03 21:53:59,283][0m [1m[1;30m[42m[INFO ][0m [1m[1;33m[app_server.py::77 ws]:[0m Opened new websocket connection[0m
[2026-09-03 21:53:59 +0300] [33404] [INFO] 127.0.0.1:1098 GET / 1.1 101 - 1022
[2026-09-03 21:53:59 +0300] [33404] [INFO] 127.0.0.1:1099 POST /api/context/conversation/audio 1.1 200 142 506
[discord] 2026-09-03 21:53:59,721 [INFO] HTTP Request: POST http://127.0.0.1:7272/api/context/conversation/audio "HTTP/1.1 200 "
[discord] 2026-09-03 21:53:59,722 [INFO] Submitted Discord speech from Dahaka (106080 bytes raw → 17680 bytes @16kHz mono)
[1m[1;34m[2026-09-03 21:53:59,753][0m [1m[1;30m[42m[INFO ][0m [1m[1;33m[sherpa.py::320 _generate]:[0m Sherpa STT final: len=0 latency_ms=32 source=discord turn=cf4bd50b-025e-4528-9558-611a4b382cff utterance=2ce73dff-07e4-45e8-b80b-1d39359818ad[0m
[discord] 2026-09-03 21:53:59,861 [INFO] Received unexpected rtcp packet: type=200, <class 'discord.ext.voice_recv.rtp.SenderReportPacket'>
[discord] 2026-09-03 21:54:00,862 [INFO] Received unexpected rtcp packet: type=200, <class 'discord.ext.voice_recv.rtp.SenderReportPacket'>
[discord] 2026-09-03 21:54:01,481 [INFO] [SINK] write() call #300: user=<Member id=390300992173899777 name='dahaka_msm' global_name='Dahaka' bot=False nick=None guild=<Guild id=390301473210236928 name='not DM yet' shard_id=0 chunked=True member_count=19>> bot=<ClientUser id=1469738620238958686 name='Nira' global_name=None bot=True verified=True mfa_enabled=False>
[discord] 2026-09-03 21:54:01,866 [INFO] Received unexpected rtcp packet: type=200, <class 'discord.ext.voice_recv.rtp.SenderReportPacket'>
[2026-09-03 21:54:02 +0300] [33404] [INFO] 127.0.0.1:1102 POST /api/context/conversation/audio 1.1 200 142 1134
[discord] 2026-09-03 21:54:02,834 [INFO] HTTP Request: POST http://127.0.0.1:7272/api/context/conversation/audio "HTTP/1.1 200 "
[discord] 2026-09-03 21:54:02,836 [INFO] Submitted Discord speech from Dahaka (346560 bytes raw → 57760 bytes @16kHz mono)
[discord] 2026-09-03 21:54:02,865 [INFO] Received unexpected rtcp packet: type=200, <class 'discord.ext.voice_recv.rtp.SenderReportPacket'>
[1m[1;34m[2026-09-03 21:54:02,919][0m [1m[1;30m[42m[INFO ][0m [1m[1;33m[sherpa.py::320 _generate]:[0m Sherpa STT final: len=0 latency_ms=84 source=discord turn=d1f5dfd3-a41e-449e-93c7-9dc0ba6e72de utterance=a9fee120-58e2-4674-9518-46c74fed2ef0[0m
[discord] 2026-09-03 21:54:03,867 [INFO] Received unexpected rtcp packet: type=200, <class 'discord.ext.voice_recv.rtp.SenderReportPacket'>
[discord] 2026-09-03 21:54:04,868 [INFO] Received unexpected rtcp packet: type=200, <class 'discord.ext.voice_recv.rtp.SenderReportPacket'>
[discord] 2026-09-03 21:54:05,867 [INFO] Received unexpected rtcp packet: type=200, <class 'discord.ext.voice_recv.rtp.SenderReportPacket'>
[discord] 2026-09-03 21:54:06,869 [INFO] Received unexpected rtcp packet: type=200, <class 'discord.ext.voice_recv.rtp.SenderReportPacket'>
[discord] 2026-09-03 21:54:07,880 [INFO] Received unexpected rtcp packet: type=200, <class 'discord.ext.voice_recv.rtp.SenderReportPacket'>
[discord] 2026-09-03 21:54:08,873 [INFO] Received unexpected rtcp packet: type=200, <class 'discord.ext.voice_recv.rtp.SenderReportPacket'>
[discord] 2026-09-03 21:54:09,874 [INFO] Received unexpected rtcp packet: type=200, <class 'discord.ext.voice_recv.rtp.SenderReportPacket'>
[discord] 2026-09-03 21:54:10,875 [INFO] Received unexpected rtcp packet: type=200, <class 'discord.ext.voice_recv.rtp.SenderReportPacket'>
[discord] 2026-09-03 21:54:11,877 [INFO] Received unexpected rtcp packet: type=200, <class 'discord.ext.voice_recv.rtp.SenderReportPacket'>
[discord] 2026-09-03 21:54:12,878 [INFO] Received unexpected rtcp packet: type=200, <class 'discord.ext.voice_recv.rtp.SenderReportPacket'>
[discord] 2026-09-03 21:54:13,879 [INFO] Received unexpected rtcp packet: type=200, <class 'discord.ext.voice_recv.rtp.SenderReportPacket'>
[2026-09-03 21:54:14 +0300] [33404] [INFO] 127.0.0.1:1106 POST /api/context/conversation/audio 1.1 200 142 504
[discord] 2026-09-03 21:54:14,666 [INFO] HTTP Request: POST http://127.0.0.1:7272/api/context/conversation/audio "HTTP/1.1 200 "
[discord] 2026-09-03 21:54:14,666 [INFO] Submitted Discord speech from Dahaka (202080 bytes raw → 33680 bytes @16kHz mono)
[1m[1;34m[2026-09-03 21:54:14,701][0m [1m[1;30m[42m[INFO ][0m [1m[1;33m[sherpa.py::320 _generate]:[0m Sherpa STT final: len=0 latency_ms=35 source=discord turn=489eef5c-ba99-407b-bced-59e1dfe0d622 utterance=d6e63fd7-0e8e-44fd-941c-a7fd07e87429[0m
[discord] 2026-09-03 21:54:14,880 [INFO] Received unexpected rtcp packet: type=200, <class 'discord.ext.voice_recv.rtp.SenderReportPacket'>
[discord] 2026-09-03 21:54:15,882 [INFO] Received unexpected rtcp packet: type=200, <class 'discord.ext.voice_recv.rtp.SenderReportPacket'>
[1m[1;34m[2026-09-03 21:54:16,221][0m [1m[1;30m[42m[INFO ][0m [1m[1;33m[jaison.py::441 create_job]:[0m Queued new context_conversation_add_text job 20a5b656-78c9-47d3-811c-26aa13c647c1[0m
[2026-09-03 21:54:16 +0300] [33404] [INFO] 127.0.0.1:7381 POST /api/context/conversation/text 1.1 200 138 506
[1m[1;34m[2026-09-03 21:54:16,231][0m [1m[1;30m[42m[INFO ][0m [1m[1;33m[jaison.py::441 create_job]:[0m Queued new response job 22250c07-dc8f-433d-9578-20a5ff2183be[0m
[2026-09-03 21:54:16 +0300] [33404] [INFO] 127.0.0.1:2313 POST /api/response 1.1 200 117 1007
[1m[1;34m[2026-09-03 21:54:16,630][0m [1m[1;30m[42m[INFO ][0m [1m[1;33m[operation.py::25 __call__]:[0m T2T operation llamacpp completed in 397.0710999565199 ms[0m
[discord] 2026-09-03 21:54:16,884 [INFO] Received unexpected rtcp packet: type=200, <class 'discord.ext.voice_recv.rtp.SenderReportPacket'>
[discord] 2026-09-03 21:54:17,883 [INFO] Received unexpected rtcp packet: type=200, <class 'discord.ext.voice_recv.rtp.SenderReportPacket'>
[1m[1;34m[2026-09-03 21:54:18,532][0m [1m[1;30m[42m[INFO ][0m [1m[1;33m[operation.py::25 __call__]:[0m TTS operation fish_audio completed in 1892.1367999864742 ms[0m
[1m[1;34m[2026-09-03 21:54:18,532][0m [1m[1;30m[42m[INFO ][0m [1m[1;33m[operation.py::25 __call__]:[0m FILTER_TEXT operation chunker_sentence completed in 1901.9718999043107 ms[0m
[1m[1;34m[2026-09-03 21:54:18,532][0m [1m[1;30m[42m[INFO ][0m [1m[1;33m[operation.py::25 __call__]:[0m FILTER_TEXT operation filter_clean completed in 1902.073800098151 ms[0m
[1m[1;34m[2026-09-03 21:54:18,533][0m [1m[1;30m[42m[INFO ][0m [1m[1;33m[jaison.py::963 response_pipeline]:[0m Response job 22250c07-dc8f-433d-9578-20a5ff2183be completed. Content: 'Дела норм, как у тебя?...'[0m
[discord] 2026-09-03 21:54:18,885 [INFO] Received unexpected rtcp packet: type=200, <class 'discord.ext.voice_recv.rtp.SenderReportPacket'>
[discord] 2026-09-03 21:54:19,887 [INFO] Received unexpected rtcp packet: type=200, <class 'discord.ext.voice_recv.rtp.SenderReportPacket'>
[discord] 2026-09-03 21:54:20,887 [INFO] Received unexpected rtcp packet: type=200, <class 'discord.ext.voice_recv.rtp.SenderReportPacket'>
[discord] 2026-09-03 21:54:21,519 [INFO] [SINK] write() call #400: user=<Member id=390300992173899777 name='dahaka_msm' global_name='Dahaka' bot=False nick=None guild=<Guild id=390301473210236928 name='not DM yet' shard_id=0 chunked=True member_count=19>> bot=<ClientUser id=1469738620238958686 name='Nira' global_name=None bot=True verified=True mfa_enabled=False>
[discord] 2026-09-03 21:54:21,888 [INFO] Received unexpected rtcp packet: type=200, <class 'discord.ext.voice_recv.rtp.SenderReportPacket'>
[2026-09-03 21:54:22 +0300] [33404] [INFO] 127.0.0.1:2317 POST /api/context/conversation/audio 1.1 200 142 1033
[discord] 2026-09-03 21:54:22,285 [INFO] HTTP Request: POST http://127.0.0.1:7272/api/context/conversation/audio "HTTP/1.1 200 "
[discord] 2026-09-03 21:54:22,286 [INFO] Submitted Discord speech from Dahaka (94080 bytes raw → 15680 bytes @16kHz mono)
[1m[1;34m[2026-09-03 21:54:22,309][0m [1m[1;30m[42m[INFO ][0m [1m[1;33m[sherpa.py::320 _generate]:[0m Sherpa STT final: len=0 latency_ms=23 source=discord turn=726912f0-d783-41ae-9cb3-44ced3007c4e utterance=63cb2f2a-5ef9-4281-b427-3e9743136f69[0m
[discord] 2026-09-03 21:54:22,889 [INFO] Received unexpected rtcp packet: type=200, <class 'discord.ext.voice_recv.rtp.SenderReportPacket'>
[discord] 2026-09-03 21:54:23,890 [INFO] Received unexpected rtcp packet: type=200, <class 'discord.ext.voice_recv.rtp.SenderReportPacket'>
[discord] 2026-09-03 21:54:24,891 [INFO] Received unexpected rtcp packet: type=200, <class 'discord.ext.voice_recv.rtp.SenderReportPacket'>
[discord] 2026-09-03 21:54:25,893 [INFO] Received unexpected rtcp packet: type=200, <class 'discord.ext.voice_recv.rtp.SenderReportPacket'>
[discord] 2026-09-03 21:54:25,959 [INFO] [SINK] write() call #500: user=<Member id=390300992173899777 name='dahaka_msm' global_name='Dahaka' bot=False nick=None guild=<Guild id=390301473210236928 name='not DM yet' shard_id=0 chunked=True member_count=19>> bot=<ClientUser id=1469738620238958686 name='Nira' global_name=None bot=True verified=True mfa_enabled=False>
[discord] 2026-09-03 21:54:26,895 [INFO] Received unexpected rtcp packet: type=200, <class 'discord.ext.voice_recv.rtp.SenderReportPacket'>
[2026-09-03 21:54:27 +0300] [33404] [INFO] 127.0.0.1:6525 POST /api/context/conversation/audio 1.1 200 142 1511
[discord] 2026-09-03 21:54:27,303 [INFO] HTTP Request: POST http://127.0.0.1:7272/api/context/conversation/audio "HTTP/1.1 200 "
[discord] 2026-09-03 21:54:27,305 [INFO] Submitted Discord speech from Dahaka (666720 bytes raw → 111120 bytes @16kHz mono)
[1m[1;34m[2026-09-03 21:54:27,435][0m [1m[1;30m[42m[INFO ][0m [1m[1;33m[sherpa.py::320 _generate]:[0m Sherpa STT final: len=0 latency_ms=130 source=discord turn=4099ead1-7674-44fd-9183-cfd0ad6e8230 utterance=150f03b8-edae-4ed7-a997-ed7d5c0949b2[0m
[discord] 2026-09-03 21:54:27,896 [INFO] Received unexpected rtcp packet: type=200, <class 'discord.ext.voice_recv.rtp.SenderReportPacket'>
[discord] 2026-09-03 21:54:28,897 [INFO] Received unexpected rtcp packet: type=200, <class 'discord.ext.voice_recv.rtp.SenderReportPacket'>
[discord] 2026-09-03 21:54:29,897 [INFO] Received unexpected rtcp packet: type=200, <class 'discord.ext.voice_recv.rtp.SenderReportPacket'>
[discord] 2026-09-03 21:54:30,898 [INFO] Received unexpected rtcp packet: type=200, <class 'discord.ext.voice_recv.rtp.SenderReportPacket'>
[discord] 2026-09-03 21:54:31,900 [INFO] Received unexpected rtcp packet: type=200, <class 'discord.ext.voice_recv.rtp.SenderReportPacket'>
[discord] 2026-09-03 21:54:32,901 [INFO] Received unexpected rtcp packet: type=200, <class 'discord.ext.voice_recv.rtp.SenderReportPacket'>
[discord] 2026-09-03 21:54:33,902 [INFO] Received unexpected rtcp packet: type=200, <class 'discord.ext.voice_recv.rtp.SenderReportPacket'>
[discord] 2026-09-03 21:54:34,903 [INFO] Received unexpected rtcp packet: type=200, <class 'discord.ext.voice_recv.rtp.SenderReportPacket'>
[discord] 2026-09-03 21:54:35,903 [INFO] Received unexpected rtcp packet: type=200, <class 'discord.ext.voice_recv.rtp.SenderReportPacket'>
[discord] 2026-09-03 21:54:36,903 [INFO] Received unexpected rtcp packet: type=200, <class 'discord.ext.voice_recv.rtp.SenderReportPacket'>
[discord] 2026-09-03 21:54:37,904 [INFO] Received unexpected rtcp packet: type=200, <class 'discord.ext.voice_recv.rtp.SenderReportPacket'>
[discord] 2026-09-03 21:54:38,905 [INFO] Received unexpected rtcp packet: type=200, <class 'discord.ext.voice_recv.rtp.SenderReportPacket'>
[discord] 2026-09-03 21:54:39,908 [INFO] Received unexpected rtcp packet: type=200, <class 'discord.ext.voice_recv.rtp.SenderReportPacket'>
[discord] 2026-09-03 21:54:40,907 [INFO] Received unexpected rtcp packet: type=200, <class 'discord.ext.voice_recv.rtp.SenderReportPacket'>
[discord] 2026-09-03 21:54:41,908 [INFO] Received unexpected rtcp packet: type=200, <class 'discord.ext.voice_recv.rtp.SenderReportPacket'>
[discord] 2026-09-03 21:54:42,909 [INFO] Received unexpected rtcp packet: type=200, <class 'discord.ext.voice_recv.rtp.SenderReportPacket'>
[discord] 2026-09-03 21:54:43,910 [INFO] Received unexpected rtcp packet: type=200, <class 'discord.ext.voice_recv.rtp.SenderReportPacket'>
[discord] 2026-09-03 21:54:44,911 [INFO] Received unexpected rtcp packet: type=200, <class 'discord.ext.voice_recv.rtp.SenderReportPacket'>
[discord] 2026-09-03 21:54:45,912 [INFO] Received unexpected rtcp packet: type=200, <class 'discord.ext.voice_recv.rtp.SenderReportPacket'>
[discord] 2026-09-03 21:54:46,914 [INFO] Received unexpected rtcp packet: type=200, <class 'discord.ext.voice_recv.rtp.SenderReportPacket'>
[discord] 2026-09-03 21:54:47,913 [INFO] Received unexpected rtcp packet: type=200, <class 'discord.ext.voice_recv.rtp.SenderReportPacket'>
[discord] 2026-09-03 21:54:48,917 [INFO] Received unexpected rtcp packet: type=200, <class 'discord.ext.voice_recv.rtp.SenderReportPacket'>
[discord] 2026-09-03 21:54:49,925 [INFO] Received unexpected rtcp packet: type=200, <class 'discord.ext.voice_recv.rtp.SenderReportPacket'>
[discord] 2026-09-03 21:54:50,933 [INFO] Received unexpected rtcp packet: type=200, <class 'discord.ext.voice_recv.rtp.SenderReportPacket'>
[discord] 2026-09-03 21:54:51,924 [INFO] Received unexpected rtcp packet: type=200, <class 'discord.ext.voice_recv.rtp.SenderReportPacket'>
[discord] 2026-09-03 21:54:52,925 [INFO] Received unexpected rtcp packet: type=200, <class 'discord.ext.voice_recv.rtp.SenderReportPacket'>
[discord] 2026-09-03 21:54:53,927 [INFO] Received unexpected rtcp packet: type=200, <class 'discord.ext.voice_recv.rtp.SenderReportPacket'>
[discord] 2026-09-03 21:54:54,942 [INFO] Received unexpected rtcp packet: type=200, <class 'discord.ext.voice_recv.rtp.SenderReportPacket'>
[discord] 2026-09-03 21:54:55,934 [INFO] Received unexpected rtcp packet: type=200, <class 'discord.ext.voice_recv.rtp.SenderReportPacket'>
[discord] 2026-09-03 21:54:56,934 [INFO] Received unexpected rtcp packet: type=200, <class 'discord.ext.voice_recv.rtp.SenderReportPacket'>
[discord] 2026-09-03 21:54:57,935 [INFO] Received unexpected rtcp packet: type=200, <class 'discord.ext.voice_recv.rtp.SenderReportPacket'>
[discord] 2026-09-03 21:54:58,935 [INFO] Received unexpected rtcp packet: type=200, <class 'discord.ext.voice_recv.rtp.SenderReportPacket'>
[discord] 2026-09-03 21:54:59,937 [INFO] Received unexpected rtcp packet: type=200, <class 'discord.ext.voice_recv.rtp.SenderReportPacket'>
[discord] 2026-09-03 21:55:00,938 [INFO] Received unexpected rtcp packet: type=200, <class 'discord.ext.voice_recv.rtp.SenderReportPacket'>
[discord] 2026-09-03 21:55:01,939 [INFO] Received unexpected rtcp packet: type=200, <class 'discord.ext.voice_recv.rtp.SenderReportPacket'>
[discord] 2026-09-03 21:55:02,939 [INFO] Received unexpected rtcp packet: type=200, <class 'discord.ext.voice_recv.rtp.SenderReportPacket'>
[discord] 2026-09-03 21:55:03,941 [INFO] Received unexpected rtcp packet: type=200, <class 'discord.ext.voice_recv.rtp.SenderReportPacket'>
[discord] 2026-09-03 21:55:04,946 [INFO] Received unexpected rtcp packet: type=200, <class 'discord.ext.voice_recv.rtp.SenderReportPacket'>
[discord] 2026-09-03 21:55:05,946 [INFO] Received unexpected rtcp packet: type=200, <class 'discord.ext.voice_recv.rtp.SenderReportPacket'>
[discord] 2026-09-03 21:55:06,949 [INFO] Received unexpected rtcp packet: type=200, <class 'discord.ext.voice_recv.rtp.SenderReportPacket'>
[discord] 2026-09-03 21:55:07,950 [INFO] Received unexpected rtcp packet: type=200, <class 'discord.ext.voice_recv.rtp.SenderReportPacket'>
[discord] 2026-09-03 21:55:08,949 [INFO] Received unexpected rtcp packet: type=200, <class 'discord.ext.voice_recv.rtp.SenderReportPacket'>
[discord] 2026-09-03 21:55:09,950 [INFO] Received unexpected rtcp packet: type=200, <class 'discord.ext.voice_recv.rtp.SenderReportPacket'>
[discord] 2026-09-03 21:55:10,953 [INFO] Received unexpected rtcp packet: type=200, <class 'discord.ext.voice_recv.rtp.SenderReportPacket'>
[discord] 2026-09-03 21:55:11,953 [INFO] Received unexpected rtcp packet: type=200, <class 'discord.ext.voice_recv.rtp.SenderReportPacket'>
[discord] 2026-09-03 21:55:12,954 [INFO] Received unexpected rtcp packet: type=200, <class 'discord.ext.voice_recv.rtp.SenderReportPacket'>
[discord] 2026-09-03 21:55:13,957 [INFO] Received unexpected rtcp packet: type=200, <class 'discord.ext.voice_recv.rtp.SenderReportPacket'>
[discord] 2026-09-03 21:55:14,962 [INFO] Received unexpected rtcp packet: type=200, <class 'discord.ext.voice_recv.rtp.SenderReportPacket'>
[discord] 2026-09-03 21:55:15,957 [INFO] Received unexpected rtcp packet: type=200, <class 'discord.ext.voice_recv.rtp.SenderReportPacket'>
[discord] 2026-09-03 21:55:16,959 [INFO] Received unexpected rtcp packet: type=200, <class 'discord.ext.voice_recv.rtp.SenderReportPacket'>
[discord] 2026-09-03 21:55:17,958 [INFO] Received unexpected rtcp packet: type=200, <class 'discord.ext.voice_recv.rtp.SenderReportPacket'>
[discord] 2026-09-03 21:55:18,960 [INFO] Received unexpected rtcp packet: type=200, <class 'discord.ext.voice_recv.rtp.SenderReportPacket'>
[discord] 2026-09-03 21:55:19,960 [INFO] Received unexpected rtcp packet: type=200, <class 'discord.ext.voice_recv.rtp.SenderReportPacket'>
[discord] 2026-09-03 21:55:20,961 [INFO] Received unexpected rtcp packet: type=200, <class 'discord.ext.voice_recv.rtp.SenderReportPacket'>
[discord] 2026-09-03 21:55:21,963 [INFO] Received unexpected rtcp packet: type=200, <class 'discord.ext.voice_recv.rtp.SenderReportPacket'>
[discord] 2026-09-03 21:55:22,964 [INFO] Received unexpected rtcp packet: type=200, <class 'discord.ext.voice_recv.rtp.SenderReportPacket'>
[discord] 2026-09-03 21:55:23,965 [INFO] Received unexpected rtcp packet: type=200, <class 'discord.ext.voice_recv.rtp.SenderReportPacket'>
[discord] 2026-09-03 21:55:24,965 [INFO] Received unexpected rtcp packet: type=200, <class 'discord.ext.voice_recv.rtp.SenderReportPacket'>
[discord] 2026-09-03 21:55:25,965 [INFO] Received unexpected rtcp packet: type=200, <class 'discord.ext.voice_recv.rtp.SenderReportPacket'>
[discord] 2026-09-03 21:55:26,967 [INFO] Received unexpected rtcp packet: type=200, <class 'discord.ext.voice_recv.rtp.SenderReportPacket'>
[discord] 2026-09-03 21:55:27,969 [INFO] Received unexpected rtcp packet: type=200, <class 'discord.ext.voice_recv.rtp.SenderReportPacket'>
[discord] 2026-09-03 21:55:28,968 [INFO] Received unexpected rtcp packet: type=200, <class 'discord.ext.voice_recv.rtp.SenderReportPacket'>
[discord] 2026-09-03 21:55:29,970 [INFO] Received unexpected rtcp packet: type=200, <class 'discord.ext.voice_recv.rtp.SenderReportPacket'>
[discord] 2026-09-03 21:55:30,972 [INFO] Received unexpected rtcp packet: type=200, <class 'discord.ext.voice_recv.rtp.SenderReportPacket'>
[discord] 2026-09-03 21:55:31,972 [INFO] Received unexpected rtcp packet: type=200, <class 'discord.ext.voice_recv.rtp.SenderReportPacket'>
[discord] 2026-09-03 21:55:32,973 [INFO] Received unexpected rtcp packet: type=200, <class 'discord.ext.voice_recv.rtp.SenderReportPacket'>
[discord] 2026-09-03 21:55:33,975 [INFO] Received unexpected rtcp packet: type=200, <class 'discord.ext.voice_recv.rtp.SenderReportPacket'>
[discord] 2026-09-03 21:55:34,977 [INFO] Received unexpected rtcp packet: type=200, <class 'discord.ext.voice_recv.rtp.SenderReportPacket'>
[discord] 2026-09-03 21:55:35,977 [INFO] Received unexpected rtcp packet: type=200, <class 'discord.ext.voice_recv.rtp.SenderReportPacket'>
[discord] 2026-09-03 21:55:36,977 [INFO] Received unexpected rtcp packet: type=200, <class 'discord.ext.voice_recv.rtp.SenderReportPacket'>
[discord] 2026-09-03 21:55:37,978 [INFO] Received unexpected rtcp packet: type=200, <class 'discord.ext.voice_recv.rtp.SenderReportPacket'>
[discord] 2026-09-03 21:55:38,980 [INFO] Received unexpected rtcp packet: type=200, <class 'discord.ext.voice_recv.rtp.SenderReportPacket'>
[discord] 2026-09-03 21:55:39,981 [INFO] Received unexpected rtcp packet: type=200, <class 'discord.ext.voice_recv.rtp.SenderReportPacket'>
[discord] 2026-09-03 21:55:40,982 [INFO] Received unexpected rtcp packet: type=200, <class 'discord.ext.voice_recv.rtp.SenderReportPacket'>
[discord] 2026-09-03 21:55:41,984 [INFO] Received unexpected rtcp packet: type=200, <class 'discord.ext.voice_recv.rtp.SenderReportPacket'>
[discord] 2026-09-03 21:55:42,984 [INFO] Received unexpected rtcp packet: type=200, <class 'discord.ext.voice_recv.rtp.SenderReportPacket'>
[discord] 2026-09-03 21:55:43,986 [INFO] Received unexpected rtcp packet: type=200, <class 'discord.ext.voice_recv.rtp.SenderReportPacket'>
[discord] 2026-09-03 21:55:44,987 [INFO] Received unexpected rtcp packet: type=200, <class 'discord.ext.voice_recv.rtp.SenderReportPacket'>
[discord] 2026-09-03 21:55:45,988 [INFO] Received unexpected rtcp packet: type=200, <class 'discord.ext.voice_recv.rtp.SenderReportPacket'>
[discord] 2026-09-03 21:55:46,989 [INFO] Received unexpected rtcp packet: type=200, <class 'discord.ext.voice_recv.rtp.SenderReportPacket'>
[discord] 2026-09-03 21:55:47,990 [INFO] Received unexpected rtcp packet: type=200, <class 'discord.ext.voice_recv.rtp.SenderReportPacket'>
[discord] 2026-09-03 21:55:48,991 [INFO] Received unexpected rtcp packet: type=200, <class 'discord.ext.voice_recv.rtp.SenderReportPacket'>
[discord] 2026-09-03 21:55:49,991 [INFO] Received unexpected rtcp packet: type=200, <class 'discord.ext.voice_recv.rtp.SenderReportPacket'>
[discord] 2026-09-03 21:55:50,992 [INFO] Received unexpected rtcp packet: type=200, <class 'discord.ext.voice_recv.rtp.SenderReportPacket'>
[discord] 2026-09-03 21:55:51,993 [INFO] Received unexpected rtcp packet: type=200, <class 'discord.ext.voice_recv.rtp.SenderReportPacket'>
[discord] 2026-09-03 21:55:52,994 [INFO] Received unexpected rtcp packet: type=200, <class 'discord.ext.voice_recv.rtp.SenderReportPacket'>
[discord] 2026-09-03 21:55:53,994 [INFO] Received unexpected rtcp packet: type=200, <class 'discord.ext.voice_recv.rtp.SenderReportPacket'>
[discord] 2026-09-03 21:55:54,996 [INFO] Received unexpected rtcp packet: type=200, <class 'discord.ext.voice_recv.rtp.SenderReportPacket'>
[discord] 2026-09-03 21:55:55,997 [INFO] Received unexpected rtcp packet: type=200, <class 'discord.ext.voice_recv.rtp.SenderReportPacket'>
[discord] 2026-09-03 21:55:56,998 [INFO] Received unexpected rtcp packet: type=200, <class 'discord.ext.voice_recv.rtp.SenderReportPacket'>
[discord] 2026-09-03 21:55:57,999 [INFO] Received unexpected rtcp packet: type=200, <class 'discord.ext.voice_recv.rtp.SenderReportPacket'>
[discord] 2026-09-03 21:55:59,002 [INFO] Received unexpected rtcp packet: type=200, <class 'discord.ext.voice_recv.rtp.SenderReportPacket'>
[discord] 2026-09-03 21:56:00,001 [INFO] Received unexpected rtcp packet: type=200, <class 'discord.ext.voice_recv.rtp.SenderReportPacket'>
[discord] 2026-09-03 21:56:01,004 [INFO] Received unexpected rtcp packet: type=200, <class 'discord.ext.voice_recv.rtp.SenderReportPacket'>
[discord] 2026-09-03 21:56:02,029 [INFO] Received unexpected rtcp packet: type=200, <class 'discord.ext.voice_recv.rtp.SenderReportPacket'>
[discord] 2026-09-03 21:56:03,023 [INFO] Received unexpected rtcp packet: type=200, <class 'discord.ext.voice_recv.rtp.SenderReportPacket'>
[discord] 2026-09-03 21:56:04,076 [INFO] Received unexpected rtcp packet: type=200, <class 'discord.ext.voice_recv.rtp.SenderReportPacket'>
[discord] 2026-09-03 21:56:05,128 [INFO] Received unexpected rtcp packet: type=200, <class 'discord.ext.voice_recv.rtp.SenderReportPacket'>
[discord] 2026-09-03 21:56:06,112 [INFO] Received unexpected rtcp packet: type=200, <class 'discord.ext.voice_recv.rtp.SenderReportPacket'>
[discord] 2026-09-03 21:56:07,125 [INFO] Received unexpected rtcp packet: type=200, <class 'discord.ext.voice_recv.rtp.SenderReportPacket'>
[discord] 2026-09-03 21:56:08,120 [INFO] Received unexpected rtcp packet: type=200, <class 'discord.ext.voice_recv.rtp.SenderReportPacket'>
[discord] 2026-09-03 21:56:09,121 [INFO] Received unexpected rtcp packet: type=200, <class 'discord.ext.voice_recv.rtp.SenderReportPacket'>
[discord] 2026-09-03 21:56:10,124 [INFO] Received unexpected rtcp packet: type=200, <class 'discord.ext.voice_recv.rtp.SenderReportPacket'>
[discord] 2026-09-03 21:56:11,125 [INFO] Received unexpected rtcp packet: type=200, <class 'discord.ext.voice_recv.rtp.SenderReportPacket'>
[discord] 2026-09-03 21:56:12,144 [INFO] Received unexpected rtcp packet: type=200, <class 'discord.ext.voice_recv.rtp.SenderReportPacket'>
[discord] 2026-09-03 21:56:13,139 [INFO] Received unexpected rtcp packet: type=200, <class 'discord.ext.voice_recv.rtp.SenderReportPacket'>
[discord] 2026-09-03 21:56:14,141 [INFO] Received unexpected rtcp packet: type=200, <class 'discord.ext.voice_recv.rtp.SenderReportPacket'>
[discord] 2026-09-03 21:56:15,140 [INFO] Received unexpected rtcp packet: type=200, <class 'discord.ext.voice_recv.rtp.SenderReportPacket'>
[discord] 2026-09-03 21:56:16,141 [INFO] Received unexpected rtcp packet: type=200, <class 'discord.ext.voice_recv.rtp.SenderReportPacket'>
[discord] 2026-09-03 21:56:17,142 [INFO] Received unexpected rtcp packet: type=200, <class 'discord.ext.voice_recv.rtp.SenderReportPacket'>
[discord] 2026-09-03 21:56:18,143 [INFO] Received unexpected rtcp packet: type=200, <class 'discord.ext.voice_recv.rtp.SenderReportPacket'>
[discord] 2026-09-03 21:56:19,144 [INFO] Received unexpected rtcp packet: type=200, <class 'discord.ext.voice_recv.rtp.SenderReportPacket'>
[discord] 2026-09-03 21:56:20,146 [INFO] Received unexpected rtcp packet: type=200, <class 'discord.ext.voice_recv.rtp.SenderReportPacket'>
[discord] 2026-09-03 21:56:21,146 [INFO] Received unexpected rtcp packet: type=200, <class 'discord.ext.voice_recv.rtp.SenderReportPacket'>
[discord] 2026-09-03 21:56:22,147 [INFO] Received unexpected rtcp packet: type=200, <class 'discord.ext.voice_recv.rtp.SenderReportPacket'>
[discord] 2026-09-03 21:56:23,148 [INFO] Received unexpected rtcp packet: type=200, <class 'discord.ext.voice_recv.rtp.SenderReportPacket'>
[discord] 2026-09-03 21:56:24,149 [INFO] Received unexpected rtcp packet: type=200, <class 'discord.ext.voice_recv.rtp.SenderReportPacket'>
[discord] 2026-09-03 21:56:25,149 [INFO] Received unexpected rtcp packet: type=200, <class 'discord.ext.voice_recv.rtp.SenderReportPacket'>
[discord] 2026-09-03 21:56:26,150 [INFO] Received unexpected rtcp packet: type=200, <class 'discord.ext.voice_recv.rtp.SenderReportPacket'>
[discord] 2026-09-03 21:56:27,167 [INFO] Received unexpected rtcp packet: type=200, <class 'discord.ext.voice_recv.rtp.SenderReportPacket'>
[discord] 2026-09-03 21:56:28,153 [INFO] Received unexpected rtcp packet: type=200, <class 'discord.ext.voice_recv.rtp.SenderReportPacket'>
[discord] 2026-09-03 21:56:29,153 [INFO] Received unexpected rtcp packet: type=200, <class 'discord.ext.voice_recv.rtp.SenderReportPacket'>
[discord] 2026-09-03 21:56:30,154 [INFO] Received unexpected rtcp packet: type=200, <class 'discord.ext.voice_recv.rtp.SenderReportPacket'>
[discord] 2026-09-03 21:56:31,158 [INFO] Received unexpected rtcp packet: type=200, <class 'discord.ext.voice_recv.rtp.SenderReportPacket'>
[discord] 2026-09-03 21:56:32,156 [INFO] Received unexpected rtcp packet: type=200, <class 'discord.ext.voice_recv.rtp.SenderReportPacket'>
[discord] 2026-09-03 21:56:33,159 [INFO] Received unexpected rtcp packet: type=200, <class 'discord.ext.voice_recv.rtp.SenderReportPacket'>
[discord] 2026-09-03 21:56:34,160 [INFO] Received unexpected rtcp packet: type=200, <class 'discord.ext.voice_recv.rtp.SenderReportPacket'>
[discord] 2026-09-03 21:56:35,161 [INFO] Received unexpected rtcp packet: type=200, <class 'discord.ext.voice_recv.rtp.SenderReportPacket'>
[discord] 2026-09-03 21:56:36,163 [INFO] Received unexpected rtcp packet: type=200, <class 'discord.ext.voice_recv.rtp.SenderReportPacket'>
[discord] 2026-09-03 21:56:37,162 [INFO] Received unexpected rtcp packet: type=200, <class 'discord.ext.voice_recv.rtp.SenderReportPacket'>
[discord] 2026-09-03 21:56:38,164 [INFO] Received unexpected rtcp packet: type=200, <class 'discord.ext.voice_recv.rtp.SenderReportPacket'>
[discord] 2026-09-03 21:56:39,165 [INFO] Received unexpected rtcp packet: type=200, <class 'discord.ext.voice_recv.rtp.SenderReportPacket'>
[discord] 2026-09-03 21:56:40,166 [INFO] Received unexpected rtcp packet: type=200, <class 'discord.ext.voice_recv.rtp.SenderReportPacket'>
[discord] 2026-09-03 21:56:41,168 [INFO] Received unexpected rtcp packet: type=200, <class 'discord.ext.voice_recv.rtp.SenderReportPacket'>
[discord] 2026-09-03 21:56:42,167 [INFO] Received unexpected rtcp packet: type=200, <class 'discord.ext.voice_recv.rtp.SenderReportPacket'>
[discord] 2026-09-03 21:56:43,169 [INFO] Received unexpected rtcp packet: type=200, <class 'discord.ext.voice_recv.rtp.SenderReportPacket'>
[discord] 2026-09-03 21:56:44,170 [INFO] Received unexpected rtcp packet: type=200, <class 'discord.ext.voice_recv.rtp.SenderReportPacket'>
[discord] 2026-09-03 21:56:45,171 [INFO] Received unexpected rtcp packet: type=200, <class 'discord.ext.voice_recv.rtp.SenderReportPacket'>
[discord] 2026-09-03 21:56:46,172 [INFO] Received unexpected rtcp packet: type=200, <class 'discord.ext.voice_recv.rtp.SenderReportPacket'>
[discord] 2026-09-03 21:56:47,177 [INFO] Received unexpected rtcp packet: type=200, <class 'discord.ext.voice_recv.rtp.SenderReportPacket'>
[discord] 2026-09-03 21:56:48,177 [INFO] Received unexpected rtcp packet: type=200, <class 'discord.ext.voice_recv.rtp.SenderReportPacket'>
[discord] 2026-09-03 21:56:49,177 [INFO] Received unexpected rtcp packet: type=200, <class 'discord.ext.voice_recv.rtp.SenderReportPacket'>
[discord] 2026-09-03 21:56:50,179 [INFO] Received unexpected rtcp packet: type=200, <class 'discord.ext.voice_recv.rtp.SenderReportPacket'>
[discord] 2026-09-03 21:56:51,180 [INFO] Received unexpected rtcp packet: type=200, <class 'discord.ext.voice_recv.rtp.SenderReportPacket'>
[discord] 2026-09-03 21:56:52,181 [INFO] Received unexpected rtcp packet: type=200, <class 'discord.ext.voice_recv.rtp.SenderReportPacket'>
[discord] 2026-09-03 21:56:53,181 [INFO] Received unexpected rtcp packet: type=200, <class 'discord.ext.voice_recv.rtp.SenderReportPacket'>
[discord] 2026-09-03 21:56:54,182 [INFO] Received unexpected rtcp packet: type=200, <class 'discord.ext.voice_recv.rtp.SenderReportPacket'>
[discord] 2026-09-03 21:56:55,183 [INFO] Received unexpected rtcp packet: type=200, <class 'discord.ext.voice_recv.rtp.SenderReportPacket'>
[discord] 2026-09-03 21:56:56,183 [INFO] Received unexpected rtcp packet: type=200, <class 'discord.ext.voice_recv.rtp.SenderReportPacket'>
[discord] 2026-09-03 21:56:57,184 [INFO] Received unexpected rtcp packet: type=200, <class 'discord.ext.voice_recv.rtp.SenderReportPacket'>
[discord] 2026-09-03 21:56:58,185 [INFO] Received unexpected rtcp packet: type=200, <class 'discord.ext.voice_recv.rtp.SenderReportPacket'>
[discord] 2026-09-03 21:56:59,186 [INFO] Received unexpected rtcp packet: type=200, <class 'discord.ext.voice_recv.rtp.SenderReportPacket'>
[discord] 2026-09-03 21:57:00,187 [INFO] Received unexpected rtcp packet: type=200, <class 'discord.ext.voice_recv.rtp.SenderReportPacket'>
[discord] 2026-09-03 21:57:01,188 [INFO] Received unexpected rtcp packet: type=200, <class 'discord.ext.voice_recv.rtp.SenderReportPacket'>
[discord] 2026-09-03 21:57:02,189 [INFO] Received unexpected rtcp packet: type=200, <class 'discord.ext.voice_recv.rtp.SenderReportPacket'>
[discord] 2026-09-03 21:57:03,189 [INFO] Received unexpected rtcp packet: type=200, <class 'discord.ext.voice_recv.rtp.SenderReportPacket'>
[discord] 2026-09-03 21:57:04,190 [INFO] Received unexpected rtcp packet: type=200, <class 'discord.ext.voice_recv.rtp.SenderReportPacket'>
[discord] 2026-09-03 21:57:05,191 [INFO] Received unexpected rtcp packet: type=200, <class 'discord.ext.voice_recv.rtp.SenderReportPacket'>
[discord] 2026-09-03 21:57:06,194 [INFO] Received unexpected rtcp packet: type=200, <class 'discord.ext.voice_recv.rtp.SenderReportPacket'>
[discord] 2026-09-03 21:57:07,193 [INFO] Received unexpected rtcp packet: type=200, <class 'discord.ext.voice_recv.rtp.SenderReportPacket'>
[discord] 2026-09-03 21:57:08,201 [INFO] Received unexpected rtcp packet: type=200, <class 'discord.ext.voice_recv.rtp.SenderReportPacket'>
[discord] 2026-09-03 21:57:09,199 [INFO] Received unexpected rtcp packet: type=200, <class 'discord.ext.voice_recv.rtp.SenderReportPacket'>
[discord] 2026-09-03 21:57:10,201 [INFO] Received unexpected rtcp packet: type=200, <class 'discord.ext.voice_recv.rtp.SenderReportPacket'>
[discord] 2026-09-03 21:57:11,201 [INFO] Received unexpected rtcp packet: type=200, <class 'discord.ext.voice_recv.rtp.SenderReportPacket'>
[discord] 2026-09-03 21:57:12,201 [INFO] Received unexpected rtcp packet: type=200, <class 'discord.ext.voice_recv.rtp.SenderReportPacket'>
[discord] 2026-09-03 21:57:13,207 [INFO] Received unexpected rtcp packet: type=200, <class 'discord.ext.voice_recv.rtp.SenderReportPacket'>
[discord] 2026-09-03 21:57:14,207 [INFO] Received unexpected rtcp packet: type=200, <class 'discord.ext.voice_recv.rtp.SenderReportPacket'>
[discord] 2026-09-03 21:57:15,209 [INFO] Received unexpected rtcp packet: type=200, <class 'discord.ext.voice_recv.rtp.SenderReportPacket'>
[discord] 2026-09-03 21:57:16,209 [INFO] Received unexpected rtcp packet: type=200, <class 'discord.ext.voice_recv.rtp.SenderReportPacket'>
[discord] 2026-09-03 21:57:17,211 [INFO] Received unexpected rtcp packet: type=200, <class 'discord.ext.voice_recv.rtp.SenderReportPacket'>
[discord] 2026-09-03 21:57:18,212 [INFO] Received unexpected rtcp packet: type=200, <class 'discord.ext.voice_recv.rtp.SenderReportPacket'>
[discord] 2026-09-03 21:57:19,214 [INFO] Received unexpected rtcp packet: type=200, <class 'discord.ext.voice_recv.rtp.SenderReportPacket'>
[discord] 2026-09-03 21:57:20,213 [INFO] Received unexpected rtcp packet: type=200, <class 'discord.ext.voice_recv.rtp.SenderReportPacket'>
[discord] 2026-09-03 21:57:21,219 [INFO] Received unexpected rtcp packet: type=200, <class 'discord.ext.voice_recv.rtp.SenderReportPacket'>
[discord] 2026-09-03 21:57:22,219 [INFO] Received unexpected rtcp packet: type=200, <class 'discord.ext.voice_recv.rtp.SenderReportPacket'>
[discord] 2026-09-03 21:57:23,219 [INFO] Received unexpected rtcp packet: type=200, <class 'discord.ext.voice_recv.rtp.SenderReportPacket'>
[discord] 2026-09-03 21:57:24,221 [INFO] Received unexpected rtcp packet: type=200, <class 'discord.ext.voice_recv.rtp.SenderReportPacket'>
[discord] 2026-09-03 21:57:25,220 [INFO] Received unexpected rtcp packet: type=200, <class 'discord.ext.voice_recv.rtp.SenderReportPacket'>
[discord] 2026-09-03 21:57:26,222 [INFO] Received unexpected rtcp packet: type=200, <class 'discord.ext.voice_recv.rtp.SenderReportPacket'>
[discord] 2026-09-03 21:57:27,221 [INFO] Received unexpected rtcp packet: type=200, <class 'discord.ext.voice_recv.rtp.SenderReportPacket'>
[discord] 2026-09-03 21:57:28,223 [INFO] Received unexpected rtcp packet: type=200, <class 'discord.ext.voice_recv.rtp.SenderReportPacket'>
[discord] 2026-09-03 21:57:29,223 [INFO] Received unexpected rtcp packet: type=200, <class 'discord.ext.voice_recv.rtp.SenderReportPacket'>
[discord] 2026-09-03 21:57:30,224 [INFO] Received unexpected rtcp packet: type=200, <class 'discord.ext.voice_recv.rtp.SenderReportPacket'>
[discord] 2026-09-03 21:57:31,225 [INFO] Received unexpected rtcp packet: type=200, <class 'discord.ext.voice_recv.rtp.SenderReportPacket'>
[discord] 2026-09-03 21:57:32,226 [INFO] Received unexpected rtcp packet: type=200, <class 'discord.ext.voice_recv.rtp.SenderReportPacket'>
[discord] 2026-09-03 21:57:33,227 [INFO] Received unexpected rtcp packet: type=200, <class 'discord.ext.voice_recv.rtp.SenderReportPacket'>
[discord] 2026-09-03 21:57:34,229 [INFO] Received unexpected rtcp packet: type=200, <class 'discord.ext.voice_recv.rtp.SenderReportPacket'>
[discord] 2026-09-03 21:57:35,229 [INFO] Received unexpected rtcp packet: type=200, <class 'discord.ext.voice_recv.rtp.SenderReportPacket'>
[discord] 2026-09-03 21:57:36,230 [INFO] Received unexpected rtcp packet: type=200, <class 'discord.ext.voice_recv.rtp.SenderReportPacket'>
[discord] 2026-09-03 21:57:37,230 [INFO] Received unexpected rtcp packet: type=200, <class 'discord.ext.voice_recv.rtp.SenderReportPacket'>
[discord] 2026-09-03 21:57:38,231 [INFO] Received unexpected rtcp packet: type=200, <class 'discord.ext.voice_recv.rtp.SenderReportPacket'>
[discord] 2026-09-03 21:57:39,233 [INFO] Received unexpected rtcp packet: type=200, <class 'discord.ext.voice_recv.rtp.SenderReportPacket'>
[discord] 2026-09-03 21:57:40,233 [INFO] Received unexpected rtcp packet: type=200, <class 'discord.ext.voice_recv.rtp.SenderReportPacket'>
[discord] 2026-09-03 21:57:41,235 [INFO] Received unexpected rtcp packet: type=200, <class 'discord.ext.voice_recv.rtp.SenderReportPacket'>
[discord] 2026-09-03 21:57:42,234 [INFO] Received unexpected rtcp packet: type=200, <class 'discord.ext.voice_recv.rtp.SenderReportPacket'>
[discord] 2026-09-03 21:57:43,237 [INFO] Received unexpected rtcp packet: type=200, <class 'discord.ext.voice_recv.rtp.SenderReportPacket'>
[discord] 2026-09-03 21:57:44,237 [INFO] Received unexpected rtcp packet: type=200, <class 'discord.ext.voice_recv.rtp.SenderReportPacket'>
[discord] 2026-09-03 21:57:45,238 [INFO] Received unexpected rtcp packet: type=200, <class 'discord.ext.voice_recv.rtp.SenderReportPacket'>
[discord] 2026-09-03 21:57:46,238 [INFO] Received unexpected rtcp packet: type=200, <class 'discord.ext.voice_recv.rtp.SenderReportPacket'>
[discord] 2026-09-03 21:57:47,239 [INFO] Received unexpected rtcp packet: type=200, <class 'discord.ext.voice_recv.rtp.SenderReportPacket'>
[discord] 2026-09-03 21:57:48,239 [INFO] Received unexpected rtcp packet: type=200, <class 'discord.ext.voice_recv.rtp.SenderReportPacket'>
[discord] 2026-09-03 21:57:49,241 [INFO] Received unexpected rtcp packet: type=200, <class 'discord.ext.voice_recv.rtp.SenderReportPacket'>
[discord] 2026-09-03 21:57:50,242 [INFO] Received unexpected rtcp packet: type=200, <class 'discord.ext.voice_recv.rtp.SenderReportPacket'>
[discord] 2026-09-03 21:57:51,243 [INFO] Received unexpected rtcp packet: type=200, <class 'discord.ext.voice_recv.rtp.SenderReportPacket'>
[discord] 2026-09-03 21:57:52,245 [INFO] Received unexpected rtcp packet: type=200, <class 'discord.ext.voice_recv.rtp.SenderReportPacket'>
[discord] 2026-09-03 21:57:53,244 [INFO] Received unexpected rtcp packet: type=200, <class 'discord.ext.voice_recv.rtp.SenderReportPacket'>
[discord] 2026-09-03 21:57:54,246 [INFO] Received unexpected rtcp packet: type=200, <class 'discord.ext.voice_recv.rtp.SenderReportPacket'>
[discord] 2026-09-03 21:57:55,247 [INFO] Received unexpected rtcp packet: type=200, <class 'discord.ext.voice_recv.rtp.SenderReportPacket'>
[discord] 2026-09-03 21:57:56,248 [INFO] Received unexpected rtcp packet: type=200, <class 'discord.ext.voice_recv.rtp.SenderReportPacket'>
[discord] 2026-09-03 21:57:57,249 [INFO] Received unexpected rtcp packet: type=200, <class 'discord.ext.voice_recv.rtp.SenderReportPacket'>
[discord] 2026-09-03 21:57:58,250 [INFO] Received unexpected rtcp packet: type=200, <class 'discord.ext.voice_recv.rtp.SenderReportPacket'>
[discord] 2026-09-03 21:57:59,251 [INFO] Received unexpected rtcp packet: type=200, <class 'discord.ext.voice_recv.rtp.SenderReportPacket'>
[discord] 2026-09-03 21:58:00,254 [INFO] Received unexpected rtcp packet: type=200, <class 'discord.ext.voice_recv.rtp.SenderReportPacket'>
[discord] 2026-09-03 21:58:01,253 [INFO] Received unexpected rtcp packet: type=200, <class 'discord.ext.voice_recv.rtp.SenderReportPacket'>
[discord] 2026-09-03 21:58:02,254 [INFO] Received unexpected rtcp packet: type=200, <class 'discord.ext.voice_recv.rtp.SenderReportPacket'>
[discord] 2026-09-03 21:58:03,256 [INFO] Received unexpected rtcp packet: type=200, <class 'discord.ext.voice_recv.rtp.SenderReportPacket'>
[discord] 2026-09-03 21:58:04,258 [INFO] Received unexpected rtcp packet: type=200, <class 'discord.ext.voice_recv.rtp.SenderReportPacket'>
[discord] 2026-09-03 21:58:05,258 [INFO] Received unexpected rtcp packet: type=200, <class 'discord.ext.voice_recv.rtp.SenderReportPacket'>
[discord] 2026-09-03 21:58:06,258 [INFO] Received unexpected rtcp packet: type=200, <class 'discord.ext.voice_recv.rtp.SenderReportPacket'>
[discord] 2026-09-03 21:58:07,258 [INFO] Received unexpected rtcp packet: type=200, <class 'discord.ext.voice_recv.rtp.SenderReportPacket'>
[discord] 2026-09-03 21:58:08,259 [INFO] Received unexpected rtcp packet: type=200, <class 'discord.ext.voice_recv.rtp.SenderReportPacket'>
[discord] 2026-09-03 21:58:09,260 [INFO] Received unexpected rtcp packet: type=200, <class 'discord.ext.voice_recv.rtp.SenderReportPacket'>
[1m[1;34m[2026-09-03 21:58:16,866][0m [1m[1;30m[42m[INFO ][0m [1m[1;33m[jaison.py::110 start]:[0m Starting JAIson application layer.[0m
[1m[1;34m[2026-09-03 21:58:16,877][0m [1m[1;30m[42m[INFO ][0m [1m[1;33m[manager.py::300 load_operations_from_config]:[0m Active STT from config: sherpa_ru[0m
[1m[1;34m[2026-09-03 21:58:18,654][0m [1m[1;30m[42m[INFO ][0m [1m[1;33m[operation.py::32 start]:[0m Starting STT operation sherpa_ru[0m
[1m[1;34m[2026-09-03 21:58:18,654][0m [1m[1;30m[42m[INFO ][0m [1m[1;33m[manager.py::27 load]:[0m Loading process by type sherpa_stt[0m
[1m[1;34m[2026-09-03 21:58:18,655][0m [1m[1;30m[43m[WARNI][0m [1m[1;33m[base.py::46 unload]:[0m Attempted to unload process sherpa_stt when it is already unloaded[0m
[1m[1;34m[2026-09-03 21:58:18,657][0m [1m[1;30m[42m[INFO ][0m [1m[1;33m[sherpa_server.py::85 _prepare_hotwords_file]:[0m Sherpa STT hotwords validated: 3 entries[0m
[1m[1;34m[2026-09-03 21:58:18,657][0m [1m[1;30m[42m[INFO ][0m [1m[1;33m[sherpa_server.py::295 reload]:[0m Sherpa STT config: port=6106 model_dir=C:\Nirmita\models\vosk-model-small-streaming-ru, model_variant=fp32, decoding_method=modified_beam_search, num_active_paths=6, use_endpoint=0, bpe_vocab=C:\Nirmita\models\vosk-model-small-streaming-ru\lang\unigram_500.vocab, hotwords_file=C:\Nirmita\models\hotwords.txt, hotwords_score=3.5[0m
[1m[1;34m[2026-09-03 21:58:18,657][0m [1m[1;30m[42m[INFO ][0m [1m[1;33m[sherpa_server.py::307 reload]:[0m Starting Sherpa STT Server with command: C:\Nirmita\.conda312\python.exe C:\Nirmita\apps\stt-sherpa-server\start_server.py --encoder C:\Nirmita\models\vosk-model-small-streaming-ru\am-onnx\encoder.onnx --decoder C:\Nirmita\models\vosk-model-small-streaming-ru\am-onnx\decoder.onnx --joiner C:\Nirmita\models\vosk-model-small-streaming-ru\am-onnx\joiner.onnx --tokens C:\Nirmita\models\vosk-model-small-streaming-ru\lang\tokens.txt --modeling-unit bpe --decoding-method modified_beam_search --num-active-paths 6 --use-endpoint 0 --port 6106 --provider cpu --doc-root C:\Nirmita\apps\stt-sherpa-server --bpe-vocab C:\Nirmita\models\vosk-model-small-streaming-ru\lang\unigram_500.vocab --hotwords-file C:\Nirmita\logs\sherpa_hotwords.resolved.txt --hotwords-score 3.5[0m
[1m[1;34m[2026-09-03 21:58:22,988][0m [1m[1;30m[42m[INFO ][0m [1m[1;33m[operation.py::32 start]:[0m Starting T2T operation llamacpp[0m
[1m[1;34m[2026-09-03 21:58:22,988][0m [1m[1;30m[42m[INFO ][0m [1m[1;33m[manager.py::27 load]:[0m Loading process by type llamacpp[0m
[1m[1;34m[2026-09-03 21:58:22,993][0m [1m[1;30m[42m[INFO ][0m [1m[1;33m[llamacpp.py::81 reload]:[0m Opened Llama.cpp server (PID: 38952) on port 4298 (GPU: 0)[0m
[1m[1;34m[2026-09-03 21:58:22,993][0m [1m[1;30m[42m[INFO ][0m [1m[1;33m[llamacpp.py::89 reload]:[0m Waiting for llama-server to be ready at http://127.0.0.1:4298/health ...[0m
[1m[1;34m[2026-09-03 21:58:27,182][0m [1m[1;30m[42m[INFO ][0m [1m[1;33m[llamacpp.py::101 reload]:[0m llama-server is ready! (attempt 8, port 4298)[0m
[1m[1;34m[2026-09-03 21:58:27,199][0m [1m[1;30m[42m[INFO ][0m [1m[1;33m[fishaudio.py::159 configure]:[0m FishAudioTTS: настроен — model=s2.1-pro-free, reference_id=8579f198..., latency=balanced, sample_rate=44100, speed=1.0[0m
[1m[1;34m[2026-09-03 21:58:27,199][0m [1m[1;30m[42m[INFO ][0m [1m[1;33m[operation.py::32 start]:[0m Starting TTS operation fish_audio[0m
[1m[1;34m[2026-09-03 21:58:27,199][0m [1m[1;30m[42m[INFO ][0m [1m[1;33m[fishaudio.py::85 start]:[0m FishAudioTTS: операция запущена (WebSocket streaming, format=pcm)[0m
[1m[1;34m[2026-09-03 21:58:27,200][0m [1m[1;30m[42m[INFO ][0m [1m[1;33m[operation.py::32 start]:[0m Starting FILTER_TEXT operation filter_clean[0m
[1m[1;34m[2026-09-03 21:58:27,752][0m [1m[1;30m[42m[INFO ][0m [1m[1;33m[operation.py::32 start]:[0m Starting FILTER_TEXT operation chunker_sentence[0m
[1m[1;34m[2026-09-03 21:58:28,253][0m [1m[1;30m[42m[INFO ][0m [1m[1;33m[manager.py::27 load]:[0m Loading process by type hw_mic[0m
[1m[1;34m[2026-09-03 21:58:28,254][0m [1m[1;30m[43m[WARNI][0m [1m[1;33m[base.py::46 unload]:[0m Attempted to unload process hw_mic when it is already unloaded[0m
[1m[1;34m[2026-09-03 21:58:28,254][0m [1m[1;30m[43m[WARNI][0m [1m[1;33m[base.py::46 unload]:[0m Attempted to unload process hw_mic when it is already unloaded[0m
[1m[1;34m[2026-09-03 21:58:28,254][0m [1m[1;30m[41m[ERROR][0m [1m[1;33m[jaison.py::136 start]:[0m Could not start HW_MIC process: Failed to start process hw_mic[0m
[1m[1;34m[2026-09-03 21:58:28,254][0m [1m[1;30m[42m[INFO ][0m [1m[1;33m[manager.py::27 load]:[0m Loading process by type discord[0m
[1m[1;34m[2026-09-03 21:58:28,254][0m [1m[1;30m[43m[WARNI][0m [1m[1;33m[base.py::46 unload]:[0m Attempted to unload process discord when it is already unloaded[0m
[1m[1;34m[2026-09-03 21:58:28,254][0m [1m[1;30m[42m[INFO ][0m [1m[1;33m[discord.py::52 reload]:[0m Starting Discord bridge for guild 390301473210236928, channel 390301473210236932.[0m
[1m[1;34m[2026-09-03 21:58:28,263][0m [1m[1;30m[42m[INFO ][0m [1m[1;33m[jaison.py::149 start]:[0m JAIson application layer has started.[0m
[1m[1;34m[2026-09-03 21:58:28,263][0m [1m[1;30m[42m[INFO ][0m [1m[1;33m[logging.py::106 info]:[0m Running on http://127.0.0.1:7272 (CTRL + C to quit)[0m
[discord] C:\Nirmita\apps\discord-bridge\main.py:11: DeprecationWarning: 'audioop' is deprecated and slated for removal in Python 3.13
[discord]   import audioop
[discord] 2026-09-03 21:58:28,685 [INFO] logging in using static token
[discord] 2026-09-03 21:58:30,823 [INFO] Shard ID None has connected to Gateway (Session ID: 37fd5b04a4f53c645cb40d1085d789e8).
[1m[1;34m[2026-09-03 21:58:30,893][0m [1m[1;30m[42m[INFO ][0m [1m[1;33m[app_server.py::77 ws]:[0m Opened new websocket connection[0m
[2026-09-03 21:58:30 +0300] [12904] [INFO] 127.0.0.1:14068 GET / 1.1 101 - 999
[discord] 2026-09-03 21:58:32,855 [INFO] Authenticated as Nira#4162
[discord] 2026-09-03 21:58:32,869 [INFO] Connecting to voice...
[discord] 2026-09-03 21:58:32,869 [INFO] Starting voice handshake... (connection attempt 1)
[1m[1;34m[2026-09-03 21:58:32,870][0m [1m[1;30m[42m[INFO ][0m [1m[1;33m[app_server.py::77 ws]:[0m Opened new websocket connection[0m
[2026-09-03 21:58:32 +0300] [12904] [INFO] 127.0.0.1:14069 GET / 1.1 101 - 504
[discord] 2026-09-03 21:58:32,871 [INFO] Connected to JAIson WebSocket
[discord] 2026-09-03 21:58:33,236 [INFO] Voice handshake complete. Endpoint found: c-otp01-f984b1df.discord.media:2087
[discord] 2026-09-03 21:58:33,495 [INFO] WS payload has extra keys: {'seq': 0}
[discord] 2026-09-03 21:58:33,495 [INFO] WS payload has extra keys: {'seq': 1}
[discord] 2026-09-03 21:58:33,495 [INFO] WS payload has extra keys: {'seq': 2}
[discord] 2026-09-03 21:58:33,495 [INFO] WS payload has extra keys: {'seq': 3}
[discord] 2026-09-03 21:58:33,542 [INFO] Voice connection complete.
[discord] 2026-09-03 21:58:33,543 [INFO] Joined voice channel 🏕️Таверна "Астрал" (390301473210236932)
[discord] 2026-09-03 21:58:33,544 [INFO] WS payload has extra keys: {'seq': 4}
[discord] 2026-09-03 21:58:41,018 [INFO] [SINK] write() call #1: user=<Member id=390300992173899777 name='dahaka_msm' global_name='Dahaka' bot=False nick=None guild=<Guild id=390301473210236928 name='not DM yet' shard_id=0 chunked=True member_count=19>> bot=<ClientUser id=1469738620238958686 name='Nira' global_name=None bot=True verified=True mfa_enabled=False>
[discord] 2026-09-03 21:58:41,018 [INFO] [SINK] Создаём буфер для dahaka_msm (min_bytes=42240)
[discord] 2026-09-03 21:58:41,036 [INFO] [SINK] write() call #2: user=<Member id=390300992173899777 name='dahaka_msm' global_name='Dahaka' bot=False nick=None guild=<Guild id=390301473210236928 name='not DM yet' shard_id=0 chunked=True member_count=19>> bot=<ClientUser id=1469738620238958686 name='Nira' global_name=None bot=True verified=True mfa_enabled=False>
[discord] 2026-09-03 21:58:41,056 [INFO] [SINK] write() call #3: user=<Member id=390300992173899777 name='dahaka_msm' global_name='Dahaka' bot=False nick=None guild=<Guild id=390301473210236928 name='not DM yet' shard_id=0 chunked=True member_count=19>> bot=<ClientUser id=1469738620238958686 name='Nira' global_name=None bot=True verified=True mfa_enabled=False>
[discord] 2026-09-03 21:58:41,076 [INFO] [SINK] write() call #4: user=<Member id=390300992173899777 name='dahaka_msm' global_name='Dahaka' bot=False nick=None guild=<Guild id=390301473210236928 name='not DM yet' shard_id=0 chunked=True member_count=19>> bot=<ClientUser id=1469738620238958686 name='Nira' global_name=None bot=True verified=True mfa_enabled=False>
[discord] 2026-09-03 21:58:41,096 [INFO] [SINK] write() call #5: user=<Member id=390300992173899777 name='dahaka_msm' global_name='Dahaka' bot=False nick=None guild=<Guild id=390301473210236928 name='not DM yet' shard_id=0 chunked=True member_count=19>> bot=<ClientUser id=1469738620238958686 name='Nira' global_name=None bot=True verified=True mfa_enabled=False>
[discord] 2026-09-03 21:58:41,300 [INFO] Received unexpected rtcp packet: type=200, <class 'discord.ext.voice_recv.rtp.SenderReportPacket'>
[2026-09-03 21:58:42 +0300] [12904] [INFO] 127.0.0.1:14071 POST /api/context/conversation/audio 1.1 200 142 1013
[discord] 2026-09-03 21:58:42,095 [INFO] HTTP Request: POST http://127.0.0.1:7272/api/context/conversation/audio "HTTP/1.1 200 "
[discord] 2026-09-03 21:58:42,096 [ERROR] Could not send Discord speech to JAIson
[discord] Traceback (most recent call last):
[discord]   File "C:\Nirmita\apps\discord-bridge\main.py", line 277, in submit_speech
[discord]     payload["user"], len(audio), len(audio_stt)
[discord]                                      ^^^^^^^^^
[discord] NameError: name 'audio_stt' is not defined
[1m[1;34m[2026-09-03 21:58:42,146][0m [1m[1;30m[42m[INFO ][0m [1m[1;33m[sherpa.py::320 _generate]:[0m Sherpa STT final: len=0 latency_ms=50 source=discord turn=11314c22-f9e1-48a6-8879-96c00299ba90 utterance=c9ecbe76-058e-4d93-96e5-1ab8895b2df1[0m
[discord] 2026-09-03 21:58:42,300 [INFO] Received unexpected rtcp packet: type=200, <class 'discord.ext.voice_recv.rtp.SenderReportPacket'>
[discord] 2026-09-03 21:58:43,302 [INFO] Received unexpected rtcp packet: type=200, <class 'discord.ext.voice_recv.rtp.SenderReportPacket'>
[discord] 2026-09-03 21:58:44,302 [INFO] Received unexpected rtcp packet: type=200, <class 'discord.ext.voice_recv.rtp.SenderReportPacket'>
[discord] 2026-09-03 21:58:45,303 [INFO] Received unexpected rtcp packet: type=200, <class 'discord.ext.voice_recv.rtp.SenderReportPacket'>
[discord] 2026-09-03 21:58:46,304 [INFO] Received unexpected rtcp packet: type=200, <class 'discord.ext.voice_recv.rtp.SenderReportPacket'>
[discord] 2026-09-03 21:58:47,304 [INFO] Received unexpected rtcp packet: type=200, <class 'discord.ext.voice_recv.rtp.SenderReportPacket'>
[discord] 2026-09-03 21:58:48,305 [INFO] Received unexpected rtcp packet: type=200, <class 'discord.ext.voice_recv.rtp.SenderReportPacket'>
[discord] 2026-09-03 21:58:49,306 [INFO] Received unexpected rtcp packet: type=200, <class 'discord.ext.voice_recv.rtp.SenderReportPacket'>
[discord] 2026-09-03 21:58:50,307 [INFO] Received unexpected rtcp packet: type=200, <class 'discord.ext.voice_recv.rtp.SenderReportPacket'>
[2026-09-03 21:58:51 +0300] [12904] [INFO] 127.0.0.1:11305 POST /api/context/conversation/audio 1.1 200 142 1519
[discord] 2026-09-03 21:58:51,164 [INFO] HTTP Request: POST http://127.0.0.1:7272/api/context/conversation/audio "HTTP/1.1 200 "
[discord] 2026-09-03 21:58:51,167 [ERROR] Could not send Discord speech to JAIson
[discord] Traceback (most recent call last):
[discord]   File "C:\Nirmita\apps\discord-bridge\main.py", line 277, in submit_speech
[discord]     payload["user"], len(audio), len(audio_stt)
[discord]                                      ^^^^^^^^^
[discord] NameError: name 'audio_stt' is not defined
[discord] 2026-09-03 21:58:51,307 [INFO] Received unexpected rtcp packet: type=200, <class 'discord.ext.voice_recv.rtp.SenderReportPacket'>
[1m[1;34m[2026-09-03 21:58:51,308][0m [1m[1;30m[42m[INFO ][0m [1m[1;33m[sherpa.py::320 _generate]:[0m Sherpa STT final: len=0 latency_ms=142 source=discord turn=d9dd2dee-3262-41e1-bec4-120f328b22d1 utterance=84713b7c-f776-4940-9b80-9f00dcff4358[0m
[discord] 2026-09-03 21:58:52,310 [INFO] Received unexpected rtcp packet: type=200, <class 'discord.ext.voice_recv.rtp.SenderReportPacket'>
[discord] 2026-09-03 21:58:52,977 [INFO] [SINK] write() call #100: user=<Member id=390300992173899777 name='dahaka_msm' global_name='Dahaka' bot=False nick=None guild=<Guild id=390301473210236928 name='not DM yet' shard_id=0 chunked=True member_count=19>> bot=<ClientUser id=1469738620238958686 name='Nira' global_name=None bot=True verified=True mfa_enabled=False>
[discord] 2026-09-03 21:58:53,309 [INFO] Received unexpected rtcp packet: type=200, <class 'discord.ext.voice_recv.rtp.SenderReportPacket'>
[discord] 2026-09-03 21:58:54,311 [INFO] Received unexpected rtcp packet: type=200, <class 'discord.ext.voice_recv.rtp.SenderReportPacket'>
[2026-09-03 21:58:55 +0300] [12904] [INFO] 127.0.0.1:11308 POST /api/context/conversation/audio 1.1 200 142 3517
[discord] 2026-09-03 21:58:55,181 [INFO] HTTP Request: POST http://127.0.0.1:7272/api/context/conversation/audio "HTTP/1.1 200 "
[discord] 2026-09-03 21:58:55,186 [ERROR] Could not send Discord speech to JAIson
[discord] Traceback (most recent call last):
[discord]   File "C:\Nirmita\apps\discord-bridge\main.py", line 277, in submit_speech
[discord]     payload["user"], len(audio), len(audio_stt)
[discord]                                      ^^^^^^^^^
[discord] NameError: name 'audio_stt' is not defined
[discord] 2026-09-03 21:58:55,312 [INFO] Received unexpected rtcp packet: type=200, <class 'discord.ext.voice_recv.rtp.SenderReportPacket'>
[1m[1;34m[2026-09-03 21:58:55,557][0m [1m[1;30m[42m[INFO ][0m [1m[1;33m[sherpa.py::320 _generate]:[0m Sherpa STT final: len=0 latency_ms=375 source=discord turn=a8c8b00e-0c67-4c85-a0e5-b12735fef279 utterance=d073e064-48d8-429e-a040-9e1e402f7eef[0m
[discord] 2026-09-03 21:58:56,312 [INFO] Received unexpected rtcp packet: type=200, <class 'discord.ext.voice_recv.rtp.SenderReportPacket'>
[1m[1;34m[2026-09-03 21:58:56,708][0m [1m[1;30m[42m[INFO ][0m [1m[1;33m[app_server.py::86 ws]:[0m Closed websocket connection[0m
[2026-09-03 21:58:57 +0300] [12904] [INFO] 127.0.0.1:8920 GET /api/config 1.1 200 3570 1722
[2026-09-03 21:58:57 +0300] [12904] [INFO] 127.0.0.1:8922 GET /api/config 1.1 200 3570 1566
[2026-09-03 21:58:57 +0300] [12904] [INFO] 127.0.0.1:8924 GET /api/context/history 1.1 200 59 0
[2026-09-03 21:58:57 +0300] [12904] [INFO] 127.0.0.1:14042 GET /api/context/history 1.1 200 59 1512
[discord] 2026-09-03 21:58:57,314 [INFO] Received unexpected rtcp packet: type=200, <class 'discord.ext.voice_recv.rtp.SenderReportPacket'>
[1m[1;34m[2026-09-03 21:58:57,457][0m [1m[1;30m[42m[INFO ][0m [1m[1;33m[app_server.py::77 ws]:[0m Opened new websocket connection[0m
[2026-09-03 21:58:57 +0300] [12904] [INFO] 127.0.0.1:2567 GET / 1.1 101 - 504
[discord] 2026-09-03 21:58:58,315 [INFO] Received unexpected rtcp packet: type=200, <class 'discord.ext.voice_recv.rtp.SenderReportPacket'>
[discord] 2026-09-03 21:58:59,036 [INFO] [SINK] write() call #200: user=<Member id=390300992173899777 name='dahaka_msm' global_name='Dahaka' bot=False nick=None guild=<Guild id=390301473210236928 name='not DM yet' shard_id=0 chunked=True member_count=19>> bot=<ClientUser id=1469738620238958686 name='Nira' global_name=None bot=True verified=True mfa_enabled=False>
[discord] 2026-09-03 21:58:59,315 [INFO] Received unexpected rtcp packet: type=200, <class 'discord.ext.voice_recv.rtp.SenderReportPacket'>
[discord] 2026-09-03 21:59:00,316 [INFO] Received unexpected rtcp packet: type=200, <class 'discord.ext.voice_recv.rtp.SenderReportPacket'>
[2026-09-03 21:59:00 +0300] [12904] [INFO] 127.0.0.1:2569 POST /api/context/conversation/audio 1.1 200 142 2017
[discord] 2026-09-03 21:59:00,896 [INFO] HTTP Request: POST http://127.0.0.1:7272/api/context/conversation/audio "HTTP/1.1 200 "
[discord] 2026-09-03 21:59:00,900 [ERROR] Could not send Discord speech to JAIson
[discord] Traceback (most recent call last):
[discord]   File "C:\Nirmita\apps\discord-bridge\main.py", line 277, in submit_speech
[discord]     payload["user"], len(audio), len(audio_stt)
[discord]                                      ^^^^^^^^^
[discord] NameError: name 'audio_stt' is not defined
[1m[1;34m[2026-09-03 21:59:01,129][0m [1m[1;30m[42m[INFO ][0m [1m[1;33m[sherpa.py::320 _generate]:[0m Sherpa STT final: len=0 latency_ms=232 source=discord turn=e0fd63cf-c422-428b-9970-8285db48dcea utterance=96e227dc-5c47-4a1c-8cda-399e170820b4[0m
[discord] 2026-09-03 21:59:01,317 [INFO] Received unexpected rtcp packet: type=200, <class 'discord.ext.voice_recv.rtp.SenderReportPacket'>
[discord] 2026-09-03 21:59:02,318 [INFO] Received unexpected rtcp packet: type=200, <class 'discord.ext.voice_recv.rtp.SenderReportPacket'>
[discord] 2026-09-03 21:59:03,319 [INFO] Received unexpected rtcp packet: type=200, <class 'discord.ext.voice_recv.rtp.SenderReportPacket'>
[discord] 2026-09-03 21:59:04,320 [INFO] Received unexpected rtcp packet: type=200, <class 'discord.ext.voice_recv.rtp.SenderReportPacket'>
[discord] 2026-09-03 21:59:05,323 [INFO] Received unexpected rtcp packet: type=200, <class 'discord.ext.voice_recv.rtp.SenderReportPacket'>
[discord] 2026-09-03 21:59:06,324 [INFO] Received unexpected rtcp packet: type=200, <class 'discord.ext.voice_recv.rtp.SenderReportPacket'>
[discord] 2026-09-03 21:59:07,326 [INFO] Received unexpected rtcp packet: type=200, <class 'discord.ext.voice_recv.rtp.SenderReportPacket'>
[1m[1;34m[2026-09-03 22:07:46,023][0m [1m[1;30m[42m[INFO ][0m [1m[1;33m[jaison.py::110 start]:[0m Starting JAIson application layer.[0m
[1m[1;34m[2026-09-03 22:07:46,036][0m [1m[1;30m[42m[INFO ][0m [1m[1;33m[manager.py::300 load_operations_from_config]:[0m Active STT from config: sherpa_ru[0m
[1m[1;34m[2026-09-03 22:07:47,699][0m [1m[1;30m[42m[INFO ][0m [1m[1;33m[operation.py::32 start]:[0m Starting STT operation sherpa_ru[0m
[1m[1;34m[2026-09-03 22:07:47,699][0m [1m[1;30m[42m[INFO ][0m [1m[1;33m[manager.py::27 load]:[0m Loading process by type sherpa_stt[0m
[1m[1;34m[2026-09-03 22:07:47,701][0m [1m[1;30m[43m[WARNI][0m [1m[1;33m[base.py::46 unload]:[0m Attempted to unload process sherpa_stt when it is already unloaded[0m
[1m[1;34m[2026-09-03 22:07:47,702][0m [1m[1;30m[42m[INFO ][0m [1m[1;33m[sherpa_server.py::85 _prepare_hotwords_file]:[0m Sherpa STT hotwords validated: 3 entries[0m
[1m[1;34m[2026-09-03 22:07:47,702][0m [1m[1;30m[42m[INFO ][0m [1m[1;33m[sherpa_server.py::295 reload]:[0m Sherpa STT config: port=6106 model_dir=C:\Nirmita\models\vosk-model-small-streaming-ru, model_variant=fp32, decoding_method=modified_beam_search, num_active_paths=6, use_endpoint=0, bpe_vocab=C:\Nirmita\models\vosk-model-small-streaming-ru\lang\unigram_500.vocab, hotwords_file=C:\Nirmita\models\hotwords.txt, hotwords_score=3.5[0m
[1m[1;34m[2026-09-03 22:07:47,702][0m [1m[1;30m[42m[INFO ][0m [1m[1;33m[sherpa_server.py::307 reload]:[0m Starting Sherpa STT Server with command: C:\Nirmita\.conda312\python.exe C:\Nirmita\apps\stt-sherpa-server\start_server.py --encoder C:\Nirmita\models\vosk-model-small-streaming-ru\am-onnx\encoder.onnx --decoder C:\Nirmita\models\vosk-model-small-streaming-ru\am-onnx\decoder.onnx --joiner C:\Nirmita\models\vosk-model-small-streaming-ru\am-onnx\joiner.onnx --tokens C:\Nirmita\models\vosk-model-small-streaming-ru\lang\tokens.txt --modeling-unit bpe --decoding-method modified_beam_search --num-active-paths 6 --use-endpoint 0 --port 6106 --provider cpu --doc-root C:\Nirmita\apps\stt-sherpa-server --bpe-vocab C:\Nirmita\models\vosk-model-small-streaming-ru\lang\unigram_500.vocab --hotwords-file C:\Nirmita\logs\sherpa_hotwords.resolved.txt --hotwords-score 3.5[0m
[1m[1;34m[2026-09-03 22:07:52,019][0m [1m[1;30m[42m[INFO ][0m [1m[1;33m[operation.py::32 start]:[0m Starting T2T operation llamacpp[0m
[1m[1;34m[2026-09-03 22:07:52,020][0m [1m[1;30m[42m[INFO ][0m [1m[1;33m[manager.py::27 load]:[0m Loading process by type llamacpp[0m
[1m[1;34m[2026-09-03 22:07:52,025][0m [1m[1;30m[42m[INFO ][0m [1m[1;33m[llamacpp.py::81 reload]:[0m Opened Llama.cpp server (PID: 45696) on port 2487 (GPU: 0)[0m
[1m[1;34m[2026-09-03 22:07:52,025][0m [1m[1;30m[42m[INFO ][0m [1m[1;33m[llamacpp.py::89 reload]:[0m Waiting for llama-server to be ready at http://127.0.0.1:2487/health ...[0m
[1m[1;34m[2026-09-03 22:07:56,185][0m [1m[1;30m[42m[INFO ][0m [1m[1;33m[llamacpp.py::101 reload]:[0m llama-server is ready! (attempt 8, port 2487)[0m
[1m[1;34m[2026-09-03 22:07:56,201][0m [1m[1;30m[42m[INFO ][0m [1m[1;33m[fishaudio.py::159 configure]:[0m FishAudioTTS: настроен — model=s2.1-pro-free, reference_id=8579f198..., latency=balanced, sample_rate=44100, speed=1.0[0m
[1m[1;34m[2026-09-03 22:07:56,201][0m [1m[1;30m[42m[INFO ][0m [1m[1;33m[operation.py::32 start]:[0m Starting TTS operation fish_audio[0m
[1m[1;34m[2026-09-03 22:07:56,201][0m [1m[1;30m[42m[INFO ][0m [1m[1;33m[fishaudio.py::85 start]:[0m FishAudioTTS: операция запущена (WebSocket streaming, format=pcm)[0m
[1m[1;34m[2026-09-03 22:07:56,202][0m [1m[1;30m[42m[INFO ][0m [1m[1;33m[operation.py::32 start]:[0m Starting FILTER_TEXT operation filter_clean[0m
[1m[1;34m[2026-09-03 22:07:56,773][0m [1m[1;30m[42m[INFO ][0m [1m[1;33m[operation.py::32 start]:[0m Starting FILTER_TEXT operation chunker_sentence[0m
[1m[1;34m[2026-09-03 22:07:57,283][0m [1m[1;30m[42m[INFO ][0m [1m[1;33m[manager.py::27 load]:[0m Loading process by type hw_mic[0m
[1m[1;34m[2026-09-03 22:07:57,284][0m [1m[1;30m[43m[WARNI][0m [1m[1;33m[base.py::46 unload]:[0m Attempted to unload process hw_mic when it is already unloaded[0m
[1m[1;34m[2026-09-03 22:07:57,284][0m [1m[1;30m[43m[WARNI][0m [1m[1;33m[base.py::46 unload]:[0m Attempted to unload process hw_mic when it is already unloaded[0m
[1m[1;34m[2026-09-03 22:07:57,284][0m [1m[1;30m[41m[ERROR][0m [1m[1;33m[jaison.py::136 start]:[0m Could not start HW_MIC process: Failed to start process hw_mic[0m
[1m[1;34m[2026-09-03 22:07:57,284][0m [1m[1;30m[42m[INFO ][0m [1m[1;33m[manager.py::27 load]:[0m Loading process by type discord[0m
[1m[1;34m[2026-09-03 22:07:57,284][0m [1m[1;30m[43m[WARNI][0m [1m[1;33m[base.py::46 unload]:[0m Attempted to unload process discord when it is already unloaded[0m
[1m[1;34m[2026-09-03 22:07:57,284][0m [1m[1;30m[42m[INFO ][0m [1m[1;33m[discord.py::52 reload]:[0m Starting Discord bridge for guild 390301473210236928, channel 390301473210236932.[0m
[1m[1;34m[2026-09-03 22:07:57,291][0m [1m[1;30m[42m[INFO ][0m [1m[1;33m[jaison.py::149 start]:[0m JAIson application layer has started.[0m
[1m[1;34m[2026-09-03 22:07:57,292][0m [1m[1;30m[42m[INFO ][0m [1m[1;33m[logging.py::106 info]:[0m Running on http://127.0.0.1:7272 (CTRL + C to quit)[0m
[discord] C:\Nirmita\apps\discord-bridge\main.py:11: DeprecationWarning: 'audioop' is deprecated and slated for removal in Python 3.13
[discord]   import audioop
[1m[1;34m[2026-09-03 22:07:57,452][0m [1m[1;30m[42m[INFO ][0m [1m[1;33m[app_server.py::77 ws]:[0m Opened new websocket connection[0m
[2026-09-03 22:07:57 +0300] [46972] [INFO] 127.0.0.1:2622 GET / 1.1 101 - 506
[discord] 2026-09-03 22:07:57,724 [INFO] logging in using static token
[discord] 2026-09-03 22:07:59,447 [INFO] Shard ID None has connected to Gateway (Session ID: 7c9cc216ca0633976fd608a9017216fd).
[discord] 2026-09-03 22:08:01,470 [INFO] Authenticated as Nira#4162
[discord] 2026-09-03 22:08:01,484 [INFO] Connecting to voice...
[discord] 2026-09-03 22:08:01,484 [INFO] Starting voice handshake... (connection attempt 1)
[1m[1;34m[2026-09-03 22:08:01,484][0m [1m[1;30m[42m[INFO ][0m [1m[1;33m[app_server.py::77 ws]:[0m Opened new websocket connection[0m
[2026-09-03 22:08:01 +0300] [46972] [INFO] 127.0.0.1:2628 GET / 1.1 101 - 1355
[discord] 2026-09-03 22:08:01,485 [INFO] Connected to JAIson WebSocket
[discord] 2026-09-03 22:08:01,841 [INFO] Voice handshake complete. Endpoint found: c-otp01-f984b1df.discord.media:2087
[discord] 2026-09-03 22:08:02,210 [INFO] WS payload has extra keys: {'seq': 0}
[discord] 2026-09-03 22:08:02,210 [INFO] WS payload has extra keys: {'seq': 1}
[discord] 2026-09-03 22:08:02,210 [INFO] WS payload has extra keys: {'seq': 2}
[discord] 2026-09-03 22:08:02,210 [INFO] WS payload has extra keys: {'seq': 3}
[discord] 2026-09-03 22:08:02,261 [INFO] Voice connection complete.
[discord] 2026-09-03 22:08:02,261 [INFO] WS payload has extra keys: {'seq': 4}
[discord] 2026-09-03 22:08:02,268 [INFO] Joined voice channel 🏕️Таверна "Астрал" (390301473210236932)
[1m[1;34m[2026-09-03 22:08:05,899][0m [1m[1;30m[42m[INFO ][0m [1m[1;33m[jaison.py::441 create_job]:[0m Queued new context_conversation_add_text job d0b17f01-d5a9-430f-9eb7-3e98f3349215[0m
[2026-09-03 22:08:05 +0300] [46972] [INFO] 127.0.0.1:2632 POST /api/context/conversation/text 1.1 200 138 500
[1m[1;34m[2026-09-03 22:08:05,914][0m [1m[1;30m[42m[INFO ][0m [1m[1;33m[jaison.py::441 create_job]:[0m Queued new response job db0f5858-9a52-4dc2-b0aa-a8cf6ef63515[0m
[2026-09-03 22:08:05 +0300] [46972] [INFO] 127.0.0.1:4146 POST /api/response 1.1 200 117 996
[1m[1;34m[2026-09-03 22:08:06,273][0m [1m[1;30m[42m[INFO ][0m [1m[1;33m[operation.py::25 __call__]:[0m T2T operation llamacpp completed in 357.5046999612823 ms[0m
[1m[1;34m[2026-09-03 22:08:08,071][0m [1m[1;30m[42m[INFO ][0m [1m[1;33m[operation.py::25 __call__]:[0m TTS operation fish_audio completed in 1790.3257999569178 ms[0m
[1m[1;34m[2026-09-03 22:08:09,705][0m [1m[1;30m[42m[INFO ][0m [1m[1;33m[operation.py::25 __call__]:[0m TTS operation fish_audio completed in 1633.5779000073671 ms[0m
[1m[1;34m[2026-09-03 22:08:09,705][0m [1m[1;30m[42m[INFO ][0m [1m[1;33m[operation.py::25 __call__]:[0m FILTER_TEXT operation chunker_sentence completed in 3432.372200069949 ms[0m
[1m[1;34m[2026-09-03 22:08:09,705][0m [1m[1;30m[42m[INFO ][0m [1m[1;33m[operation.py::25 __call__]:[0m FILTER_TEXT operation filter_clean completed in 3432.4859000043944 ms[0m
[1m[1;34m[2026-09-03 22:08:09,706][0m [1m[1;30m[42m[INFO ][0m [1m[1;33m[jaison.py::963 response_pipeline]:[0m Response job db0f5858-9a52-4dc2-b0aa-a8cf6ef63515 completed. Content: 'Привет! Как твои дела?...'[0m
[1m[1;34m[2026-09-03 22:08:17,810][0m [1m[1;30m[42m[INFO ][0m [1m[1;33m[jaison.py::441 create_job]:[0m Queued new context_conversation_add_text job 867d0f76-3f70-4d4d-b437-ec34bf07b629[0m
[2026-09-03 22:08:17 +0300] [46972] [INFO] 127.0.0.1:3541 POST /api/context/conversation/text 1.1 200 138 508
[1m[1;34m[2026-09-03 22:08:17,820][0m [1m[1;30m[42m[INFO ][0m [1m[1;33m[jaison.py::441 create_job]:[0m Queued new response job df57738c-7afe-408c-8118-43cb9f78ccb9[0m
[2026-09-03 22:08:17 +0300] [46972] [INFO] 127.0.0.1:2141 POST /api/response 1.1 200 117 1009
[1m[1;34m[2026-09-03 22:08:18,845][0m [1m[1;30m[42m[INFO ][0m [1m[1;33m[operation.py::25 __call__]:[0m T2T operation llamacpp completed in 1024.5316999498755 ms[0m
[1m[1;34m[2026-09-03 22:08:20,629][0m [1m[1;30m[42m[INFO ][0m [1m[1;33m[operation.py::25 __call__]:[0m TTS operation fish_audio completed in 1767.1205999795347 ms[0m
[1m[1;34m[2026-09-03 22:08:22,485][0m [1m[1;30m[42m[INFO ][0m [1m[1;33m[operation.py::25 __call__]:[0m TTS operation fish_audio completed in 1856.886800029315 ms[0m
[1m[1;34m[2026-09-03 22:08:24,944][0m [1m[1;30m[42m[INFO ][0m [1m[1;33m[operation.py::25 __call__]:[0m TTS operation fish_audio completed in 2458.445700001903 ms[0m
[1m[1;34m[2026-09-03 22:08:24,945][0m [1m[1;30m[42m[INFO ][0m [1m[1;33m[operation.py::25 __call__]:[0m FILTER_TEXT operation chunker_sentence completed in 6098.676200024784 ms[0m
[1m[1;34m[2026-09-03 22:08:24,945][0m [1m[1;30m[42m[INFO ][0m [1m[1;33m[operation.py::25 __call__]:[0m FILTER_TEXT operation filter_clean completed in 6098.822399973869 ms[0m
[1m[1;34m[2026-09-03 22:08:24,945][0m [1m[1;30m[42m[INFO ][0m [1m[1;33m[jaison.py::963 response_pipeline]:[0m Response job df57738c-7afe-408c-8118-43cb9f78ccb9 completed. Content: 'Ой, столько всего! Слышала, вышла новая игра? Хочешь послушать о том, кто у нас в школе наделал сего...'[0m
[discord] 2026-09-03 22:08:25,013 [ERROR] CryptoError decoding packet data
[discord] 2026-09-03 22:08:25,046 [ERROR] CryptoError decoding packet data
[discord] 2026-09-03 22:08:25,117 [ERROR] CryptoError decoding packet data
[discord] 2026-09-03 22:08:25,178 [ERROR] CryptoError decoding packet data
[discord] 2026-09-03 22:08:25,238 [ERROR] CryptoError decoding packet data
[discord] 2026-09-03 22:08:25,300 [ERROR] CryptoError decoding packet data
[discord] 2026-09-03 22:08:25,357 [ERROR] CryptoError decoding packet data
[discord] 2026-09-03 22:08:25,418 [ERROR] CryptoError decoding packet data
[discord] 2026-09-03 22:08:27,405 [ERROR] CryptoError decoding packet data
[discord] 2026-09-03 22:08:27,558 [ERROR] CryptoError decoding packet data
[discord] 2026-09-03 22:08:27,680 [ERROR] CryptoError decoding packet data
[discord] 2026-09-03 22:08:35,691 [INFO] [SINK] write() call #1: user=<Member id=390300992173899777 name='dahaka_msm' global_name='Dahaka' bot=False nick=None guild=<Guild id=390301473210236928 name='not DM yet' shard_id=0 chunked=True member_count=19>> bot=<ClientUser id=1469738620238958686 name='Nira' global_name=None bot=True verified=True mfa_enabled=False>
[discord] 2026-09-03 22:08:35,691 [INFO] [SINK] Создаём буфер для dahaka_msm (min_bytes=42240)
[discord] 2026-09-03 22:08:35,711 [INFO] [SINK] write() call #2: user=<Member id=390300992173899777 name='dahaka_msm' global_name='Dahaka' bot=False nick=None guild=<Guild id=390301473210236928 name='not DM yet' shard_id=0 chunked=True member_count=19>> bot=<ClientUser id=1469738620238958686 name='Nira' global_name=None bot=True verified=True mfa_enabled=False>
[discord] 2026-09-03 22:08:35,731 [INFO] [SINK] write() call #3: user=<Member id=390300992173899777 name='dahaka_msm' global_name='Dahaka' bot=False nick=None guild=<Guild id=390301473210236928 name='not DM yet' shard_id=0 chunked=True member_count=19>> bot=<ClientUser id=1469738620238958686 name='Nira' global_name=None bot=True verified=True mfa_enabled=False>
[discord] 2026-09-03 22:08:35,751 [INFO] [SINK] write() call #4: user=<Member id=390300992173899777 name='dahaka_msm' global_name='Dahaka' bot=False nick=None guild=<Guild id=390301473210236928 name='not DM yet' shard_id=0 chunked=True member_count=19>> bot=<ClientUser id=1469738620238958686 name='Nira' global_name=None bot=True verified=True mfa_enabled=False>
[discord] 2026-09-03 22:08:35,782 [INFO] [SINK] write() call #5: user=<Member id=390300992173899777 name='dahaka_msm' global_name='Dahaka' bot=False nick=None guild=<Guild id=390301473210236928 name='not DM yet' shard_id=0 chunked=True member_count=19>> bot=<ClientUser id=1469738620238958686 name='Nira' global_name=None bot=True verified=True mfa_enabled=False>
[2026-09-03 22:08:36 +0300] [46972] [INFO] 127.0.0.1:2154 POST /api/context/conversation/audio/context/conversation/audio 1.1 404 207 1004
[discord] 2026-09-03 22:08:36,769 [INFO] HTTP Request: POST http://127.0.0.1:7272/api/context/conversation/audio/context/conversation/audio "HTTP/1.1 404 "
[discord] 2026-09-03 22:08:36,769 [ERROR] Could not send Discord speech to JAIson
[discord] Traceback (most recent call last):
[discord]   File "C:\Nirmita\apps\discord-bridge\main.py", line 288, in submit_speech
[discord]     response.raise_for_status()
[discord]   File "C:\Nirmita\.conda312\Lib\site-packages\httpx\_models.py", line 829, in raise_for_status
[discord]     raise HTTPStatusError(message, request=request, response=self)
[discord] httpx.HTTPStatusError: Client error '404 ' for url 'http://127.0.0.1:7272/api/context/conversation/audio/context/conversation/audio'
[discord] For more information check: https://developer.mozilla.org/en-US/docs/Web/HTTP/Status/404
[discord] 2026-09-03 22:08:48,910 [INFO] [SINK] write() call #100: user=<Member id=390300992173899777 name='dahaka_msm' global_name='Dahaka' bot=False nick=None guild=<Guild id=390301473210236928 name='not DM yet' shard_id=0 chunked=True member_count=19>> bot=<ClientUser id=1469738620238958686 name='Nira' global_name=None bot=True verified=True mfa_enabled=False>
[2026-09-03 22:08:49 +0300] [46972] [INFO] 127.0.0.1:2161 POST /api/context/conversation/audio/context/conversation/audio 1.1 404 207 1599
[discord] 2026-09-03 22:08:49,750 [INFO] HTTP Request: POST http://127.0.0.1:7272/api/context/conversation/audio/context/conversation/audio "HTTP/1.1 404 "
[discord] 2026-09-03 22:08:49,750 [ERROR] Could not send Discord speech to JAIson
[discord] Traceback (most recent call last):
[discord]   File "C:\Nirmita\apps\discord-bridge\main.py", line 288, in submit_speech
[discord]     response.raise_for_status()
[discord]   File "C:\Nirmita\.conda312\Lib\site-packages\httpx\_models.py", line 829, in raise_for_status
[discord]     raise HTTPStatusError(message, request=request, response=self)
[discord] httpx.HTTPStatusError: Client error '404 ' for url 'http://127.0.0.1:7272/api/context/conversation/audio/context/conversation/audio'
[discord] For more information check: https://developer.mozilla.org/en-US/docs/Web/HTTP/Status/404
[1m[1;34m[2026-09-03 22:12:50,915][0m [1m[1;30m[42m[INFO ][0m [1m[1;33m[jaison.py::110 start]:[0m Starting JAIson application layer.[0m
[1m[1;34m[2026-09-03 22:12:50,926][0m [1m[1;30m[42m[INFO ][0m [1m[1;33m[manager.py::300 load_operations_from_config]:[0m Active STT from config: sherpa_ru[0m
[1m[1;34m[2026-09-03 22:12:52,619][0m [1m[1;30m[42m[INFO ][0m [1m[1;33m[operation.py::32 start]:[0m Starting STT operation sherpa_ru[0m
[1m[1;34m[2026-09-03 22:12:52,619][0m [1m[1;30m[42m[INFO ][0m [1m[1;33m[manager.py::27 load]:[0m Loading process by type sherpa_stt[0m
[1m[1;34m[2026-09-03 22:12:52,620][0m [1m[1;30m[43m[WARNI][0m [1m[1;33m[base.py::46 unload]:[0m Attempted to unload process sherpa_stt when it is already unloaded[0m
[1m[1;34m[2026-09-03 22:12:52,621][0m [1m[1;30m[42m[INFO ][0m [1m[1;33m[sherpa_server.py::85 _prepare_hotwords_file]:[0m Sherpa STT hotwords validated: 3 entries[0m
[1m[1;34m[2026-09-03 22:12:52,621][0m [1m[1;30m[42m[INFO ][0m [1m[1;33m[sherpa_server.py::295 reload]:[0m Sherpa STT config: port=6106 model_dir=C:\Nirmita\models\vosk-model-small-streaming-ru, model_variant=fp32, decoding_method=modified_beam_search, num_active_paths=6, use_endpoint=0, bpe_vocab=C:\Nirmita\models\vosk-model-small-streaming-ru\lang\unigram_500.vocab, hotwords_file=C:\Nirmita\models\hotwords.txt, hotwords_score=3.5[0m
[1m[1;34m[2026-09-03 22:12:52,621][0m [1m[1;30m[42m[INFO ][0m [1m[1;33m[sherpa_server.py::307 reload]:[0m Starting Sherpa STT Server with command: C:\Nirmita\.conda312\python.exe C:\Nirmita\apps\stt-sherpa-server\start_server.py --encoder C:\Nirmita\models\vosk-model-small-streaming-ru\am-onnx\encoder.onnx --decoder C:\Nirmita\models\vosk-model-small-streaming-ru\am-onnx\decoder.onnx --joiner C:\Nirmita\models\vosk-model-small-streaming-ru\am-onnx\joiner.onnx --tokens C:\Nirmita\models\vosk-model-small-streaming-ru\lang\tokens.txt --modeling-unit bpe --decoding-method modified_beam_search --num-active-paths 6 --use-endpoint 0 --port 6106 --provider cpu --doc-root C:\Nirmita\apps\stt-sherpa-server --bpe-vocab C:\Nirmita\models\vosk-model-small-streaming-ru\lang\unigram_500.vocab --hotwords-file C:\Nirmita\logs\sherpa_hotwords.resolved.txt --hotwords-score 3.5[0m
[1m[1;34m[2026-09-03 22:12:56,947][0m [1m[1;30m[42m[INFO ][0m [1m[1;33m[operation.py::32 start]:[0m Starting T2T operation llamacpp[0m
[1m[1;34m[2026-09-03 22:12:56,947][0m [1m[1;30m[42m[INFO ][0m [1m[1;33m[manager.py::27 load]:[0m Loading process by type llamacpp[0m
[1m[1;34m[2026-09-03 22:12:56,953][0m [1m[1;30m[42m[INFO ][0m [1m[1;33m[llamacpp.py::81 reload]:[0m Opened Llama.cpp server (PID: 29772) on port 9281 (GPU: 0)[0m
[1m[1;34m[2026-09-03 22:12:56,953][0m [1m[1;30m[42m[INFO ][0m [1m[1;33m[llamacpp.py::89 reload]:[0m Waiting for llama-server to be ready at http://127.0.0.1:9281/health ...[0m
[1m[1;34m[2026-09-03 22:13:01,169][0m [1m[1;30m[42m[INFO ][0m [1m[1;33m[llamacpp.py::101 reload]:[0m llama-server is ready! (attempt 8, port 9281)[0m
[1m[1;34m[2026-09-03 22:13:01,185][0m [1m[1;30m[42m[INFO ][0m [1m[1;33m[fishaudio.py::159 configure]:[0m FishAudioTTS: настроен — model=s2.1-pro-free, reference_id=8579f198..., latency=balanced, sample_rate=44100, speed=1.0[0m
[1m[1;34m[2026-09-03 22:13:01,185][0m [1m[1;30m[42m[INFO ][0m [1m[1;33m[operation.py::32 start]:[0m Starting TTS operation fish_audio[0m
[1m[1;34m[2026-09-03 22:13:01,186][0m [1m[1;30m[42m[INFO ][0m [1m[1;33m[fishaudio.py::85 start]:[0m FishAudioTTS: операция запущена (WebSocket streaming, format=pcm)[0m
[1m[1;34m[2026-09-03 22:13:01,187][0m [1m[1;30m[42m[INFO ][0m [1m[1;33m[operation.py::32 start]:[0m Starting FILTER_TEXT operation filter_clean[0m
[1m[1;34m[2026-09-03 22:13:01,835][0m [1m[1;30m[42m[INFO ][0m [1m[1;33m[operation.py::32 start]:[0m Starting FILTER_TEXT operation chunker_sentence[0m
[1m[1;34m[2026-09-03 22:13:02,446][0m [1m[1;30m[42m[INFO ][0m [1m[1;33m[manager.py::27 load]:[0m Loading process by type hw_mic[0m
[1m[1;34m[2026-09-03 22:13:02,448][0m [1m[1;30m[43m[WARNI][0m [1m[1;33m[base.py::46 unload]:[0m Attempted to unload process hw_mic when it is already unloaded[0m
[1m[1;34m[2026-09-03 22:13:02,448][0m [1m[1;30m[43m[WARNI][0m [1m[1;33m[base.py::46 unload]:[0m Attempted to unload process hw_mic when it is already unloaded[0m
[1m[1;34m[2026-09-03 22:13:02,448][0m [1m[1;30m[41m[ERROR][0m [1m[1;33m[jaison.py::136 start]:[0m Could not start HW_MIC process: Failed to start process hw_mic[0m
[1m[1;34m[2026-09-03 22:13:02,448][0m [1m[1;30m[42m[INFO ][0m [1m[1;33m[manager.py::27 load]:[0m Loading process by type discord[0m
[1m[1;34m[2026-09-03 22:13:02,448][0m [1m[1;30m[43m[WARNI][0m [1m[1;33m[base.py::46 unload]:[0m Attempted to unload process discord when it is already unloaded[0m
[1m[1;34m[2026-09-03 22:13:02,448][0m [1m[1;30m[42m[INFO ][0m [1m[1;33m[discord.py::52 reload]:[0m Starting Discord bridge for guild 390301473210236928, channel 390301473210236932.[0m
[1m[1;34m[2026-09-03 22:13:02,456][0m [1m[1;30m[42m[INFO ][0m [1m[1;33m[jaison.py::149 start]:[0m JAIson application layer has started.[0m
[1m[1;34m[2026-09-03 22:13:02,457][0m [1m[1;30m[42m[INFO ][0m [1m[1;33m[logging.py::106 info]:[0m Running on http://127.0.0.1:7272 (CTRL + C to quit)[0m
[discord] C:\Nirmita\apps\discord-bridge\main.py:11: DeprecationWarning: 'audioop' is deprecated and slated for removal in Python 3.13
[discord]   import audioop
[discord] 2026-09-03 22:13:02,886 [INFO] logging in using static token
[1m[1;34m[2026-09-03 22:13:02,955][0m [1m[1;30m[42m[INFO ][0m [1m[1;33m[app_server.py::77 ws]:[0m Opened new websocket connection[0m
[2026-09-03 22:13:02 +0300] [28012] [INFO] 127.0.0.1:12272 GET / 1.1 101 - 503
[discord] 2026-09-03 22:13:05,183 [INFO] Shard ID None has connected to Gateway (Session ID: 3e5f37da142be80231870fdd8ebaf1b9).
[discord] 2026-09-03 22:13:07,195 [INFO] Authenticated as Nira#4162
[discord] 2026-09-03 22:13:07,207 [INFO] Connecting to voice...
[discord] 2026-09-03 22:13:07,207 [INFO] Starting voice handshake... (connection attempt 1)
[1m[1;34m[2026-09-03 22:13:07,208][0m [1m[1;30m[42m[INFO ][0m [1m[1;33m[app_server.py::77 ws]:[0m Opened new websocket connection[0m
[2026-09-03 22:13:07 +0300] [28012] [INFO] 127.0.0.1:12278 GET / 1.1 101 - 1021
[discord] 2026-09-03 22:13:07,209 [INFO] Connected to JAIson WebSocket
[discord] 2026-09-03 22:13:07,521 [INFO] Voice handshake complete. Endpoint found: c-otp01-f984b1df.discord.media:2087
[discord] 2026-09-03 22:13:07,776 [INFO] WS payload has extra keys: {'seq': 0}
[discord] 2026-09-03 22:13:07,776 [INFO] WS payload has extra keys: {'seq': 1}
[discord] 2026-09-03 22:13:07,776 [INFO] WS payload has extra keys: {'seq': 2}
[discord] 2026-09-03 22:13:07,776 [INFO] WS payload has extra keys: {'seq': 3}
[discord] 2026-09-03 22:13:07,825 [INFO] Voice connection complete.
[discord] 2026-09-03 22:13:07,825 [INFO] Joined voice channel 🏕️Таверна "Астрал" (390301473210236932)
[discord] 2026-09-03 22:13:07,826 [INFO] WS payload has extra keys: {'seq': 4}
[1m[1;34m[2026-09-03 22:13:13,947][0m [1m[1;30m[42m[INFO ][0m [1m[1;33m[jaison.py::441 create_job]:[0m Queued new context_conversation_add_text job 8be937d9-93f2-4427-8438-39436a255c95[0m
[2026-09-03 22:13:13 +0300] [28012] [INFO] 127.0.0.1:10625 POST /api/context/conversation/text 1.1 200 138 999
[1m[1;34m[2026-09-03 22:13:13,958][0m [1m[1;30m[42m[INFO ][0m [1m[1;33m[jaison.py::441 create_job]:[0m Queued new response job d130061e-d53a-4aae-8f8d-fdbbfa8688ea[0m
[2026-09-03 22:13:13 +0300] [28012] [INFO] 127.0.0.1:4474 POST /api/response 1.1 200 117 507
[1m[1;34m[2026-09-03 22:13:14,288][0m [1m[1;30m[42m[INFO ][0m [1m[1;33m[operation.py::25 __call__]:[0m T2T operation llamacpp completed in 329.91349999792874 ms[0m
[1m[1;34m[2026-09-03 22:13:15,805][0m [1m[1;30m[42m[INFO ][0m [1m[1;33m[operation.py::25 __call__]:[0m TTS operation fish_audio completed in 1506.7298000212759 ms[0m
[1m[1;34m[2026-09-03 22:13:17,352][0m [1m[1;30m[42m[INFO ][0m [1m[1;33m[operation.py::25 __call__]:[0m TTS operation fish_audio completed in 1546.395800076425 ms[0m
[1m[1;34m[2026-09-03 22:13:17,352][0m [1m[1;30m[42m[INFO ][0m [1m[1;33m[operation.py::25 __call__]:[0m FILTER_TEXT operation chunker_sentence completed in 3063.081600004807 ms[0m
[1m[1;34m[2026-09-03 22:13:17,352][0m [1m[1;30m[42m[INFO ][0m [1m[1;33m[operation.py::25 __call__]:[0m FILTER_TEXT operation filter_clean completed in 3063.181599951349 ms[0m
[1m[1;34m[2026-09-03 22:13:17,353][0m [1m[1;30m[42m[INFO ][0m [1m[1;33m[jaison.py::963 response_pipeline]:[0m Response job d130061e-d53a-4aae-8f8d-fdbbfa8688ea completed. Content: 'Привет! Как дела?...'[0m
[discord] 2026-09-03 22:13:23,468 [INFO] [SINK] write() call #1: user=<Member id=390300992173899777 name='dahaka_msm' global_name='Dahaka' bot=False nick=None guild=<Guild id=390301473210236928 name='not DM yet' shard_id=0 chunked=True member_count=19>> bot=<ClientUser id=1469738620238958686 name='Nira' global_name=None bot=True verified=True mfa_enabled=False>
[discord] 2026-09-03 22:13:23,468 [INFO] [SINK] Создаём буфер для dahaka_msm (min_bytes=42240)
[discord] 2026-09-03 22:13:23,487 [INFO] [SINK] write() call #2: user=<Member id=390300992173899777 name='dahaka_msm' global_name='Dahaka' bot=False nick=None guild=<Guild id=390301473210236928 name='not DM yet' shard_id=0 chunked=True member_count=19>> bot=<ClientUser id=1469738620238958686 name='Nira' global_name=None bot=True verified=True mfa_enabled=False>
[discord] 2026-09-03 22:13:23,509 [INFO] [SINK] write() call #3: user=<Member id=390300992173899777 name='dahaka_msm' global_name='Dahaka' bot=False nick=None guild=<Guild id=390301473210236928 name='not DM yet' shard_id=0 chunked=True member_count=19>> bot=<ClientUser id=1469738620238958686 name='Nira' global_name=None bot=True verified=True mfa_enabled=False>
[discord] 2026-09-03 22:13:23,528 [INFO] [SINK] write() call #4: user=<Member id=390300992173899777 name='dahaka_msm' global_name='Dahaka' bot=False nick=None guild=<Guild id=390301473210236928 name='not DM yet' shard_id=0 chunked=True member_count=19>> bot=<ClientUser id=1469738620238958686 name='Nira' global_name=None bot=True verified=True mfa_enabled=False>
[discord] 2026-09-03 22:13:23,548 [INFO] [SINK] write() call #5: user=<Member id=390300992173899777 name='dahaka_msm' global_name='Dahaka' bot=False nick=None guild=<Guild id=390301473210236928 name='not DM yet' shard_id=0 chunked=True member_count=19>> bot=<ClientUser id=1469738620238958686 name='Nira' global_name=None bot=True verified=True mfa_enabled=False>
[2026-09-03 22:13:24 +0300] [28012] [INFO] 127.0.0.1:4480 POST /api/context/conversation/audio 1.1 200 142 1003
[discord] 2026-09-03 22:13:24,950 [INFO] HTTP Request: POST http://127.0.0.1:7272/api/context/conversation/audio "HTTP/1.1 200 "
[discord] 2026-09-03 22:13:24,951 [INFO] Submitted Discord speech from Dahaka (223200 bytes raw → 37200 bytes @16kHz mono)
[1m[1;34m[2026-09-03 22:13:25,004][0m [1m[1;30m[42m[INFO ][0m [1m[1;33m[sherpa.py::320 _generate]:[0m Sherpa STT final: len=0 latency_ms=53 source=discord turn=8a8d31ec-6546-4e5b-a98c-4e9f752cd8b9 utterance=40801292-b1e1-46a4-a10b-821243db851e[0m
[discord] 2026-09-03 22:13:26,307 [INFO] [SINK] write() call #100: user=<Member id=390300992173899777 name='dahaka_msm' global_name='Dahaka' bot=False nick=None guild=<Guild id=390301473210236928 name='not DM yet' shard_id=0 chunked=True member_count=19>> bot=<ClientUser id=1469738620238958686 name='Nira' global_name=None bot=True verified=True mfa_enabled=False>
[2026-09-03 22:13:27 +0300] [28012] [INFO] 127.0.0.1:4482 POST /api/context/conversation/audio 1.1 200 142 495
[discord] 2026-09-03 22:13:27,393 [INFO] HTTP Request: POST http://127.0.0.1:7272/api/context/conversation/audio "HTTP/1.1 200 "
[discord] 2026-09-03 22:13:27,394 [INFO] Submitted Discord speech from Dahaka (335520 bytes raw → 55920 bytes @16kHz mono)
[1m[1;34m[2026-09-03 22:13:27,444][0m [1m[1;30m[42m[INFO ][0m [1m[1;33m[sherpa.py::320 _generate]:[0m Sherpa STT final: len=0 latency_ms=51 source=discord turn=ffb95bef-4df1-4dbf-a744-09cd47cb42eb utterance=c219ef55-7c6a-41e5-8abd-6681ef2f3c64[0m
[discord] 2026-09-03 22:13:30,997 [INFO] [SINK] write() call #200: user=<Member id=390300992173899777 name='dahaka_msm' global_name='Dahaka' bot=False nick=None guild=<Guild id=390301473210236928 name='not DM yet' shard_id=0 chunked=True member_count=19>> bot=<ClientUser id=1469738620238958686 name='Nira' global_name=None bot=True verified=True mfa_enabled=False>
[discord] 2026-09-03 22:13:33,208 [INFO] [SINK] write() call #300: user=<Member id=390300992173899777 name='dahaka_msm' global_name='Dahaka' bot=False nick=None guild=<Guild id=390301473210236928 name='not DM yet' shard_id=0 chunked=True member_count=19>> bot=<ClientUser id=1469738620238958686 name='Nira' global_name=None bot=True verified=True mfa_enabled=False>
[2026-09-03 22:13:34 +0300] [28012] [INFO] 127.0.0.1:4485 POST /api/context/conversation/audio 1.1 200 142 4022
[discord] 2026-09-03 22:13:34,718 [INFO] HTTP Request: POST http://127.0.0.1:7272/api/context/conversation/audio "HTTP/1.1 200 "
[discord] 2026-09-03 22:13:34,720 [INFO] Submitted Discord speech from Dahaka (1042560 bytes raw → 173760 bytes @16kHz mono)
[1m[1;34m[2026-09-03 22:13:34,892][0m [1m[1;30m[42m[INFO ][0m [1m[1;33m[sherpa.py::320 _generate]:[0m Sherpa STT final: len=8 latency_ms=172 source=discord turn=c2c597c2-745d-494f-98fb-0d3467416116 utterance=10206658-d0a5-46c2-8217-51dcc5169939[0m
[1m[1;34m[2026-09-03 22:13:34,892][0m [1m[1;30m[42m[INFO ][0m [1m[1;33m[jaison.py::480 _interrupt_jobs]:[0m Smart Barge-in: Interrupting and clearing queue due to: user_speaking_significant[0m
[1m[1;34m[2026-09-03 22:13:35,145][0m [1m[1;30m[42m[INFO ][0m [1m[1;33m[jaison.py::441 create_job]:[0m Queued new context_conversation_add_text job 9fca9ba1-a753-4701-aa17-6dfdc260203e[0m
[1m[1;34m[2026-09-03 22:13:35,145][0m [1m[1;30m[42m[INFO ][0m [1m[1;33m[jaison.py::441 create_job]:[0m Queued new response job b8b91c56-d22a-4326-853d-b602aca86ee8[0m
[1m[1;34m[2026-09-03 22:13:35,818][0m [1m[1;30m[42m[INFO ][0m [1m[1;33m[operation.py::25 __call__]:[0m T2T operation llamacpp completed in 672.3167999880388 ms[0m
[1m[1;34m[2026-09-03 22:13:38,004][0m [1m[1;30m[42m[INFO ][0m [1m[1;33m[operation.py::25 __call__]:[0m TTS operation fish_audio completed in 2177.6832999894395 ms[0m
[1m[1;34m[2026-09-03 22:13:38,004][0m [1m[1;30m[42m[INFO ][0m [1m[1;33m[operation.py::25 __call__]:[0m FILTER_TEXT operation chunker_sentence completed in 2185.8326999936253 ms[0m
[1m[1;34m[2026-09-03 22:13:38,004][0m [1m[1;30m[42m[INFO ][0m [1m[1;33m[operation.py::25 __call__]:[0m FILTER_TEXT operation filter_clean completed in 2185.9295000322163 ms[0m
[1m[1;34m[2026-09-03 22:13:38,005][0m [1m[1;30m[42m[INFO ][0m [1m[1;33m[jaison.py::963 response_pipeline]:[0m Response job b8b91c56-d22a-4326-853d-b602aca86ee8 completed. Content: 'Давай, расскажи, что нового у тебя в учебном процессе!...'[0m
[discord] 2026-09-03 22:13:44,708 [INFO] [SINK] write() call #400: user=<Member id=390300992173899777 name='dahaka_msm' global_name='Dahaka' bot=False nick=None guild=<Guild id=390301473210236928 name='not DM yet' shard_id=0 chunked=True member_count=19>> bot=<ClientUser id=1469738620238958686 name='Nira' global_name=None bot=True verified=True mfa_enabled=False>
[2026-09-03 22:13:45 +0300] [28012] [INFO] 127.0.0.1:4489 POST /api/context/conversation/audio 1.1 200 142 1009
[discord] 2026-09-03 22:13:45,845 [INFO] HTTP Request: POST http://127.0.0.1:7272/api/context/conversation/audio "HTTP/1.1 200 "
[discord] 2026-09-03 22:13:45,846 [INFO] Submitted Discord speech from Dahaka (373440 bytes raw → 62240 bytes @16kHz mono)
[1m[1;34m[2026-09-03 22:13:45,915][0m [1m[1;30m[42m[INFO ][0m [1m[1;33m[sherpa.py::320 _generate]:[0m Sherpa STT final: len=0 latency_ms=69 source=discord turn=874f7431-4868-4bc1-a058-560a024f063e utterance=a5c85042-6c50-41e0-947a-575a9a27d45d[0m
[discord] 2026-09-03 22:14:15,966 [INFO] [SINK] write() call #500: user=<Member id=390300992173899777 name='dahaka_msm' global_name='Dahaka' bot=False nick=None guild=<Guild id=390301473210236928 name='not DM yet' shard_id=0 chunked=True member_count=19>> bot=<ClientUser id=1469738620238958686 name='Nira' global_name=None bot=True verified=True mfa_enabled=False>
[2026-09-03 22:14:16 +0300] [28012] [INFO] 127.0.0.1:4496 POST /api/context/conversation/audio 1.1 200 142 501
[discord] 2026-09-03 22:14:16,843 [INFO] HTTP Request: POST http://127.0.0.1:7272/api/context/conversation/audio "HTTP/1.1 200 "
[discord] 2026-09-03 22:14:16,844 [INFO] Submitted Discord speech from Dahaka (477600 bytes raw → 79600 bytes @16kHz mono)
[1m[1;34m[2026-09-03 22:14:16,935][0m [1m[1;30m[42m[INFO ][0m [1m[1;33m[sherpa.py::320 _generate]:[0m Sherpa STT final: len=0 latency_ms=91 source=discord turn=955915f1-6ff3-4ed3-b780-48517b606111 utterance=791178af-3895-4388-99d1-2cbd40ad229b[0m
